8450.0,0.9786564625021125
8450.01,0.982559380795346
8450.02,0.9853579739312399
8450.03,0.9876006459649712
8450.04,0.989748377891042
8450.050000000001,0.9919405928228463
8450.06,0.9940484763105648
8450.07,0.9958521296099774
8450.08,0.9972170943679189
8450.09,0.998120644619734
8450.1,0.9986007639001944
8450.11,0.998781727694519
8450.119999999999,0.9986612867463538
8450.130000000001,0.998176096872968
8450.14,0.9970672507102024
8450.15,0.9951483540531759
8450.16,0.9922596012715611
8450.17,0.9885107420458191
8450.18,0.9843217188144074
8450.19,0.9805708602035905
8450.2,0.9779949082901944
8450.210000000001,0.9770734898980623
8450.22,0.9776419290205697
8450.230000000001,0.9789464676522966
8450.24,0.9800113766654855
8450.25,0.9801727112107506
8450.26,0.9794577012950392
8450.27,0.9785533938979841
8450.28,0.9783907583786985
8450.29,0.9796172445326498
8450.3,0.9823037420733053
8450.310000000001,0.9859944478301274
8450.32,0.9899534446589783
8450.33,0.9933572906995717
8450.34,0.9959130102222159
8450.35,0.997575229321249
8450.36,0.9985223303003857
8450.369999999999,0.9989986797749575
8450.380000000001,0.9992112881506555
8450.39,0.9992957904361054
8450.4,0.9993390935220312
8450.41,0.9993388742880812
8450.42,0.9993386522135281
8450.43,0.9993384272874911
8450.44,0.9993392971244633
8450.449999999999,0.9993390523742754
8450.460000000001,0.9993131555718215
8450.47,0.9993127182890061
8450.48,0.9993122763105848
8450.49,0.9993118295529092
8450.5,0.9993113779984426
8450.51,0.9993109215602083
8450.52,0.9993104601846589
8450.53,0.9993099938371421
8450.54,0.9993095224306106
8450.55,0.9993090459040413
8450.560000000001,0.9993085641988935
8450.57,0.9993080772411534
8450.58,0.9993075849698367
8450.59,0.9993070873024849
8450.6,0.9993065841670081
8450.61,0.9993060754920781
8450.62,0.9993055611907723
8450.63,0.9993050411852897
8450.640000000001,0.999304515403137
8450.65,0.9993039837503997
8450.660000000002,0.9993034461191451
8450.67,0.9993029024427106
8450.68,0.9993023526203835
8450.69,0.9993017965528257
8450.699999999999,0.9993012341439144
8450.710000000001,0.999300665294137
8450.72,0.9993000898948629
8450.73,0.9992995078482477
8450.74,0.9992713595755508
8450.75,0.9992499521528145
8450.76,0.9992213090776741
8450.77,0.9991885027182325
8450.78,0.9991576261322571
8450.79,0.9991361672589607
8450.8,0.9991300584238447
8450.810000000001,0.9991409504793526
8450.82,0.9991654100039841
8450.83,0.9991965686903158
8450.84,0.9992164700599835
8450.85,0.9992413781500019
8450.86,0.9992805755768306
8450.87,0.9992798764696121
8450.88,0.9992791686798048
8450.890000000001,0.9992784520148724
8450.9,0.9992777263095899
8450.91,0.9992442786105912
8450.92,0.9992279997153186
8450.93,0.9992114913411997
8450.94,0.9991983819596477
8450.95,0.9991920655276474
8450.960000000001,0.9990927351027677
8450.970000000001,0.9988615812966223
8450.98,0.9982999646830686
8450.99,0.9970146478052052
8451.0,0.9944251102027588
8451.01,0.9898618609436763
8451.02,0.982807425738048
8451.029999999999,0.97346255389447
8451.04,0.9629033675776225
8451.05,0.9531364009096209
8451.06,0.9464047929120654
8451.07,0.9444017146750103
8451.08,0.9476479189973035
8451.09,0.9553027540881407
8451.1,0.9654697201552972
8451.11,0.9758949792819475
8451.12,0.9847412073257038
8451.13,0.9911778810127715
8451.140000000001,0.9952228655731057
8451.15,0.9974468255326521
8451.16,0.998524999047159
8451.17,0.9989884923154954
8451.18,0.9991863446736844
8451.19,0.999251760068764
8451.2,0.9992506515565445
8451.21,0.9992495251585414
8451.220000000001,0.9992483804043314
8451.23,0.9992472168340633
8451.240000000002,0.9992460339614698
8451.25,0.9992448313026195
8451.26,0.9992436083099929
8451.27,0.9992423644667746
8451.28,0.9992410992061219
8451.29,0.9992398119681503
8451.3,0.9992385021344913
8451.31,0.9992371690935808
8451.32,0.9991991683423818
8451.33,0.9991577229105655
8451.34,0.9990884708357965
8451.35,0.9989864688695111
8451.359999999999,0.9988562296223776
8451.37,0.9987157337120527
8451.38,0.9985944821387448
8451.390000000001,0.9985240087941326
8451.4,0.9984870375025282
8451.41,0.9984115922911976
8451.42,0.9982302009592523
8451.43,0.9976972626529665
8451.44,0.9964987999510041
8451.45,0.9942855590209203
8451.46,0.990818426984975
8451.470000000001,0.9861782811016334
8451.48,0.9809662201714614
8451.49,0.9761094996588162
8451.5,0.9728264948702695
8451.51,0.9719957509218224
8451.52,0.9738502618516545
8451.53,0.9778778484889072
8451.54,0.9830129948328651
8451.550000000001,0.9881514176769497
8451.56,0.9924183159914143
8451.570000000002,0.9954250489133285
8451.58,0.997291379673539
8451.59,0.9982993484962394
8451.6,0.9987788688764732
8451.609999999999,0.9989980032711658
8451.62,0.9990680533145478
8451.63,0.9990440844697589
8451.64,0.9989518398325975
8451.65,0.9987393190640061
8451.66,0.9983410146884201
8451.67,0.9976058832025644
8451.68,0.9964668899388933
8451.69,0.9949963271231297
8451.7,0.993304978522854
8451.71,0.9916631357498645
8451.720000000001,0.990320115687072
8451.73,0.9894437105749283
8451.74,0.9890624889539085
8451.75,0.9891067180446285
8451.76,0.9894990720903794
8451.77,0.9902135881702616
8451.78,0.991254671658717
8451.789999999999,0.9925857604248753
8451.800000000001,0.9940819516133242
8451.81,0.9955527771661581
8451.820000000002,0.9968162118185214
8451.83,0.9977998458223819
8451.84,0.9984073953127425
8451.85,0.9987647210617014
8451.86,0.9989490367736894
8451.87,0.9990315242052542
8451.880000000001,0.9990818184504684
8451.89,0.9990761425432255
8451.900000000001,0.9990702618056172
8451.91,0.9990641766749981
8451.92,0.9990582249737618
8451.93,0.999051612061925
8451.939999999999,0.99904473369521
8451.95,0.9990375740084736
8451.96,0.9990301158134761
8451.970000000001,0.9990223405715708
8451.98,0.9990142282127248
8451.99,0.9990067368112341
8452.0,0.9989978769764737
8452.01,0.9989886089674709
8452.02,0.9989789047855476
8452.03,0.9989687338985248
8452.039999999999,0.9989580629351373
8452.050000000001,0.9989468553410074
8452.06,0.9989350710403777
8452.07,0.9989226659865978
8452.08,0.9988760105278982
8452.09,0.9987949334758649
8452.1,0.9986079177841091
8452.11,0.9981984141801813
8452.12,0.9973821321196279
8452.130000000001,0.995929978638727
8452.14,0.9936538207062887
8452.150000000001,0.9905503469025652
8452.16,0.9869361635092976
8452.17,0.9834645548243774
8452.18,0.9809778034546917
8452.19,0.980036512098892
8452.2,0.9809476272933271
8452.210000000001,0.9833180286752746
8452.22,0.9864298905104273
8452.23,0.9893958506976056
8452.24,0.9915911167421778
8452.25,0.9927853162797504
8452.26,0.9932103783931117
8452.27,0.9932557432067709
8452.28,0.9933166112770485
8452.289999999999,0.9936283270978409
8452.300000000001,0.9942550704071303
8452.31,0.9950051168151931
8452.32,0.9957789930995606
8452.33,0.9964343363726974
8452.34,0.9969027508053379
8452.35,0.9971128292317807
8452.36,0.9971024434951343
8452.369999999999,0.9967889530038848
8452.380000000001,0.9960481821992423
8452.39,0.9945989040674611
8452.400000000001,0.9922396564478994
8452.41,0.9887861394006158
8452.42,0.9844085674357456
8452.43,0.9796760555413677
8452.44,0.975403357693884
8452.45,0.9724592669503129
8452.460000000001,0.971212647429288
8452.47,0.9714662942275841
8452.480000000001,0.9719556411651129
8452.49,0.9706682628337533
8452.5,0.9650762643553236
8452.51,0.9526699579880206
8452.519999999999,0.932080956006365
8452.53,0.9042136721279029
8452.539999999999,0.8729309324445299
8452.550000000001,0.8432893046298687
8452.56,0.8212331144727314
8452.57,0.8105348546636381
8452.58,0.8125791521536769
8452.59,0.826668625979365
8452.6,0.8505677289373297
8452.61,0.8795369724452143
8452.619999999999,0.9087201775045142
8452.630000000001,0.9347639793301701
8452.64,0.9551678152937153
8452.65,0.9698580570540066
8452.66,0.9797690686405798
8452.67,0.9861034009155841
8452.68,0.990006876235722
8452.69,0.99240134396845
8452.7,0.9938656550307913
8452.710000000001,0.994744095708198
8452.72,0.9953334097105497
8452.730000000001,0.9957651346801305
8452.74,0.9960690312254252
8452.75,0.9963080266405663
8452.76,0.996497542934041
8452.77,0.9966487081868477
8452.78,0.9967672403118027
8452.79,0.9968577566794129
8452.8,0.9969252794194283
8452.810000000001,0.9969728182019153
8452.82,0.9970026096650013
8452.83,0.9970162879357178
8452.84,0.9969275078953035
8452.85,0.996761072659447
8452.86,0.9963771726255943
8452.869999999999,0.9955826274982162
8452.880000000001,0.9940954061498467
8452.89,0.9915950258388648
8452.9,0.9878585662767773
8452.91,0.9829841358693355
8452.92,0.9774582939095017
8452.93,0.9722812496787938
8452.94,0.9686076849219882
8452.949999999999,0.9673527442587807
8452.960000000001,0.9688213280133257
8452.97,0.9725723725912312
8452.980000000001,0.9775904330304958
8452.99,0.9826846261966828
8453.0,0.9868893908513908
8453.01,0.9897958414809386
8453.02,0.9913869982475207
8453.03,0.9919509240190089
8453.04,0.9917677554879629
8453.05,0.9911012329305857
8453.060000000001,0.9900670724769056
8453.07,0.988693149990156
8453.08,0.9868893288640234
8453.09,0.9843199735055829
8453.1,0.9805800100295079
8453.11,0.9750371583379379
8453.12,0.9661650915297482
8453.130000000001,0.951593609361601
8453.14,0.9283286883644842
8453.15,0.8938020285892682
8453.16,0.8481895978696748
8453.17,0.7957664517953995
8453.18,0.7444936775332548
8453.19,0.7010817181499396
8453.199999999999,0.6712400292046482
8453.210000000001,0.6574008864445663
8453.22,0.6600940989742042
8453.23,0.679016391147172
8453.24,0.7130547950570606
8453.25,0.7582469003857345
8453.26,0.8078028541607479
8453.27,0.854995754684126
8453.28,0.8931403981985991
8453.29,0.9208195274375256
8453.3,0.9400313050818916
8453.310000000001,0.9537796996859828
8453.32,0.9643359903075422
8453.33,0.9726912024372596
8453.34,0.9794099697426896
8453.35,0.9841270932302434
8453.36,0.9874391985363138
8453.37,0.9895839167334471
8453.38,0.9909044209510155
8453.390000000001,0.9916200914132445
8453.4,0.9919156874300938
8453.410000000002,0.9919683231932565
8453.42,0.9919106952778126
8453.43,0.9919385085888516
8453.44,0.9921877909530927
8453.449999999999,0.992709537877907
8453.460000000001,0.9934562354912108
8453.47,0.994309117645185
8453.48,0.9951342931620001
8453.49,0.9958343594477975
8453.5,0.996370705231739
8453.51,0.9967546164877454
8453.52,0.9970228285014436
8453.529999999999,0.9972150214189806
8453.54,0.9973761052362975
8453.55,0.9974870025176091
8453.560000000001,0.9975883157425235
8453.57,0.9976811266893064
8453.58,0.9977663678268387
8453.59,0.997844846415939
8453.6,0.9979172642856244
8453.61,0.9979842340187256
8453.62,0.998046292269935
8453.63,0.9979949411683564
8453.640000000001,0.997913533114343
8453.65,0.9977088593480375
8453.66,0.9972901528055548
8453.67,0.9966408043311328
8453.68,0.9957398672143424
8453.69,0.9946573127817157
8453.7,0.9935497915971204
8453.710000000001,0.9926292726260577
8453.720000000001,0.9920972296200261
8453.73,0.9920742077740031
8453.740000000002,0.9925597496537374
8453.75,0.993439811528618
8453.76,0.9945326999079444
8453.77,0.9956635012493551
8453.779999999999,0.9966451090372074
8453.79,0.9974223752059008
8453.8,0.9979752200267974
8453.81,0.9983314978969484
8453.82,0.9985625163701439
8453.83,0.9986643323996557
8453.84,0.9987487472020355
8453.85,0.9987646692460288
8453.86,0.9987798583118299
8453.87,0.998794358542874
8453.88,0.9988082108120659
8453.890000000001,0.9988214529487733
8453.9,0.9988341200906165
8453.91,0.998846244831618
8453.92,0.998857857485069
8453.93,0.9988689862508352
8453.94,0.9988796574281168
8453.95,0.9988287285306482
8453.96,0.9987105725086141
8453.970000000001,0.9983805771627042
8453.98,0.997586434558169
8453.99,0.9959065619005603
8454.0,0.9927788404461187
8454.01,0.9876794876782113
8454.02,0.9804878960917941
8454.03,0.9717503711683815
8454.04,0.9629206088770822
8454.050000000001,0.955920467563045
8454.06,0.9524947629490549
8454.07,0.9535491631699591
8454.08,0.9588042060645748
8454.09,0.9669016016590561
8454.1,0.9759242202012877
8454.109999999999,0.9840332900420917
8454.12,0.9902530977707126
8454.13,0.9942735834330435
8454.140000000001,0.9964653207598191
8454.15,0.9973732658693244
8454.16,0.9975057594607097
8454.17,0.9972316651741853
8454.18,0.9967974959154788
8454.19,0.9963830391411077
8454.2,0.9960841000760611
8454.21,0.996003567223409
8454.220000000001,0.996166689585996
8454.23,0.9965440033034879
8454.24,0.9970096244785995
8454.25,0.9974959905759238
8454.26,0.9978697109912457
8454.27,0.9980026491697113
8454.28,0.9978826854689079
8454.29,0.9974043089334849
8454.300000000001,0.9965390213955647
8454.31,0.9952081645352326
8454.320000000002,0.9931979814949455
8454.33,0.9904526512496441
8454.34,0.9870331785129877
8454.35,0.9833194133915424
8454.36,0.9800237267422516
8454.37,0.9779905377109521
8454.38,0.9778521373816826
8454.39,0.9797292411144228
8454.4,0.9831570716519643
8454.41,0.9872847240100174
8454.42,0.9912501351785402
8454.43,0.9943602113571809
8454.44,0.9964603864684688
8454.45,0.9975831389394189
8454.46,0.9978167201537828
8454.470000000001,0.9973286412093129
8454.48,0.9961251071097904
8454.49,0.9942506374115506
8454.5,0.9918916680336892
8454.51,0.989388882840218
8454.52,0.9873393761849895
8454.53,0.9862530386572792
8454.539999999999,0.9864272707725524
8454.550000000001,0.9877998672991891
8454.56,0.9899817144157004
8454.57,0.9924310147017883
8454.58,0.9946675173513068
8454.59,0.9964132117276115
8454.6,0.9976095132488004
8454.61,0.9983436591069953
8454.62,0.9987544231252901
8454.630000000001,0.998990916200876
8454.64,0.9991052869573023
8454.650000000001,0.9991545966795183
8454.66,0.999155691973077
8454.67,0.9991567522722135
8454.68,0.999157777858103
8454.689999999999,0.9991587689471985
8454.7,0.9991597256887992
8454.71,0.9991606481268923
8454.720000000001,0.9991615362190187
8454.73,0.9991623898317782
8454.74,0.9991632087206618
8454.75,0.9991639924921548
8454.76,0.9991647406506676
8454.77,0.9991654525281535
8454.78,0.999166127277158
8454.789999999999,0.9991667638631475
8454.800000000001,0.9991673610180447
8454.81,0.9991679172164751
8454.82,0.9991684306145223
8454.83,0.9991688990374757
8454.84,0.9991693198450345
8454.85,0.999169689965269
8454.86,0.9991700056844699
8454.87,0.9991819871260034
8454.880000000001,0.999182078623454
8454.89,0.9991821011553182
8454.900000000001,0.9991820472105093
8454.91,0.9991819077276132
8454.92,0.999181671742921
8454.93,0.9991813259325008
8454.94,0.999180853980434
8454.95,0.999180235761703
8454.960000000001,0.9991794463025144
8454.97,0.999103640526076
8454.980000000001,0.9989833288738149
8454.99,0.9987636185718636
8455.0,0.9983355620062527
8455.01,0.9975241124876508
8455.02,0.9960398596340592
8455.03,0.9934754830324554
8455.039999999999,0.9894004879869587
8455.050000000001,0.9835974520217728
8455.06,0.9763963667045994
8455.07,0.968765289949144
8455.08,0.9622878258639638
8455.09,0.9585596709220798
8455.1,0.9585996072225577
8455.11,0.9624356997062696
8455.119999999999,0.9690801771434852
8455.130000000001,0.9769487436129937
8455.14,0.9843225544571843
8455.15,0.9902169038869544
8455.16,0.9942623887988847
8455.17,0.9966872572413489
8455.18,0.9979740367461281
8455.19,0.9985973555521178
8455.2,0.9988749424732647
8455.210000000001,0.9989967023736964
8455.22,0.9990041976706202
8455.230000000001,0.9989202036672893
8455.24,0.9986936973044998
8455.25,0.9982162830592722
8455.26,0.9973658210105381
8455.27,0.9960509891819621
8455.28,0.9942931311068182
8455.29,0.992297063805445
8455.3,0.9904474468680952
8455.31,0.989200142875394
8455.32,0.9889042301895682
8455.33,0.9896474153883867
8455.34,0.9912155096218144
8455.35,0.9931904928906968
8455.36,0.995128375692289
8455.369999999999,0.996666813938563
8455.380000000001,0.9977244001896662
8455.39,0.9983016686779937
8455.4,0.9984986252255469
8455.41,0.9984342847616774
8455.42,0.998221761887463
8455.43,0.9979801396397988
8455.44,0.9977669643072425
8455.45,0.9976840869110989
8455.460000000001,0.9977562654232395
8455.47,0.9979618988738663
8455.480000000001,0.9982434288699169
8455.49,0.9985332713733165
8455.5,0.9987794845443526
8455.51,0.9989582763688742
8455.52,0.9990711726846353
8455.53,0.9991336934823328
8455.54,0.999185738826512
8455.55,0.9991849699400548
8455.560000000001,0.9991841066111156
8455.57,0.9991831429848619
8455.58,0.9991820721100314
8455.59,0.9991808858747938
8455.6,0.9991795747584032
8455.61,0.9991781277607206
8455.619999999999,0.999112653976164
8455.630000000001,0.9990168642239139
8455.64,0.9988210485840459
8455.65,0.9984648655985804
8455.66,0.997893529611449
8455.67,0.9970939761568751
8455.68,0.9961338993451556
8455.69,0.9951757857111191
8455.699999999999,0.9944415187626937
8455.710000000001,0.9941311583152745
8455.72,0.9943350914546947
8455.73,0.99499132701791
8455.74,0.9959149020646536
8455.75,0.9968807117484432
8455.76,0.997709996232471
8455.77,0.9983161517970768
8455.78,0.998698978140873
8455.79,0.9989080771153384
8455.8,0.9990044766174674
8455.810000000001,0.9990661728181366
8455.82,0.9990482654244802
8455.83,0.9990268761672942
8455.84,0.9990010581240929
8455.85,0.998969523916201
8455.86,0.9988312820840056
8455.87,0.9986280177772241
8455.88,0.9982362223770559
8455.890000000001,0.9975346206489727
8455.9,0.996393571677791
8455.910000000002,0.9947252842022919
8455.92,0.992605359800356
8455.93,0.9903136518698347
8455.94,0.988317333927502
8455.949999999999,0.9870709896839306
8455.960000000001,0.9868450060301738
8455.97,0.9877440284258487
8455.98,0.9894758272354902
8455.99,0.9916099033354148
8456.0,0.9936834884287643
8456.01,0.9954383393584431
8456.02,0.9966930375536915
8456.029999999999,0.99754219182596
8456.04,0.998090153715304
8456.05,0.9984442765426468
8456.060000000001,0.9986656110651126
8456.07,0.9987660182519756
8456.08,0.9988453674394603
8456.09,0.9988965345945261
8456.1,0.9989451847284722
8456.11,0.9989831615973666
8456.12,0.9990138019897545
8456.13,0.9990388450159218
8456.140000000001,0.9990595460883093
8456.15,0.9990768300083579
8456.16,0.9990913898600157
8456.17,0.9991037529090891
8456.18,0.9991143225332298
8456.19,0.9991234142778672
8456.2,0.9991312791990948
8456.210000000001,0.9991381165781431
8456.220000000001,0.9991440868564575
8456.23,0.9991493202967162
8456.24,0.9991539235885197
8456.25,0.9991579846547355
8456.26,0.9991615765397596
8456.27,0.999164760263662
8456.279999999999,0.9991675871427971
8456.29,0.9991701005287129
8456.3,0.9991723372861527
8456.31,0.9991743288568902
8456.32,0.9991761022252633
8456.33,0.999177680640573
8456.34,0.9991790841765752
8456.35,0.9991803302732039
8456.36,0.9991814341280547
8456.37,0.9991824089613148
8456.38,0.9991832664337036
8456.390000000001,0.9991840167342237
8456.4,0.9991846688458935
8456.41,0.9991852307034916
8456.42,0.9991857093146488
8456.43,0.9991861108996163
8456.44,0.9991864409721559
8456.45,0.9991867044180462
8456.46,0.9991869055898214
8456.470000000001,0.9991870483661838
8456.48,0.9991871361800425
8456.490000000002,0.9991871720995942
8456.5,0.9991871588610992
8456.51,0.9991870988534207
8456.52,0.9991869942324878
8456.53,0.999186846884417
8456.54,0.999186658492896
8456.55,0.9991864305072559
8456.56,0.9991861641909006
8456.57,0.9991400765538337
8456.58,0.9990688602373933
8456.59,0.9989173087607625
8456.6,0.9986310219412401
8456.609999999999,0.9981540722379548
8456.62,0.9974595200264131
8456.63,0.9965878761161888
8456.640000000001,0.9956696985120229
8456.65,0.9949057898552774
8456.66,0.9944993542114067
8456.67,0.9945693029053884
8456.68,0.9950944577231231
8456.69,0.9959237085518395
8456.7,0.9968456186392274
8456.71,0.9976744705780417
8456.720000000001,0.9983057714250004
8456.73,0.9987219414355143
8456.74,0.9989621624548004
8456.75,0.9990843408898379
8456.76,0.9991391720060757
8456.77,0.9991724962503626
8456.78,0.9991714403344532
8456.79,0.999170340803216
8456.800000000001,0.9991691960645794
8456.81,0.9991680044218485
8456.820000000002,0.9991667639642554
8456.83,0.999165472695296
8456.84,0.9991641284089555
8456.85,0.9991627287021159
8456.859999999999,0.9991612710368856
8456.87,0.9991597526129131
8456.88,0.9991004640582153
8456.89,0.999012737054206
8456.9,0.998832123701209
8456.91,0.9985011794394753
8456.92,0.9979665414939904
8456.93,0.9972132169473832
8456.94,0.9963026065313894
8456.95,0.9953875879377173
8456.96,0.9946802859154706
8456.970000000001,0.9943746158820146
8456.98,0.9945607304101775
8456.99,0.9951821322530799
8457.0,0.9960627427713672
8457.01,0.9969865909675156
8457.02,0.9977816661991221
8457.03,0.9983645461907082
8457.039999999999,0.9987350366123506
8457.050000000001,0.9989409028296229
8457.06,0.9990408984559921
8457.070000000002,0.9990826347100946
8457.08,0.9991054218110331
8457.09,0.9991010968196875
8457.1,0.9990965131215399
8457.11,0.9990916490093924
8457.12,0.999086480408913
8457.130000000001,0.9990809805602456
8457.14,0.9990751196552908
8457.150000000001,0.9990688644156559
8457.16,0.9990621775533598
8457.17,0.9990550172757751
8457.18,0.9990473364932216
8457.189999999999,0.9990390820750205
8457.2,0.9990301938471258
8457.21,0.9989832994683636
8457.220000000001,0.9989430807467117
8457.23,0.9988901685767044
8457.24,0.9988280646222799
8457.25,0.9987651996043239
8457.26,0.9987130664545942
8457.27,0.9986819213091289
8457.28,0.9986761286341451
8457.289999999999,0.9986919629502407
8457.300000000001,0.998719298917935
8457.31,0.9987460759871749
8457.32,0.998762787899164
8457.33,0.9987647139135237
8457.34,0.9987720842332384
8457.35,0.9987344626849217
8457.36,0.9986916660045734
8457.37,0.9986426774095494
8457.380000000001,0.998586213038331
8457.39,0.9985206930286924
8457.400000000001,0.9984430932196493
8457.41,0.9983519604074272
8457.42,0.9982434839718178
8457.43,0.9981119959815575
8457.44,0.9979496267701959
8457.45,0.9977450944066346
8457.460000000001,0.9974814322854717
8457.47,0.9971310514893347
8457.48,0.9965816507071602
8457.49,0.9957766600480332
8457.5,0.9944541318959627
8457.51,0.9921817425981498
8457.52,0.9882362265209452
8457.53,0.9816905022250112
8457.539999999999,0.9715801622093451
8457.550000000001,0.9575509792825874
8457.56,0.9409466564808933
8457.57,0.9238619571112286
8457.58,0.9099836773118363
8457.59,0.9025408653275909
8457.6,0.9030392196421285
8457.61,0.9113580961849053
8457.619999999999,0.9258217966904949
8457.630000000001,0.9430242549896025
8457.64,0.9593904877645265
8457.650000000001,0.9729842235062025
8457.66,0.9826491382515482
8457.67,0.9888244572590364
8457.68,0.9924937894186955
8457.69,0.9946101133637391
8457.7,0.9958474809653362
8457.710000000001,0.9966065355731301
8457.72,0.9971335032226167
8457.730000000001,0.9974777754821452
8457.74,0.997741061900353
8457.75,0.9979637500900209
8457.76,0.9981214127472395
8457.77,0.9982492900261942
8457.78,0.9983549360506758
8457.789999999999,0.9984438078543983
8457.800000000001,0.9985193421638328
8457.81,0.9985832055347672
8457.82,0.998638214059707
8457.83,0.9986859185868565
8457.84,0.9987275666780967
8457.85,0.9987162712097645
8457.86,0.9986999066230036
8457.869999999999,0.9986497832500063
8457.880000000001,0.9985640021302079
8457.89,0.9984517130719672
8457.9,0.9983355666819329
8457.91,0.9982121838188167
8457.92,0.9981259348233222
8457.93,0.9981163444900922
8457.94,0.9981454612263099
8457.95,0.9981898042914036
8457.960000000001,0.9982298646671467
8457.97,0.9982620106404708
8457.980000000001,0.9982986468650952
8457.99,0.9983572447517836
8458.0,0.9984274092602264
8458.01,0.9984584118953543
8458.02,0.9984369669232602
8458.03,0.9982999687020091
8458.04,0.9979991421395933
8458.05,0.9975274942861798
8458.060000000001,0.9969406503158419
8458.07,0.996310791981429
8458.080000000002,0.9958044261289023
8458.09,0.9955309597210249
8458.1,0.9955200541861348
8458.11,0.9957181417727652
8458.119999999999,0.9960257694341482
8458.130000000001,0.9963560586592757
8458.14,0.9966734458663299
8458.15,0.996989815932088
8458.16,0.9973297367296671
8458.17,0.9976968855234389
8458.18,0.9980653781277513
8458.19,0.9984113617658188
8458.199999999999,0.9986612794581816
8458.210000000001,0.9988386344617695
8458.22,0.9988963923158106
8458.230000000001,0.9989090443878134
8458.24,0.9988858040949813
8458.25,0.9987921531463745
8458.26,0.9986878438844322
8458.27,0.9985939469813148
8458.28,0.9985345306332292
8458.29,0.9985268415327878
8458.3,0.9985732843607711
8458.310000000001,0.9986602554115035
8458.32,0.9987645970407157
8458.33,0.9988635253195408
8458.34,0.9989422829330616
8458.35,0.9989962973464764
8458.36,0.9990285960881023
8458.37,0.9990589737857668
8458.380000000001,0.999058433440801
8458.390000000001,0.9990578088057199
8458.4,0.9990571003456049
8458.41,0.99905630838769
8458.42,0.999055432983716
8458.43,0.999054474049229
8458.44,0.9989778699485484
8458.449999999999,0.9988298648844932
8458.460000000001,0.9984599406289293
8458.47,0.9976338573268638
8458.48,0.9959185320795769
8458.49,0.9929627306077262
8458.5,0.9884189982613698
8458.51,0.9823717633186435
8458.52,0.9755485959743851
8458.53,0.9691885010864988
8458.54,0.9648047992209589
8458.55,0.9635396020304483
8458.560000000001,0.9657339729385668
8458.57,0.9707915446127587
8458.58,0.977419883032434
8458.59,0.9841145399736854
8458.6,0.9897784541910164
8458.61,0.9938680875384722
8458.62,0.9964345620185693
8458.63,0.9977707746398101
8458.640000000001,0.9983186850012098
8458.65,0.9983109489857801
8458.660000000002,0.9977011664183256
8458.67,0.9964286179639573
8458.68,0.9942610865352192
8458.69,0.9911563635216813
8458.7,0.9873332899275059
8458.710000000001,0.9833921335930635
8458.72,0.9802203456796696
8458.73,0.9786008094663964
8458.74,0.9790114737160999
8458.75,0.9813334097897133
8458.76,0.9849030601842862
8458.77,0.9888812112247082
8458.779999999999,0.9924581356459449
8458.79,0.9951839387984792
8458.8,0.9969796795477772
8458.810000000001,0.9980136065568274
8458.82,0.998536718756282
8458.83,0.9987689103307776
8458.84,0.9988575141436525
8458.85,0.9988995327959237
8458.86,0.9988905908826556
8458.87,0.9988811494010866
8458.88,0.9988711714364856
8458.890000000001,0.9988606165258398
8458.9,0.9988494401608569
8458.91,0.9988375934188488
8458.92,0.9988250223010873
8458.93,0.9987177234935862
8458.94,0.9985206442080506
8458.95,0.9980463750265893
8458.960000000001,0.9970035075947055
8458.970000000001,0.994904488162563
8458.98,0.9912481032440077
8458.990000000002,0.985609173129109
8459.0,0.9780579180761491
8459.01,0.9693038319380158
8459.02,0.9607856092653141
8459.029999999999,0.9541645844423889
8459.04,0.950774745314209
8459.05,0.9511851278937925
8459.06,0.9550848685300313
8459.07,0.9614846734676474
8459.08,0.9690954151610947
8459.09,0.9767055240719991
8459.1,0.9834018694174886
8459.11,0.9887570394296847
8459.12,0.9926095395938619
8459.13,0.9950916087107461
8459.140000000001,0.9965394607833811
8459.15,0.9972658811888561
8459.16,0.9975707016503218
8459.17,0.99761120811817
8459.18,0.9975497553571296
8459.19,0.9974554257351879
8459.2,0.997321449919181
8459.21,0.9971750391110317
8459.220000000001,0.9970027674365258
8459.23,0.9967927178831005
8459.24,0.996534595014398
8459.25,0.9962319410454408
8459.26,0.9958262660923352
8459.27,0.9953219509216941
8459.28,0.9946816262023283
8459.29,0.9938470958859813
8459.300000000001,0.9926425029468072
8459.31,0.99086673715118
8459.32,0.988058788737534
8459.33,0.9832907645286821
8459.34,0.9748318005626934
8459.35,0.9602493309912554
8459.359999999999,0.9368429411587221
8459.37,0.90325129157856
8459.38,0.8613524665536384
8459.390000000001,0.8169702810355015
8459.4,0.7769650324765038
8459.41,0.7481904290381798
8459.42,0.7346137557363902
8459.43,0.7376539638221178
8459.44,0.7569332252145177
8459.45,0.7903954824200674
8459.46,0.8328453519225606
8459.470000000001,0.8769725825061326
8459.48,0.9164970010939741
8459.49,0.9464265385541015
8459.5,0.9663765225011096
8459.51,0.9783743108097901
8459.52,0.9851825118020131
8459.53,0.9889336724502525
8459.54,0.991046671976458
8459.550000000001,0.9923393062241793
8459.56,0.9930108526399787
8459.570000000002,0.9934473647363523
8459.58,0.9938052228175602
8459.59,0.9941957510520718
8459.6,0.9946948672919743
8459.61,0.9952468034631922
8459.62,0.9958332745833934
8459.63,0.9963901132514309
8459.64,0.9968618851960057
8459.65,0.99724641021046
8459.66,0.9975096668419495
8459.67,0.9977022058757932
8459.68,0.9978700174220141
8459.69,0.9979660665957691
8459.7,0.9980514156406465
8459.71,0.998127605884721
8459.720000000001,0.9981959104725278
8459.73,0.9982124786192403
8459.74,0.9982202255024838
8459.75,0.9981909407673702
8459.76,0.9981206416982185
8459.77,0.9980163910657017
8459.78,0.9978654689061136
8459.789999999999,0.9977289478366186
8459.800000000001,0.9976144414063066
8459.81,0.9975310665791083
8459.82,0.9974734695251207
8459.83,0.9974317509111997
8459.84,0.9974061531111302
8459.85,0.99741373698423
8459.86,0.9974797926611989
8459.87,0.9976195940412547
8459.880000000001,0.9978245796198357
8459.89,0.9980789849341527
8459.900000000001,0.9983019872847233
8459.91,0.9984930161204852
8459.92,0.9986349654574828
8459.93,0.9987289281718001
8459.939999999999,0.9987174636805352
8459.95,0.9986783464882515
8459.96,0.9985232897155312
8459.97,0.9982587448918515
8459.98,0.9978705219665925
8459.99,0.9973832298466905
8460.0,0.99687253426953
8460.01,0.9964531234046018
8460.02,0.9962395414203062
8460.03,0.9962969150805794
8460.039999999999,0.9966101561380803
8460.050000000001,0.9970912594080689
8460.06,0.9975768652385423
8460.07,0.9980118622477745
8460.08,0.9983160072816828
8460.09,0.9984838350354405
8460.1,0.998548316275592
8460.11,0.9985582055871066
8460.12,0.9985773907199116
8460.130000000001,0.9985849436323045
8460.14,0.998629527678383
8460.150000000001,0.9986516956677441
8460.16,0.998627463439991
8460.17,0.9984214584474135
8460.18,0.9978067568870997
8460.19,0.9964040172217516
8460.2,0.9936432758304371
8460.210000000001,0.9890034885642682
8460.22,0.9822431581055506
8460.230000000001,0.9737998911163188
8460.24,0.9648832709906997
8460.25,0.957365719133783
8460.26,0.9530734159330857
8460.27,0.953125090431066
8460.28,0.9575064874969931
8460.289999999999,0.9650763636050296
8460.300000000001,0.9740012801155806
8460.31,0.9823899466856558
8460.32,0.9890990055796902
8460.33,0.9936921963443172
8460.34,0.9963727673198495
8460.35,0.9976907360878238
8460.36,0.9981624424669807
8460.369999999999,0.9980132003855232
8460.380000000001,0.9974411232423439
8460.39,0.9965540423407541
8460.4,0.9954007412849477
8460.41,0.9942407307468138
8460.42,0.9933406221495339
8460.43,0.9929450508947034
8460.44,0.9931703718830033
8460.45,0.9939502162833869
8460.460000000001,0.9950668105358089
8460.47,0.9962484092472457
8460.480000000001,0.9972745440222918
8460.49,0.9980345804290218
8460.5,0.9985238624449687
8460.51,0.9988006997403939
8460.52,0.9989598919018503
8460.53,0.9990382164437841
8460.54,0.9990388697152022
8460.55,0.9990394840697255
8460.56,0.9990400602059355
8460.57,0.9990405987499018
8460.58,0.9990411002866919
8460.59,0.999041565297379
8460.6,0.9990419942046082
8460.61,0.9990423873499433
8460.619999999999,0.9990427450004251
8460.630000000001,0.999043067357099
8460.64,0.9989843672997348
8460.65,0.9988948024692976
8460.66,0.9987054307138458
8460.67,0.9983507446023794
8460.68,0.9977653647646167
8460.69,0.9969213171988508
8460.699999999999,0.9958115297909708
8460.710000000001,0.9945634464611033
8460.72,0.993365947162014
8460.730000000001,0.9922826504900081
8460.74,0.9912368280075581
8460.75,0.989978266426504
8460.76,0.9882169124496621
8460.77,0.9858584378707429
8460.78,0.9831579583484276
8460.79,0.980849217174679
8460.8,0.9796391454818608
8460.810000000001,0.9800783356785425
8460.82,0.9821683460588466
8460.83,0.9854696066346129
8460.84,0.9892202266347508
8460.85,0.9926082896032953
8460.86,0.9952479139707393
8460.869999999999,0.9970257563468203
8460.880000000001,0.9980197687855366
8460.89,0.9984882588850266
8460.9,0.9984890723365142
8460.91,0.998071416852918
8460.92,0.9971440588966359
8460.93,0.9955056648104265
8460.94,0.9931452155275052
8460.949999999999,0.990126369904157
8460.960000000001,0.9869238444089476
8460.97,0.9842164293033746
8460.98,0.9826977111165778
8460.99,0.982793967018027
8461.0,0.9844765991205251
8461.01,0.9872749549900109
8461.02,0.9904822396511856
8461.03,0.9934385977616383
8461.04,0.9957401323225711
8461.05,0.9971970038321941
8461.060000000001,0.9979473598072793
8461.07,0.9980495860028917
8461.08,0.9975064992319262
8461.09,0.996212215332408
8461.1,0.994047049515026
8461.11,0.9909667317245926
8461.12,0.987294809207675
8461.13,0.9836610327612015
8461.140000000001,0.9808997473013226
8461.15,0.9797683254734907
8461.160000000002,0.9805443954043059
8461.17,0.9829971901694278
8461.18,0.9864905632232064
8461.19,0.9901568536191225
8461.199999999999,0.9933088969698474
8461.210000000001,0.9955947173934456
8461.22,0.9969984375998718
8461.23,0.9976991377856639
8461.24,0.9978975830432092
8461.25,0.9976916219375012
8461.26,0.9971394994715521
8461.27,0.9962678162602531
8461.279999999999,0.9950092277101128
8461.29,0.9933477490193382
8461.3,0.9912636701012842
8461.310000000001,0.9891373528406041
8461.32,0.9872080335003006
8461.33,0.9859652583427291
8461.34,0.9856339785121516
8461.35,0.9863773273670788
8461.36,0.9879462111478463
8461.37,0.9899580162815992
8461.38,0.9918525314257939
8461.390000000001,0.9930116509249859
8461.4,0.9927908641079055
8461.41,0.9909608036262937
8461.42,0.9874190818850097
8461.43,0.9824364959444092
8461.44,0.9765209915442502
8461.45,0.9702646405119774
8461.460000000001,0.9641460807896878
8461.470000000001,0.9584562188366171
8461.48,0.9533909439685118
8461.49,0.9493756053209964
8461.5,0.9472308196257304
8461.51,0.9478586810414632
8461.52,0.9517777496593169
8461.529999999999,0.9586801105006892
8461.54,0.9674363758070933
8461.55,0.9764626347628226
8461.56,0.9843025006571702
8461.57,0.9902060728695018
8461.58,0.9941150848527772
8461.59,0.9963665046543629
8461.6,0.9975812620343371
8461.61,0.9982126494865945
8461.62,0.9985506981628962
8461.63,0.9987782243394266
8461.640000000001,0.9988764016989096
8461.65,0.9989569259782967
8461.66,0.9989932771531156
8461.67,0.9990331127287694
8461.68,0.9990347521285442
8461.69,0.9990362262230368
8461.7,0.9990375524125524
8461.71,0.9990387458616412
8461.720000000001,0.9990398198259759
8461.73,0.9990407859527072
8461.740000000002,0.9990416544427824
8461.75,0.9989894970507096
8461.76,0.9989356994805549
8461.77,0.9988474607547431
8461.78,0.9987215322487017
8461.79,0.9985672886965565
8461.8,0.9984098236667993
8461.81,0.9982851975078015
8461.82,0.9982275858247633
8461.83,0.9982542414265315
8461.84,0.9983572196834254
8461.85,0.9985072397073744
8461.859999999999,0.9986671438901389
8461.87,0.9988065784788316
8461.88,0.998910160140745
8461.890000000001,0.9989770069651681
8461.9,0.999014901902111
8461.91,0.999047422707743
8461.92,0.9990260096926504
8461.93,0.9989794196346243
8461.94,0.9988177885355002
8461.95,0.9984345314231798
8461.96,0.9977026909480063
8461.970000000001,0.9963562832623941
8461.98,0.9941559866914095
8461.99,0.990999680047069
8462.0,0.9870666570788085
8462.01,0.9829763462485385
8462.02,0.9796005730533528
8462.03,0.9778147951020942
8462.04,0.9781265828714026
8462.050000000001,0.980449490746494
8462.06,0.9841582235319688
8462.070000000002,0.9882898538721481
8462.08,0.9920613396953235
8462.09,0.9949451019590271
8462.1,0.9968714813402905
8462.109999999999,0.998001493778214
8462.12,0.9985895222284005
8462.13,0.998863243276688
8462.14,0.9989928323252848
8462.15,0.9990438906823181
8462.16,0.9990436245558503
8462.17,0.9990433524075826
8462.18,0.9990430745046043
8462.19,0.9989829249320998
8462.2,0.9989187177262473
8462.21,0.998811660147496
8462.220000000001,0.998655281685078
8462.23,0.9984579949562918
8462.24,0.9982485098313495
8462.25,0.9980719549815351
8462.26,0.9979749611825856
8462.27,0.9979383768787119
8462.28,0.9979747151635435
8462.289999999999,0.9979836054039845
8462.300000000001,0.997838734109374
8462.31,0.9974031554184526
8462.320000000002,0.9965799777182
8462.33,0.9953739840440972
8462.34,0.993907922773583
8462.35,0.9925374016940884
8462.36,0.991545333754635
8462.37,0.9912549151849341
8462.380000000001,0.9917484423850944
8462.39,0.9928802355088591
8462.400000000001,0.9943449549056975
8462.41,0.9958091906958634
8462.42,0.9970304731857322
8462.43,0.997907853599988
8462.439999999999,0.9984601251868642
8462.45,0.9987680817794138
8462.46,0.998942461933841
8462.470000000001,0.9990332471455747
8462.48,0.9990328642690695
8462.49,0.9990324792035276
8462.5,0.9990320920038135
8462.51,0.9989663981988149
8462.52,0.9988482906512584
8462.53,0.9985680355363072
8462.539999999999,0.9979753126803277
8462.550000000001,0.9968639836753069
8462.56,0.9950287764285757
8462.57,0.9923836818821639
8462.58,0.9891026656252765
8462.59,0.9856892196151785
8462.6,0.9828471039899501
8462.61,0.9813398567490513
8462.62,0.98148171183387
8462.630000000001,0.9831280283041911
8462.64,0.9857064435001781
8462.650000000001,0.9883652215227973
8462.66,0.9903764791460745
8462.67,0.9914895301303553
8462.68,0.9918250914190604
8462.69,0.9917896094363782
8462.7,0.991770808377397
8462.710000000001,0.9920590075021033
8462.72,0.9926559689983636
8462.73,0.993422542161647
8462.74,0.9941149369364071
8462.75,0.9946155706029982
8462.76,0.9948827359628754
8462.77,0.9949891972862749
8462.78,0.9950750891080432
8462.789999999999,0.995280311126673
8462.800000000001,0.9957090526082819
8462.81,0.9962761719939279
8462.82,0.9969480047159867
8462.83,0.9976008103245217
8462.84,0.9981505257119664
8462.85,0.9985307475506363
8462.86,0.9987711350201539
8462.869999999999,0.9989046802356627
8462.880000000001,0.9989702282883001
8462.89,0.999015652944977
8462.900000000001,0.9990152026015557
8462.91,0.9989734505689872
8462.92,0.9989208367963285
8462.93,0.9988232716034686
8462.94,0.998663416766238
8462.95,0.9984343304833272
8462.960000000001,0.9981515397418855
8462.97,0.9978592996156082
8462.980000000001,0.9976228961888116
8462.99,0.9975059487681016
8463.0,0.997542822240387
8463.01,0.9977223058958342
8463.02,0.9979930289624345
8463.03,0.9982870822720327
8463.039999999999,0.9985471607505303
8463.050000000001,0.9987427066643401
8463.06,0.9988702318110984
8463.07,0.9989431415947976
8463.08,0.9990068844005013
8463.09,0.999006410789099
8463.1,0.999005935989811
8463.11,0.9990054600116831
8463.119999999999,0.999004982841293
8463.130000000001,0.9990045044956102
8463.14,0.9989549411770579
8463.15,0.9989023472764653
8463.16,0.9988151618370736
8463.17,0.998688496195058
8463.18,0.9985296210517118
8463.19,0.9983621287759155
8463.2,0.9981442826752784
8463.210000000001,0.9979125967328307
8463.22,0.9974864730130856
8463.230000000001,0.9966000175187154
8463.24,0.9947440128775418
8463.25,0.9912915465860163
8463.26,0.9857245597421302
8463.27,0.9780379467098943
8463.28,0.9689784190349844
8463.29,0.9601868261450875
8463.3,0.953668849708734
8463.310000000001,0.9510412762172394
8463.32,0.9530278812261272
8463.330000000002,0.9591031737187288
8463.34,0.9677256881700655
8463.35,0.976921004068048
8463.36,0.9849714692204893
8463.369999999999,0.9910040443181415
8463.380000000001,0.9949047812797578
8463.39,0.9971113976343025
8463.4,0.9982123380531941
8463.41,0.9987007450374553
8463.42,0.9989119152477849
8463.43,0.998990601526783
8463.44,0.9989900771106733
8463.449999999999,0.9989895516354912
8463.460000000001,0.99898902507045
8463.47,0.998988497432316
8463.480000000001,0.9989879686967615
8463.49,0.998987438866708
8463.5,0.9989869079381305
8463.51,0.9989863759070103
8463.52,0.9989858427547461
8463.53,0.9989853084993695
8463.54,0.9989847731203669
8463.55,0.9989842366129036
8463.560000000001,0.9989836989617749
8463.57,0.9989831601970326
8463.58,0.9989371359921401
8463.59,0.9988476449071826
8463.6,0.9986227670967104
8463.61,0.9981176779897789
8463.62,0.9971093366479801
8463.630000000001,0.9953307609741194
8463.640000000001,0.9925802720401717
8463.65,0.9888921621407958
8463.66,0.9846819323145825
8463.67,0.9807631462085752
8463.68,0.9780327077362597
8463.69,0.9772528313566075
8463.699999999999,0.9786108634432827
8463.710000000001,0.9817119461677738
8463.72,0.9857329332544925
8463.73,0.98960607769314
8463.74,0.992641751137296
8463.75,0.9944156720337759
8463.76,0.994856290005881
8463.77,0.9940676857166221
8463.78,0.9922226526462518
8463.79,0.9895683744434592
8463.8,0.9864966698599443
8463.810000000001,0.9834668216641371
8463.82,0.9812045219901536
8463.83,0.9800249282961188
8463.84,0.9798756989931235
8463.85,0.9801509199171772
8463.86,0.9799512685854999
8463.87,0.9785735543855187
8463.88,0.9760050816135322
8463.890000000001,0.972974860153027
8463.9,0.9707687020129916
8463.91,0.9704672835207113
8463.92,0.9725733754732877
8463.93,0.9767128592384687
8463.94,0.9819386960552217
8463.95,0.9870085868651226
8463.960000000001,0.9911832206384048
8463.97,0.9940976548857361
8463.98,0.9958742485771118
8463.99,0.9968669798300914
8464.0,0.9974345600208421
8464.01,0.9978531651591362
8464.02,0.998173100814196
8464.029999999999,0.9984103545981793
8464.04,0.9986135891447963
8464.05,0.9987622717960745
8464.060000000001,0.9988568197219959
8464.07,0.9989095513323408
8464.08,0.9989473892882277
8464.09,0.9989467792384161
8464.1,0.9989461676869088
8464.11,0.9989455546405698
8464.12,0.9989449400856253
8464.13,0.9989443240247884
8464.140000000001,0.9989437064347171
8464.15,0.9989430873151094
8464.16,0.9989424666504847
8464.17,0.9989418444389757
8464.18,0.9989412206818836
8464.19,0.9989405953508629
8464.2,0.9989399684424103
8464.210000000001,0.9989393399543084
8464.220000000001,0.9989387098823748
8464.23,0.9989380782049836
8464.240000000002,0.99893744492189
8464.25,0.9988128429262736
8464.26,0.9985791983299012
8464.27,0.9979619962138782
8464.279999999999,0.9966449909353045
8464.29,0.994077975159081
8464.3,0.9896330266663714
8464.31,0.9829691206081683
8464.32,0.9743011219677035
8464.33,0.9646543853844991
8464.34,0.9558595888380903
8464.35,0.9499162778959399
8464.36,0.9483035170450862
8464.37,0.9514524475655981
8464.38,0.9585317102862106
8464.390000000001,0.9678384741933413
8464.4,0.9773533516575441
8464.41,0.9854368706295867
8464.42,0.9913512726728113
8464.43,0.9951004594527679
8464.44,0.9971859382702224
8464.45,0.9982114486824337
8464.46,0.9986692578809799
8464.470000000001,0.9988515230706737
8464.48,0.998921739449506
8464.49,0.9989210628902506
8464.5,0.9989203844695923
8464.51,0.9989197041607216
8464.52,0.9989190219855043
8464.53,0.9989183379092876
8464.54,0.9989176519248189
8464.550000000001,0.9989169640182853
8464.56,0.9989162741852857
8464.570000000002,0.9989155824078733
8464.58,0.9989148886899937
8464.59,0.9989141930013178
8464.6,0.9989134953409623
8464.609999999999,0.9989127956821686
8464.62,0.9989120940420465
8464.63,0.9989113903818911
8464.64,0.9989106847087277
8464.65,0.9989099769874586
8464.66,0.9989092672150091
8464.67,0.998878772313729
8464.68,0.9988272415570826
8464.69,0.9987104724078519
8464.7,0.9984741120216457
8464.71,0.9980500097504899
8464.720000000001,0.9973806961229862
8464.73,0.9964615437852417
8464.74,0.9953825885919396
8464.75,0.9943377996130798
8464.76,0.9935773379234429
8464.77,0.9933125810404627
8464.78,0.9936218997091508
8464.79,0.994413506449995
8464.800000000001,0.9954688596845331
8464.81,0.9965392479248226
8464.820000000002,0.9974382846658988
8464.83,0.998084739872351
8464.84,0.9984893651362845
8464.85,0.9987119241351279
8464.86,0.9988200737789508
8464.87,0.9988938666070211
8464.880000000001,0.9988931085105225
8464.89,0.9988923480561844
8464.9,0.9988915852290557
8464.91,0.9988908200025483
8464.92,0.998890052378666
8464.93,0.9988892823365202
8464.94,0.9988885098664778
8464.95,0.9988877349441507
8464.96,0.9988869575657795
8464.970000000001,0.9988861776951757
8464.98,0.9988853953334255
8464.99,0.9988846104552475
8465.0,0.9988838230507349
8465.01,0.9988830331049958
8465.02,0.9988822405872515
8465.03,0.9988814454958753
8465.039999999999,0.9988806478250403
8465.050000000001,0.9988798475221027
8465.06,0.9988790445992753
8465.07,0.9988782390212306
8465.08,0.9988774307918917
8465.09,0.9988756918853722
8465.1,0.9988748629797358
8465.11,0.9988740309686277
8465.12,0.9988731958411088
8465.130000000001,0.9988723575483055
8465.14,0.9988715160569035
8465.150000000001,0.9988706713387738
8465.16,0.9988698233695249
8465.17,0.9988689720997411
8465.18,0.9988681175099771
8465.19,0.9988672595298067
8465.2,0.998814691490222
8465.21,0.9987415939565354
8465.22,0.9985969828189943
8465.23,0.9983431508433721
8465.24,0.9979513996313893
8465.25,0.9974260792878689
8465.26,0.9968260908369729
8465.27,0.9962658186244686
8465.28,0.9958838807837133
8465.289999999999,0.9957884139240835
8465.300000000001,0.9960077501769773
8465.31,0.9964768016606824
8465.32,0.9970679403630484
8465.33,0.9976067902978697
8465.34,0.9980153226389628
8465.35,0.9982065884342832
8465.36,0.9981369102639861
8465.37,0.9977790504854684
8465.380000000001,0.9971304526985082
8465.39,0.9962565227106143
8465.400000000001,0.9952607773828112
8465.41,0.9943837087731028
8465.42,0.9938516859765711
8465.43,0.9938183645484465
8465.44,0.9942934657024941
8465.45,0.9951381105215867
8465.460000000001,0.9961296975759194
8465.47,0.9970557360957345
8465.480000000001,0.9977834812998063
8465.49,0.9982767742327538
8465.5,0.9985689762541655
8465.51,0.9987213459420216
8465.52,0.9987914909958368
8465.53,0.9988357347539024
8465.539999999999,0.9988347238264659
8465.550000000001,0.9988337069168314
8465.56,0.9988326838760349
8465.57,0.9988316545356647
8465.58,0.9987660234709421
8465.59,0.9986712556402211
8465.6,0.9984788594180052
8465.61,0.9980407195482472
8465.619999999999,0.9973238346933754
8465.630000000001,0.9961651557927996
8465.64,0.994419659045007
8465.65,0.9919480348340907
8465.66,0.9886578706487166
8465.67,0.9845921355577368
8465.68,0.9800756331715033
8465.69,0.975698212494502
8465.7,0.9723117843046679
8465.710000000001,0.970842244613441
8465.72,0.9717361117866299
8465.730000000001,0.9748454662165396
8465.74,0.97942839953575
8465.75,0.9844226829864161
8465.76,0.9889482901767257
8465.77,0.9924828368641491
8465.78,0.9948859005331908
8465.79,0.9963485256866023
8465.8,0.9971793785998464
8465.81,0.9975227314712319
8465.82,0.99743133794549
8465.83,0.996905953335201
8465.84,0.995803578970467
8465.85,0.9943037244473562
8465.86,0.9925962025163524
8465.869999999999,0.9909337007834691
8465.880000000001,0.9897344000834762
8465.89,0.9891635489636174
8465.9,0.9893068054354526
8465.91,0.9898329584689602
8465.92,0.9901586257686715
8465.93,0.9895035336020223
8465.94,0.9870672956055375
8465.949999999999,0.9822927546987397
8465.960000000001,0.9753216834542835
8465.97,0.9670352235465249
8465.980000000001,0.9590766357839785
8465.99,0.95319522626736
8466.0,0.9504427606214338
8466.01,0.9508875313829795
8466.02,0.9535026151400354
8466.03,0.9567323622476912
8466.04,0.9594341365513648
8466.05,0.9614548450719208
8466.060000000001,0.9633318250851438
8466.07,0.9657503934310225
8466.08,0.9688765224733249
8466.09,0.972138190761965
8466.1,0.9747838101570544
8466.11,0.9762628298010356
8466.119999999999,0.9767442844493517
8466.130000000001,0.9769152244972443
8466.14,0.9776854203020189
8466.15,0.9795875792566394
8466.16,0.9825861739890267
8466.17,0.9862556093087305
8466.18,0.9899437622151726
8466.19,0.9930503594202347
8466.199999999999,0.9953584075170423
8466.210000000001,0.9968914042829482
8466.22,0.9977266190355095
8466.23,0.9981278833857294
8466.24,0.9982479509530768
8466.25,0.9982107670877381
8466.26,0.99799686257619
8466.27,0.9976461980249386
8466.28,0.9972095230000276
8466.29,0.996715344058188
8466.3,0.9961889356088327
8466.310000000001,0.9957814532285086
8466.32,0.9954888057363059
8466.33,0.9952833188833299
8466.34,0.9950117680918552
8466.35,0.9945209204818349
8466.36,0.9936732700108367
8466.37,0.9925462082973351
8466.38,0.9913922133259707
8466.390000000001,0.9905621397198988
8466.4,0.9903747905841942
8466.410000000002,0.9909541599581534
8466.42,0.9921779651368424
8466.43,0.9937426522264091
8466.44,0.9953019258071347
8466.449999999999,0.9965962103257784
8466.460000000001,0.997519796701025
8466.47,0.9980965813261516
8466.48,0.9984142145496151
8466.49,0.9985701693667316
8466.5,0.9986393183575689
8466.51,0.9986403164248169
8466.52,0.9985642084667515
8466.529999999999,0.9983647990535959
8466.54,0.9979069487185845
8466.55,0.9969773873978488
8466.560000000001,0.9953118845243961
8466.57,0.9926949856231574
8466.58,0.9891259806892398
8466.59,0.9849728201233676
8466.6,0.9810115195095235
8466.61,0.978134240288431
8466.62,0.9771393554025083
8466.63,0.9783099592048018
8466.640000000001,0.9812900549855358
8466.65,0.9853233663250466
8466.66,0.9894510053248954
8466.67,0.9929479339391527
8466.68,0.9954804348635483
8466.69,0.9970741148889223
8466.7,0.9979543220412007
8466.710000000001,0.9983837919237761
8466.720000000001,0.9985695734437602
8466.73,0.9986407415565576
8466.74,0.998675260554385
8466.75,0.9986738752953271
8466.76,0.9986724524389721
8466.77,0.9986709940429398
8466.779999999999,0.9986695019000689
8466.79,0.9986679775803778
8466.8,0.998666422483994
8466.81,0.998664837789906
8466.82,0.9986632245525559
8466.83,0.9986395744508964
8466.84,0.998622514199354
8466.85,0.9986010211744143
8466.86,0.9985777949074017
8466.87,0.9985573385148988
8466.88,0.998544538540083
8466.890000000001,0.9984572025813442
8466.9,0.9983373933013617
8466.91,0.9980841564646574
8466.92,0.9976022857056378
8466.93,0.996799826988265
8466.94,0.9956420598844999
8466.95,0.9942244687612073
8466.96,0.992747947569355
8466.970000000001,0.9915657696124379
8466.98,0.9909943929588656
8466.990000000002,0.9911998701046265
8467.0,0.9921207536779484
8467.01,0.9934970146854986
8467.02,0.9949869874767996
8467.03,0.9963022686134299
8467.04,0.9972892106126378
8467.05,0.9979311712579455
8467.06,0.9982969950311682
8467.07,0.9984805957435992
8467.08,0.9985323885800722
8467.09,0.9985335124613239
8467.1,0.9984278112766515
8467.109999999999,0.9982242871890511
8467.12,0.9978760926755226
8467.13,0.9973526302197123
8467.140000000001,0.9966247186667123
8467.15,0.9958199498114276
8467.16,0.9950592589955497
8467.17,0.9945056782710708
8467.18,0.9942827075235875
8467.19,0.9944253334859093
8467.2,0.9948729533717687
8467.21,0.9955048257242335
8467.220000000001,0.9961919843566891
8467.23,0.9968355278889195
8467.24,0.9973787845301708
8467.25,0.9978006367362698
8467.26,0.998103512594918
8467.27,0.9983036287628471
8467.28,0.9984369520345038
8467.29,0.9984919492432962
8467.300000000001,0.9985192236971061
8467.31,0.9985388316656447
8467.320000000002,0.9985335745078726
8467.33,0.9984914380475666
8467.34,0.9984157469931405
8467.35,0.9983335379381543
8467.359999999999,0.9981614382397733
8467.37,0.9979325001826781
8467.38,0.9976197142658113
8467.39,0.9971967180432258
8467.4,0.9967524412984391
8467.41,0.9962982930118082
8467.42,0.9958956220299534
8467.43,0.9956158468992798
8467.44,0.9955142789903485
8467.45,0.9956056949451428
8467.46,0.995854243907813
8467.470000000001,0.9961779797611312
8467.48,0.9964758674818099
8467.49,0.99672124848941
8467.5,0.9967998013254977
8467.51,0.9968135923218191
8467.52,0.9968402998102058
8467.53,0.9969073914293624
8467.539999999999,0.9970572657935772
8467.550000000001,0.9972572498249133
8467.56,0.9974869701333965
8467.570000000002,0.9976967485942173
8467.58,0.9978883144119073
8467.59,0.9980327320055065
8467.6,0.9981357402125427
8467.61,0.9982045451708054
8467.62,0.9982473462779871
8467.630000000001,0.9982768520257408
8467.64,0.9982973104620159
8467.650000000001,0.9983105111096162
8467.66,0.9983193076130317
8467.67,0.9983252904760916
8467.68,0.998329216061422
8467.689999999999,0.9983315983256329
8467.7,0.9983327971837893
8467.71,0.9983330710212184
8467.720000000001,0.9983326090475286
8467.73,0.9983315440828839
8467.74,0.9983299848298678
8467.75,0.9983280131499545
8467.76,0.9983256925278783
8467.77,0.9983230729769311
8467.78,0.9983201943463276
8467.789999999999,0.9982847901100945
8467.800000000001,0.9982482639339015
8467.81,0.9981936421059927
8467.82,0.9981189773692548
8467.83,0.9980306885368969
8467.84,0.9979435185929444
8467.85,0.9978771949510294
8467.86,0.9978490565916932
8467.87,0.997866271213786
8467.880000000001,0.9979223770712605
8467.89,0.9980004120152438
8467.900000000001,0.9980805792656957
8467.91,0.9981477578311629
8467.92,0.9981950974076794
8467.93,0.9982231265051789
8467.94,0.9981612073069289
8467.95,0.9979890027346003
8467.960000000001,0.9975731952920647
8467.97,0.9966690738718126
8467.98,0.9949192511205377
8467.99,0.9919308385834625
8468.0,0.9874689947784326
8468.01,0.9817408662179332
8468.02,0.9754703402141323
8468.03,0.9699405987929136
8468.039999999999,0.9665006287927843
8468.050000000001,0.9660711965587958
8468.06,0.9687694463194041
8468.07,0.9738604665876625
8468.08,0.9800588114938512
8468.09,0.9860100084886756
8468.1,0.9908385499001663
8468.11,0.9941912352938093
8468.119999999999,0.996217981815363
8468.130000000001,0.9972934738417084
8468.14,0.9977964489486075
8468.150000000001,0.9980030647926958
8468.16,0.9980757636234565
8468.17,0.998106183153155
8468.18,0.9980984881727545
8468.19,0.9980906157843805
8468.2,0.9980825507181246
8468.210000000001,0.9980742744815944
8468.22,0.9980657643680391
8468.230000000001,0.9980569921834996
8468.24,0.9980479221590263
8468.25,0.9980385072670865
8468.26,0.9980286919784884
8468.27,0.9980183964924988
8468.28,0.9980075126088475
8468.289999999999,0.9979958903553784
8468.300000000001,0.9979833159911435
8468.31,0.9979694745984975
8468.32,0.997953664942066
8468.33,0.9979347089193328
8468.34,0.9979118488671828
8468.35,0.9978826190371425
8468.36,0.9978426017659774
8468.369999999999,0.9977872348789166
8468.380000000001,0.9977129261898895
8468.39,0.997616650418685
8468.4,0.9975100999854545
8468.41,0.9973941321858084
8468.42,0.9972218979751418
8468.43,0.9970631343551346
8468.44,0.9968498132790871
8468.45,0.9965273493960781
8468.460000000001,0.9960473618618234
8468.47,0.9953816130824692
8468.480000000001,0.994579618168595
8468.49,0.9938003786865006
8468.5,0.9932365224825791
8468.51,0.9930627237457744
8468.52,0.9933442994234511
8468.53,0.9939340710070652
8468.54,0.9946648314519797
8468.55,0.9953252856599819
8468.560000000001,0.9957038944907748
8468.57,0.9957192013849729
8468.58,0.9954117561580503
8468.59,0.9949234926582778
8468.6,0.9944518611833228
8468.61,0.9942034266888301
8468.619999999999,0.9942315762771324
8468.630000000001,0.994585321632965
8468.64,0.9951604305349351
8468.65,0.9957772448868949
8468.66,0.9963729217327754
8468.67,0.9967981964238453
8468.68,0.9970758970536533
8468.69,0.9972305088699339
8468.699999999999,0.9973007519348485
8468.710000000001,0.997347997160268
8468.72,0.99732065713411
8468.730000000001,0.9973013725942517
8468.74,0.9972498743970987
8468.75,0.9971833078260223
8468.76,0.9970991335442297
8468.77,0.996980016265109
8468.78,0.9967951817390295
8468.79,0.9965025946712737
8468.8,0.9960500050534459
8468.810000000001,0.9953818928454865
8468.82,0.9945002269141563
8468.83,0.9934703565427443
8468.84,0.9924425213086704
8468.85,0.9916796481987064
8468.86,0.9913627437695363
8468.87,0.9915966385248899
8468.880000000001,0.9922900635322673
8468.890000000001,0.9932711964799051
8468.9,0.9942723831638144
8468.91,0.9951292986709216
8468.92,0.9957754453460316
8468.93,0.9961972162162197
8468.94,0.9964482985539905
8468.949999999999,0.9965851139952138
8468.960000000001,0.9966522212510224
8468.97,0.9966798691932849
8468.98,0.9966861980553516
8468.99,0.9966246580784391
8469.0,0.9965272402236384
8469.01,0.9963372737782897
8469.02,0.9960005597507545
8469.03,0.9954639903657986
8469.04,0.994707805202139
8469.05,0.9937833209334884
8469.060000000001,0.9928312472010772
8469.07,0.9920556148741739
8469.08,0.9916532446408794
8469.09,0.9917244336113513
8469.1,0.9922312301548784
8469.11,0.993011522341857
8469.12,0.9938537894791736
8469.13,0.9945808281331033
8469.140000000001,0.9950991279869974
8469.15,0.9953548876752337
8469.16,0.9954277577078823
8469.17,0.9953147159840019
8469.18,0.9951002072891934
8469.19,0.9948103626839172
8469.2,0.9944559981586881
8469.210000000001,0.9941066071839119
8469.22,0.9938073231901163
8469.23,0.9935904054338766
8469.24,0.9934315155929888
8469.25,0.9933140766627023
8469.26,0.9930839373041189
8469.27,0.9925978784909186
8469.279999999999,0.9916312496328297
8469.29,0.989918738731182
8469.3,0.9872190009883522
8469.310000000001,0.9835118331745647
8469.32,0.9789206453098958
8469.33,0.9741379767948741
8469.34,0.9699731944278026
8469.35,0.9669805823202949
8469.36,0.9652543112120061
8469.37,0.9639020603293182
8469.38,0.9609593083483371
8469.390000000001,0.9533195152814757
8469.4,0.9372871164850228
8469.41,0.9097134753511248
8469.42,0.8700211532406266
8469.43,0.8220140460197743
8469.44,0.7732942947262117
8469.45,0.7311682873411304
8469.460000000001,0.7018695587989763
8469.470000000001,0.6884025805539599
8469.48,0.6916669542119989
8469.490000000002,0.7114023796648654
8469.5,0.7462361471712649
8469.51,0.7919232700288411
8469.52,0.8415096772112177
8469.529999999999,0.888017065728076
8469.54,0.9248808747414128
8469.55,0.9503170187860233
8469.56,0.9661517543388134
8469.57,0.9753211153166762
8469.58,0.9805498730057952
8469.59,0.9835581384661267
8469.6,0.9855449959081873
8469.61,0.9867676256511776
8469.62,0.9877384680177538
8469.63,0.9885668946585424
8469.640000000001,0.9893522481344895
8469.65,0.9900716647521478
8469.66,0.9907032620039179
8469.67,0.9912275829131486
8469.68,0.9916624374424021
8469.69,0.9919547268400181
8469.7,0.9921689376679694
8469.71,0.9923441742011144
8469.720000000001,0.9924440832332486
8469.73,0.9925196117464952
8469.74,0.9925740734549675
8469.75,0.9926101353107015
8469.76,0.9926299581182443
8469.77,0.9926353021254664
8469.78,0.9926276072689095
8469.79,0.9926099008097301
8469.800000000001,0.9925794208691214
8469.81,0.9925388508367113
8469.820000000002,0.9924888426746761
8469.83,0.9923897014383025
8469.84,0.9922384643062216
8469.85,0.9919434862826271
8469.859999999999,0.9913445962845321
8469.87,0.9901768737309461
8469.88,0.9880597455697774
8469.89,0.9847036086530185
8469.9,0.9799362457143413
8469.91,0.9741202203411296
8469.92,0.9680849925672146
8469.93,0.9630978650960345
8469.94,0.9602800713619268
8469.95,0.9602350890255844
8469.96,0.9628711022681742
8469.970000000001,0.9673791864713672
8469.98,0.9726206753402464
8469.99,0.977529768055423
8470.0,0.9814516100166311
8470.01,0.9841805400947655
8470.02,0.985865899564493
8470.03,0.9868136136515984
8470.04,0.9873246364252635
8470.050000000001,0.987610198956946
8470.06,0.9877986644251779
8470.070000000002,0.9879194793069394
8470.08,0.9878808255103425
8470.09,0.9877384581447959
8470.1,0.9874867436660596
8470.11,0.9870703971947947
8470.12,0.9864071317009804
8470.130000000001,0.9852798645690496
8470.14,0.9835516335222666
8470.15,0.9810741227207627
8470.16,0.9778804164195786
8470.17,0.9742931557620799
8470.18,0.9709158317384634
8470.19,0.968463254724105
8470.2,0.9674787376143541
8470.21,0.9680994733542276
8470.220000000001,0.9699926375010475
8470.23,0.9725036150135669
8470.24,0.9749303957299145
8470.25,0.9767718724866022
8470.26,0.9778316671257744
8470.27,0.9781662232559099
8470.28,0.9778939054376423
8470.289999999999,0.9772321696245317
8470.300000000001,0.9762455682697385
8470.31,0.974961402615819
8470.32,0.9732813796096011
8470.33,0.9711816426717634
8470.34,0.9687385969395996
8470.35,0.9660861987303444
8470.36,0.9634688971486889
8470.37,0.9611489603327192
8470.380000000001,0.9592957645832124
8470.39,0.9579235011114486
8470.400000000001,0.9569015256959205
8470.41,0.9560248090589366
8470.42,0.9550922729024061
8470.43,0.953949158935437
8470.44,0.9524896829531931
8470.45,0.9506436543737592
8470.46,0.9483664574319142
8470.47,0.9456363209809696
8470.48,0.9424883145894669
8470.49,0.9388360451303377
8470.5,0.9347351148531668
8470.51,0.9301606407027858
8470.52,0.9250791908585205
8470.53,0.9194103828301105
8470.539999999999,0.91303079414432
8470.550000000001,0.9059092736494359
8470.56,0.8979926552249116
8470.57,0.8890229102553708
8470.58,0.8787662489859299
8470.59,0.8668988797937094
8470.6,0.852999647035645
8470.61,0.8363302061860935
8470.619999999999,0.813795346091737
8470.630000000001,0.7844130302277822
8470.64,0.7410998134684602
8470.650000000001,0.6786004235003193
8470.66,0.5966309318014742
8470.67,0.5069958680823958
8470.68,0.42627339999271324
8470.69,0.36423126145103935
8470.7,0.3216388631653646
8470.710000000001,0.2947282119371493
8470.72,0.279497515040868
8470.730000000001,0.27316786049506697
8470.74,0.2744028680423876
8470.75,0.2831563097235754
8470.76,0.30032104610073906
8470.77,0.32683881144470583
8470.78,0.3620771798108068
8470.789999999999,0.4025662370051695
8470.800000000001,0.4437613137417891
8470.81,0.4847419452145404
8470.82,0.5288553665590587
8470.83,0.5796564955730407
8470.84,0.6372609750496777
8470.85,0.6975931156692763
8470.86,0.753578421633258
8470.869999999999,0.7988430298602285
8470.880000000001,0.8321688733765417
8470.89,0.8555871663393032
8470.9,0.8723659271988435
8470.91,0.8851246074349578
8470.92,0.895565531609229
8470.93,0.90447305245972
8470.94,0.9120520543912946
8470.95,0.918535924250019
8470.960000000001,0.9239443737824153
8470.97,0.9282741400935441
8470.980000000001,0.9315717312424445
8470.99,0.9340195472249669
8471.0,0.9360190994738781
8471.01,0.937960308778078
8471.02,0.940335196699141
8471.03,0.9434448172903114
8471.04,0.9471818556074494
8471.05,0.9512453825160012
8471.060000000001,0.9551445619345126
8471.07,0.9583285804750319
8471.08,0.9604506631955786
8471.09,0.9611446206279212
8471.1,0.9601334583894765
8471.11,0.9572448888453434
8471.119999999999,0.9525193154785118
8471.130000000001,0.9463813355352085
8471.14,0.9396028195350147
8471.15,0.9334262790892248
8471.16,0.9292035880123903
8471.17,0.9280917007547435
8471.18,0.9306826006644795
8471.19,0.9367697956945963
8471.199999999999,0.945331300308332
8471.210000000001,0.9548263090999116
8471.22,0.963698944374358
8471.230000000001,0.9708909463662985
8471.24,0.9760579752141413
8471.25,0.9794251724852677
8471.26,0.9815098209425075
8471.27,0.982769325272453
8471.28,0.9836047912908213
8471.29,0.9842339537264839
8471.3,0.9847798851952501
8471.310000000001,0.985217839107532
8471.32,0.9856237225188486
8471.33,0.9859728423038664
8471.34,0.98625266746014
8471.35,0.9864582186220499
8471.36,0.9866016802454187
8471.37,0.9867180526293863
8471.380000000001,0.9868597257879708
8471.39,0.9870474860623122
8471.4,0.9873367525742069
8471.41,0.9876977490825978
8471.42,0.9880822838747093
8471.43,0.9884125909620711
8471.44,0.9887040715466261
8471.449999999999,0.9889395304145165
8471.460000000001,0.9891565665530061
8471.47,0.9894006852168032
8471.48,0.9897227383491884
8471.49,0.9900613439655099
8471.5,0.9904346720238438
8471.51,0.9908025259307132
8471.52,0.9911350863217543
8471.53,0.9914197261254004
8471.54,0.9916586539528699
8471.55,0.9918619050861792
8471.560000000001,0.9920528067965276
8471.57,0.992208335585394
8471.58,0.9923584656111937
8471.59,0.9925034424339955
8471.6,0.9926434978168629
8471.61,0.9928045790491864
8471.62,0.992902493695742
8471.63,0.9929964250825608
8471.640000000001,0.9930670509638033
8471.65,0.9931137614580592
8471.660000000002,0.9931432435690655
8471.67,0.9931705403337552
8471.68,0.993215648171279
8471.69,0.9932960805245873
8471.699999999999,0.9934190631796254
8471.710000000001,0.9935781115100865
8471.72,0.9937562282247896
8471.73,0.9939336275115653
8471.74,0.9940952644779679
8471.75,0.9942344127129774
8471.76,0.994351741319826
8471.77,0.9944672507316753
8471.779999999999,0.9945467818780668
8471.79,0.994624074298295
8471.8,0.9946992103206171
8471.810000000001,0.9947717529776489
8471.82,0.9948427963414154
8471.83,0.9949119082200489
8471.84,0.9949791571026357
8471.85,0.9950446084799327
8471.86,0.9951083249909768
8471.87,0.9951703665654191
8471.88,0.9952307905661157
8471.890000000001,0.9952896519311991
8471.9,0.9953470032762163
8471.91,0.9954028949875824
8471.92,0.9954573754468528
8471.93,0.9955104909516282
8471.94,0.9955622859858195
8471.95,0.9956128031798764
8471.960000000001,0.9956620834948934
8471.970000000001,0.9957101662286055
8471.98,0.9957570891375959
8471.99,0.9958028884879379
8472.0,0.9958475991437417
8472.01,0.9958912546198398
8472.02,0.9959338871138875
8472.029999999999,0.9959755276274601
8472.04,0.9960162060051881
8472.05,0.9960559508910999
8472.06,0.9960952696072275
8472.07,0.996133221123347
8472.08,0.9961303188386168
8472.09,0.9960801068846099
8472.1,0.9958802002664078
8472.11,0.9953425053862747
8472.12,0.9941375262573824
8472.13,0.9917959436187457
8472.140000000001,0.9878241501788021
8472.15,0.9819924798353238
8472.16,0.974572480259947
8472.17,0.9666555389919895
8472.18,0.9598720931893397
8472.19,0.9558817083021193
8472.2,0.9557436177424531
8472.21,0.9595027873631661
8472.220000000001,0.9661722803900484
8472.23,0.9741192160823768
8472.240000000002,0.9816873552955491
8472.25,0.9877265811098238
8472.26,0.9919066987959303
8472.27,0.9944225563584873
8472.28,0.9957598338433278
8472.29,0.9963961932607851
8472.3,0.9966227648437793
8472.31,0.9966496344710546
8472.32,0.9965046068094086
8472.33,0.9960852480802908
8472.34,0.9952910226787
8472.35,0.9939845036530819
8472.359999999999,0.9921204339092972
8472.37,0.9898415345243979
8472.38,0.987519101829199
8472.390000000001,0.9856783546103844
8472.4,0.9848133589584649
8472.41,0.9851782919371699
8472.42,0.9866722160423921
8472.43,0.9888853656585077
8472.44,0.9912794265314394
8472.45,0.9933975253036548
8472.46,0.9949940362843851
8472.470000000001,0.9960406566376983
8472.48,0.9966460325688348
8472.49,0.9969074854481832
8472.5,0.9969613321745706
8472.51,0.9968293128559295
8472.52,0.9963567086878632
8472.53,0.9954493959142434
8472.54,0.9939272942724224
8472.550000000001,0.9917045496860817
8472.56,0.9889122837283904
8472.570000000002,0.9859671757928427
8472.58,0.9835043205654084
8472.59,0.9821879808642909
8472.6,0.982330566302683
8472.609999999999,0.9839556950037079
8472.62,0.9865856771836049
8472.63,0.989558587020855
8472.64,0.9922665575811788
8472.65,0.9943481003832167
8472.66,0.9957234531940076
8472.67,0.9965065745610205
8472.68,0.9968919638599999
8472.69,0.9970437753676358
8472.7,0.9970841349178761
8472.71,0.9971111859314469
8472.720000000001,0.9971162169338532
8472.73,0.9971434902674958
8472.74,0.9971512098363825
8472.75,0.9971594101329883
8472.76,0.9971131674867598
8472.77,0.9969959528691388
8472.78,0.9967393830385819
8472.789999999999,0.9964005134658782
8472.800000000001,0.9959925349340746
8472.81,0.9955834686851577
8472.820000000002,0.9952565325622013
8472.83,0.9950821228533924
8472.84,0.9950963089720913
8472.85,0.9952931018961575
8472.86,0.9956300736909625
8472.87,0.9960439348387019
8472.880000000001,0.9964685652798757
8472.89,0.9968499944227834
8472.900000000001,0.9971555766641752
8472.91,0.9973758824395274
8472.92,0.9975338107532736
8472.93,0.9976109009212729
8472.939999999999,0.9976847240490919
8472.95,0.9976931270339353
8472.96,0.9977013151442513
8472.970000000001,0.9977093051467596
8472.98,0.9977171109092791
8472.99,0.997724744003812
8473.0,0.9977322142316211
8473.01,0.9977395299178133
8473.02,0.9977466982348492
8473.03,0.9977537254208415
8473.039999999999,0.9977606169007206
8473.050000000001,0.997767377447806
8473.06,0.9977740113101482
8473.07,0.997780522257661
8473.08,0.9977869136677778
8473.09,0.9977931885711913
8473.1,0.9977993497338636
8473.11,0.9978053995977905
8473.12,0.997811340452103
8473.130000000001,0.997817174337406
8473.14,0.9978229031149138
8473.150000000001,0.9978285284834278
8473.16,0.9978340519964743
8473.17,0.9978394750538081
8473.18,0.9978447989244207
8473.19,0.9978500247780121
8473.2,0.9978551536142056
8473.210000000001,0.9978329005958533
8473.22,0.9978038588782578
8473.23,0.9977577557067859
8473.24,0.9976553981155368
8473.25,0.9974459256893144
8473.26,0.9970629354992183
8473.27,0.9964472307193372
8473.28,0.9956032613155182
8473.289999999999,0.9945722433209964
8473.300000000001,0.9935592568619331
8473.31,0.9928053254433779
8473.32,0.9925205420049414
8473.33,0.9927907171938909
8473.34,0.9935366234118129
8473.35,0.9945516715156614
8473.36,0.9955941089874483
8473.369999999999,0.9963402378616372
8473.380000000001,0.9968127944377256
8473.39,0.9969088221252057
8473.400000000001,0.9966346583897485
8473.41,0.9960400996829581
8473.42,0.9952299602454849
8473.43,0.9943829809367624
8473.44,0.9936868041618288
8473.45,0.9933545961794413
8473.460000000001,0.9934833104976981
8473.47,0.9940363137526239
8473.480000000001,0.9948061124999557
8473.49,0.9956030588691277
8473.5,0.9961673097935844
8473.51,0.996254535570326
8473.52,0.9957132898485697
8473.53,0.9943976265976847
8473.539999999999,0.9922992664829079
8473.550000000001,0.9895984352581044
8473.56,0.9866906288995568
8473.57,0.984262622485238
8473.58,0.9829299404547523
8473.59,0.9830599966000998
8473.6,0.9845675693570918
8473.61,0.9870259072624099
8473.619999999999,0.9897097418661491
8473.630000000001,0.9918830325808382
8473.64,0.9928809286122307
8473.65,0.992380161663544
8473.66,0.9902085751021429
8473.67,0.9865417861135583
8473.68,0.9819773188520902
8473.69,0.9774631145638102
8473.7,0.9739401219214625
8473.710000000001,0.9724648611798951
8473.72,0.9733496371113214
8473.730000000001,0.9762764368124105
8473.74,0.9803903560829111
8473.75,0.984713732726283
8473.76,0.9884912171786596
8473.77,0.9913398642465062
8473.78,0.9933135443780949
8473.79,0.994617471503645
8473.8,0.9955332909183168
8473.810000000001,0.9962276789601726
8473.82,0.9967679830600835
8473.83,0.9971493348404693
8473.84,0.997393720849916
8473.85,0.9975406615367939
8473.86,0.9976121471939303
8473.869999999999,0.997633912799607
8473.880000000001,0.9976385466970721
8473.89,0.9976002445436635
8473.9,0.9975699308847186
8473.91,0.9974966923463925
8473.92,0.9974066834443652
8473.93,0.9972944504489623
8473.94,0.9971002814369155
8473.949999999999,0.9967959418530623
8473.960000000001,0.9962863038179746
8473.97,0.9954195296262549
8473.980000000001,0.9940156635844638
8473.99,0.9917914768947507
8474.0,0.9886272824326634
8474.01,0.9846210634436072
8474.02,0.9800388204064087
8474.03,0.9755489282422208
8474.04,0.9718240337840797
8474.05,0.9692691872479524
8474.060000000001,0.9686039422237529
8474.07,0.9697570956258692
8474.08,0.9726136802691415
8474.09,0.9764795937426809
8474.1,0.9808737278050094
8474.11,0.984862002256597
8474.12,0.9879738750759423
8474.130000000001,0.990035538339426
8474.140000000001,0.9906983568413096
8474.15,0.9899217826446469
8474.16,0.9878936994270127
8474.17,0.9851611079322717
8474.18,0.9824457128275326
8474.19,0.9805465587481462
8474.199999999999,0.980097172132501
8474.210000000001,0.9813493382338048
8474.22,0.9839271125005665
8474.23,0.9872557003780063
8474.24,0.990580884898253
8474.25,0.9933580574809506
8474.26,0.9953549238714726
8474.27,0.9966126617914844
8474.28,0.9973168525713442
8474.29,0.9976739662697824
8474.3,0.9978434581235116
8474.310000000001,0.9979502123005581
8474.32,0.9979735863175131
8474.33,0.9979943440678106
8474.34,0.9980128769849913
8474.35,0.9980295051956833
8474.36,0.9980180654512725
8474.37,0.9980236494289486
8474.38,0.9980300685385424
8474.390000000001,0.9980391216917379
8474.4,0.9980275183965236
8474.41,0.9980285704590968
8474.42,0.9980285741065199
8474.43,0.9980470373520903
8474.44,0.9980430084444648
8474.45,0.9980462188227992
8474.460000000001,0.9980578319733008
8474.47,0.9980763487372346
8474.48,0.9980983525535685
8474.49,0.9981200501345568
8474.5,0.9981386784906138
8474.51,0.9981653087983201
8474.52,0.9981696705116612
8474.529999999999,0.9981737843161794
8474.54,0.9981776702211265
8474.55,0.9981813461465182
8474.56,0.9981848281763361
8474.57,0.9981881307994068
8474.58,0.998150352606094
8474.59,0.9981053402009372
8474.6,0.9980229854356847
8474.61,0.9978927032823808
8474.62,0.9977146527369026
8474.63,0.997507558016346
8474.640000000001,0.9973099759095665
8474.65,0.9971704756059337
8474.66,0.997128902382882
8474.67,0.9971983318759055
8474.68,0.9973587780209857
8474.69,0.9975667494534601
8474.7,0.9977744770952685
8474.710000000001,0.9979473160453752
8474.720000000001,0.9980710412066098
8474.73,0.9981486180883123
8474.740000000002,0.9981918180937706
8474.75,0.9981780991451503
8474.76,0.9981080872580861
8474.77,0.9979635279543765
8474.779999999999,0.9977007334214812
8474.79,0.997281214925168
8474.8,0.9966980739660408
8474.81,0.9960036133950113
8474.82,0.9953180211893546
8474.83,0.9948021656944698
8474.84,0.9945981275021131
8474.85,0.9947369780027077
8474.86,0.9952033279484339
8474.87,0.9958452855407163
8474.88,0.996503099747628
8474.890000000001,0.9970572888713238
8474.9,0.9974586970414607
8474.91,0.997719388613986
8474.92,0.9978815519966746
8474.93,0.9979876245706989
8474.94,0.9980852641356279
8474.95,0.9981324605840715
8474.96,0.9981744176193339
8474.970000000001,0.9982062263977888
8474.98,0.9982494079323393
8474.99,0.9982499637637923
8475.0,0.998250492312874
8475.01,0.9981948689760345
8475.02,0.9980868013437508
8475.03,0.9978176845425205
8475.04,0.9972214113121903
8475.050000000001,0.9960495764576889
8475.06,0.9940177993999354
8475.070000000002,0.9909339942684738
8475.08,0.9868841933678701
8475.09,0.9823728384118786
8475.1,0.978307717441875
8475.109999999999,0.9755971180733626
8475.12,0.9750461626656787
8475.13,0.9767766092346905
8475.14,0.980293122188534
8475.15,0.9846536765976458
8475.16,0.9889412044711399
8475.17,0.9924577276296213
8475.18,0.9949509168723105
8475.19,0.9965106806764633
8475.2,0.997388654256355
8475.21,0.9978432729833884
8475.220000000001,0.9980653471746362
8475.23,0.99819982606594
8475.24,0.9982272158531194
8475.25,0.9982558330831975
8475.26,0.9982556856034045
8475.27,0.99825550876886
8475.28,0.9982553019087677
8475.289999999999,0.99825506427668
8475.300000000001,0.9982547950708506
8475.31,0.9982544934080663
8475.320000000002,0.9982541583361951
8475.33,0.9982537888300868
8475.34,0.9982533837927323
8475.35,0.9982529420116433
8475.36,0.9982524621890285
8475.37,0.9982519429301283
8475.380000000001,0.9981880571726361
8475.39,0.9980722414222296
8475.4,0.9977961386651686
8475.41,0.9972091811467263
8475.42,0.9961026965857793
8475.43,0.9942651967471204
8475.44,0.9916011500196923
8475.45,0.9882756463886047
8475.46,0.9847632285667772
8475.470000000001,0.9818543475717519
8475.48,0.9803072349539621
8475.49,0.9805161694696861
8475.5,0.982418757371853
8475.51,0.9855248403290624
8475.52,0.9890342509018095
8475.53,0.9922383552226701
8475.539999999999,0.9947155193067257
8475.550000000001,0.996372851542146
8475.56,0.9973444598188697
8475.57,0.9978475842921434
8475.58,0.9980889722773493
8475.59,0.9981776859294316
8475.6,0.9982234125567122
8475.61,0.9982210269403078
8475.62,0.9982184865488889
8475.630000000001,0.9982157795409795
8475.64,0.9982128928847936
8475.650000000001,0.9982098121825619
8475.66,0.9982065215707273
8475.67,0.9982030034867673
8475.68,0.9981992384617092
8475.69,0.998195204882362
8475.7,0.9981908787245545
8475.71,0.9981862331962054
8475.72,0.9981812383681544
8475.73,0.998120876382714
8475.74,0.9980128059094342
8475.75,0.9977580480475138
8475.76,0.9972134359732343
8475.77,0.9961736653343276
8475.78,0.9944183689779391
8475.789999999999,0.9918241278459566
8475.800000000001,0.9885122285645168
8475.81,0.9849429588917017
8475.82,0.9818553088650537
8475.83,0.9800525320425093
8475.84,0.9799954862415803
8475.85,0.9816965882780184
8475.86,0.9847140928119981
8475.869999999999,0.9882501941892297
8475.880000000001,0.9915571317713101
8475.89,0.9941583131655776
8475.900000000001,0.9959176460020451
8475.91,0.9969506735854297
8475.92,0.9974770918811752
8475.93,0.9976995046688066
8475.94,0.9977628267833119
8475.95,0.997774087183959
8475.960000000001,0.997724249463753
8475.97,0.997680509536515
8475.980000000001,0.9976413120699505
8475.99,0.9975968536694471
8476.0,0.9975561008845246
8476.01,0.9975360883812839
8476.02,0.9975228951048147
8476.03,0.9975334717261474
8476.039999999999,0.9975472727722746
8476.050000000001,0.9975460788902837
8476.06,0.9975477842941929
8476.07,0.9975117297866017
8476.08,0.997434321334713
8476.09,0.9973250197448138
8476.1,0.9971885272926775
8476.11,0.9970599356080312
8476.119999999999,0.9969772107451581
8476.130000000001,0.9969753771897831
8476.14,0.997066400209683
8476.15,0.9972334689083356
8476.16,0.9974372567815979
8476.17,0.9976363792913677
8476.18,0.9978017952814269
8476.19,0.9978745154322947
8476.2,0.9978608060146722
8476.210000000001,0.9976769640895347
8476.22,0.9972002807080722
8476.230000000001,0.9961907335635405
8476.24,0.9943619899563564
8476.25,0.9915958902381156
8476.26,0.9879226524995196
8476.27,0.9837774159291445
8476.28,0.9799529768876374
8476.29,0.9773921644779195
8476.3,0.976740036281259
8476.310000000001,0.9781925309743945
8476.32,0.9812584031865683
8476.33,0.9851275124641861
8476.34,0.9888066300615298
8476.35,0.9914412417757462
8476.36,0.9924661783455783
8476.369999999999,0.9915692771346659
8476.380000000001,0.9887857838375194
8476.39,0.9843970438605855
8476.4,0.9792320703365766
8476.41,0.9743459719290978
8476.42,0.9708490774365582
8476.43,0.9695254778789485
8476.44,0.9704829961749858
8476.449999999999,0.973092337889737
8476.460000000001,0.9764421538255948
8476.47,0.9796421374884053
8476.480000000001,0.9822471948010956
8476.49,0.9840990411624514
8476.5,0.9851687554032459
8476.51,0.9849594683490547
8476.52,0.9826495716880173
8476.53,0.9774380775414323
8476.54,0.9689305015737517
8476.55,0.9579800192783274
8476.560000000001,0.9465998196843979
8476.57,0.9373476493407132
8476.58,0.9325164292481127
8476.59,0.9333734382948848
8476.6,0.9397963355037531
8476.61,0.9502833913300627
8476.62,0.9625109220125708
8476.630000000001,0.9741358288847005
8476.64,0.9834197269786487
8476.65,0.9897561306941401
8476.66,0.9933867511865143
8476.67,0.9949682931293349
8476.68,0.9953301839917089
8476.69,0.9951284822358686
8476.699999999999,0.9948646851631472
8476.710000000001,0.9947739077339167
8476.72,0.9949826571408383
8476.73,0.9954852072675472
8476.74,0.9961431615800809
8476.75,0.9968029420890889
8476.76,0.997352221972935
8476.77,0.9977035247927063
8476.78,0.9979233243731752
8476.79,0.998028801441802
8476.8,0.9980666616539785
8476.810000000001,0.99809140252089
8476.82,0.9980852345757086
8476.83,0.9980939446345668
8476.84,0.998080938634014
8476.85,0.9980534330410004
8476.86,0.9979599973727696
8476.87,0.9977464404622123
8476.88,0.9973748121800221
8476.890000000001,0.9967557089764593
8476.9,0.9959427855512781
8476.910000000002,0.9950371510611025
8476.92,0.9942193288035601
8476.93,0.9936959384369318
8476.94,0.9936162958303505
8476.949999999999,0.9940040905650999
8476.960000000001,0.9947460855389978
8476.97,0.9956450393786096
8476.98,0.9965037334057605
8476.99,0.9971919468488019
8477.0,0.9976672613341121
8477.01,0.9979113471625274
8477.02,0.9980290851102025
8477.029999999999,0.9979941817286508
8477.04,0.9979259204001572
8477.05,0.9977499952035698
8477.060000000001,0.9975746346156178
8477.07,0.9974075054623365
8477.08,0.9972818638408958
8477.09,0.9972273427934335
8477.1,0.997258921263348
8477.11,0.9973702498551954
8477.12,0.997558732821361
8477.13,0.997733321836116
8477.140000000001,0.9977879893669039
8477.15,0.9976475663885902
8477.16,0.9970959179715685
8477.17,0.9957456525346556
8477.18,0.9930506290261365
8477.19,0.9883149588001781
8477.2,0.9812147482787628
8477.210000000001,0.9719751040320209
8477.220000000001,0.9617802343675096
8477.23,0.9526679350225976
8477.240000000002,0.9467305336722704
8477.25,0.9453602578624427
8477.26,0.948950007834194
8477.27,0.9564445325411045
8477.279999999999,0.9658996232760308
8477.29,0.9751658851141868
8477.3,0.982630618392665
8477.31,0.9877294403285238
8477.32,0.990714396730463
8477.33,0.9923139556855476
8477.34,0.993265688682403
8477.35,0.9940607652759453
8477.36,0.9949094743197591
8477.37,0.9957559588358303
8477.38,0.9964609168114675
8477.390000000001,0.9969538646616258
8477.4,0.9971464071772929
8477.41,0.9970265453501899
8477.42,0.9965934424749039
8477.43,0.9959485822991115
8477.44,0.9952914943545434
8477.45,0.9947448175189992
8477.46,0.9945065096723692
8477.470000000001,0.9946466597890966
8477.48,0.995123372452364
8477.490000000002,0.9958027543088437
8477.5,0.9965192375686577
8477.51,0.9971396588098931
8477.52,0.9976109863604771
8477.53,0.997899636394619
8477.54,0.9980620299045507
8477.550000000001,0.9981427075398175
8477.56,0.9981996753100382
8477.57,0.9981990573870787
8477.58,0.9981984359974518
8477.59,0.99819781119888
8477.6,0.9981971830218538
8477.609999999999,0.9981965514967536
8477.62,0.9981959166523411
8477.63,0.9981952785213867
8477.640000000001,0.9981946371481399
8477.65,0.9981939925414444
8477.66,0.998193344749293
8477.67,0.9981926937990774
8477.68,0.9981920397127299
8477.69,0.9981913825082367
8477.7,0.9981907222404482
8477.71,0.998190058907157
8477.720000000001,0.998189392545253
8477.73,0.9981887231970678
8477.74,0.998188050855767
8477.75,0.9981873755597379
8477.76,0.9981866973268441
8477.77,0.9981860161919223
8477.78,0.9981853321635714
8477.79,0.9981319088615617
8477.800000000001,0.9980722454514694
8477.81,0.9979700239089885
8477.820000000002,0.997815917421502
8477.83,0.9976141919121729
8477.84,0.9973893811528667
8477.85,0.9971872130667038
8477.86,0.9970582367180656
8477.87,0.9970071059083624
8477.88,0.9970822039709336
8477.89,0.9972389976567735
8477.9,0.9974325709546357
8477.91,0.9976205565824068
8477.92,0.9977773761470197
8477.93,0.9978963770739859
8477.94,0.9979828545081341
8477.95,0.9980748254463966
8477.96,0.9981021448117232
8477.970000000001,0.9981273998030123
8477.98,0.9981455313204991
8477.99,0.9981705546539773
8478.0,0.9981697847815874
8478.01,0.9981690115149554
8478.02,0.9981682348476096
8478.03,0.9981674546953224
8478.039999999999,0.9981666710408624
8478.050000000001,0.9981658838112882
8478.06,0.998165092968608
8478.070000000002,0.9981642984238416
8478.08,0.9981156464580428
8478.09,0.99805856286113
8478.1,0.9979576675498562
8478.11,0.997742721331044
8478.12,0.9974460091300671
8478.130000000001,0.9970907954601451
8478.14,0.9967084843406521
8478.150000000001,0.9963716613510588
8478.16,0.9961585417250937
8478.17,0.9961236590860439
8478.18,0.9962753649994053
8478.189999999999,0.9965726394706405
8478.2,0.9969427714909154
8478.21,0.9973096754336268
8478.220000000001,0.9976180880227191
8478.23,0.9978437879180231
8478.24,0.9980108927820942
8478.25,0.9981002863980426
8478.26,0.9981483505157029
8478.27,0.998147452790646
8478.28,0.9981465469482345
8478.289999999999,0.9981456324723916
8478.300000000001,0.9981447087357793
8478.31,0.9981437750456991
8478.32,0.9981428306530508
8478.33,0.998141874686307
8478.34,0.9981409061493464
8478.35,0.9981399239440939
8478.36,0.9981389267774918
8478.37,0.998137913198929
8478.380000000001,0.998136881529756
8478.39,0.9981358298481059
8478.400000000001,0.998134755896876
8478.41,0.9981336571074326
8478.42,0.9981325304237203
8478.43,0.9981313722866433
8478.44,0.9981301784971762
8478.45,0.9981289440585197
8478.460000000001,0.9981276629923922
8478.47,0.9981263281764219
8478.48,0.998124930887305
8478.49,0.9981234605550716
8478.5,0.9981219041563362
8478.51,0.9981202454833968
8478.52,0.9981184642729565
8478.53,0.9981165348373663
8478.539999999999,0.9980334500456732
8478.550000000001,0.9978929627651948
8478.56,0.9975747449622616
8478.57,0.9969308024529632
8478.58,0.9957758435843446
8478.59,0.9939545464912795
8478.6,0.991456367450635
8478.61,0.9885267293413726
8478.619999999999,0.985686839338061
8478.630000000001,0.9836032170180994
8478.64,0.9828383344821284
8478.650000000001,0.9836065245800384
8478.66,0.9856775185980285
8478.67,0.9884821484279392
8478.68,0.9913524609218197
8478.69,0.993779202925949
8478.7,0.9954675197448821
8478.710000000001,0.9964591966854973
8478.72,0.9968595410464236
8478.730000000001,0.996772854092046
8478.74,0.9962627916093657
8478.75,0.9953839363585079
8478.76,0.9941394797741533
8478.77,0.9927547806504036
8478.78,0.9915203133532089
8478.789999999999,0.9907561428377474
8478.800000000001,0.9906898201871945
8478.81,0.9913099095359758
8478.82,0.9924284284554734
8478.83,0.993634554343169
8478.84,0.9943902051973539
8478.85,0.9941915200837698
8478.86,0.9924579495801567
8478.869999999999,0.9886632082154554
8478.880000000001,0.982492596996722
8478.89,0.9741347532326048
8478.9,0.9644180763482502
8478.91,0.9547834518115451
8478.92,0.9470308447515623
8478.93,0.942672421393779
8478.94,0.9425709141541585
8478.95,0.9467204750848186
8478.960000000001,0.9542630487903512
8478.97,0.9637242574326326
8478.980000000001,0.9734243498960337
8478.99,0.9819490424505315
8479.0,0.9884659258864152
8479.01,0.992887722312069
8479.02,0.9955373408281184
8479.03,0.9969506670765481
8479.04,0.9976538118089334
8479.05,0.9979195803404046
8479.060000000001,0.998022892093281
8479.07,0.9980741987356528
8479.08,0.9980734334162572
8479.09,0.9979943172448354
8479.1,0.9978393897231782
8479.11,0.9974482863314057
8479.119999999999,0.996566356728093
8479.130000000001,0.9948000229564407
8479.14,0.9916779093085824
8479.15,0.9868466945156789
8479.16,0.9803968892714199
8479.17,0.9730160609026446
8479.18,0.9660995897366084
8479.19,0.9612607817200445
8479.199999999999,0.9597593381571528
8479.210000000001,0.9620032075462597
8479.22,0.9673849204766307
8479.23,0.9745250209291826
8479.24,0.9818135926691639
8479.25,0.9878880019834259
8479.26,0.9922443974323529
8479.27,0.9948204593127057
8479.28,0.9959458098610615
8479.29,0.9960256075960694
8479.3,0.9954159778869032
8479.310000000001,0.994428839014935
8479.32,0.9933930769944151
8479.33,0.9925683227175344
8479.34,0.9922422118727365
8479.35,0.9925106386113757
8479.36,0.9932938924994372
8479.37,0.9943743062873392
8479.380000000001,0.9954930332346273
8479.390000000001,0.996448257991304
8479.4,0.9971452441585673
8479.41,0.9975875197694939
8479.42,0.9978340016329832
8479.43,0.9979552898796803
8479.44,0.9980080210290647
8479.449999999999,0.9980386897107549
8479.460000000001,0.9980376648262308
8479.47,0.9980366371560788
8479.48,0.9980356067213743
8479.49,0.9980345735940752
8479.5,0.9979646093566208
8479.51,0.9979099828029317
8479.52,0.9978336420944461
8479.53,0.9977403268660916
8479.54,0.9976431048002548
8479.55,0.9975614792573013
8479.560000000001,0.9975153657851513
8479.57,0.9975172219205308
8479.58,0.9975664995124485
8479.59,0.997649762120226
8479.6,0.9977464818888451
8479.61,0.9978371199999443
8479.62,0.9979232343160833
8479.63,0.9979658075803834
8479.640000000001,0.9979150397853213
8479.65,0.9978454079592141
8479.66,0.9976246920931614
8479.67,0.9972970660107217
8479.68,0.996828735265302
8479.69,0.9962518794676621
8479.7,0.9956567784885344
8479.710000000001,0.9951758245914105
8479.72,0.9949051660892027
8479.73,0.9949526543770472
8479.74,0.9952789207648147
8479.75,0.9957366537158185
8479.76,0.9962612520044885
8479.77,0.9967231070131787
8479.779999999999,0.9970752430929486
8479.79,0.9973223665303322
8479.8,0.9975141979165335
8479.81,0.9976331347208245
8479.82,0.9977513729064387
8479.83,0.9978233751513915
8479.84,0.9978851875884625
8479.85,0.9979518247822882
8479.86,0.9979950197243808
8479.87,0.9979938945965455
8479.88,0.9979927675490883
8479.890000000001,0.9979916386073963
8479.9,0.9979905077451081
8479.91,0.9979189222225452
8479.92,0.9978026595814771
8479.93,0.9975462310966137
8479.94,0.9970421005273366
8479.95,0.9961650168745693
8479.960000000001,0.9948256183471548
8479.970000000001,0.9930156767910227
8479.98,0.9909402217593828
8479.990000000002,0.9888957041118418
8480.0,0.9871666302222973
8480.01,0.9857925871541642
8480.02,0.9844073046859092
8480.029999999999,0.9823193155887039
8480.04,0.978765728353697
8480.05,0.9735688069920732
8480.06,0.9674057804565495
8480.07,0.9617416157842469
8480.08,0.9582708665434162
8480.09,0.9582026689459426
8480.1,0.9617258652954195
8480.11,0.9680310462584297
8480.12,0.9755698464339306
8480.13,0.9826461448414551
8480.140000000001,0.988168718567073
8480.15,0.99170894514975
8480.16,0.993489243724498
8480.17,0.9940851201945025
8480.18,0.9941249109138499
8480.19,0.9941020048225788
8480.2,0.9942958777728609
8480.21,0.9947362449055094
8480.220000000001,0.9953304459271732
8480.23,0.9959041204040211
8480.24,0.9962744121501158
8480.25,0.9963309101003155
8480.26,0.9960627615736438
8480.27,0.9955598272238134
8480.28,0.994954267815283
8480.29,0.9944948317949139
8480.300000000001,0.9942479920118275
8480.31,0.9942269369789959
8480.320000000002,0.9944077307792374
8480.33,0.9945489624939318
8480.34,0.9943998573650511
8480.35,0.9937446333052904
8480.359999999999,0.9924785862988567
8480.37,0.9906200155665793
8480.38,0.9884990168852268
8480.39,0.9865351097130782
8480.4,0.9852266802484854
8480.41,0.9848683154706473
8480.42,0.9855592935612801
8480.43,0.9870720899521663
8480.44,0.989017185721508
8480.45,0.991028048565576
8480.46,0.992811378084404
8480.470000000001,0.9942909355938706
8480.48,0.9954549819926509
8480.49,0.9963323117551526
8480.5,0.9969605196102158
8480.51,0.997380580736956
8480.52,0.9976527219657495
8480.53,0.997786138520214
8480.539999999999,0.9978547564336613
8480.550000000001,0.9979060188133398
8480.56,0.9979047522297283
8480.570000000002,0.9979034836340783
8480.58,0.9978584353734561
8480.59,0.9977866498751684
8480.6,0.9976307293751238
8480.61,0.9973283684738931
8480.62,0.9968094908623757
8480.630000000001,0.9959936786974007
8480.64,0.99492022319284
8480.65,0.9936753464612653
8480.66,0.9924382210092024
8480.67,0.9914082639901325
8480.68,0.9907250924067904
8480.69,0.9904229222609744
8480.7,0.9904519880240015
8480.71,0.9907453148136004
8480.720000000001,0.9912709349335719
8480.73,0.9920265360648033
8480.74,0.9929901553972054
8480.75,0.9940801621324353
8480.76,0.9951640337604272
8480.77,0.9961083685157401
8480.78,0.9968490975109596
8480.789999999999,0.9973213797973991
8480.800000000001,0.9976050230663753
8480.81,0.9977549225123502
8480.82,0.9978247858826659
8480.83,0.9978697843920894
8480.84,0.9978684604581326
8480.85,0.9978671344352372
8480.86,0.997865806333763
8480.87,0.9978644761525095
8480.880000000001,0.9978631438699064
8480.89,0.9978618095015173
8480.900000000001,0.9978604730413827
8480.91,0.9978591344809595
8480.92,0.9977911151508685
8480.93,0.9976834603698386
8480.94,0.9974504245765935
8480.95,0.9970007420345363
8480.96,0.9962332775244902
8480.97,0.995084949173995
8480.98,0.9935976737752599
8480.99,0.9919671348919165
8481.0,0.9904634710533056
8481.01,0.9894594372446893
8481.02,0.9890888227720339
8481.03,0.9891951931371141
8481.039999999999,0.989292289242565
8481.050000000001,0.9887140212195465
8481.06,0.9869067196072223
8481.07,0.9837503403854693
8481.08,0.9797623988689904
8481.09,0.9759100951004374
8481.1,0.9733844876305022
8481.11,0.9730380404938419
8481.119999999999,0.9750935159160434
8481.130000000001,0.9789665892578389
8481.14,0.9837104380941019
8481.150000000001,0.9883322941044821
8481.16,0.9920853257486039
8481.17,0.9947045209874099
8481.18,0.9962977593711453
8481.19,0.9970500715416909
8481.2,0.9973060116940293
8481.210000000001,0.9971641614320937
8481.22,0.9966634935966687
8481.230000000001,0.9956456662601494
8481.24,0.9940954379812804
8481.25,0.9920143638161257
8481.26,0.989594587883237
8481.269999999999,0.9872362767723797
8481.28,0.985459269230803
8481.289999999999,0.9847237543033149
8481.300000000001,0.9852414598145744
8481.31,0.9868794560732141
8481.32,0.9892134442409384
8481.33,0.9917032986989297
8481.34,0.9938946351293901
8481.35,0.995543732083698
8481.36,0.9966489758515354
8481.369999999999,0.9972543854559277
8481.380000000001,0.9975642141365498
8481.39,0.9977046096321236
8481.4,0.997790331794588
8481.41,0.9977888702386213
8481.42,0.9977874061931691
8481.43,0.9977859396563841
8481.44,0.99778447059956
8481.45,0.9977829990272309
8481.460000000001,0.9977815249238079
8481.47,0.9977800482720223
8481.480000000001,0.9977785690748141
8481.49,0.9977770873106044
8481.5,0.9977301623584843
8481.51,0.9976833617053886
8481.52,0.997609345234215
8481.53,0.9975065968588505
8481.54,0.9973838148133465
8481.55,0.9972616751400198
8481.560000000001,0.9971683536897349
8481.57,0.9971291696067551
8481.58,0.9971553333751654
8481.59,0.9972385694589243
8481.6,0.9973551062804207
8481.61,0.9974764290242373
8481.619999999999,0.9975802065148889
8481.630000000001,0.9976558406419782
8481.64,0.9977035322276899
8481.65,0.9977530194617034
8481.66,0.9977514919818689
8481.67,0.9977499616660221
8481.68,0.9977484284935021
8481.69,0.9977468924501014
8481.699999999999,0.9977453535027577
8481.710000000001,0.9977438116365578
8481.72,0.9977422668389427
8481.730000000001,0.9977407190618177
8481.74,0.9977391683035893
8481.75,0.9977376145181933
8481.76,0.9977360577054466
8481.77,0.9977344978116699
8481.78,0.9977329348357288
8481.79,0.9977313687250081
8481.8,0.9977297994684872
8481.810000000001,0.9977282270155199
8481.82,0.9977266513590068
8481.83,0.997725072445261
8481.84,0.9977234902462354
8481.85,0.9977219047171253
8481.86,0.9977203158478101
8481.87,0.9977187235557646
8481.880000000001,0.9977171278368211
8481.89,0.9977155286317919
8481.9,0.9977139258976409
8481.91,0.9977123195762686
8481.92,0.9977107096425659
8481.93,0.9977090960359958
8481.94,0.9976285609399584
8481.949999999999,0.9974398465623459
8481.960000000001,0.9970170043875572
8481.97,0.9960989657164145
8481.98,0.9943241025167535
8481.99,0.9912880646169329
8482.0,0.9867288269981874
8482.01,0.9808091546658686
8482.02,0.9742017102737168
8482.03,0.9681652164229936
8482.04,0.9640871161043599
8482.05,0.9630033138237691
8482.060000000001,0.9651974272352492
8482.07,0.9700906295388223
8482.08,0.9764697641511433
8482.09,0.9829254241487656
8482.1,0.9884291406778779
8482.11,0.9924480712564028
8482.12,0.9950087337249951
8482.13,0.996445838241679
8482.140000000001,0.9971609102931506
8482.15,0.9974776221679433
8482.160000000002,0.9976200946214256
8482.17,0.9976661726778526
8482.18,0.9976643942746383
8482.19,0.9976626078485831
8482.199999999999,0.9976608130869878
8482.210000000001,0.9975401108968233
8482.22,0.9973337990129705
8482.23,0.9968608464671701
8482.24,0.9958923529211676
8482.25,0.994133057612885
8482.26,0.99131945586833
8482.27,0.9873523280384989
8482.279999999999,0.9826181612570474
8482.29,0.9778037681372227
8482.3,0.9739385288544676
8482.310000000001,0.97192348016191
8482.32,0.9721965400332828
8482.33,0.9745673400334494
8482.34,0.9783304197972108
8482.35,0.9825854020135526
8482.36,0.9865561456196011
8482.37,0.9898739089926654
8482.38,0.9924170805578179
8482.390000000001,0.9942693100920048
8482.4,0.9955670051613222
8482.41,0.9964472248318196
8482.42,0.996988450766998
8482.43,0.9973223735402535
8482.44,0.9974788899955924
8482.45,0.9975557192616911
8482.460000000001,0.9976093854250384
8482.470000000001,0.9976070907279305
8482.48,0.9976047537882582
8482.490000000002,0.9976023707521242
8482.5,0.9975999372477765
8482.51,0.997597448357884
8482.52,0.9975948984471715
8482.529999999999,0.9975922810753189
8482.54,0.9975895888702436
8482.55,0.9975868133134488
8482.56,0.9975839445322169
8482.57,0.9975809710082731
8482.58,0.9975778792034427
8482.59,0.9975746531490727
8482.6,0.9975712738138622
8482.61,0.9975677183714086
8482.62,0.9975639591507034
8482.63,0.9975078642673545
8482.640000000001,0.997435404683725
8482.65,0.9973008166543159
8482.66,0.9970770532130913
8482.67,0.9967491694412989
8482.68,0.9963325247059737
8482.69,0.9958848787347
8482.7,0.9954995078190129
8482.71,0.9952749760631191
8482.720000000001,0.9952733145830446
8482.73,0.9954723398540465
8482.740000000002,0.9958009778681775
8482.75,0.9960825100124827
8482.76,0.9961505380462755
8482.77,0.9957688434131715
8482.78,0.9946410787596978
8482.79,0.9925097575637138
8482.800000000001,0.989281869004755
8482.81,0.9850220612746658
8482.82,0.9800820345631711
8482.83,0.9749981886612646
8482.84,0.970303723826445
8482.85,0.9662643071620727
8482.859999999999,0.9629404996290089
8482.87,0.9603889938982513
8482.88,0.9589180967161095
8482.890000000001,0.9590632660120726
8482.9,0.9613092859797968
8482.91,0.9656268633627195
8482.92,0.9714618144379267
8482.93,0.9777517555260903
8482.94,0.9834339228735425
8482.95,0.9878323042238213
8482.96,0.9908821670680636
8482.970000000001,0.992774865990018
8482.98,0.9938236944321386
8482.99,0.9944604838492526
8483.0,0.9947775426829834
8483.01,0.9947714374310819
8483.02,0.9943800385685655
8483.03,0.9932330125314228
8483.04,0.9908640536823775
8483.050000000001,0.9866628613241848
8483.06,0.9802084170894039
8483.070000000002,0.971598587304172
8483.08,0.9619194312506456
8483.09,0.9530028935552134
8483.1,0.9468715140734661
8483.11,0.9450495067354533
8483.12,0.9479679866019051
8483.13,0.9547037511309545
8483.14,0.9634653748363501
8483.15,0.9722137086754494
8483.16,0.9794073988303343
8483.17,0.9844312844664665
8483.18,0.9876047096522224
8483.19,0.9896022311134303
8483.2,0.99108743646769
8483.21,0.9924168198202244
8483.220000000001,0.9937204010141012
8483.23,0.9949254906542265
8483.24,0.9958799747285456
8483.25,0.9965485790415046
8483.26,0.9969916007954255
8483.27,0.9972248323027852
8483.28,0.9973255003652697
8483.289999999999,0.9973549164842956
8483.300000000001,0.9972651019377922
8483.31,0.9971162850432992
8483.320000000002,0.996900266738187
8483.33,0.9966294450406186
8483.34,0.9962740638381581
8483.35,0.9959404393204325
8483.36,0.9956257094107559
8483.37,0.9953220048870149
8483.380000000001,0.9949917758469724
8483.39,0.9945999709338728
8483.400000000001,0.9941597570664013
8483.41,0.9937565594605356
8483.42,0.9935237521132243
8483.43,0.9935776774100967
8483.439999999999,0.9939525138647254
8483.45,0.9946071838617374
8483.46,0.9952792715716451
8483.470000000001,0.9959016490573375
8483.48,0.9963187063670444
8483.49,0.9964510610530656
8483.5,0.9962768801094737
8483.51,0.9958279218006489
8483.52,0.9951934537067257
8483.53,0.9944909960201426
8483.539999999999,0.9939068780616855
8483.550000000001,0.9935129480943847
8483.56,0.9934048937742643
8483.57,0.993415548333859
8483.58,0.9932609205000955
8483.59,0.9925821704962368
8483.6,0.9910755838609286
8483.61,0.9886523957147898
8483.62,0.9855673435265285
8483.630000000001,0.9824532072300415
8483.64,0.9800656955543177
8483.650000000001,0.9791518566928008
8483.66,0.9799646575085573
8483.67,0.9823563676559033
8483.68,0.9856812497970528
8483.69,0.9891668521263587
8483.7,0.992186225417431
8483.710000000001,0.9944179605406338
8483.72,0.9958503105578835
8483.730000000001,0.9966567268009279
8483.74,0.9970573710328902
8483.75,0.9972332825224479
8483.76,0.9973371556179006
8483.77,0.997333987701425
8483.78,0.997330745960539
8483.789999999999,0.9973274252946469
8483.800000000001,0.9973240200882204
8483.81,0.9972589456022574
8483.82,0.9971694682283393
8483.83,0.9969948981062923
8483.84,0.9966902735346832
8483.85,0.9962210418348107
8483.86,0.9955915181324192
8483.869999999999,0.9948705896713226
8483.880000000001,0.994193384299916
8483.89,0.9936815682878608
8483.9,0.9935063768801413
8483.91,0.9936760407082591
8483.92,0.9941125398225422
8483.93,0.9946707196912737
8483.94,0.9952100322259243
8483.95,0.9956489570626719
8483.960000000001,0.9959769662812981
8483.97,0.9962275890203705
8483.980000000001,0.9964396686324624
8483.99,0.9966328089688551
8484.0,0.9968214056994397
8484.01,0.9968971128741475
8484.02,0.9969233306444064
8484.03,0.996848327901185
8484.04,0.996649165573872
8484.050000000001,0.9963349342383032
8484.06,0.9958863835808216
8484.07,0.9954010696776083
8484.08,0.9949768015060835
8484.09,0.994718572313598
8484.1,0.9946947631495234
8484.11,0.9948852931440231
8484.119999999999,0.9952803184333591
8484.130000000001,0.9957143944337765
8484.14,0.9961074989727873
8484.15,0.9963973114332999
8484.16,0.9965654524326251
8484.17,0.9966239116793382
8484.18,0.9965949508481228
8484.19,0.9965147641880442
8484.2,0.9963034090271928
8484.210000000001,0.9959973213603982
8484.22,0.9955056918891528
8484.230000000001,0.9946826542596517
8484.24,0.9933097358193692
8484.25,0.9911131260718479
8484.26,0.9878662549961525
8484.27,0.9835396823541975
8484.28,0.9785407081048971
8484.29,0.9735819954023681
8484.3,0.96991014781055
8484.310000000001,0.9683882334785554
8484.32,0.9694073683208768
8484.33,0.9726460691443407
8484.34,0.9772770238062974
8484.35,0.9819051785816391
8484.36,0.985451280866771
8484.369999999999,0.9872128925521116
8484.380000000001,0.9868067438466644
8484.39,0.9843902577092168
8484.4,0.9805281609461017
8484.41,0.9762237919702748
8484.42,0.9727383318348695
8484.43,0.9711573218822588
8484.44,0.9720117378743462
8484.449999999999,0.9750935931645476
8484.460000000001,0.9795997890416128
8484.47,0.9843391394305027
8484.48,0.9882726490192965
8484.49,0.9906288598803834
8484.5,0.9910564649881126
8484.51,0.9895508881732594
8484.52,0.9863937146221715
8484.53,0.9822952076291367
8484.54,0.9781530929245031
8484.55,0.9750762304742691
8484.560000000001,0.9738703166075966
8484.57,0.9748965909312212
8484.58,0.977838189761538
8484.59,0.9819034883393981
8484.6,0.9861369869644986
8484.61,0.9898521067239602
8484.62,0.9926642374559109
8484.630000000001,0.994556788339498
8484.640000000001,0.9957108429893324
8484.65,0.9963561926597666
8484.66,0.9966850394098763
8484.67,0.996830965731843
8484.68,0.9968867853481334
8484.69,0.9968922064687199
8484.699999999999,0.9968467125237119
8484.710000000001,0.9968001202832932
8484.72,0.9967703828579582
8484.73,0.996756919748747
8484.74,0.9967707328765593
8484.75,0.9968009843347856
8484.76,0.99684781694706
8484.77,0.9968934162984379
8484.78,0.996936267386142
8484.79,0.996974363718146
8484.8,0.9970032310159033
8484.810000000001,0.997023712692295
8484.82,0.9970368754184871
8484.83,0.997045800886945
8484.84,0.9970520773909505
8484.85,0.9969759666467463
8484.86,0.9968396650795647
8484.87,0.9965205470318935
8484.88,0.9958286698728327
8484.890000000001,0.9945770483008385
8484.9,0.9925445589205041
8484.91,0.9896540052368576
8484.92,0.9860968844273534
8484.93,0.9823724613401992
8484.94,0.9791839637761868
8484.95,0.9772904322647131
8484.960000000001,0.9770918303584419
8484.97,0.97854938112872
8484.98,0.9812062926667902
8484.99,0.984371719039675
8485.0,0.9874764519982351
8485.01,0.9901140688470826
8485.02,0.992112037134771
8485.029999999999,0.9935756234956662
8485.04,0.9946091845533482
8485.05,0.9952019441289582
8485.06,0.995542511579758
8485.07,0.9955638601375537
8485.08,0.9953213249191389
8485.09,0.9949134053786893
8485.1,0.994427026322062
8485.11,0.9939342013489755
8485.12,0.9934676818960629
8485.13,0.9931538068181386
8485.140000000001,0.9930577515929895
8485.15,0.9932062774291849
8485.16,0.9935732577141931
8485.17,0.9940780769329909
8485.18,0.994649875379786
8485.19,0.9950426080003789
8485.2,0.9952526141502476
8485.21,0.9951804807921804
8485.220000000001,0.994619946122402
8485.23,0.9935204916931556
8485.240000000002,0.9916896460828394
8485.25,0.9892338258940174
8485.26,0.986393256917209
8485.27,0.9837619724068745
8485.279999999999,0.9819955418242459
8485.29,0.9815493468930359
8485.3,0.9825868563189964
8485.31,0.9848067064534342
8485.32,0.9876839609188719
8485.33,0.9905631549140788
8485.34,0.9929740453452288
8485.35,0.9947136436621562
8485.36,0.9958122436609149
8485.37,0.9964252648180982
8485.38,0.9967294898514028
8485.390000000001,0.9968937051047209
8485.4,0.9969454418995957
8485.41,0.9969449336626571
8485.42,0.9969440986392312
8485.43,0.996942997025757
8485.44,0.9969416764846445
8485.45,0.9969401735783965
8485.46,0.996938517232808
8485.470000000001,0.996936730631661
8485.48,0.9969348324896719
8485.49,0.9969328380776763
8485.5,0.9969307599319726
8485.51,0.9969286084854266
8485.52,0.9969263924082615
8485.53,0.9969241190173808
8485.54,0.9969217944806692
8485.550000000001,0.9969194240391456
8485.56,0.9969175454897493
8485.570000000002,0.9969150834562931
8485.58,0.9969125876697184
8485.59,0.996910060984116
8485.6,0.9969075059105944
8485.609999999999,0.9969049246350582
8485.62,0.9969023190724544
8485.63,0.9968996909118649
8485.64,0.9968970416551306
8485.65,0.9968943726131123
8485.66,0.9968916849691795
8485.67,0.9968889797653969
8485.68,0.9968862579358629
8485.69,0.9968835203325801
8485.7,0.9968807677148129
8485.71,0.99687800074154
8485.720000000001,0.9968752200398776
8485.73,0.9968724261706687
8485.74,0.9968696196172646
8485.75,0.9968668008520131
8485.76,0.9968639702967255
8485.77,0.996861128316704
8485.78,0.9968582752649294
8485.789999999999,0.9968554114510785
8485.800000000001,0.9968525371618306
8485.81,0.9968496526938608
8485.820000000002,0.9968467582569198
8485.83,0.9968438540921652
8485.84,0.9968409404071916
8485.85,0.9968380173773426
8485.86,0.9968350851831567
8485.87,0.9968079428458909
8485.880000000001,0.9967929901125917
8485.89,0.9967774779606071
8485.9,0.9967224074102529
8485.91,0.9966603116300048
8485.92,0.9965571999523148
8485.93,0.9963931402829518
8485.939999999999,0.9961566395943457
8485.95,0.9958590731036797
8485.96,0.9955642777240845
8485.970000000001,0.9952378229011246
8485.98,0.9950184469411714
8485.99,0.9948985614033025
8486.0,0.9948341845755329
8486.01,0.9947494353951635
8486.02,0.9945792099044883
8486.03,0.9943188061383607
8486.039999999999,0.9940406775102836
8486.050000000001,0.9938642339769111
8486.06,0.9938945571895711
8486.07,0.9941672831996404
8486.08,0.9946445526991238
8486.09,0.9951866502599439
8486.1,0.9957059014139141
8486.11,0.9961228377954326
8486.12,0.9964109787668145
8486.130000000001,0.99658450367323
8486.14,0.9966758966510638
8486.150000000001,0.9967472900972786
8486.16,0.9967441085826416
8486.17,0.996740920428096
8486.18,0.996737725626512
8486.19,0.9967345241828889
8486.2,0.9967313160820382
8486.21,0.9967281013043431
8486.22,0.9967248798610904
8486.23,0.9967216517374929
8486.24,0.996718416923357
8486.25,0.9967151754133914
8486.26,0.9967119271912025
8486.27,0.9967086722620909
8486.28,0.9967054106090791
8486.289999999999,0.996702142224139
8486.300000000001,0.9966988670924711
8486.31,0.9966955852060502
8486.32,0.9966922965658997
8486.33,0.9966890011461527
8486.34,0.9966856989431753
8486.35,0.9966823899468876
8486.36,0.9966210309117797
8486.369999999999,0.9965158917779782
8486.380000000001,0.996231722109332
8486.39,0.9956789070018508
8486.400000000001,0.9946618687450477
8486.41,0.993012213410182
8486.42,0.9906769814201819
8486.43,0.9878358329950623
8486.44,0.9849483752728928
8486.45,0.9826830521188877
8486.460000000001,0.9815961364545238
8486.47,0.9820202309531363
8486.480000000001,0.9838080725972271
8486.49,0.9865061757356606
8486.5,0.9893872102603631
8486.51,0.9919035005210275
8486.519999999999,0.9936868154125871
8486.53,0.994626258991945
8486.539999999999,0.9947675261745285
8486.550000000001,0.9942319946710962
8486.56,0.9932045309964183
8486.57,0.9919084838957822
8486.58,0.9906259325841255
8486.59,0.9897544047029933
8486.6,0.9895375362093185
8486.61,0.9900384118471796
8486.619999999999,0.9911098758366962
8486.630000000001,0.9924629617817036
8486.64,0.9937911878728806
8486.65,0.9948790467061962
8486.66,0.9956443029698605
8486.67,0.9961134033246811
8486.68,0.9963658110872666
8486.69,0.9964851113118987
8486.7,0.9965340457965739
8486.710000000001,0.9965602329237999
8486.72,0.9965566498430518
8486.730000000001,0.9965530595835996
8486.74,0.9964605495100166
8486.75,0.9962889124993074
8486.76,0.9958719636556703
8486.77,0.9949623748844197
8486.78,0.99319752643391
8486.79,0.9901758608662161
8486.8,0.9856514337542567
8486.810000000001,0.9797880204416641
8486.82,0.9733145070214981
8486.83,0.9674072361281547
8486.84,0.963373231659239
8486.85,0.9619389496681697
8486.86,0.9629663407382323
8486.869999999999,0.9654546251605244
8486.880000000001,0.9680172493847261
8486.89,0.969604276906291
8486.9,0.9700443958460627
8486.91,0.9700429897837007
8486.92,0.9706660455226408
8486.93,0.9726451713769829
8486.94,0.9761468599444256
8486.949999999999,0.9805658109013609
8486.960000000001,0.9850882098279917
8486.97,0.9890041123022121
8486.980000000001,0.9918764808689523
8486.99,0.9937354792177229
8487.0,0.9948164954106314
8487.01,0.995411619095365
8487.02,0.9957507514668072
8487.03,0.9960222624446574
8487.04,0.9961416569168191
8487.05,0.996244257467946
8487.060000000001,0.9963199289566991
8487.07,0.996384630039568
8487.08,0.9964227200487209
8487.09,0.9964188575948002
8487.1,0.9964149871695768
8487.11,0.9964111087651376
8487.12,0.9963578858775313
8487.130000000001,0.9963224708598348
8487.14,0.9962800751042008
8487.15,0.9962368861807954
8487.16,0.9962017862992132
8487.17,0.996183217909968
8487.18,0.9961855005792793
8487.19,0.9962067742339463
8487.199999999999,0.9962398969193828
8487.210000000001,0.9962757096341994
8487.22,0.9962631437998434
8487.23,0.9962255194494015
8487.24,0.9961163367930391
8487.25,0.995900288326991
8487.26,0.9955774240181888
8487.27,0.9951550586591276
8487.28,0.9946827959778214
8487.29,0.9942515040704335
8487.3,0.9939677659965912
8487.310000000001,0.9939281342032048
8487.32,0.9941095769638185
8487.33,0.9944814348791576
8487.34,0.9949426415738568
8487.35,0.9953427544265646
8487.36,0.9956291895977806
8487.37,0.9957160531897934
8487.38,0.995548310136942
8487.390000000001,0.9950796523435296
8487.4,0.994317008535984
8487.410000000002,0.9932390832498963
8487.42,0.992051605918389
8487.43,0.9909590765046928
8487.44,0.9902457132839717
8487.449999999999,0.9900518837059534
8487.460000000001,0.9903470904733884
8487.47,0.9909179270098359
8487.48,0.9914676323742003
8487.49,0.9917002451958346
8487.5,0.9916148017113905
8487.51,0.9913014996496573
8487.52,0.990985176382465
8487.529999999999,0.9908774473792762
8487.54,0.9910592065451553
8487.55,0.9915667597077215
8487.560000000001,0.9922332132866811
8487.57,0.9929302825640431
8487.58,0.993580509080527
8487.59,0.9940575337444076
8487.6,0.9942609230659971
8487.61,0.9941017981002925
8487.62,0.993534858625283
8487.63,0.9926221634832642
8487.640000000001,0.9914967043830911
8487.65,0.9904690772813458
8487.66,0.9898717763893972
8487.67,0.9898173860364962
8487.68,0.99039802227047
8487.69,0.9914456137594797
8487.7,0.9926863262777894
8487.710000000001,0.9937694837825136
8487.720000000001,0.9945276319718523
8487.73,0.9947359163804985
8487.740000000002,0.9941561414570254
8487.75,0.992438370026992
8487.76,0.9891484734618304
8487.77,0.9839838951011636
8487.779999999999,0.9770220614028102
8487.79,0.9690747804876413
8487.8,0.9616381346737599
8487.81,0.9564337659224261
8487.82,0.9547310081167827
8487.83,0.9569804039151975
8487.84,0.9624212985058241
8487.85,0.9693894641003723
8487.86,0.9759284415151207
8487.87,0.980400298378901
8487.88,0.9820461595306683
8487.890000000001,0.9811229824441218
8487.9,0.9786817541916965
8487.91,0.9761231158436317
8487.92,0.9747058212547637
8487.93,0.9751595596596133
8487.94,0.9775336876675988
8487.95,0.9811979151235114
8487.96,0.9852917599764534
8487.970000000001,0.9890419012109751
8487.98,0.9919373484842651
8487.990000000002,0.9938716396463342
8488.0,0.9950027519733008
8488.01,0.9955451005311788
8488.02,0.9957821886078807
8488.03,0.9957933088180483
8488.04,0.995711733166852
8488.050000000001,0.9955328613904793
8488.06,0.995327749680051
8488.07,0.9951338648183605
8488.08,0.9949975180363302
8488.09,0.9949558194752732
8488.1,0.9949953595896763
8488.109999999999,0.9951172943552723
8488.12,0.9951829664503873
8488.13,0.9951467089020134
8488.140000000001,0.9948182213787308
8488.15,0.9939457999116242
8488.16,0.9921702622434541
8488.17,0.9890738912149867
8488.18,0.9843246790531919
8488.19,0.9780396521630602
8488.2,0.9708825828055175
8488.21,0.964106400947427
8488.220000000001,0.9592645069840087
8488.23,0.957435784469285
8488.24,0.9589784250696551
8488.25,0.9632486234572918
8488.26,0.9689518906647611
8488.27,0.974618370083218
8488.28,0.9792567168030475
8488.29,0.9825434530604714
8488.300000000001,0.9847189889143981
8488.31,0.9863440790778623
8488.320000000002,0.9878334972835137
8488.33,0.9893871455390739
8488.34,0.9909774763523115
8488.35,0.9924758182671638
8488.36,0.9937136588363625
8488.37,0.9945970577938081
8488.38,0.9951790221665247
8488.39,0.9955184461498953
8488.4,0.9956907272370776
8488.41,0.9957178721722892
8488.42,0.9956915933329825
8488.43,0.995520492375879
8488.44,0.9951411426656073
8488.45,0.9945474314307966
8488.46,0.9935674090024105
8488.470000000001,0.9919057725081982
8488.48,0.9892310853259895
8488.49,0.9850965056087483
8488.5,0.9791918708549442
8488.51,0.9715029426374716
8488.52,0.9626921387809333
8488.53,0.9540367308274075
8488.539999999999,0.9471775672079077
8488.550000000001,0.9436259709430679
8488.56,0.9441919027669523
8488.570000000002,0.9488237548666123
8488.58,0.9563796885345761
8488.59,0.9648797986113608
8488.6,0.9721923080015846
8488.61,0.9763948141711345
8488.62,0.976561469982296
8488.630000000001,0.9728986948971221
8488.64,0.9667223684892213
8488.650000000001,0.9601312685473746
8488.66,0.9553258946525166
8488.67,0.9538810715143169
8488.68,0.9564112612691358
8488.689999999999,0.9622547046836243
8488.7,0.9700029723991445
8488.71,0.9779227034260998
8488.720000000001,0.9846205444527881
8488.73,0.9894947151404686
8488.74,0.9925618569757094
8488.75,0.9942528645819735
8488.76,0.9950749197505409
8488.77,0.9954280816312605
8488.78,0.9955612532806423
8488.789999999999,0.9956243520855426
8488.800000000001,0.9956187109111057
8488.81,0.9956130562748108
8488.82,0.9956073881007246
8488.83,0.995601706353849
8488.84,0.9955960109952803
8488.85,0.9955903019574901
8488.86,0.9955583096111545
8488.87,0.9954979867900268
8488.880000000001,0.9953486667642109
8488.89,0.995006050447414
8488.900000000001,0.9942977980205632
8488.91,0.992996242153004
8488.92,0.9908904453753933
8488.93,0.9879233437565399
8488.94,0.984340599252796
8488.95,0.9807666983921329
8488.960000000001,0.9779314533610906
8488.97,0.9766639407412413
8488.980000000001,0.9772618786959087
8488.99,0.9795765566824461
8489.0,0.9829157817621398
8489.01,0.9865073404128488
8489.02,0.9896558776979083
8489.03,0.992018792619538
8489.039999999999,0.9935744583399101
8489.050000000001,0.9944911583694711
8489.06,0.9949845548848593
8489.07,0.9952321317611643
8489.08,0.9953496645862092
8489.09,0.9954490652424602
8489.1,0.9954429993477872
8489.11,0.99543691855194
8489.119999999999,0.9954308227969831
8489.130000000001,0.9954247120219193
8489.14,0.9954185861913131
8489.15,0.9954124452390846
8489.16,0.9954062891320143
8489.17,0.9954001178047975
8489.18,0.9953939312126342
8489.19,0.9953877292897553
8489.2,0.9953815120032147
8489.210000000001,0.9953752792752181
8489.22,0.9953690310796998
8489.230000000001,0.9953627673465322
8489.24,0.9953330042935361
8489.25,0.9952835752155249
8489.26,0.9952104849142055
8489.27,0.9950668123557795
8489.28,0.994791937493036
8489.29,0.9943054290302016
8489.300000000001,0.9935330891121283
8489.31,0.9924561762934225
8489.32,0.9911646809290482
8489.33,0.9898929545082954
8489.34,0.9888987925371095
8489.35,0.9884772488698578
8489.36,0.9887499966085752
8489.369999999999,0.9896346645387771
8489.380000000001,0.9908835471963676
8489.39,0.9921937389439123
8489.4,0.9933232037456331
8489.41,0.9941533958374739
8489.42,0.9946827124716238
8489.43,0.9949777327854088
8489.44,0.9951213443567294
8489.45,0.9951812525313055
8489.460000000001,0.9952142886188696
8489.47,0.9952076355278957
8489.480000000001,0.995200965496461
8489.49,0.9951942784552644
8489.5,0.9951875743747169
8489.51,0.9951808531498811
8489.52,0.9951741147589357
8489.53,0.9951673591212514
8489.54,0.9951605861866508
8489.55,0.9951537958851885
8489.560000000001,0.9951469881585713
8489.57,0.9951401629443759
8489.58,0.9951333201928105
8489.59,0.9951264598172542
8489.6,0.9951195817643025
8489.61,0.9951126859978711
8489.619999999999,0.9951057724154937
8489.630000000001,0.9950988409689349
8489.64,0.9950918916061302
8489.65,0.9950849242453469
8489.66,0.9950779388248788
8489.67,0.9950645921222628
8489.68,0.995057559243075
8489.69,0.9950505080978007
8489.699999999999,0.9950434386057987
8489.710000000001,0.9950363506864514
8489.72,0.9950292443118677
8489.73,0.9950221193841193
8489.74,0.9950149758563893
8489.75,0.9950078136379038
8489.76,0.9950006326864346
8489.77,0.9949934329195003
8489.78,0.9949862142746634
8489.79,0.9949789766902057
8489.8,0.994971720079348
8489.810000000001,0.9949644443882484
8489.82,0.9948900886514642
8489.83,0.9948125538247131
8489.84,0.9946892331371817
8489.85,0.9944895950792432
8489.86,0.9942525732243003
8489.87,0.9939966585545349
8489.88,0.9937716880534733
8489.890000000001,0.9936314044089638
8489.9,0.9936119605773138
8489.910000000002,0.9937159705240173
8489.92,0.9939116800598637
8489.93,0.9941475387873792
8489.94,0.99437313074685
8489.949999999999,0.9945550553406473
8489.960000000001,0.994681636932207
8489.97,0.9947579811679972
8489.98,0.9948377693647075
8489.99,0.9948301379923583
8490.0,0.9948224861744275
8490.01,0.9948148137859764
8490.02,0.9948071207915739
8490.03,0.9947994071052677
8490.04,0.9947916726652045
8490.05,0.9947839173935471
8490.060000000001,0.9947761411988237
8490.07,0.9947683440282555
8490.08,0.9947605257782274
8490.09,0.9947526863729099
8490.1,0.9947448257441835
8490.11,0.9947369438135456
8490.12,0.9947290405062168
8490.13,0.9947211157218352
8490.140000000001,0.994713169406879
8490.15,0.9947052014520505
8490.16,0.9946972118071593
8490.17,0.9946892003634845
8490.18,0.9946811670472364
8490.19,0.9946731117929388
8490.2,0.9946162525484284
8490.210000000001,0.9945497204281981
8490.220000000001,0.9944364010522472
8490.23,0.9942614924310847
8490.24,0.9940228518755926
8490.25,0.9937416787454546
8490.26,0.9934656466869184
8490.27,0.99325793006958
8490.279999999999,0.9931736638324207
8490.29,0.9932354002925138
8490.3,0.9934223370420276
8490.31,0.9936802661510824
8490.32,0.9939458174334089
8490.33,0.9941703326419902
8490.34,0.9943314758046792
8490.35,0.9944305986203875
8490.36,0.9944822026787751
8490.37,0.9945242674521403
8490.38,0.9945157789897447
8490.390000000001,0.9945072668475214
8490.4,0.9944987309378861
8490.41,0.9944901711700558
8490.42,0.9944815874529251
8490.43,0.9944729796878431
8490.44,0.9944643477952946
8490.45,0.9944556916571907
8490.46,0.9944470112179603
8490.470000000001,0.9944383063540271
8490.48,0.9943608745259481
8490.490000000002,0.9942371572224196
8490.5,0.9939690909466418
8490.51,0.9934402659593666
8490.52,0.9925086579108213
8490.53,0.9910611865330161
8490.54,0.9891027194166868
8490.55,0.9868381430917255
8490.56,0.9847042815773904
8490.57,0.9831674082093529
8490.58,0.982670121853964
8490.59,0.9833541910808505
8490.6,0.9849959483866755
8490.609999999999,0.9871913026061091
8490.62,0.9894084654593268
8490.63,0.9912666812985431
8490.640000000001,0.9926102211480737
8490.65,0.9934421671326387
8490.66,0.9938965579735047
8490.67,0.9941136328859329
8490.68,0.9942026854224969
8490.69,0.994250474965424
8490.7,0.9942411705893309
8490.71,0.9942318394253383
8490.720000000001,0.9942224813509342
8490.73,0.9942130962813762
8490.74,0.9941520046932674
8490.75,0.9940631968534595
8490.76,0.993885039202645
8490.77,0.9935572884890967
8490.78,0.9930178260774996
8490.79,0.9922359893115286
8490.800000000001,0.9912547868111833
8490.81,0.9902162766461257
8490.820000000002,0.9893411788503479
8490.83,0.9888559271295264
8490.84,0.9888977889645161
8490.85,0.9894514901750644
8490.859999999999,0.990356439749387
8490.87,0.9913800031259039
8490.88,0.9923120923006316
8490.89,0.9930294258237602
8490.9,0.993505760713787
8490.91,0.9937809107679443
8490.92,0.9939186638379615
8490.93,0.9939766841384032
8490.94,0.9940095767086303
8490.95,0.9939995694357973
8490.96,0.9939895325476777
8490.970000000001,0.993979465924644
8490.98,0.9939693694538386
8490.99,0.9939592430245946
8491.0,0.9939490864856597
8491.01,0.9939388997329386
8491.02,0.9939286826447843
8491.03,0.9939184350799629
8491.039999999999,0.9938710656313106
8491.050000000001,0.9938261811251838
8491.06,0.9937627286724334
8491.070000000002,0.9936814346702512
8491.08,0.9935903207229606
8491.09,0.9935047816081398
8491.1,0.9934433885456154
8491.11,0.9934205661914339
8491.12,0.99344000020823
8491.130000000001,0.993492860009763
8491.14,0.9935619974911089
8491.15,0.9936294160496684
8491.16,0.9936826075182021
8491.17,0.9937168825923725
8491.18,0.9937547254652325
8491.189999999999,0.9937439603524261
8491.2,0.99373316253463
8491.21,0.9937223318758474
8491.220000000001,0.993711468233694
8491.23,0.9937005714819669
8491.24,0.9936896414722154
8491.25,0.9936786780781907
8491.26,0.9936676811381944
8491.27,0.993656650533854
8491.28,0.9936455861231034
8491.289999999999,0.9936344877508217
8491.300000000001,0.9936233552849915
8491.31,0.9936109459668905
8491.32,0.993599741956202
8491.33,0.9935885034004969
8491.34,0.9935772301675078
8491.35,0.9935659220981595
8491.36,0.9935545790547269
8491.37,0.9935432008843883
8491.380000000001,0.9935317874306965
8491.39,0.9935203385671706
8491.400000000001,0.993508854129104
8491.41,0.993497333952562
8491.42,0.9934857779169517
8491.43,0.993474185835078
8491.44,0.9934625575824761
8491.45,0.9934508930010271
8491.46,0.9934391919122851
8491.47,0.9934274541794247
8491.48,0.9933503901734468
8491.49,0.9932452848813853
8491.5,0.9930447950000342
8491.51,0.9926951938209199
8491.52,0.9921515561760462
8491.53,0.9914109216934579
8491.539999999999,0.9905449950742649
8491.550000000001,0.9897072082678007
8491.56,0.9890950167000008
8491.57,0.9888750749554523
8491.58,0.989108966311933
8491.59,0.989642725616054
8491.6,0.9903412423998068
8491.61,0.9909111042500675
8491.619999999999,0.9911105589621568
8491.630000000001,0.9907790544076396
8491.64,0.9898801554738857
8491.650000000001,0.9885334031712167
8491.66,0.9870186955655944
8491.67,0.9857438350099135
8491.68,0.9850473285268936
8491.69,0.9851449329634993
8491.7,0.9860041295703554
8491.710000000001,0.9874184408172455
8491.72,0.9890041679265323
8491.730000000001,0.9904395911858317
8491.74,0.991538743179722
8491.75,0.992265317241436
8491.76,0.9926834643927264
8491.769999999999,0.9928502714520354
8491.78,0.9928916745369891
8491.789999999999,0.9928609247391055
8491.800000000001,0.9927252858197235
8491.81,0.9925514922993799
8491.82,0.9923594367913449
8491.83,0.99218465777694
8491.84,0.9920679467162826
8491.85,0.9920388760661926
8491.86,0.9921021748712877
8491.869999999999,0.9922354508026091
8491.880000000001,0.992399742480902
8491.89,0.9925561717357987
8491.9,0.99267908161241
8491.91,0.9927600467077392
8491.92,0.9928037702967463
8491.93,0.9928450216291583
8491.94,0.992831369247809
8491.95,0.9928176716521977
8491.960000000001,0.9928039286436218
8491.97,0.9927476295390126
8491.980000000001,0.9927049931224465
8491.99,0.9926546756564764
8492.0,0.9926018980453768
8492.01,0.9925549504952279
8492.02,0.9925224919929473
8492.03,0.9925098883101877
8492.04,0.992516711822309
8492.05,0.9925369146660206
8492.060000000001,0.9925616690485536
8492.07,0.9925265534594947
8492.08,0.9924217768497378
8492.09,0.9921334685293365
8492.1,0.9913770674134199
8492.11,0.9897985933237219
8492.119999999999,0.9868677184054391
8492.130000000001,0.9820999291860972
8492.14,0.975220188486665
8492.15,0.9667936801333816
8492.16,0.9580626424202355
8492.17,0.9507723402477033
8492.18,0.9465365866974511
8492.19,0.9462240791159794
8492.199999999999,0.9496517221965847
8492.210000000001,0.9557177688219096
8492.22,0.9628995737078102
8492.230000000001,0.9698569099513713
8492.24,0.9758164951699131
8492.25,0.9805769088285591
8492.26,0.9842573096652117
8492.27,0.987019502275196
8492.28,0.9890072412083505
8492.29,0.9903395990693538
8492.3,0.991093343700371
8492.310000000001,0.9913533104849589
8492.32,0.9912278515134791
8492.33,0.990831340223245
8492.34,0.9902245265249899
8492.35,0.9895805091276629
8492.36,0.9889756278213447
8492.37,0.9885243055897653
8492.380000000001,0.9882695136940761
8492.39,0.9882045336240237
8492.4,0.9882950123051835
8492.41,0.9885096539295725
8492.42,0.988834728994935
8492.43,0.989263414298912
8492.44,0.989773703133528
8492.449999999999,0.990317317619841
8492.460000000001,0.9908551911630178
8492.47,0.9912656079558996
8492.48,0.9915859214864552
8492.49,0.99172743021066
8492.5,0.9917904265009962
8492.51,0.9917750597136699
8492.52,0.9917255455788586
8492.53,0.9916185821821618
8492.54,0.9915206175216627
8492.55,0.9914523136012685
8492.560000000001,0.9914284851258875
8492.57,0.991451219860229
8492.58,0.9915088658378736
8492.59,0.9915569170312076
8492.6,0.991600441605906
8492.61,0.9916118686776229
8492.62,0.9915863505404751
8492.63,0.9915311391246984
8492.640000000001,0.9914745908977163
8492.65,0.9914068348819801
8492.660000000002,0.9913684763674774
8492.67,0.9913657205831533
8492.68,0.9913941341108207
8492.69,0.9914407848919655
8492.699999999999,0.9914901012924324
8492.710000000001,0.9914926868244328
8492.72,0.9915001494766817
8492.73,0.9914924387845032
8492.74,0.9914897658429879
8492.75,0.9914665730130966
8492.76,0.9914523827060019
8492.77,0.9914460138672958
8492.779999999999,0.991444156716001
8492.79,0.9914428644530139
8492.8,0.9914390567987645
8492.810000000001,0.9914452161755412
8492.82,0.9914266609324242
8492.83,0.9914080372089856
8492.84,0.9913893446656549
8492.85,0.9913705829790868
8492.86,0.9913517517695483
8492.87,0.9913328507166892
8492.88,0.9912469856924925
8492.890000000001,0.9911002984817237
8492.9,0.9907650440666775
8492.91,0.9900481335848729
8492.92,0.9886620230439528
8492.93,0.9863035016273817
8492.94,0.9827093258610616
8492.95,0.9780115590059002
8492.960000000001,0.9727991580689708
8492.970000000001,0.968090355610921
8492.98,0.965024571174875
8492.990000000002,0.9643914255827218
8493.0,0.9663712565499932
8493.01,0.9703604814814356
8493.02,0.9752695563915671
8493.029999999999,0.9799469048304502
8493.04,0.9835886797978378
8493.05,0.9859276950787932
8493.06,0.9871573773669076
8493.07,0.9876778443304781
8493.08,0.9879585218314368
8493.09,0.9882548819143866
8493.1,0.988669339623452
8493.11,0.9891812070101023
8493.12,0.9896738732922256
8493.13,0.990089941058765
8493.140000000001,0.9903870866362496
8493.15,0.990567524296758
8493.16,0.9906586786302781
8493.17,0.9906928797244234
8493.18,0.9907102178985286
8493.19,0.990688784863751
8493.2,0.9906673673532284
8493.21,0.9906458667808561
8493.220000000001,0.990624282716316
8493.23,0.9906026147144325
8493.240000000002,0.9905808623272055
8493.25,0.9905590251427033
8493.26,0.9905074006635796
8493.27,0.9904345278550198
8493.28,0.990260920028223
8493.29,0.9899812691976319
8493.300000000001,0.9895074117163529
8493.31,0.9887825562891477
8493.32,0.9878264958949592
8493.33,0.9866825678102968
8493.34,0.9855708085309223
8493.35,0.9847468114536349
8493.359999999999,0.9844308555149232
8493.37,0.9847109005697937
8493.38,0.9855005709781022
8493.390000000001,0.9865935767202015
8493.4,0.9876940943275332
8493.41,0.9886043525404065
8493.42,0.9892784466200917
8493.43,0.9896973436133897
8493.44,0.9899205208967234
8493.45,0.9900187157380446
8493.46,0.9900485013652208
8493.470000000001,0.9900562177463675
8493.48,0.9900323010690345
8493.49,0.9900082880744169
8493.5,0.9899841782187301
8493.51,0.9899599710062328
8493.52,0.9899356658934576
8493.53,0.9899112623481449
8493.54,0.9898297377679693
8493.550000000001,0.9897009632758891
8493.56,0.9894263504259444
8493.570000000002,0.9888675153362205
8493.58,0.9878542366816968
8493.59,0.986138449437241
8493.6,0.9836449186297122
8493.61,0.9805121655120818
8493.62,0.9771940482846011
8493.63,0.9743894805646728
8493.64,0.9728113624777432
8493.65,0.9728963012884224
8493.66,0.9745836664614265
8493.67,0.977393902738654
8493.68,0.9805536903922355
8493.69,0.9833254422499756
8493.7,0.9852167979560257
8493.71,0.9860104847573435
8493.720000000001,0.9858469549149409
8493.73,0.9849869195978757
8493.74,0.9838189812903668
8493.75,0.9827752003910206
8493.76,0.9821826116096734
8493.77,0.9822324245344769
8493.78,0.9829285137355329
8493.789999999999,0.9840701786475906
8493.800000000001,0.9853762119281437
8493.81,0.986591882764595
8493.82,0.987560063934159
8493.83,0.9882343276194138
8493.84,0.9886481480816544
8493.85,0.988870414472627
8493.86,0.9889707463028118
8493.87,0.9890426637499252
8493.880000000001,0.9890144444014861
8493.89,0.9889861048781262
8493.900000000001,0.9889576445126569
8493.91,0.9889290626063956
8493.92,0.9889003584594845
8493.93,0.9888715313849545
8493.939999999999,0.9888425806765013
8493.95,0.9888135056136358
8493.96,0.9887843055088952
8493.970000000001,0.9887549796143027
8493.98,0.9887255272223636
8493.99,0.9886959476091429
8494.0,0.9885969174010913
8494.01,0.9884510365516964
8494.02,0.9881593010158627
8494.03,0.9876041469946526
8494.039999999999,0.9866421536889323
8494.050000000001,0.9851591807103234
8494.06,0.9831602829109168
8494.07,0.9808525433012648
8494.08,0.9786534123033739
8494.09,0.9770812132554557
8494.1,0.9765584029721426
8494.11,0.9772277480056434
8494.12,0.9788870248356166
8494.130000000001,0.9810810775776456
8494.14,0.9832966604988076
8494.150000000001,0.9851494943511737
8494.16,0.9864723883252129
8494.17,0.9872888281127329
8494.18,0.9877241570556887
8494.19,0.9879199764826044
8494.2,0.9879865892297776
8494.210000000001,0.9880114624225359
8494.22,0.9879787428200504
8494.230000000001,0.9879458768450259
8494.24,0.9879128636126537
8494.25,0.9878797022523453
8494.26,0.9878006660381474
8494.27,0.9877214857455918
8494.28,0.9876145043454666
8494.289999999999,0.9874779421536155
8494.300000000001,0.9873202844278248
8494.31,0.9871622279357506
8494.32,0.9869896725605661
8494.33,0.9868853101393498
8494.34,0.9868382999353196
8494.35,0.9868454094253951
8494.36,0.9868912538714552
8494.369999999999,0.986956277902568
8494.380000000001,0.9870241679595052
8494.39,0.9870852089477526
8494.4,0.9870640274396426
8494.41,0.9870024744197681
8494.42,0.9867278380555644
8494.43,0.9861534545026374
8494.44,0.985105665514872
8494.45,0.9834468442112336
8494.460000000001,0.9811188715350003
8494.47,0.9783534548745704
8494.480000000001,0.9756166630440727
8494.49,0.9735273525703939
8494.5,0.9726333320949756
8494.51,0.9731829603322216
8494.52,0.9750015422985282
8494.53,0.9775885134891874
8494.54,0.9803188428328055
8494.55,0.9826438625112665
8494.56,0.9843077984556283
8494.57,0.9852198776093058
8494.58,0.9853927923207056
8494.59,0.9848138755466694
8494.6,0.983409370140644
8494.61,0.9811475125223105
8494.619999999999,0.9780531575765428
8494.630000000001,0.9745849937580752
8494.64,0.9714181424463073
8494.65,0.9693303723406309
8494.66,0.9688591896139006
8494.67,0.9701480739153804
8494.68,0.9727743728143352
8494.69,0.9759984635524963
8494.7,0.9790629294518569
8494.710000000001,0.981464930273955
8494.72,0.983057700503239
8494.730000000001,0.9839738163912587
8494.74,0.9844634593709553
8494.75,0.9847535469497211
8494.76,0.9849805042453484
8494.77,0.9851914903715867
8494.78,0.9853867371405961
8494.79,0.9855296363189957
8494.8,0.9856225910262894
8494.810000000001,0.9856660997602344
8494.82,0.9856713839780833
8494.83,0.9856690589534534
8494.84,0.9856253356344556
8494.85,0.9855813972256333
8494.86,0.9855372423191802
8494.869999999999,0.9854928694993198
8494.880000000001,0.9854482773540114
8494.89,0.985403464432866
8494.9,0.9853264148163338
8494.91,0.9852559495765612
8494.92,0.9851755508533736
8494.93,0.9850883657449603
8494.94,0.9850015780343457
8494.949999999999,0.9849247887261469
8494.960000000001,0.9848664545710204
8494.97,0.984830119837698
8494.98,0.9848127165707885
8494.99,0.9848060378667802
8495.0,0.9848004246145755
8495.01,0.9847884196394767
8495.02,0.9847665630677285
8495.03,0.98475206942331
8495.04,0.9847037641247067
8495.05,0.9846552134438925
8495.060000000001,0.9846064157288751
8495.07,0.9845573693013684
8495.08,0.9845080725012307
8495.09,0.9844585236469869
8495.1,0.98440872100636
8495.11,0.9843586628854059
8495.12,0.984308347548613
8495.13,0.9842577732401038
8495.140000000001,0.9842069382117066
8495.15,0.9841558406773158
8495.160000000002,0.9841044788618312
8495.17,0.9840528509407045
8495.18,0.9840009551164675
8495.19,0.9839487895335501
8495.199999999999,0.9838963523412309
8495.210000000001,0.9838436416899126
8495.22,0.9837906556842284
8495.23,0.9837373924281506
8495.24,0.983683850002802
8495.25,0.9836300264870296
8495.26,0.9835101321434975
8495.27,0.9833533336729868
8495.28,0.9830789616933392
8495.29,0.9826055245584729
8495.3,0.9818464870665269
8495.310000000001,0.9807534933400759
8495.32,0.9793780522612799
8495.33,0.9779039103242334
8495.34,0.9766279449555616
8495.35,0.9758640727101259
8495.36,0.9757802708826048
8495.37,0.9763763367084656
8495.38,0.9773794135325379
8495.390000000001,0.9783683205599885
8495.4,0.9788317942735296
8495.41,0.9784396343205481
8495.42,0.9769653560102343
8495.43,0.974479490643586
8495.44,0.9713815712068689
8495.45,0.9683559655701182
8495.460000000001,0.966210140036574
8495.470000000001,0.9654985727246149
8495.48,0.9664669345349276
8495.49,0.9687407371092319
8495.5,0.9716865442058484
8495.51,0.9744255009732612
8495.52,0.9761747226574513
8495.529999999999,0.9762769229367365
8495.54,0.9743866004604421
8495.55,0.9704284857988209
8495.56,0.9647386631433496
8495.57,0.9582442894936738
8495.58,0.952297302575318
8495.59,0.9483371410765652
8495.6,0.947444722955942
8495.61,0.9498397431422773
8495.62,0.9548563689020892
8495.63,0.9612162716600404
8495.640000000001,0.9675238417827672
8495.65,0.9727482821628888
8495.66,0.9764269177831738
8495.67,0.9787227263036772
8495.68,0.979934246200872
8495.69,0.9804878639973634
8495.7,0.9806886217952628
8495.71,0.9807364698771426
8495.720000000001,0.9807062737121882
8495.73,0.9806355195081018
8495.740000000002,0.9805643337238011
8495.75,0.9804619235972546
8495.76,0.9803499616540338
8495.77,0.9802027613400893
8495.78,0.9800055483138334
8495.79,0.9797512724678348
8495.8,0.9794502454531097
8495.81,0.9791361143621595
8495.82,0.9788610085950292
8495.83,0.9786781086651599
8495.84,0.9786189416375727
8495.85,0.9786784823932667
8495.859999999999,0.9788175778225118
8495.87,0.9789811101211725
8495.88,0.9791204956572563
8495.890000000001,0.9792081810446314
8495.9,0.9792392010166584
8495.91,0.9792234566460752
8495.92,0.9791758927868756
8495.93,0.9791190808116184
8495.94,0.9789373947085489
8495.95,0.9786610939075041
8495.96,0.9780925596725655
8495.970000000001,0.9769253617752875
8495.98,0.9746959040254909
8495.99,0.9708673225870443
8496.0,0.9650704132180161
8496.01,0.9574522115374746
8496.02,0.9489313073668421
8496.03,0.9411115206925863
8496.04,0.9357952485604035
8496.050000000001,0.9343190905698521
8496.06,0.9370390104655407
8496.070000000002,0.9431909666822634
8496.08,0.9511832920346764
8496.09,0.9592176196605441
8496.1,0.9659071699390365
8496.109999999999,0.970647370662063
8496.12,0.9735648471198288
8496.13,0.9751399404736855
8496.14,0.9759124663660795
8496.15,0.9762796180922177
8496.16,0.9764964249909083
8496.17,0.9765820111926461
8496.18,0.9766162052977968
8496.19,0.976621965231227
8496.2,0.9765984596060133
8496.21,0.9765508233360329
8496.220000000001,0.9764850797428228
8496.23,0.9763726041640242
8496.24,0.9762483463947229
8496.25,0.9760901631121324
8496.26,0.9758919432457842
8496.27,0.975657503401621
8496.28,0.9754037933718958
8496.289999999999,0.9751614947902986
8496.300000000001,0.9749664288911017
8496.31,0.9748453109103515
8496.320000000002,0.9748035319683184
8496.33,0.9748225984811443
8496.34,0.97486892020506
8496.35,0.97490831928732
8496.36,0.9749177868347289
8496.37,0.9748893530966493
8496.380000000001,0.9748267224629931
8496.39,0.9747606080292188
8496.400000000001,0.9746438368898058
8496.41,0.974525286950166
8496.42,0.9744048437681343
8496.43,0.9742823735983797
8496.439999999999,0.9741577204487133
8496.45,0.9740307023654973
8496.46,0.9739011066620283
8496.470000000001,0.973724670386126
8496.48,0.9735031111727738
8496.49,0.9731472428337741
8496.5,0.9725166724289623
8496.51,0.9713944483028366
8496.52,0.969522088198543
8496.53,0.9667009896334453
8496.539999999999,0.9629595523429694
8496.550000000001,0.9586943330312448
8496.56,0.9546666956042827
8496.57,0.9517911931522042
8496.58,0.950788486533458
8496.59,0.9518640795677376
8496.6,0.9546815204875311
8496.61,0.9584112340956709
8496.62,0.9621369084460829
8496.630000000001,0.9651633756383439
8496.64,0.9671756786182875
8496.650000000001,0.9681913368179907
8496.66,0.9683574544116381
8496.67,0.9678394975704642
8496.68,0.966604123613499
8496.69,0.9643035947519163
8496.7,0.9601460584025783
8496.710000000001,0.9527761489352878
8496.72,0.9405237782787708
8496.73,0.9220543654235439
8496.74,0.8974155013590426
8496.75,0.8693918910513484
8496.76,0.8421875984087787
8496.77,0.8211979961338999
8496.78,0.8105296958916433
8496.789999999999,0.8119654074008176
8496.800000000001,0.8252007387353105
8496.81,0.8479793496697055
8496.82,0.8756447047707494
8496.83,0.9028623167465416
8496.84,0.9258962389335958
8496.85,0.9424678362636684
8496.86,0.9530565717818303
8496.869999999999,0.9591940382810029
8496.880000000001,0.9625301343004513
8496.89,0.9643147365629545
8496.900000000001,0.9652767363474591
8496.91,0.9658512549983188
8496.92,0.9661655440203732
8496.93,0.9663530069064374
8496.94,0.96646102459791
8496.95,0.9665136735797268
8496.960000000001,0.9665245868980145
8496.97,0.9665050105471791
8496.980000000001,0.9664624896431373
8496.99,0.9664024600743809
8497.0,0.9663261480057372
8497.01,0.9662368468161355
8497.02,0.9661369903722739
8497.03,0.9660281798856145
8497.039999999999,0.9659116806794587
8497.050000000001,0.9657881344865475
8497.06,0.965659087641646
8497.07,0.9655248407765225
8497.08,0.965385937466125
8497.09,0.9652428264595344
8497.1,0.9650958805051565
8497.11,0.9649454109591713
8497.119999999999,0.9647916791825178
8497.130000000001,0.9646349055415739
8497.14,0.9644752764968163
8497.15,0.9643129504027362
8497.16,0.9641164900433135
8497.17,0.9639188238182386
8497.18,0.9637017149191756
8497.19,0.963465228323138
8497.2,0.9632160443217872
8497.210000000001,0.9629679632564521
8497.22,0.9627384485753379
8497.230000000001,0.962541902575967
8497.24,0.9623832370149077
8497.25,0.9622554124869132
8497.26,0.9621429015468436
8497.27,0.9619999049109874
8497.28,0.9618568879838634
8497.29,0.9616936455913655
8497.3,0.9615145162934235
8497.310000000001,0.9613393704339106
8497.32,0.9611429310266976
8497.330000000002,0.9608927182589152
8497.34,0.960633870498109
8497.35,0.9602904763715104
8497.36,0.9598518806366
8497.369999999999,0.959292214114309
8497.380000000001,0.9585615273839305
8497.39,0.957647927852775
8497.4,0.9566482238053908
8497.41,0.9556127744608548
8497.42,0.9546488913436469
8497.43,0.9538866918674845
8497.44,0.9534500312529688
8497.449999999999,0.9534125892416835
8497.460000000001,0.9537591448936269
8497.47,0.9543787410244624
8497.480000000001,0.9551007931057285
8497.49,0.9557569664078773
8497.5,0.9562588984133157
8497.51,0.9564313313828352
8497.52,0.9563832109825111
8497.53,0.9559913670290767
8497.54,0.9552500347942824
8497.55,0.9539341713439152
8497.560000000001,0.9518259157280905
8497.57,0.9487927288704472
8497.58,0.9448346313630243
8497.59,0.9403418962037781
8497.6,0.936005683105736
8497.61,0.93257082567825
8497.62,0.9307458492288894
8497.630000000001,0.9307015745089242
8497.64,0.9320185043783087
8497.65,0.9337738720201195
8497.66,0.9348434038509159
8497.67,0.9343010007021333
8497.68,0.9317837833101169
8497.69,0.9276276031569499
8497.699999999999,0.9229303159427884
8497.710000000001,0.9191288514851146
8497.72,0.9175264517861835
8497.73,0.9188194455995459
8497.74,0.9228085480100502
8497.75,0.9285319568401715
8497.76,0.934692492971552
8497.77,0.9401117041695308
8497.78,0.9441162647693494
8497.79,0.9466254332426293
8497.8,0.9479319390310467
8497.810000000001,0.948438518365574
8497.82,0.9484928914624784
8497.83,0.9483250781093949
8497.84,0.9480835208038746
8497.85,0.9477637837841119
8497.86,0.9474407046936106
8497.87,0.947114191151253
8497.88,0.9467841406448174
8497.890000000001,0.946450389180787
8497.9,0.9461364428516581
8497.910000000002,0.9457949029571895
8497.92,0.9454710191624306
8497.93,0.9451205004595832
8497.94,0.944765274254552
8497.949999999999,0.9444046934560058
8497.960000000001,0.943987170766717
8497.97,0.9435221666596104
8497.98,0.942895452344871
8497.99,0.9420142702153682
8498.0,0.9407015642195976
8498.01,0.9387972405860312
8498.02,0.9362472838287506
8498.029999999999,0.933201962187882
8498.04,0.9300787987325295
8498.05,0.927485264801307
8498.060000000001,0.9259706958044558
8498.07,0.9258771890175941
8498.08,0.9270967934491234
8498.09,0.9291723328803333
8498.1,0.931477816718183
8498.11,0.9334792498642566
8498.12,0.9348728388791375
8498.13,0.9356202942719111
8498.140000000001,0.935823303874009
8498.15,0.9356425153030522
8498.16,0.9352407837470184
8498.17,0.934709859717171
8498.18,0.9341037802920915
8498.19,0.9334071378009546
8498.2,0.9326329027158751
8498.210000000001,0.9317504616806713
8498.220000000001,0.9306536632672057
8498.23,0.9292489164685883
8498.240000000002,0.9272963192533435
8498.25,0.9243142779457209
8498.26,0.9194530446613559
8498.27,0.9114715735466387
8498.279999999999,0.8989147565618001
8498.29,0.8807897881668759
8498.3,0.8575996086797361
8498.31,0.8320141747978976
8498.32,0.8078017243264477
8498.33,0.789726242750604
8498.34,0.7810560780557753
8498.35,0.7830576947619439
8498.36,0.7950739819548982
8498.37,0.8148304471420202
8498.38,0.8377905176612355
8498.390000000001,0.8592364971291532
8498.4,0.8763680225416437
8498.41,0.8878679090491377
8498.42,0.8949362623784058
8498.43,0.899546017755245
8498.44,0.9032490082527462
8498.45,0.9067567994926492
8498.46,0.9100725054056549
8498.470000000001,0.9129008794713317
8498.48,0.9147768026103725
8498.49,0.915581086132368
8498.5,0.9152989961650456
8498.51,0.9139799358914603
8498.52,0.9118939551031736
8498.53,0.9093494921473282
8498.54,0.9067226872052321
8498.550000000001,0.9042249444651934
8498.56,0.9019060510134853
8498.57,0.8995039547042866
8498.58,0.8966761186038794
8498.59,0.893351959176467
8498.6,0.8898879093484848
8498.609999999999,0.8871413125450354
8498.62,0.8860029896265058
8498.63,0.886963281408341
8498.640000000001,0.8898516557128504
8498.65,0.893907877320271
8498.66,0.8981232566616448
8498.67,0.9016361677483353
8498.68,0.9040341505591442
8498.69,0.9053076429379426
8498.7,0.9057009616274683
8498.71,0.9055222206992672
8498.720000000001,0.9050212446206984
8498.73,0.904356391277331
8498.74,0.9036433691869269
8498.75,0.9028256273961264
8498.76,0.9019587141170999
8498.77,0.9010265848466662
8498.78,0.9000166235531798
8498.79,0.898947130126008
8498.800000000001,0.8978375294023281
8498.81,0.8967491123950938
8498.820000000002,0.8957642640591928
8498.83,0.8948832143173532
8498.84,0.8941103424921801
8498.85,0.8933420872076631
8498.86,0.8923801773325649
8498.87,0.8909433382876575
8498.88,0.8887400872895437
8498.89,0.8855144935089097
8498.9,0.8812413289879101
8498.91,0.8762620769583317
8498.92,0.8713158596366211
8498.93,0.8673132200738898
8498.94,0.8651012418494682
8498.95,0.8649829516647615
8498.96,0.8666188245953289
8498.970000000001,0.8692327915135438
8498.98,0.8718517856285508
8498.99,0.8737582773997603
8499.0,0.8746948557569493
8499.01,0.8748231715607142
8499.02,0.8745041517176751
8499.03,0.8740637554572153
8499.039999999999,0.8736645898638594
8499.050000000001,0.873305348145992
8499.06,0.8728787688556762
8499.07,0.8722906086955017
8499.08,0.87150288440061
8499.09,0.8705146371658988
8499.1,0.86937273731891
8499.11,0.8681158304521731
8499.12,0.8668319752468392
8499.130000000001,0.8655254507746949
8499.14,0.8642582748105035
8499.150000000001,0.8630293479593235
8499.16,0.8618387326404111
8499.17,0.8606109804199075
8499.18,0.8592956921540011
8499.189999999999,0.8578938947839604
8499.2,0.8563459400787434
8499.21,0.8545664727533053
8499.220000000001,0.8524841200161731
8499.23,0.8499975873115229
8499.24,0.8469385554251542
8499.25,0.843132931534002
8499.26,0.838394760836574
8499.27,0.8325671316500682
8499.28,0.8256386114923475
8499.289999999999,0.8181834462194411
8499.300000000001,0.810814361647503
8499.31,0.8048538014297354
8499.32,0.8015149348025383
8499.33,0.8012192685230177
8499.34,0.8037614496110751
8499.35,0.8084218833989836
8499.36,0.8136578061317984
8499.37,0.8181891644345733
8499.380000000001,0.821462769824808
8499.39,0.8232105992061737
8499.400000000001,0.8236545848259657
8499.41,0.8231904097135995
8499.42,0.8221667703336465
8499.43,0.8207903208702387
8499.44,0.8192342117822762
8499.45,0.8175658154352397
8499.460000000001,0.815833258989483
8499.47,0.8140394714337862
8499.480000000001,0.8121858289185167
8499.49,0.8102228874990232
8499.5,0.8080520611041025
8499.51,0.8055707982892766
8499.52,0.8026114032131298
8499.53,0.7990224760267755
8499.539999999999,0.7946924122759885
8499.550000000001,0.7896950554998424
8499.56,0.7842795352588178
8499.57,0.7788730742740407
8499.58,0.7740144734913652
8499.59,0.7701566972730423
8499.6,0.7676575173245674
8499.61,0.7665953830351244
8499.619999999999,0.7667420281915134
8499.630000000001,0.7676057394911465
8499.64,0.7685738018064064
8499.65,0.7691048112651488
8499.66,0.768879089344406
8499.67,0.7678359236831359
8499.68,0.7661019602064271
8499.69,0.7638850525093928
8499.7,0.7613457732779146
8499.710000000001,0.7586297919643993
8499.72,0.7558056608152789
8499.730000000001,0.7529120079579299
8499.74,0.7499375616886709
8499.75,0.7469059180886325
8499.76,0.7438239802744919
8499.77,0.7406503472968899
8499.78,0.7373873970684999
8499.79,0.7340408001376011
8499.8,0.7305933991715506
8499.81,0.7270174986036583
8499.82,0.723263776839675
8499.83,0.71926896000888
8499.84,0.7149901610511636
8499.85,0.7104518101804842
8499.86,0.7057977646848755
8499.869999999999,0.7012056467704937
8499.880000000001,0.6969161155189378
8499.89,0.693058225047977
8499.9,0.6896023368789115
8499.91,0.6863758051086538
8499.92,0.6831287731861051
8499.93,0.679662933178849
8499.94,0.6758669171329134
8499.95,0.6717431667255771
8499.960000000001,0.6673055519474538
8499.97,0.6626328749478736
8499.980000000001,0.6577743665689235
8499.99,0.6527585392784133
8500.0,0.6475998198256064
8500.01,0.6422923311461092
8500.02,0.6368518949398527
8500.03,0.6312410516329894
8500.04,0.6254672539065685
8500.05,0.6195204086275543
8500.060000000001,0.6133899271297014
8500.07,0.6070726784892324
8500.08,0.6005271612451819
8500.09,0.5937483861944154
8500.1,0.5867105162166814
8500.11,0.5793855504481208
8500.119999999999,0.5717577531600285
8500.130000000001,0.5637826724232117
8500.14,0.5554514870046954
8500.15,0.5465455834716691
8500.16,0.5375141770751232
8500.17,0.5282254215049715
8500.18,0.5184806274873223
8500.19,0.5080699242580209
8500.199999999999,0.4967397076489361
8500.210000000001,0.4842018378024193
8500.22,0.4698227195678445
8500.23,0.4521126531085282
8500.24,0.42777240369047353
8500.25,0.39213989016742773
8500.26,0.3448736246686402
8500.27,0.2943087349973963
8500.28,0.2519534579894869
8500.29,0.2222846775680349
8500.3,0.20323460914317304
8500.310000000001,0.19143454165857066
8500.32,0.1841564671370358
8500.33,0.17964037722020818
8500.34,0.1769647192481099
8500.35,0.17570478940690823
8500.36,0.1756973509796215
8500.37,0.17693711274159726
8500.38,0.17957096284369484
8500.390000000001,0.18397991388614968
8500.4,0.19094360462099336
8500.410000000002,0.20173614361870373
8500.42,0.21749914971303588
8500.43,0.2372559932129803
8500.44,0.2559964843658246
8500.449999999999,0.26846531652312533
8500.460000000001,0.27575544204250385
8500.47,0.2827295476660954
8500.48,0.29327625463927853
8500.49,0.30970860314684767
8500.5,0.33317778108233126
8500.51,0.3630593019072712
8500.52,0.3958725207769235
8500.529999999999,0.42489388101412207
8500.54,0.4443204332606009
8500.55,0.45401652852222085
8500.560000000001,0.45893706565812403
8500.57,0.4645032113769789
8500.58,0.47399133613912775
8500.59,0.4887202575263841
8500.6,0.5081318508744548
8500.61,0.5302368618413641
8500.62,0.5523573097880354
8500.63,0.5721478536655051
8500.640000000001,0.5882669077963885
8500.65,0.60076797507598
8500.66,0.6104796098955504
8500.67,0.6183993487836922
8500.68,0.6252750853143206
8500.69,0.6315229428660042
8500.7,0.6373966688079231
8500.710000000001,0.6430047123113226
8500.720000000001,0.6484271019589094
8500.73,0.6536775534394693
8500.74,0.6587726560533715
8500.75,0.6637249983739324
8500.76,0.6685451328194751
8500.77,0.6732419648601831
8500.779999999999,0.677805323807847
8500.79,0.6822726958174593
8500.8,0.6866322454325688
8500.81,0.6908902444728029
8500.82,0.6950509077321596
8500.83,0.6991186716225343
8500.84,0.7030972654722892
8500.85,0.7069901723098767
8500.86,0.7107712952330859
8500.87,0.7144788836066118
8500.88,0.7180777530184453
8500.890000000001,0.7215393084562377
8500.9,0.7248213672911163
8500.91,0.7278788890651771
8500.92,0.7306904969309437
8500.93,0.7332901200650683
8500.94,0.7357869817466794
8500.95,0.7383491266870583
8500.96,0.7411460609047386
8500.970000000001,0.744235952242052
8500.98,0.7476476637833843
8500.990000000002,0.7512154879787614
8501.0,0.7547489223695361
8501.01,0.7580857786708308
8501.02,0.7611473916467736
8501.03,0.7639531995844737
8501.04,0.7665921507260797
8501.05,0.7691766054382874
8501.06,0.7717959566619753
8501.07,0.7744958660952473
8501.08,0.7772368417747968
8501.09,0.7799849177590367
8501.1,0.7826811323141339
8501.109999999999,0.7852668206051221
8501.12,0.7877691204111169
8501.13,0.7901773259683599
8501.140000000001,0.7925087581955493
8501.15,0.7947805772175881
8501.16,0.797008786928465
8501.17,0.7991891672093288
8501.18,0.801335680241771
8501.19,0.803449072122696
8501.2,0.8055300473828052
8501.21,0.8075792963720606
8501.220000000001,0.8095974927685231
8501.23,0.8115852906607521
8501.24,0.8135433205167831
8501.25,0.8154722063657752
8501.26,0.8173725458895762
8501.27,0.8192449205358184
8501.28,0.8210898955774805
8501.29,0.8228878658218133
8501.300000000001,0.8246790820814595
8501.31,0.8264443550094489
8501.320000000002,0.8281842754165452
8501.33,0.8298992205906929
8501.34,0.8315902278767582
8501.35,0.8332566332390294
8501.359999999999,0.8348995715180061
8501.37,0.8365195081806538
8501.38,0.8381168544385098
8501.39,0.8396920152330487
8501.4,0.8412453875242919
8501.41,0.8427773589804044
8501.42,0.8442883076735603
8501.43,0.845778598731766
8501.44,0.8472485793012735
8501.45,0.8486985975902971
8501.46,0.8501289783500265
8501.470000000001,0.8515400297925179
8501.48,0.8529320407087557
8501.49,0.8543052814802157
8501.5,0.8556310884513596
8501.51,0.8569239810961389
8501.52,0.8581515607795497
8501.53,0.8592845737475912
8501.539999999999,0.8602958695905328
8501.550000000001,0.8611777656464621
8501.56,0.8619610868091913
8501.570000000002,0.8627016142082
8501.58,0.8635474312406128
8501.59,0.8645697068812359
8501.6,0.865806603054053
8501.61,0.8672214417877255
8501.62,0.8687179843027198
8501.630000000001,0.8702009747104027
8501.64,0.8715889821881976
8501.650000000001,0.8728733219599274
8501.66,0.8740927232378748
8501.67,0.87527843269241
8501.68,0.8764613150362002
8501.689999999999,0.8776744851801167
8501.7,0.878862544761022
8501.71,0.8800285776689075
8501.720000000001,0.8811694207416885
8501.73,0.8822694102593447
8501.74,0.8833319416818392
8501.75,0.8843623622409376
8501.76,0.885365951968449
8501.77,0.8863494325088104
8501.78,0.8873163077610091
8501.789999999999,0.8882678071904768
8501.800000000001,0.8892056684128564
8501.81,0.8901311133391314
8501.82,0.8910235652284063
8501.83,0.8918801299161887
8501.84,0.8926479419572417
8501.85,0.8932308583186336
8501.86,0.8934628632792349
8501.87,0.8931120950601154
8501.880000000001,0.8919420987036786
8501.89,0.8898449404184313
8501.900000000001,0.8870032691885448
8501.91,0.8839741381626413
8501.92,0.8815901088779093
8501.93,0.8806764024202741
8501.94,0.8817147918304638
8501.95,0.8846343722361922
8501.960000000001,0.8888427509198239
8501.97,0.8934817371423247
8501.98,0.8977665580908477
8501.99,0.9012312921960702
8502.0,0.9037546981315401
8502.01,0.9055353213842894
8502.02,0.9067959625718267
8502.03,0.9077552636818488
8502.039999999999,0.9085613950081088
8502.050000000001,0.9093127821403388
8502.06,0.9100049761238581
8502.07,0.9106523084020993
8502.08,0.9112535667882308
8502.09,0.9117266790819692
8502.1,0.9119350896681435
8502.11,0.9116624052041287
8502.119999999999,0.9106258409729217
8502.130000000001,0.9085928291290637
8502.14,0.9055428207704945
8502.150000000001,0.9018364206693512
8502.16,0.8982424573179106
8502.17,0.8957411583250198
8502.18,0.8951625284538516
8502.19,0.8968414649338852
8502.2,0.9004502812538413
8502.210000000001,0.9051736214718311
8502.22,0.9099749207432689
8502.230000000001,0.9139729692887886
8502.24,0.91662722478227
8502.25,0.9177339116181933
8502.26,0.9173310311466887
8502.27,0.915648862230654
8502.28,0.9131385097630464
8502.289999999999,0.9104881594938171
8502.300000000001,0.9085273832450634
8502.31,0.9079152356122695
8502.32,0.9090212077278539
8502.33,0.9116534444088052
8502.34,0.9152061548710123
8502.35,0.9189131649719158
8502.36,0.9221466271523145
8502.369999999999,0.9245672733749267
8502.380000000001,0.9262089623062468
8502.39,0.9272458294060734
8502.4,0.9278934936205353
8502.41,0.9283038000460384
8502.42,0.9285544745948725
8502.43,0.9287048311113142
8502.44,0.9287971413761358
8502.45,0.9289650095287476
8502.460000000001,0.929321554492793
8502.47,0.9299357541787162
8502.480000000001,0.9307927957105661
8502.49,0.931812163647084
8502.5,0.9328355904982754
8502.51,0.9337816401872533
8502.52,0.9345926238272136
8502.53,0.9352641918298391
8502.54,0.9358242978220883
8502.55,0.9363096165078213
8502.560000000001,0.9367692476807625
8502.57,0.9371725825167472
8502.580000000002,0.93756925439045
8502.59,0.9379573745727225
8502.6,0.9383341864765932
8502.61,0.9386983733708606
8502.619999999999,0.9390043539934477
8502.630000000001,0.9392499777739858
8502.64,0.93932184281554
8502.65,0.9390149962727832
8502.66,0.9379777077773751
8502.67,0.9356860008367952
8502.68,0.9315992830307583
8502.69,0.9254407643331974
8502.699999999999,0.9175780354303625
8502.710000000001,0.9091955971839554
8502.72,0.9020969250850872
8502.730000000001,0.8980887784338828
8502.74,0.8983121354309238
8502.75,0.9028092292506624
8502.76,0.9105058024160194
8502.77,0.9196191630004689
8502.78,0.9283247735149135
8502.79,0.9353665824039418
8502.8,0.9403173433039334
8502.810000000001,0.9433746113534229
8502.82,0.9451256336918007
8502.83,0.9460818855602467
8502.84,0.9466044253729593
8502.85,0.946970197519118
8502.86,0.9472902067287449
8502.87,0.9475836920385021
8502.880000000001,0.9478807476604875
8502.890000000001,0.9481904146488493
8502.9,0.9484755095493856
8502.91,0.9486994634706009
8502.92,0.9488300881450148
8502.93,0.9488561458298127
8502.94,0.9488023867494707
8502.949999999999,0.9487448933313167
8502.960000000001,0.9487443818669624
8502.97,0.9489045432070965
8502.98,0.9492626598736893
8502.99,0.9497963007101042
8503.0,0.950434142459903
8503.01,0.9510883643580725
8503.02,0.9516887551652217
8503.03,0.9522009023601312
8503.04,0.9526242070329228
8503.05,0.9529777603867612
8503.060000000001,0.9532854041974729
8503.07,0.953532945287116
8503.08,0.9537147414556496
8503.09,0.9537927089356486
8503.1,0.9536803902438358
8503.11,0.9532675278058781
8503.12,0.9524580526353522
8503.13,0.9512375237490494
8503.140000000001,0.9497420463617325
8503.15,0.9482754709544742
8503.16,0.9472426056318797
8503.17,0.9469915039368366
8503.18,0.9476663012556549
8503.19,0.9491389241797762
8503.2,0.951068736090035
8503.210000000001,0.9530522482279078
8503.22,0.9547753368240403
8503.23,0.9560912877962795
8503.24,0.957006996957874
8503.25,0.9576155982047168
8503.26,0.9580278674149565
8503.27,0.9583322288064134
8503.279999999999,0.9586005711341908
8503.29,0.9588187491109995
8503.3,0.959035158750284
8503.310000000001,0.9592498171471644
8503.32,0.9594627411048633
8503.33,0.959673947133605
8503.34,0.9598834514213992
8503.35,0.9600912698517173
8503.36,0.9602974179888051
8503.37,0.960375715539918
8503.38,0.9603818176362082
8503.390000000001,0.9601552725653976
8503.4,0.9595221077620193
8503.41,0.958276158740899
8503.42,0.9562589628970108
8503.43,0.9534852370740433
8503.44,0.9502556156763186
8503.45,0.9471665492237774
8503.460000000001,0.9449617696128877
8503.470000000001,0.9442661744616168
8503.48,0.9453298964988108
8503.490000000002,0.9479183694284304
8503.5,0.9514095153787641
8503.51,0.9550135743169615
8503.52,0.9581121321625145
8503.529999999999,0.9603094403625959
8503.54,0.9614382738141151
8503.55,0.9614230805669886
8503.56,0.960055066627523
8503.57,0.9571903363888719
8503.58,0.9527788647676569
8503.59,0.9471892591685016
8503.6,0.9412938098027885
8503.61,0.936412874480269
8503.62,0.9338110094664598
8503.63,0.9342376177307061
8503.640000000001,0.9376201328468232
8503.65,0.9430940058609409
8503.66,0.9493553052976137
8503.67,0.9551632863423141
8503.68,0.9597379511149309
8503.69,0.9628728628605302
8503.7,0.964781017722175
8503.71,0.9658418978471388
8503.720000000001,0.9664077379978733
8503.73,0.9667227277180859
8503.74,0.9669247491857078
8503.75,0.9670875201419276
8503.76,0.9672162092859546
8503.77,0.9673233495788185
8503.78,0.9674222951711335
8503.79,0.9675012307667892
8503.800000000001,0.9675594629561838
8503.81,0.9676030781550555
8503.820000000002,0.9676348300985538
8503.83,0.9676788890675488
8503.84,0.9677352637143715
8503.85,0.9677943011979514
8503.859999999999,0.9678741909197213
8503.87,0.967997081131494
8503.88,0.9681262321483761
8503.890000000001,0.968307804143845
8503.9,0.9685049361023494
8503.91,0.9687179359229524
8503.92,0.9689439568621702
8503.93,0.9691349890810207
8503.94,0.9693206692915466
8503.95,0.9694611448497128
8503.96,0.9695690336705797
8503.970000000001,0.9696344079027155
8503.98,0.9696423421970096
8503.99,0.9696352846391584
8504.0,0.9696163365524247
8504.01,0.9695857242304736
8504.02,0.9695219645753752
8504.03,0.9693966507255178
8504.04,0.9692023408059073
8504.050000000001,0.9689574941492308
8504.06,0.9686996113591991
8504.070000000002,0.9684731538119273
8504.08,0.9682501758775597
8504.09,0.9680364552649396
8504.1,0.9677721693671262
8504.11,0.9674936685130906
8504.12,0.9672823341538844
8504.13,0.9672970603241745
8504.14,0.9675970744815461
8504.15,0.9682108019955025
8504.16,0.9690508683547464
8504.17,0.9699043354138372
8504.18,0.9706104932004184
8504.19,0.9710178645479153
8504.2,0.9709321361961916
8504.21,0.970200488111972
8504.220000000001,0.9687103502476425
8504.23,0.9664965341263628
8504.24,0.9637931555668738
8504.25,0.9611496800996834
8504.26,0.9591627464487288
8504.27,0.9583049247568297
8504.28,0.9586943649587503
8504.289999999999,0.9600353198890152
8504.300000000001,0.961780264393916
8504.31,0.9634181686562672
8504.32,0.964710898145207
8504.33,0.9657457840793414
8504.34,0.9667702819470283
8504.35,0.9679855370389091
8504.36,0.9694154587474024
8504.37,0.9708802656735056
8504.380000000001,0.9721994181307646
8504.39,0.9730627344106485
8504.400000000001,0.9733016035258628
8504.41,0.9726049494693689
8504.42,0.9706333008904996
8504.43,0.9669707178889602
8504.439999999999,0.9614197007239149
8504.45,0.9543058369566134
8504.46,0.9466197385095941
8504.47,0.9399172188491169
8504.48,0.9358354114237531
8504.49,0.9353654795371694
8504.5,0.9385948517656155
8504.51,0.9445596519804416
8504.52,0.9515716532356258
8504.53,0.9578282553262129
8504.539999999999,0.9621612790953108
8504.550000000001,0.9640667918499461
8504.56,0.9637644772144383
8504.57,0.9619407133265183
8504.58,0.9594296548536019
8504.59,0.9569359885741573
8504.6,0.9548810474389853
8504.61,0.9535904999988655
8504.62,0.9532622896990433
8504.630000000001,0.9540705078611366
8504.64,0.9560579559752903
8504.650000000001,0.9591446679803811
8504.66,0.9629598716465039
8504.67,0.9669460815927463
8504.68,0.970554110943599
8504.69,0.9734093863826341
8504.7,0.9754329623048623
8504.710000000001,0.9766861229290466
8504.72,0.9773816187508958
8504.730000000001,0.9777652624645035
8504.74,0.9779821477963501
8504.75,0.9781206678188236
8504.76,0.978232741679523
8504.77,0.9782532364865981
8504.78,0.978221542082178
8504.789999999999,0.9780319191524821
8504.800000000001,0.9775462534026855
8504.81,0.9765488803361263
8504.82,0.9749036197127192
8504.83,0.9725405707446441
8504.84,0.9696472923726499
8504.85,0.9667021452858667
8504.86,0.9643759235190169
8504.869999999999,0.9632973059236152
8504.880000000001,0.9637924572738769
8504.89,0.9657410593023686
8504.9,0.9686301001775194
8504.91,0.9717769842510213
8504.92,0.9745854984273207
8504.93,0.9767302778029431
8504.94,0.9781637101552829
8504.95,0.9790197598430391
8504.960000000001,0.9794645556947337
8504.97,0.9796622354694635
8504.980000000001,0.9796718927026241
8504.99,0.9796039800982201
8505.0,0.9794278250550803
8505.01,0.9791990244149139
8505.02,0.9789659855636869
8505.03,0.978796937970586
8505.04,0.9787556950679938
8505.05,0.9788739285756067
8505.06,0.9791362424850416
8505.07,0.979487550344145
8505.08,0.9798579864873607
8505.09,0.9801549486731782
8505.1,0.9803658098245006
8505.11,0.9804474347970171
8505.119999999999,0.9804006749212986
8505.130000000001,0.9801586714137693
8505.14,0.9797265244491554
8505.15,0.9791730279692059
8505.16,0.9785951378283664
8505.17,0.9781345195031835
8505.18,0.9778525557766385
8505.19,0.9778424652018992
8505.199999999999,0.9779517195521206
8505.210000000001,0.9778897347625358
8505.22,0.9772589629870181
8505.230000000001,0.9756824536852515
8505.24,0.9729840294419962
8505.25,0.9693605246069231
8505.26,0.9654429861665372
8505.27,0.9621601502440031
8505.28,0.9604429513570198
8505.29,0.9607646567398902
8505.3,0.9631082991649699
8505.310000000001,0.9668483577124958
8505.32,0.9710487525702484
8505.33,0.9748800848264508
8505.34,0.9778013699097652
8505.35,0.9796574517466878
8505.36,0.9805619430675969
8505.369999999999,0.9807459006258512
8505.380000000001,0.980459956518755
8505.39,0.9799452113019518
8505.4,0.9794498923202074
8505.41,0.9791217503808498
8505.42,0.979130477376752
8505.43,0.9794894424161984
8505.44,0.9801094348626256
8505.449999999999,0.9808404368574656
8505.460000000001,0.9815352848528752
8505.47,0.9820988381643483
8505.48,0.982501890265886
8505.49,0.9827644024069204
8505.5,0.9829274299401809
8505.51,0.9830309080929533
8505.52,0.9831156948551616
8505.53,0.9831659883874464
8505.54,0.9832160078556432
8505.55,0.9832657551900702
8505.560000000001,0.9833152323619486
8505.57,0.98336444126676
8505.58,0.9834133838023812
8505.59,0.9834620618323574
8505.6,0.9835104772325768
8505.61,0.9835103785094899
8505.62,0.9834726063933164
8505.63,0.9833186799793693
8505.640000000001,0.9829436171914132
8505.65,0.9822056016836391
8505.660000000002,0.980913509283338
8505.67,0.9790333021135623
8505.68,0.9766204757459369
8505.69,0.9739466300302349
8505.699999999999,0.971427780468923
8505.710000000001,0.9694838254826089
8505.72,0.9683899121840067
8505.73,0.968211874005041
8505.74,0.9688541515872423
8505.75,0.9701611754805826
8505.76,0.971982289769075
8505.77,0.9741633450878359
8505.779999999999,0.9765080083404377
8505.79,0.9787764992462273
8505.8,0.9807416305669001
8505.810000000001,0.9822609605970894
8505.82,0.9833415999418028
8505.83,0.9839727611520869
8505.84,0.9843368458468504
8505.85,0.9845349190279457
8505.86,0.9846442162204004
8505.87,0.9847247286837952
8505.88,0.9847664759610741
8505.890000000001,0.9848080074390138
8505.9,0.9848493245316617
8505.91,0.9848431485518531
8505.92,0.9848061377789652
8505.93,0.984673028942073
8505.94,0.9843688205905279
8505.95,0.9838043762386094
8505.960000000001,0.9829126963551728
8505.970000000001,0.9817056262331614
8505.98,0.9803235559238186
8505.99,0.9789778219186801
8506.0,0.9780230982797592
8506.01,0.9776472905760899
8506.02,0.9778592467006767
8506.029999999999,0.9784520459169945
8506.04,0.9791066271759934
8506.05,0.979561238302728
8506.06,0.9797449524046735
8506.07,0.9797938370396078
8506.08,0.9799465265613349
8506.09,0.9803961279816741
8506.1,0.9811853906906592
8506.11,0.9822034508824081
8506.12,0.983254978569013
8506.13,0.9841638302689732
8506.140000000001,0.9848518555285015
8506.15,0.9853105524322396
8506.16,0.9855881243115074
8506.17,0.9857485971858488
8506.18,0.9858451853700775
8506.19,0.9859233320022146
8506.2,0.9859684355897272
8506.21,0.9860127574773837
8506.220000000001,0.9860654691822909
8506.23,0.9861004112790782
8506.240000000002,0.9861351797614712
8506.25,0.9861697756366312
8506.26,0.9862041999032035
8506.27,0.9862384535442091
8506.28,0.9862725375497796
8506.29,0.9863064528483718
8506.3,0.9863402004176163
8506.31,0.986373781178377
8506.32,0.9864071960437845
8506.33,0.9864404459312534
8506.34,0.9864420920260514
8506.35,0.9864355914659466
8506.359999999999,0.9863951824047007
8506.37,0.9863079315176829
8506.38,0.9860992464556537
8506.390000000001,0.9857892717416785
8506.4,0.9852467810425743
8506.41,0.9843489375204765
8506.42,0.9828248288129398
8506.43,0.9803535424942151
8506.44,0.9766961613660672
8506.45,0.9719244309259613
8506.46,0.9666041796308639
8506.470000000001,0.9617641471595745
8506.48,0.9585883293162535
8506.49,0.957960043628111
8506.5,0.9600939495373711
8506.51,0.9644640925221042
8506.52,0.969939017335167
8506.53,0.9753756398818928
8506.54,0.9798970859430812
8506.550000000001,0.9831347553979347
8506.56,0.9851632600773765
8506.570000000002,0.9862898770904541
8506.58,0.9868533389113097
8506.59,0.9871143558992124
8506.6,0.9872784582597959
8506.609999999999,0.9872845277597782
8506.62,0.9872467694650396
8506.63,0.9871838627777058
8506.64,0.987037127432827
8506.65,0.9867573348257953
8506.66,0.986299890066404
8506.67,0.9856552644928877
8506.68,0.9848224570281997
8506.69,0.9840066085961648
8506.7,0.983306713666029
8506.71,0.9829009556364996
8506.720000000001,0.9828613705832302
8506.73,0.9831579047643376
8506.74,0.9836871549802935
8506.75,0.9842557013017091
8506.76,0.9848108050475507
8506.77,0.9852200607475846
8506.78,0.985385450808459
8506.789999999999,0.9852214948269389
8506.800000000001,0.9846620953136178
8506.81,0.9838151085272078
8506.820000000002,0.9827767385926186
8506.83,0.981846416546033
8506.84,0.9812528657299225
8506.85,0.9811372170395464
8506.86,0.9813400701855922
8506.87,0.9817826939708181
8506.880000000001,0.9821437833506806
8506.89,0.9820627058855945
8506.900000000001,0.9810965070448698
8506.91,0.9787822948472639
8506.92,0.974797181693095
8506.93,0.9692296508763734
8506.939999999999,0.9628195689691983
8506.95,0.9569140764484173
8506.96,0.9529927222111636
8506.970000000001,0.9521231547112108
8506.98,0.954598123717075
8506.99,0.959588232563916
8507.0,0.9654225018089968
8507.01,0.9701803054855221
8507.02,0.972191820007561
8507.03,0.970579583045479
8507.039999999999,0.965546668667597
8507.050000000001,0.9583741917721049
8507.06,0.9510865604098228
8507.07,0.945839321802403
8507.08,0.9442342207957161
8507.09,0.9468354264457441
8507.1,0.9529780236543056
8507.11,0.961169060119089
8507.12,0.969586615421065
8507.130000000001,0.9767713772887157
8507.14,0.982015579798685
8507.150000000001,0.9853415729264855
8507.16,0.9871570169643266
8507.17,0.988017998624019
8507.18,0.9883070654874181
8507.19,0.9882504409338044
8507.2,0.987970195895212
8507.210000000001,0.987451169743501
8507.22,0.986806161743858
8507.23,0.9861396829959052
8507.24,0.9855617490540374
8507.25,0.9852231319800953
8507.26,0.985116430458755
8507.27,0.9850760351236171
8507.28,0.9847642090919062
8507.289999999999,0.983756454116271
8507.300000000001,0.9817100292962458
8507.31,0.9785709516517357
8507.32,0.9746959013809833
8507.33,0.9709224557471341
8507.34,0.9681700436116878
8507.35,0.9672814321779786
8507.36,0.9684242112134953
8507.369999999999,0.9712688198211117
8507.380000000001,0.9749747412434486
8507.39,0.9786126541603882
8507.400000000001,0.981524551351414
8507.41,0.9834991553896997
8507.42,0.9847060182052978
8507.43,0.9854825527666229
8507.44,0.9861432636425104
8507.45,0.986790154272132
8507.460000000001,0.9874613947128387
8507.47,0.9880731125576948
8507.480000000001,0.9885526614099042
8507.49,0.9888780304836857
8507.5,0.989031389690413
8507.51,0.989097410615531
8507.52,0.9891006150975027
8507.53,0.98910106355335
8507.539999999999,0.9890926233156895
8507.550000000001,0.9891238266015931
8507.56,0.9891910231271808
8507.57,0.989280545313559
8507.58,0.9893749525468006
8507.59,0.9894598901044223
8507.6,0.9895279628696255
8507.61,0.9895785962995925
8507.619999999999,0.9896313237728952
8507.630000000001,0.9896496709668665
8507.64,0.9896679381236212
8507.65,0.9896861256598438
8507.66,0.9897042340377895
8507.67,0.9897222636770661
8507.68,0.9897402150002356
8507.69,0.9897077748886524
8507.7,0.9896665588834925
8507.710000000001,0.9895794001091454
8507.72,0.9893959799436249
8507.730000000001,0.9891456573490406
8507.74,0.988822701980515
8507.75,0.9884866285647547
8507.76,0.988148345025837
8507.77,0.9878976821534642
8507.78,0.987788896127318
8507.79,0.9878459621065391
8507.8,0.988058670344665
8507.810000000001,0.9883853255897032
8507.82,0.9887427218109311
8507.830000000002,0.9891181108646193
8507.84,0.9894000445511287
8507.85,0.9895733224045535
8507.86,0.9894777164833192
8507.869999999999,0.9889794706384349
8507.880000000001,0.9878663028198228
8507.89,0.9856966563416856
8507.9,0.9819912819344336
8507.91,0.9764176124980641
8507.92,0.9689465186380031
8507.93,0.9601138536733714
8507.94,0.9510761263670431
8507.949999999999,0.9434044087329788
8507.960000000001,0.9386611956068771
8507.97,0.937922913195535
8507.980000000001,0.9414268379013111
8507.99,0.9484647378576793
8508.0,0.9575931724656006
8508.01,0.96701627400151
8508.02,0.9752745073869361
8508.03,0.981537880850697
8508.04,0.9856999292904135
8508.05,0.9881447377110697
8508.060000000001,0.9894112929268338
8508.07,0.9899477019033447
8508.08,0.9900645142253769
8508.09,0.989891185012135
8508.1,0.9893503999814779
8508.11,0.9882968147902358
8508.12,0.9866301749341088
8508.130000000001,0.9842712678785407
8508.140000000001,0.9814481938215864
8508.15,0.9786358531189332
8508.16,0.9764732955545512
8508.17,0.9755350683836642
8508.18,0.9760916854759969
8508.19,0.9779887885111611
8508.199999999999,0.9807160534769745
8508.210000000001,0.983625704756927
8508.22,0.9861783876573835
8508.23,0.988067437122864
8508.24,0.9893152019228226
8508.25,0.9900335080340352
8508.26,0.9904156975731604
8508.27,0.9905813546573243
8508.28,0.990688339495728
8508.29,0.9907022830090758
8508.3,0.9907160693569332
8508.310000000001,0.9906662180298137
8508.32,0.9905541207988011
8508.33,0.9902478702985459
8508.34,0.9895347400199513
8508.35,0.988080860504915
8508.36,0.9854987541732781
8508.37,0.9814115688680202
8508.38,0.9758519725475556
8508.390000000001,0.9693970858178869
8508.4,0.9632005138510793
8508.41,0.9586822442075326
8508.42,0.9570130441980326
8508.43,0.9586502420664691
8508.44,0.9631521129909238
8508.45,0.9693571982280792
8508.460000000001,0.9758451966298745
8508.47,0.9814267903885106
8508.48,0.9855614463932241
8508.49,0.9881900961797212
8508.5,0.9896871394498468
8508.51,0.9904404165603757
8508.52,0.9907845181234923
8508.529999999999,0.9909204800781692
8508.54,0.9909059365337219
8508.55,0.9907585079154141
8508.560000000001,0.9904690053387003
8508.57,0.9899774876605238
8508.58,0.9892526134237047
8508.59,0.988331743920806
8508.6,0.9873705169107827
8508.61,0.98653073047074
8508.62,0.986055661748154
8508.63,0.986084470247977
8508.640000000001,0.9866123234331207
8508.65,0.987468956255091
8508.66,0.9884798900229002
8508.67,0.989415579281656
8508.68,0.9901499361518323
8508.69,0.9906510452276428
8508.7,0.9909533800026744
8508.710000000001,0.9911176035608025
8508.720000000001,0.9911978949980826
8508.73,0.9911956154970544
8508.740000000002,0.9911085469395121
8508.75,0.9909061154869351
8508.76,0.9905055145276861
8508.77,0.9898162104569385
8508.779999999999,0.9887839903592783
8508.79,0.9874513535258406
8508.8,0.9859748490998475
8508.81,0.9845785021301559
8508.82,0.9835560025341947
8508.83,0.9829684979010636
8508.84,0.9826270748595427
8508.85,0.9821236258742649
8508.86,0.981038345809629
8508.87,0.9792166329561496
8508.88,0.9769469071206106
8508.890000000001,0.9749028484730661
8508.9,0.973856406833431
8508.91,0.9743184267807115
8508.92,0.9763067087595858
8508.93,0.9793577469405231
8508.94,0.9827634407152213
8508.95,0.985841510046231
8508.96,0.98819157785317
8508.970000000001,0.9897769368074846
8508.98,0.9907064608975524
8508.99,0.9912045210180738
8509.0,0.9914220117370297
8509.01,0.9915170580409557
8509.02,0.9915724524034081
8509.03,0.991582644854631
8509.04,0.991592795401019
8509.050000000001,0.9916029042119482
8509.06,0.991612971475068
8509.070000000002,0.9916229973478727
8509.08,0.9916329819872859
8509.09,0.9916429255695794
8509.1,0.9916528282553558
8509.109999999999,0.9916626902133634
8509.12,0.9916725116110279
8509.13,0.9916822926107317
8509.14,0.9916920333691362
8509.15,0.9917017340503358
8509.16,0.991711394801714
8509.17,0.991721015803169
8509.18,0.9916963469854795
8509.19,0.9916515333042566
8509.2,0.9915427512794148
8509.21,0.9913233625955742
8509.220000000001,0.9909411693105117
8509.23,0.9903279810959269
8509.24,0.9895281929602792
8509.25,0.9886110096171284
8509.26,0.9876932190491146
8509.27,0.9870067469874354
8509.28,0.9866130345827056
8509.29,0.986558789206073
8509.300000000001,0.9867633564456327
8509.31,0.9870697263296693
8509.320000000002,0.9874128277228597
8509.33,0.987729602077545
8509.34,0.9880542521923047
8509.35,0.9883927291465385
8509.36,0.9888277115106991
8509.37,0.9892937019600455
8509.380000000001,0.9897158047382416
8509.39,0.9899591873562408
8509.4,0.9900432035872666
8509.41,0.9899438121312135
8509.42,0.9898102304054737
8509.43,0.9897576631673598
8509.44,0.9898653648477846
8509.45,0.9901568002672648
8509.46,0.9905416957473673
8509.470000000001,0.9909621776262398
8509.48,0.9913378722586073
8509.49,0.9916247782858894
8509.5,0.9918165715450495
8509.51,0.9919310499855185
8509.52,0.9919887758145809
8509.53,0.9920372060378289
8509.539999999999,0.9920454469123655
8509.550000000001,0.9920536533930229
8509.56,0.9920618256157502
8509.57,0.9920699636977944
8509.58,0.9920780677718531
8509.59,0.9920861379602097
8509.6,0.9920941743852822
8509.61,0.992102177171896
8509.62,0.9921101464460576
8509.630000000001,0.9920777491861685
8509.64,0.9920051839260449
8509.650000000001,0.9918068290507795
8509.66,0.9913426281225454
8509.67,0.9903249771177485
8509.68,0.9885049183678809
8509.69,0.9856006262177964
8509.7,0.981465431776523
8509.71,0.9764311701527529
8509.72,0.9712536784527156
8509.73,0.9669857297739543
8509.74,0.9646295405986026
8509.75,0.9647636261731793
8509.76,0.9673266883163597
8509.77,0.9716552981194653
8509.78,0.9767482111497896
8509.789999999999,0.9816275557013168
8509.800000000001,0.9856278971937127
8509.81,0.9884751081668477
8509.82,0.9903027853024623
8509.83,0.9913446143887216
8509.84,0.991880455146991
8509.85,0.9921314147834166
8509.86,0.992255087930399
8509.87,0.9923047348802413
8509.880000000001,0.9923118615612398
8509.89,0.9923189578233887
8509.900000000001,0.9923260237671175
8509.91,0.9923330595080471
8509.92,0.9923400651244505
8509.93,0.9923470407497488
8509.94,0.9923539864601643
8509.95,0.9923609023708997
8509.960000000001,0.9923677885698027
8509.97,0.9923746451705922
8509.980000000001,0.9923814722662754
8509.99,0.9923882699554962
8510.0,0.9923950383347553
8510.01,0.9924017775057692
8510.02,0.9924084875590106
8510.03,0.9924151686048952
8510.039999999999,0.9924218207213134
8510.050000000001,0.9924284440119009
8510.06,0.9923774879612618
8510.07,0.9923242180577926
8510.08,0.9922322935624721
8510.09,0.9920969873725394
8510.1,0.9919272268989338
8510.11,0.9917497518987963
8510.119999999999,0.991604856073004
8510.130000000001,0.9915327392201572
8510.14,0.9915563275922833
8510.15,0.991670481655645
8510.16,0.9918444673370334
8510.17,0.9920360838254414
8510.18,0.992208654258719
8510.19,0.9923417000155899
8510.2,0.9924318360966323
8510.210000000001,0.9924869689316403
8510.22,0.9925368835920888
8510.230000000001,0.9925430031136093
8510.24,0.9925490955022678
8510.25,0.992555160870604
8510.26,0.9925611992734475
8510.27,0.9925672108101333
8510.28,0.9925731955692311
8510.29,0.9925791536218738
8510.3,0.9925850850511851
8510.31,0.9925909899392165
8510.32,0.9925968683691607
8510.33,0.9926027204165687
8510.34,0.9926085461638429
8510.35,0.9926143456935074
8510.36,0.9926201190767951
8510.369999999999,0.9926258663977261
8510.380000000001,0.9926315877264721
8510.39,0.9926372831584803
8510.4,0.9926429527458791
8510.41,0.9926485965721847
8510.42,0.9926542147257998
8510.43,0.9926598072573345
8510.44,0.9926229170508236
8510.449999999999,0.992544847826733
8510.460000000001,0.992338352301385
8510.47,0.9918639583333844
8510.480000000001,0.9909036264851854
8510.49,0.98918989128529
8510.5,0.9865081378887259
8510.51,0.9828871079290148
8510.52,0.9786583602644294
8510.53,0.9746097618598141
8510.54,0.9716893922477023
8510.55,0.9706777438415969
8510.560000000001,0.9718614803115739
8510.57,0.9749090771704166
8510.58,0.9790144792750224
8510.59,0.9832322135742826
8510.6,0.986799123843146
8510.61,0.9894147703953688
8510.619999999999,0.9910732135217017
8510.630000000001,0.9919615598898149
8510.64,0.9923634934404617
8510.65,0.992448034344655
8510.66,0.9923070963095345
8510.67,0.9919600835876128
8510.68,0.9913855366443884
8510.69,0.9906545156459297
8510.699999999999,0.98980496656967
8510.710000000001,0.9889222009616031
8510.72,0.9880997910305841
8510.73,0.9873716811005483
8510.74,0.9867159658668698
8510.75,0.98612377922924
8510.76,0.9855706948162275
8510.77,0.9851897047088978
8510.78,0.9851405944305789
8510.79,0.9855477137950206
8510.8,0.986397496215948
8510.810000000001,0.9876117699057584
8510.82,0.9889847706557486
8510.83,0.9902180533633075
8510.84,0.9912253568116955
8510.85,0.991945761527058
8510.86,0.992402278861522
8510.87,0.9926608438329171
8510.88,0.992803607707975
8510.890000000001,0.992890582398189
8510.9,0.9928950471112962
8510.910000000002,0.9928994892503563
8510.92,0.9929039088774285
8510.93,0.9929083060419224
8510.94,0.9929126807933623
8510.949999999999,0.9929170331873027
8510.960000000001,0.9929213632709838
8510.97,0.9929256710756525
8510.98,0.992929956687234
8510.99,0.9929342201231856
8511.0,0.9929384614485092
8511.01,0.9929426807040039
8511.02,0.9929468779423937
8511.029999999999,0.9929510532077938
8511.04,0.9928885548900402
8511.05,0.9927927920960136
8511.060000000001,0.9925880796074249
8511.07,0.9922049064200533
8511.08,0.9915756675577515
8511.09,0.9906397899017511
8511.1,0.9894751111299974
8511.11,0.9881919382793242
8511.12,0.9870396833936953
8511.13,0.9861982276613627
8511.140000000001,0.98578860198864
8511.15,0.9857433615296602
8511.16,0.985983626829554
8511.17,0.9864131431148401
8511.18,0.9869947041424894
8511.19,0.9877367153054802
8511.2,0.9886353574178874
8511.210000000001,0.9896300134545379
8511.220000000001,0.990609512562805
8511.23,0.9914587899818524
8511.24,0.99212100542573
8511.25,0.9925467082801941
8511.26,0.9928033725737325
8511.27,0.9929409344077709
8511.279999999999,0.99300750184782
8511.29,0.9930520408381609
8511.3,0.9930556389511913
8511.31,0.9930592162229814
8511.32,0.9930627726952564
8511.33,0.9930663083754637
8511.34,0.9930698233315547
8511.35,0.9930733175694048
8511.36,0.9930767911451802
8511.37,0.993080244064842
8511.38,0.9930836763696548
8511.390000000001,0.9930870880860302
8511.4,0.9930904792551314
8511.41,0.9930938498990313
8511.42,0.9930972000526106
8511.43,0.9931005297292681
8511.44,0.9931038389753519
8511.45,0.993107127804965
8511.46,0.9931103962661832
8511.470000000001,0.9931196304206654
8511.48,0.9931228433903323
8511.490000000002,0.9931260359783419
8511.5,0.993129208221562
8511.51,0.9931323601236368
8511.52,0.9931354917005296
8511.53,0.9931386029832808
8511.54,0.9931416940000403
8511.55,0.9931447647503414
8511.56,0.9931478152557608
8511.57,0.9931508455347703
8511.58,0.9931538556014788
8511.59,0.9931568454727792
8511.6,0.9931598151582081
8511.609999999999,0.9931627646822495
8511.62,0.9931656940417036
8511.63,0.9931686032572238
8511.640000000001,0.9931714923457432
8511.65,0.993174361302425
8511.66,0.9931772101391153
8511.67,0.993180038866371
8511.68,0.9931243432414952
8511.69,0.9930270551184268
8511.7,0.9928001582371245
8511.71,0.9923334595570502
8511.720000000001,0.9914855173580899
8511.73,0.9901305948933954
8511.74,0.9882432976543669
8511.75,0.9860104116383827
8511.76,0.9837333475996379
8511.77,0.9819824179462479
8511.78,0.9811996456367775
8511.79,0.9815999203069562
8511.800000000001,0.9830606939707489
8511.81,0.9851809250977366
8511.820000000002,0.9874317303527055
8511.83,0.9894424139803303
8511.84,0.9909699752948103
8511.85,0.9919906815397201
8511.859999999999,0.9926011908424005
8511.87,0.9929334564135277
8511.88,0.993100817768885
8511.89,0.9932064056973366
8511.9,0.9932395491665286
8511.91,0.993241894214784
8511.92,0.993244218870491
8511.93,0.9932465230931293
8511.94,0.9932488068373102
8511.95,0.9932449112082314
8511.96,0.9932471499246284
8511.970000000001,0.9932493679757498
8511.98,0.9932209681790857
8511.99,0.9932019481449663
8512.0,0.9931768904063841
8512.01,0.993149455915994
8512.02,0.9931257457021403
8512.03,0.9931124060464587
8512.039999999999,0.9931138829953196
8512.050000000001,0.99313035401373
8512.06,0.9931250289476012
8512.070000000002,0.9931131619127148
8512.08,0.9930589119856336
8512.09,0.992939473054057
8512.1,0.992758745143702
8512.11,0.992481603333147
8512.12,0.9921756071615228
8512.130000000001,0.9919026678362539
8512.14,0.9917324507495253
8512.150000000001,0.9917140985963265
8512.16,0.9918536213369953
8512.17,0.9921110157665787
8512.18,0.9924189778254277
8512.189999999999,0.9927113807029948
8512.2,0.9929452579156504
8512.21,0.993041143814548
8512.220000000001,0.9930643317860085
8512.23,0.9929862713998248
8512.24,0.9928268633034437
8512.25,0.992559336356234
8512.26,0.9922544682537958
8512.27,0.9919702774513787
8512.28,0.9917768622877075
8512.289999999999,0.9917289830697461
8512.300000000001,0.9918412718704643
8512.31,0.9919972628826039
8512.32,0.99218821053053
8512.33,0.9922686325949485
8512.34,0.9921397704087869
8512.35,0.9917490674972234
8512.36,0.9911175064920469
8512.37,0.9903532606777729
8512.380000000001,0.9896553868106006
8512.39,0.9891731259580312
8512.400000000001,0.9890892424520356
8512.41,0.9894286163156915
8512.42,0.9900936485827372
8512.43,0.9909093110541813
8512.44,0.991697092714106
8512.45,0.9923357775369015
8512.460000000001,0.9927823732302087
8512.47,0.993055514919921
8512.48,0.993202812358457
8512.49,0.9933205048914784
8512.5,0.9933186813686817
8512.51,0.9933164623469071
8512.52,0.9933139992381651
8512.53,0.9933113637473437
8512.539999999999,0.9933094124656526
8512.550000000001,0.9932315829549256
8512.56,0.9930515731953606
8512.57,0.9927237678007168
8512.58,0.9920755054117586
8512.59,0.9908959132352528
8512.6,0.9888927118725028
8512.61,0.9858723151856971
8512.619999999999,0.981764133830384
8512.630000000001,0.9767545573842594
8512.64,0.9714821205592921
8512.650000000001,0.9668615299186315
8512.66,0.9639123939022853
8512.67,0.9632543553890217
8512.68,0.9648977763241643
8512.69,0.9681761072059157
8512.7,0.972009424926596
8512.710000000001,0.9753743671949999
8512.72,0.9777388707702727
8512.730000000001,0.9792277994227171
8512.74,0.9803070266479085
8512.75,0.9815850886916028
8512.76,0.9833416575822441
8512.77,0.9855018155055123
8512.78,0.9877367237397027
8512.789999999999,0.9897193037002218
8512.800000000001,0.9912247524622456
8512.81,0.9922325601033921
8512.82,0.9928244867908589
8512.83,0.9930883376389209
8512.84,0.9931580458827515
8512.85,0.9929850520793155
8512.86,0.9925051078075247
8512.869999999999,0.9914762583839812
8512.880000000001,0.9896276789778761
8512.89,0.9867101505261203
8512.9,0.9827293659537034
8512.91,0.9780278453869944
8512.92,0.9734172766926464
8512.93,0.9699800183509949
8512.94,0.968583632967696
8512.95,0.9695891396765677
8512.960000000001,0.9726834908152888
8512.97,0.9770205442657767
8512.980000000001,0.9815794229920204
8512.99,0.9855465596756087
8513.0,0.9885037260589826
8513.01,0.9904973073131178
8513.02,0.9917226107305266
8513.03,0.9924129549481868
8513.04,0.9927887563376862
8513.05,0.9929512873246679
8513.060000000001,0.9929677647391557
8513.07,0.9928237453283396
8513.08,0.9926071642892359
8513.09,0.992285645356594
8513.1,0.9919818050878959
8513.11,0.9917696560888412
8513.119999999999,0.9917086918498184
8513.130000000001,0.9918169829926375
8513.14,0.99206252222018
8513.15,0.9923784129573932
8513.16,0.9926921686627646
8513.17,0.9929517793341341
8513.18,0.9931363250215375
8513.19,0.9932507786147606
8513.199999999999,0.9933132168845471
8513.210000000001,0.9933641238129814
8513.22,0.9933635743973541
8513.230000000001,0.9933629947651431
8513.24,0.9933623847737846
8513.25,0.9933617442340212
8513.26,0.9933610729797583
8513.27,0.9933603708191882
8513.28,0.9933596375512417
8513.29,0.993358872982813
8513.3,0.9933580768889142
8513.310000000001,0.9933572490729737
8513.32,0.9933563893085631
8513.33,0.9933554973479883
8513.34,0.9933545729606813
8513.35,0.9933536159182547
8513.36,0.9933526259430571
8513.37,0.9933516027980742
8513.380000000001,0.9933505461857924
8513.390000000001,0.9933494558740447
8513.4,0.993348331545248
8513.41,0.9933471729224489
8513.42,0.9933459797166537
8513.43,0.9933447516104931
8513.44,0.9933434882995102
8513.449999999999,0.9933421894472098
8513.460000000001,0.9933408547473948
8513.47,0.993339483844065
8513.48,0.9933380763955812
8513.49,0.9933366320409794
8513.5,0.9933351504185643
8513.51,0.9933336311542247
8513.52,0.9933320738570689
8513.53,0.9933304781343028
8513.54,0.993328843583028
8513.55,0.9932585633184142
8513.560000000001,0.993149189728697
8513.57,0.9928986251369966
8513.58,0.9923840769900701
8513.59,0.9914448460818445
8513.6,0.9899327459853436
8513.61,0.987806764888776
8513.62,0.9852593546339552
8513.63,0.9826611471370047
8513.640000000001,0.980614569909906
8513.65,0.9796561512298004
8513.66,0.9800195025963142
8513.67,0.9816142115418839
8513.68,0.9839568302410846
8513.69,0.9864128548432438
8513.7,0.9885129186072285
8513.710000000001,0.9899697334490036
8513.72,0.9907895255880976
8513.73,0.9911596406219466
8513.74,0.9913203250662945
8513.75,0.9914634422155915
8513.76,0.9917177218054591
8513.77,0.9919997089978517
8513.779999999999,0.9923297039852449
8513.79,0.9926371060039786
8513.8,0.9928778405571321
8513.81,0.9930396782401733
8513.82,0.993133350947385
8513.83,0.9931783393432351
8513.84,0.9932110544264625
8513.85,0.9932016529632899
8513.86,0.993190810246873
8513.87,0.9931780388577928
8513.88,0.9931626307392073
8513.890000000001,0.9931435013124676
8513.9,0.9931182484614526
8513.91,0.9930807372721429
8513.92,0.9930260417887365
8513.93,0.992936536122816
8513.94,0.9927825592106495
8513.95,0.9925167665797744
8513.960000000001,0.9920759591102959
8513.970000000001,0.991396851578233
8513.98,0.990468724728598
8513.990000000002,0.9893620301648625
8514.0,0.9882414784391617
8514.01,0.9873646713323149
8514.02,0.9869769362041022
8514.029999999999,0.9871685725043211
8514.04,0.9878334879022165
8514.05,0.9887690104623857
8514.06,0.989645875384139
8514.07,0.9903336431250623
8514.08,0.9907518031715561
8514.09,0.9908899354457084
8514.1,0.9907903543323602
8514.11,0.9904980058767578
8514.12,0.9900755843245351
8514.13,0.9896276212430288
8514.140000000001,0.989295379720299
8514.15,0.9892108072758745
8514.16,0.9894436986041889
8514.17,0.9899627061959365
8514.18,0.9906655339427992
8514.19,0.9913594559788056
8514.2,0.9919541551586492
8514.21,0.9923854110524117
8514.220000000001,0.992651361640907
8514.23,0.9927829696967873
8514.24,0.9928172463330469
8514.25,0.9928098824523262
8514.26,0.9927251746828871
8514.27,0.9926235801450919
8514.28,0.9925194894166047
8514.29,0.9924081674934094
8514.300000000001,0.9923254223364584
8514.31,0.9922874255503262
8514.320000000002,0.992295910671181
8514.33,0.992343078827193
8514.34,0.9924340430454736
8514.35,0.9925283750852052
8514.359999999999,0.992612557340725
8514.37,0.9926905904742219
8514.38,0.9927447718935586
8514.39,0.9927754954237605
8514.4,0.9927848861290178
8514.41,0.9927762629211196
8514.42,0.992760823013034
8514.43,0.9927381183952964
8514.44,0.9927129565988693
8514.45,0.9926977715574649
8514.46,0.9926920258567717
8514.470000000001,0.9926981017944189
8514.48,0.9927158366423503
8514.49,0.9927406353817884
8514.5,0.9927691875357888
8514.51,0.9927899008085987
8514.52,0.9928053360933885
8514.53,0.9928152694311866
8514.54,0.9928198679395144
8514.550000000001,0.9928199478009656
8514.56,0.9928173582267376
8514.570000000002,0.9928131124797555
8514.58,0.9928073792732515
8514.59,0.9927554088822967
8514.6,0.9926848034415086
8514.61,0.9925509439376073
8514.62,0.9923201761335353
8514.630000000001,0.9919656118916806
8514.64,0.991488063295819
8514.65,0.990935791270527
8514.66,0.9904075112716207
8514.67,0.9900273744916708
8514.68,0.9898977361251936
8514.69,0.9900535612453807
8514.7,0.9904458914237785
8514.71,0.9909648818591117
8514.720000000001,0.9914878387140043
8514.73,0.9919238918317665
8514.74,0.9922339755507026
8514.75,0.9924237935780863
8514.76,0.9925228321253688
8514.77,0.9925644404839272
8514.78,0.9925889348807644
8514.789999999999,0.9925747915728628
8514.800000000001,0.9925603553111861
8514.81,0.9925456216589873
8514.82,0.9925305856635235
8514.83,0.9925152419850098
8514.84,0.9924995848679844
8514.85,0.992483608183572
8514.86,0.9924673054092082
8514.87,0.9924506696804885
8514.880000000001,0.9924336937360551
8514.89,0.9924163633297112
8514.900000000001,0.9923986837664427
8514.91,0.992380640153652
8514.92,0.9923622238706897
8514.93,0.9923434258670248
8514.94,0.9923242367669771
8514.95,0.9923046467954074
8514.96,0.9922633434815132
8514.97,0.9922642232123533
8514.98,0.9922433680969491
8514.99,0.9922220690568406
8515.0,0.9922003142656983
8515.01,0.9921780914648174
8515.02,0.9921553879131427
8515.03,0.9921321903933653
8515.039999999999,0.9921084851979018
8515.050000000001,0.9920842580711206
8515.06,0.9920594942200156
8515.07,0.9920341783270518
8515.08,0.9920082944325093
8515.09,0.9919823752541327
8515.1,0.9919552878767548
8515.11,0.9919275816908703
8515.119999999999,0.9918992380893717
8515.130000000001,0.9918702377750532
8515.14,0.9918405606407003
8515.150000000001,0.991810185819118
8515.16,0.9917790916021532
8515.17,0.9917472554223453
8515.18,0.991714653791198
8515.19,0.9916812622646509
8515.2,0.9916187507989029
8515.210000000001,0.9915534846627814
8515.22,0.9914670552330275
8515.230000000001,0.9913274836653997
8515.24,0.9911493545093846
8515.25,0.9909073261475267
8515.26,0.9905791407229905
8515.27,0.9901359157940399
8515.28,0.9895539445217665
8515.289999999999,0.988840829943609
8515.300000000001,0.9880642306094409
8515.31,0.9873586983210139
8515.32,0.9869149626191787
8515.33,0.9868180463209796
8515.34,0.9871244598426876
8515.35,0.9877243037023239
8515.36,0.9885081285448563
8515.369999999999,0.9892481546554553
8515.380000000001,0.9898422692099608
8515.39,0.9902427772716176
8515.4,0.9904658661485433
8515.41,0.990558674911044
8515.42,0.9905157033729399
8515.43,0.9904206920984252
8515.44,0.9901874614290471
8515.45,0.9897520973301481
8515.460000000001,0.9890722676346874
8515.47,0.9880190382446327
8515.480000000001,0.9864914844353871
8515.49,0.9842933994378875
8515.5,0.9812638084227475
8515.51,0.9772176699670967
8515.52,0.9720992734759307
8515.53,0.9661864671248119
8515.54,0.9602370861203958
8515.55,0.9554076308366414
8515.560000000001,0.9528982325841742
8515.57,0.9534761801578315
8515.58,0.9571273483132438
8515.59,0.9630214156337744
8515.6,0.9698200858954679
8515.61,0.9761848507991857
8515.619999999999,0.9812300503294217
8515.630000000001,0.9846444881140034
8515.64,0.9866675135944806
8515.65,0.9876505582607708
8515.66,0.9880392470938147
8515.67,0.9881174904387376
8515.68,0.9880520945969319
8515.69,0.9879371997247888
8515.699999999999,0.9877765861620653
8515.710000000001,0.9876096892750255
8515.72,0.98743534151232
8515.730000000001,0.9872535413835714
8515.74,0.9870638588614497
8515.75,0.9868658325362055
8515.76,0.9866589669859501
8515.77,0.9864427296159133
8515.78,0.9862165474047568
8515.79,0.9859798030888051
8515.8,0.9857318310792611
8515.810000000001,0.9854719129266301
8515.82,0.9851771180819906
8515.83,0.9848458962808523
8515.84,0.9844286285536583
8515.85,0.9838430204668851
8515.86,0.9829565570418264
8515.87,0.9815991031280873
8515.880000000001,0.9796201229431146
8515.89,0.9769917779033855
8515.9,0.9739154421286699
8515.91,0.9708518651907234
8515.92,0.968412654250531
8515.93,0.9671339487769882
8515.94,0.9672440058921065
8515.949999999999,0.9685247202754154
8515.960000000001,0.9704682386546577
8515.97,0.9723996589713162
8515.98,0.9737543460767822
8515.99,0.9741680522592914
8516.0,0.9735560959193594
8516.01,0.9719758287378716
8516.02,0.9696217078972242
8516.03,0.9667836547969791
8516.04,0.9637588156978011
8516.05,0.9608881002583881
8516.060000000001,0.9583061920786202
8516.07,0.955999264768694
8516.08,0.953715361858836
8516.09,0.9510237889402993
8516.1,0.9474386934228094
8516.11,0.9426491306620437
8516.12,0.9367923077450637
8516.13,0.930617032327744
8516.140000000001,0.9252263074118569
8516.15,0.921760241263515
8516.160000000002,0.9208080555242715
8516.17,0.9220709346664816
8516.18,0.9245841093179881
8516.19,0.9270050096916085
8516.199999999999,0.9281784996722111
8516.210000000001,0.9274022132825877
8516.22,0.9244988006240031
8516.23,0.9198153610430154
8516.24,0.9135912179688198
8516.25,0.9059331009934101
8516.26,0.8967962546473799
8516.27,0.88588389687979
8516.279999999999,0.8727656816771471
8516.29,0.8563673799756932
8516.3,0.8340914446289687
8516.310000000001,0.8035501008497494
8516.32,0.7581379278611093
8516.33,0.6927230585231666
8516.34,0.6088169996011971
8516.35,0.5190362614475389
8516.36,0.4392952682317663
8516.37,0.37821915161634573
8516.38,0.33624333198134543
8516.390000000001,0.30982401418636685
8516.4,0.2954041534390274
8516.41,0.29053398525477325
8516.42,0.2943645501544597
8516.43,0.30756802807881545
8516.44,0.3324079738158586
8516.45,0.3723793504459467
8516.460000000001,0.4311250039617398
8516.470000000001,0.5090504788301035
8516.48,0.5985174834741719
8516.490000000002,0.6839552766458588
8516.5,0.7518183519177327
8516.51,0.7991826083106024
8516.52,0.8310717479756088
8516.529999999999,0.8535089499576192
8516.54,0.8702903636544038
8516.55,0.8827598105689908
8516.56,0.8921849139010721
8516.57,0.8987339931625233
8516.58,0.9025987998009907
8516.59,0.9042034735495906
8516.6,0.9043094949337533
8516.61,0.904008699019795
8516.62,0.9043585137707532
8516.63,0.9064385990978073
8516.640000000001,0.910829265709879
8516.65,0.917496000371099
8516.66,0.9258130146956206
8516.67,0.934762237845459
8516.68,0.9432457059420344
8516.69,0.950515009737114
8516.7,0.9562247960175954
8516.71,0.9604358888095198
8516.720000000001,0.9634609386723746
8516.73,0.9657178155189644
8516.740000000002,0.9674525239672274
8516.75,0.9689096798810222
8516.76,0.970208687688943
8516.77,0.971352140867832
8516.78,0.9724094812789668
8516.79,0.9733886436446577
8516.8,0.9742966546143549
8516.81,0.975139758214371
8516.82,0.9759235078953393
8516.83,0.9766528547166058
8516.84,0.9773322203133246
8516.85,0.9779276639296411
8516.859999999999,0.9784818390532978
8516.87,0.9789757521836985
8516.88,0.9794119684854511
8516.890000000001,0.9798008107038051
8516.9,0.9801611765626235
8516.91,0.9805165200943263
8516.92,0.980857949296319
8516.93,0.9812208400227734
8516.94,0.9815800722208111
8516.95,0.9819151605721672
8516.96,0.9822100430172825
8516.970000000001,0.9824634441557997
8516.98,0.9826401783503484
8516.99,0.9827686476080351
8517.0,0.9827879316921493
8517.01,0.9825163040226326
8517.02,0.9817568493416172
8517.03,0.9802386439815997
8517.04,0.9777263251846434
8517.050000000001,0.9743233024666262
8517.06,0.9704340975552452
8517.070000000002,0.9668536909936997
8517.08,0.9644116693415601
8517.09,0.9638240470465523
8517.1,0.9652603904119962
8517.109999999999,0.9683246343058782
8517.12,0.9722281180916929
8517.13,0.9761098464320582
8517.14,0.979333897906887
8517.15,0.9815862829739137
8517.16,0.9828829227135546
8517.17,0.983402070102764
8517.18,0.983286220002448
8517.19,0.9826319319937333
8517.2,0.9815402912968572
8517.21,0.9799469883047309
8517.220000000001,0.9781454768234369
8517.23,0.9763744927129885
8517.24,0.9749193732945186
8517.25,0.9739791324565221
8517.26,0.9735740752333651
8517.27,0.9735460731811975
8517.28,0.9735961752085265
8517.289999999999,0.9734050356823479
8517.300000000001,0.9727082905681992
8517.31,0.9713058125422588
8517.320000000002,0.969008785493103
8517.33,0.9652713769447605
8517.34,0.9595193842932611
8517.35,0.9505754039097984
8517.36,0.9361496307923455
8517.37,0.9127440328756257
8517.380000000001,0.8771175072535682
8517.39,0.8282510198219735
8517.400000000001,0.770028685240772
8517.41,0.7114619248895251
8517.42,0.6603688382882653
8517.43,0.6225559602945774
8517.439999999999,0.6009079293746401
8517.45,0.5958679555127921
8517.46,0.6075681248555445
8517.470000000001,0.6358363259368556
8517.48,0.6795123422066097
8517.49,0.7344426337426079
8517.5,0.7942649662984455
8517.51,0.8494602608640701
8517.52,0.8933267384089524
8517.53,0.9239413958985737
8517.539999999999,0.9434386982821726
8517.550000000001,0.9554433684545068
8517.56,0.9627647803143176
8517.57,0.9673841797998421
8517.58,0.9691992127853143
8517.59,0.9688745932437249
8517.6,0.9663750632495323
8517.61,0.9620035671663953
8517.62,0.956641314002725
8517.630000000001,0.951687895206319
8517.64,0.9486672136965946
8517.650000000001,0.948678993413071
8517.66,0.9519705529619711
8517.67,0.9578841048153668
8517.68,0.9651045650828074
8517.69,0.9721910828781853
8517.7,0.9780831721294719
8517.710000000001,0.9822985022910686
8517.72,0.9849621253854871
8517.73,0.9863973080731977
8517.74,0.9869450895370969
8517.75,0.9868267733963669
8517.76,0.9861583442191594
8517.77,0.9850578570219011
8517.78,0.9836737882496966
8517.789999999999,0.9823479496387494
8517.800000000001,0.9814446447730136
8517.81,0.9812380794016968
8517.82,0.9818180924817803
8517.83,0.9830375330335737
8517.84,0.9844934039695639
8517.85,0.9857282417842572
8517.86,0.9863549793884454
8517.869999999999,0.9861634922054754
8517.880000000001,0.9851768950095664
8517.89,0.9836591959743574
8517.900000000001,0.9820630013370752
8517.91,0.9809044275865568
8517.92,0.9806022216723196
8517.93,0.9812676079872449
8517.94,0.9827678431396377
8517.95,0.9847172302048569
8517.960000000001,0.9866816355642685
8517.97,0.9883128771226991
8517.980000000001,0.9895172435388039
8517.99,0.9902907219221726
8518.0,0.9907390659636421
8518.01,0.9909817785122341
8518.02,0.9911123775868212
8518.03,0.9912055893358797
8518.039999999999,0.9912473462325727
8518.050000000001,0.9912873122265093
8518.06,0.9913255921185454
8518.07,0.991362282632698
8518.08,0.9913757802068853
8518.09,0.9913981361261904
8518.1,0.9914181501165397
8518.11,0.9913980090720188
8518.119999999999,0.9913384340969933
8518.130000000001,0.9911498094699144
8518.14,0.9906760590261734
8518.15,0.9896572660069357
8518.16,0.9877502844046497
8518.17,0.9846575446342876
8518.18,0.9802211964556531
8518.19,0.9747868636805223
8518.2,0.9691514519086065
8518.210000000001,0.9644691728962387
8518.22,0.9616767548654047
8518.230000000001,0.9611494759426606
8518.24,0.9624991040385701
8518.25,0.9647823097147773
8518.26,0.9670171912961599
8518.27,0.9687062458902415
8518.28,0.9700217375110161
8518.29,0.9715482268373077
8518.3,0.9738081986175319
8518.310000000001,0.976911959654008
8518.32,0.9805392989540914
8518.33,0.9840715432948696
8518.34,0.9870437836364142
8518.35,0.9891966694384087
8518.36,0.9905770950462087
8518.369999999999,0.9913576964740761
8518.380000000001,0.9917516225612397
8518.39,0.9919321869488907
8518.4,0.9920102106271893
8518.41,0.9919735390068948
8518.42,0.9918455599203276
8518.43,0.9915395302114532
8518.44,0.9908594628419519
8518.449999999999,0.9896485304796749
8518.460000000001,0.9877021860546599
8518.47,0.984995230804508
8518.480000000001,0.9816962784487273
8518.49,0.9783532110522237
8518.5,0.9756875917044004
8518.51,0.9743703724642335
8518.52,0.9747567897046338
8518.53,0.9767342644220158
8518.54,0.9797768657794081
8518.55,0.9831645258151352
8518.560000000001,0.9862262624372204
8518.57,0.9885557969902092
8518.58,0.9899958579610976
8518.59,0.9906008911638843
8518.6,0.9903862603986217
8518.61,0.9893547960494679
8518.62,0.9875401016394602
8518.630000000001,0.985010881383034
8518.640000000001,0.9820686847419584
8518.65,0.9793530613698469
8518.66,0.97749497927217
8518.67,0.9769835422721013
8518.68,0.9779420439416333
8518.69,0.9800768345041827
8518.699999999999,0.9827236656928389
8518.710000000001,0.9852873392590741
8518.72,0.987146504772656
8518.73,0.9879303711448633
8518.74,0.9872934436177817
8518.75,0.9850185130490917
8518.76,0.9809049847726585
8518.77,0.9752729902332016
8518.78,0.9689418165299121
8518.79,0.9631280767209169
8518.8,0.9591015430305189
8518.810000000001,0.9577422935777212
8518.82,0.959126813659413
8518.83,0.9626138511138524
8518.84,0.967128168863716
8518.85,0.9716186599678609
8518.86,0.9755728631436567
8518.87,0.9788636643032564
8518.88,0.9816303420625465
8518.890000000001,0.984004172235328
8518.9,0.9859830468951275
8518.91,0.9876203551250674
8518.92,0.988784345314041
8518.93,0.9896447494845593
8518.94,0.990237118084732
8518.95,0.9906994532019218
8518.960000000001,0.9909994950305444
8518.97,0.9911145492079781
8518.98,0.9909454949813757
8518.99,0.9903324677220988
8519.0,0.9890879908523486
8519.01,0.9870227878020067
8519.02,0.9839440667377767
8519.029999999999,0.9796147606478469
8519.04,0.9741476638061982
8519.05,0.967902384044184
8519.06,0.9614194118940806
8519.07,0.9553446453196418
8519.08,0.9503096628284078
8519.09,0.9469037995871521
8519.1,0.9456742238826199
8519.11,0.9470435154073134
8519.12,0.9511367574179829
8519.13,0.9574360636252567
8519.140000000001,0.9650851558513047
8519.15,0.9727643552592733
8519.16,0.9793968450579184
8519.17,0.984306140945455
8519.18,0.9873861392911535
8519.19,0.9890378510017891
8519.2,0.9896961915446153
8519.210000000001,0.9898693248431708
8519.220000000001,0.9899122937163604
8519.23,0.9900104533818821
8519.240000000002,0.990197624066967
8519.25,0.9905247113490706
8519.26,0.9909183917026756
8519.27,0.9913009800480154
8519.279999999999,0.9916155880169609
8519.29,0.9918079738817561
8519.3,0.9919104390963497
8519.31,0.9919411053120939
8519.32,0.9919553075031363
8519.33,0.991894003095158
8519.34,0.9918267543375248
8519.35,0.9916690626108908
8519.36,0.9914154584261416
8519.37,0.9909130958966366
8519.38,0.9899563733046648
8519.390000000001,0.9882968977857045
8519.4,0.9856974316051961
8519.41,0.9820433777303329
8519.42,0.9775604276170362
8519.43,0.972871896382605
8519.44,0.968953040583774
8519.45,0.9667610207423525
8519.46,0.9668873088249315
8519.470000000001,0.9693184010194119
8519.48,0.973438852861129
8519.49,0.9782147095386421
8519.5,0.9827148626996559
8519.51,0.9862837513711893
8519.52,0.9886997456896224
8519.53,0.9901213283819299
8519.54,0.9908238919684205
8519.550000000001,0.9910134875467144
8519.56,0.990806816011053
8519.570000000002,0.9902069622795002
8519.58,0.9889438470904565
8519.59,0.9868091006848433
8519.6,0.9833828862869104
8519.609999999999,0.9783785206062336
8519.62,0.9717489223287296
8519.63,0.964016608121142
8519.64,0.956355620439987
8519.65,0.9502709421592029
8519.66,0.9472255807382386
8519.67,0.9480932488602327
8519.68,0.9527145261218557
8519.69,0.96000186198943
8519.7,0.9682890379854301
8519.71,0.975971179367614
8519.720000000001,0.9819104083601495
8519.73,0.9857140710927119
8519.74,0.9875203908764265
8519.75,0.9878862248715569
8519.76,0.9873366917346774
8519.77,0.9864242387367463
8519.78,0.9855687573938611
8519.789999999999,0.985157859760805
8519.800000000001,0.9853304697100861
8519.81,0.9860780314655802
8519.820000000002,0.987165537355954
8519.83,0.9883636434320916
8519.84,0.9894163724884982
8519.85,0.9901997309626009
8519.86,0.9906999415249561
8519.87,0.990972220912079
8519.880000000001,0.9910923696471203
8519.89,0.9911250833534225
8519.9,0.9911278453718082
8519.91,0.9910846922474227
8519.92,0.9910381555326458
8519.93,0.9909880617267429
8519.94,0.9909341993590186
8519.95,0.9908763167260954
8519.96,0.9908141187348775
8519.970000000001,0.9907472624031068
8519.98,0.9906753513179164
8519.99,0.990597928560557
8520.0,0.9905144200874522
8520.01,0.9904243148711788
8520.02,0.9903268662278196
8520.03,0.9902212653487904
8520.039999999999,0.9901064747527687
8520.050000000001,0.9899815948614876
8520.06,0.9898452537312722
8520.07,0.9896959498350472
8520.08,0.9895319089424464
8520.09,0.9893510219889078
8520.1,0.9891507652509158
8520.11,0.9889030635263771
8520.12,0.9885537083417718
8520.130000000001,0.9880097474609392
8520.14,0.9870722035615451
8520.150000000001,0.9853810657836279
8520.16,0.9825347930441819
8520.17,0.9780968236982542
8520.18,0.9719411592498358
8520.19,0.964486400385231
8520.2,0.9567976657235312
8520.21,0.9503406751272417
8520.22,0.9464066074126923
8520.23,0.9456251937948108
8520.24,0.9475701515753605
8520.25,0.9504471262945211
8520.26,0.9521744130761035
8520.27,0.94974650255657
8520.28,0.9402826595933985
8520.289999999999,0.9208656176698258
8520.300000000001,0.8894690319629848
8520.31,0.8461497596628345
8520.32,0.7943422254462212
8520.33,0.7414545167917643
8520.34,0.6942040288610203
8520.35,0.6584832272200214
8520.36,0.6376722278133831
8520.369999999999,0.6327422187616066
8520.380000000001,0.6441297718899451
8520.39,0.671521833046192
8520.400000000001,0.7134608656281972
8520.41,0.7654762455346249
8520.42,0.8207755284809822
8520.43,0.871352296168651
8520.44,0.9107515010931662
8520.45,0.9375331779270567
8520.460000000001,0.9538831511527714
8520.47,0.9631391789169743
8520.480000000001,0.9681912308302723
8520.49,0.9708004177184134
8520.5,0.972080958792504
8520.51,0.9724304862524705
8520.519999999999,0.9722667041873965
8520.53,0.9716986307929398
8520.539999999999,0.9707517615189332
8520.550000000001,0.9692969387847692
8520.56,0.9671114220309063
8520.57,0.9634834701671167
8520.58,0.9578946980657608
8520.59,0.9490163570557574
8520.6,0.9344501083288872
8520.61,0.9104431444740168
8520.619999999999,0.8730343765824523
8520.630000000001,0.8202905423331024
8520.64,0.7556824704001126
8520.65,0.6880115740797473
8520.66,0.6275470745044761
8520.67,0.5804759208799785
8520.68,0.5498838139550222
8520.69,0.5361181017986967
8520.7,0.538851983028477
8520.710000000001,0.5581403334175755
8520.72,0.5944159455553603
8520.730000000001,0.6466483095447111
8520.74,0.7105416591220893
8520.75,0.778837190885142
8520.76,0.8405275683324469
8520.77,0.8883631643579849
8520.78,0.9210196561970737
8520.79,0.9415088255450347
8520.8,0.9540740362189766
8520.810000000001,0.9617038059684474
8520.82,0.9666083939188411
8520.83,0.9691036083362851
8520.84,0.9700698789626895
8520.85,0.9699546102681416
8520.86,0.9693094306988806
8520.869999999999,0.9688102430590136
8520.880000000001,0.9690711668523715
8520.89,0.9704314615589813
8520.9,0.9728406503674311
8520.91,0.9758486792350792
8520.92,0.9789220430609711
8520.93,0.9815294487797842
8520.94,0.9833289988145009
8520.949999999999,0.9841684548313355
8520.960000000001,0.9840338411270613
8520.97,0.9830202656545179
8520.980000000001,0.9813025504872906
8520.99,0.9792943982032141
8521.0,0.9774532695351581
8521.01,0.9761818835356098
8521.02,0.9757088923949526
8521.03,0.9759341541707174
8521.04,0.9765316706938753
8521.05,0.9771643617314834
8521.060000000001,0.9776983382246558
8521.07,0.9782646745700097
8521.08,0.9791298524089163
8521.09,0.9804816497124673
8521.1,0.982287158841821
8521.11,0.9843060477180646
8521.12,0.9862600361331435
8521.130000000001,0.9878058888831254
8521.14,0.9889029142012913
8521.15,0.9896242936528139
8521.16,0.9899865896524123
8521.17,0.990096970190947
8521.18,0.9899003366663067
8521.19,0.9892219668092381
8521.199999999999,0.9876761371838824
8521.210000000001,0.9847296663295817
8521.22,0.9799167762489549
8521.23,0.9731031401425729
8521.24,0.9648410760694419
8521.25,0.9564641815043331
8521.26,0.9497764990432386
8521.27,0.9464330120813722
8521.28,0.94731699414937
8521.29,0.9522035475462329
8521.3,0.9598452958479563
8521.310000000001,0.9684471815418592
8521.32,0.9763281829588352
8521.33,0.9824487954304164
8521.34,0.9865572329885348
8521.35,0.9889477373792391
8521.36,0.9901670961263515
8521.37,0.9906971356939985
8521.38,0.9908301655528958
8521.390000000001,0.990665702183133
8521.4,0.99031724780687
8521.410000000002,0.9897463552887785
8521.42,0.9889778219751562
8521.43,0.9881495957964176
8521.44,0.9873825809087533
8521.449999999999,0.9867921206724594
8521.460000000001,0.9864155164664965
8521.47,0.9861903890554238
8521.48,0.9859440236190857
8521.49,0.9854648980941948
8521.5,0.9845830934530302
8521.51,0.9832440591600123
8521.52,0.9815627907895786
8521.529999999999,0.9798576725922366
8521.54,0.9785167259093747
8521.55,0.9780045177484982
8521.560000000001,0.9785826096123456
8521.57,0.9801785226429978
8521.58,0.98247448439201
8521.59,0.9849757947370532
8521.6,0.987230223010797
8521.61,0.9889583044258575
8521.62,0.990116775187406
8521.63,0.9908033667626053
8521.640000000001,0.9911641220373884
8521.65,0.9913015819971596
8521.66,0.9913423748322195
8521.67,0.9913327789331757
8521.68,0.9912658013300729
8521.69,0.9911848197544161
8521.7,0.9911042409258833
8521.710000000001,0.9910435873605117
8521.720000000001,0.991020347890296
8521.73,0.991042245123076
8521.740000000002,0.9911035536938219
8521.75,0.9911878500877614
8521.76,0.9912754073316971
8521.77,0.9913507234936866
8521.779999999999,0.991406375127059
8521.79,0.9914125673263782
8521.8,0.9914056781419628
8521.81,0.9913659399529213
8521.82,0.9913103982121447
8521.83,0.9912392521530514
8521.84,0.991158760369839
8521.85,0.9910824941890025
8521.86,0.9910489942622663
8521.87,0.9910256139243498
8521.88,0.9910488317670605
8521.890000000001,0.9911118146835997
8521.9,0.991197174928013
8521.91,0.9912847122118829
8521.92,0.9913589662379778
8521.93,0.9913594341429193
8521.94,0.9912539199800509
8521.95,0.990976144899894
8521.96,0.9902369769083017
8521.970000000001,0.9887610954953397
8521.98,0.986086392583414
8521.990000000002,0.9816469785520082
8522.0,0.9750692135734774
8522.01,0.9662781676559457
8522.02,0.9556618662653124
8522.03,0.9440869991646386
8522.04,0.9328019680628957
8522.050000000001,0.9232534877766766
8522.06,0.9169507704695729
8522.07,0.9151063164828079
8522.08,0.9183436876392347
8522.09,0.9263168192949037
8522.1,0.9377477799019587
8522.109999999999,0.9504733814589156
8522.12,0.9621289354513037
8522.13,0.9708344031620632
8522.140000000001,0.9756719249848167
8522.15,0.9767635767265466
8522.16,0.9749968201631073
8522.17,0.9717023975742136
8522.18,0.9684113337667652
8522.19,0.9664548693676484
8522.2,0.9665671749513687
8522.21,0.9686223157944014
8522.220000000001,0.9719046825399323
8522.23,0.9752624804615538
8522.24,0.9775734625322309
8522.25,0.9784267570374717
8522.26,0.9780245168056121
8522.27,0.9770931982618369
8522.28,0.976471901179346
8522.29,0.9767406254656059
8522.300000000001,0.978038884634153
8522.31,0.9801373988608877
8522.320000000002,0.9825252083619866
8522.33,0.9848373947118911
8522.34,0.9868063968268173
8522.35,0.9883170716944709
8522.36,0.9894382023476965
8522.37,0.9902146183996862
8522.38,0.99072239446442
8522.39,0.9910323334740148
8522.4,0.9912174342727871
8522.41,0.9912975695019403
8522.42,0.9913624908642532
8522.43,0.9913586819644576
8522.44,0.9913548349113105
8522.45,0.991323492551619
8522.46,0.9912662659809068
8522.470000000001,0.9910970914207073
8522.48,0.9907687657221877
8522.49,0.9901353011498528
8522.5,0.9890458249345602
8522.51,0.9873931670959438
8522.52,0.9852338265873894
8522.53,0.9827753674099844
8522.539999999999,0.9805110599441704
8522.550000000001,0.9789936876549301
8522.56,0.9786442889023559
8522.570000000002,0.9795661899899623
8522.58,0.9814963310448821
8522.59,0.9839237284340628
8522.6,0.986326571616954
8522.61,0.98824302637936
8522.62,0.9895573969563264
8522.630000000001,0.9903066212499949
8522.64,0.9905528611827453
8522.650000000001,0.9903293825341833
8522.66,0.989689651034587
8522.67,0.9885594057401449
8522.68,0.9869415076180696
8522.689999999999,0.9850729549150085
8522.7,0.9832461188235554
8522.71,0.9819183282244742
8522.720000000001,0.9814537336580785
8522.73,0.9819346549111099
8522.74,0.9832146942962091
8522.75,0.9848020679859245
8522.76,0.9861595953323062
8522.77,0.9867658529285247
8522.78,0.9862864001004568
8522.789999999999,0.9846459253963493
8522.800000000001,0.9820801617934587
8522.81,0.9791340338550064
8522.82,0.9765548703505885
8522.83,0.9750858649742286
8522.84,0.9751321790572143
8522.85,0.9767253427228021
8522.86,0.9794240964661051
8522.87,0.9824969910041107
8522.880000000001,0.9853464823503899
8522.89,0.9875015355649301
8522.900000000001,0.9888783577384614
8522.91,0.9895514801599146
8522.92,0.9897340953382218
8522.93,0.989660895250808
8522.94,0.9895726714533033
8522.95,0.9895238083909668
8522.960000000001,0.9896022519705818
8522.97,0.9898211089808933
8522.980000000001,0.9901184626517582
8522.99,0.9904228313084938
8523.0,0.9906798445804161
8523.01,0.9908649298378552
8523.02,0.9909800519008917
8523.03,0.9910417561026269
8523.039999999999,0.9910927205522579
8523.050000000001,0.9910870823381633
8523.06,0.9910814263438343
8523.07,0.9910757527002093
8523.08,0.9910441520608062
8523.09,0.9910299782414687
8523.1,0.991017550543587
8523.11,0.9910086787350588
8523.119999999999,0.9910042827863692
8523.130000000001,0.9910039560853529
8523.14,0.9910061611441362
8523.150000000001,0.9910089298581133
8523.16,0.9910239103243824
8523.17,0.9910180650174453
8523.18,0.9910122030053845
8523.19,0.9910063243456146
8523.2,0.9910004291194676
8523.210000000001,0.9909945173971566
8523.22,0.9909267672368863
8523.230000000001,0.990833223263376
8523.24,0.9906508809632129
8523.25,0.990330196519369
8523.26,0.9898299221051279
8523.27,0.9891474000766808
8523.28,0.9883488694452741
8523.289999999999,0.9875753884877826
8523.300000000001,0.9870324803372582
8523.31,0.9868274041547005
8523.32,0.9870423453207778
8523.33,0.9875887527136665
8523.34,0.9883559519057001
8523.35,0.9891390687894154
8523.36,0.9898005082053356
8523.369999999999,0.9902784939586712
8523.380000000001,0.9905783290947547
8523.39,0.9907425027705864
8523.4,0.9908206908174505
8523.41,0.990872289603157
8523.42,0.9907950922904915
8523.43,0.990652219344055
8523.44,0.9903049236408873
8523.45,0.9894969341105322
8523.460000000001,0.9879089215264728
8523.47,0.9851073122152748
8523.480000000001,0.9806630253094017
8523.49,0.9745252684667917
8523.5,0.9671555466684603
8523.51,0.9595895043233421
8523.52,0.9531965995884172
8523.53,0.949253110734881
8523.54,0.9485369759355294
8523.55,0.9511138627062575
8523.560000000001,0.9563641107112381
8523.57,0.9632039100290598
8523.58,0.9704098328874152
8523.59,0.9768990808754562
8523.6,0.9820344537237496
8523.61,0.9855520247898252
8523.619999999999,0.9875114265458007
8523.630000000001,0.9880888091108659
8523.64,0.9875494752649016
8523.65,0.9861297846915136
8523.66,0.984036569052823
8523.67,0.9817870262534986
8523.68,0.9798683514585316
8523.69,0.9788502031305619
8523.699999999999,0.9789696895421162
8523.710000000001,0.9801890780863293
8523.72,0.9820560808909475
8523.73,0.983945696244704
8523.74,0.985264324826384
8523.75,0.9856371449524352
8523.76,0.9850065249309797
8523.77,0.9836355074810078
8523.78,0.9820260960146253
8523.79,0.9807631294653674
8523.8,0.980317864967825
8523.810000000001,0.9808928904880488
8523.82,0.9823240077189418
8523.83,0.9842486283342443
8523.84,0.9862134603613006
8523.85,0.9878493200034694
8523.86,0.9890479210018285
8523.87,0.989800304456244
8523.880000000001,0.9901874953412253
8523.890000000001,0.9903690516722937
8523.9,0.990429714010387
8523.91,0.9904515032490965
8523.92,0.9904244416725698
8523.93,0.9904062734425497
8523.94,0.9904002321169814
8523.949999999999,0.9904360742811584
8523.960000000001,0.9904498534761096
8523.97,0.9904664428132288
8523.98,0.9904809914075661
8523.99,0.9905149018402954
8524.0,0.9905076263032285
8524.01,0.990500338240169
8524.02,0.9904930376144258
8524.03,0.9904857244229898
8524.04,0.9904783986549287
8524.05,0.9904710602952047
8524.060000000001,0.9904637093143157
8524.07,0.9904563457031468
8524.08,0.9904076559821652
8524.09,0.9903423012899822
8524.1,0.9902188444026258
8524.11,0.9900054274175923
8524.12,0.9896759563282561
8524.13,0.9892296520228208
8524.140000000001,0.9887100141131383
8524.15,0.9882085923207629
8524.16,0.9878661669955116
8524.17,0.9877342658048748
8524.18,0.9878238880755978
8524.19,0.98810399215226
8524.2,0.988370413161141
8524.210000000001,0.9884304865948563
8524.22,0.9880376943994613
8524.23,0.9870075537784991
8524.24,0.9851929765875096
8524.25,0.982683463953858
8524.26,0.979681101828205
8524.27,0.9766283023387965
8524.279999999999,0.973855924054897
8524.29,0.9716480517744465
8524.3,0.9700045544515656
8524.31,0.9687762072951971
8524.32,0.9676594935590064
8524.33,0.9664101673614209
8524.34,0.964980097575651
8524.35,0.9635841009514177
8524.36,0.9626335514175883
8524.37,0.9625622676296005
8524.38,0.9636437802321695
8524.390000000001,0.965837740124516
8524.4,0.9689870955866856
8524.41,0.9726647591053629
8524.42,0.9763962886711048
8524.43,0.9798324696636218
8524.44,0.9825975010507776
8524.45,0.9845912671593808
8524.46,0.9858603055925572
8524.470000000001,0.9865478192495893
8524.48,0.9869466347103119
8524.490000000002,0.9871620512120753
8524.5,0.9873410702011025
8524.51,0.9875275028897846
8524.52,0.987558787363608
8524.529999999999,0.9875029344886129
8524.54,0.9872594182986739
8524.55,0.9867122183471293
8524.56,0.9856951854131499
8524.57,0.9839285090435381
8524.58,0.9812994010339674
8524.59,0.9779274647224971
8524.6,0.9742508285736899
8524.61,0.9710093174116847
8524.62,0.9691216511543667
8524.63,0.9690399701840504
8524.640000000001,0.9707007117852816
8524.65,0.9735272407691554
8524.66,0.9766418833747708
8524.67,0.9793717286292207
8524.68,0.98135265709069
8524.69,0.9827105982838736
8524.7,0.9836991208801515
8524.71,0.9845620104016672
8524.720000000001,0.9853937241335763
8524.73,0.9861607067350364
8524.74,0.9868179735101978
8524.75,0.9872929407483175
8524.76,0.9876760503873738
8524.77,0.9880289031641198
8524.78,0.9883927824031205
8524.79,0.9887924728543563
8524.800000000001,0.9890803764762108
8524.81,0.989310161469908
8524.820000000002,0.9894140524051099
8524.83,0.9893491698888459
8524.84,0.9890835969367721
8524.85,0.9886037906136972
8524.859999999999,0.9879711734738031
8524.87,0.9872007230965548
8524.88,0.9864497664149297
8524.89,0.9859344898703579
8524.9,0.9857291806295961
8524.91,0.9858838684097055
8524.92,0.9862921907961614
8524.93,0.986794427255225
8524.94,0.9872386705283941
8524.95,0.9875408239500884
8524.96,0.9877030477831762
8524.970000000001,0.987790518900596
8524.98,0.9878868273798691
8524.99,0.98802082416235
8525.0,0.9882319181998929
8525.01,0.9883996833422877
8525.02,0.9884444147394466
8525.03,0.9882516719520386
8525.039999999999,0.987658003801287
8525.050000000001,0.9866762864707073
8525.06,0.9854010829310644
8525.070000000002,0.9840269043518003
8525.08,0.9829174078651097
8525.09,0.9822513106403057
8525.1,0.9822256711373427
8525.11,0.9827243780660575
8525.12,0.983500137683809
8525.130000000001,0.9842848458774328
8525.14,0.9849183940078253
8525.15,0.9853969224915443
8525.16,0.9858230017703589
8525.17,0.9863071830940611
8525.18,0.9868916844733144
8525.19,0.987535857379652
8525.2,0.9881704763044368
8525.21,0.9886732446997651
8525.220000000001,0.9890180332574033
8525.23,0.9892523185193436
8525.24,0.9893817264832804
8525.25,0.9894658862756562
8525.26,0.9894846806396322
8525.27,0.9894068714610016
8525.28,0.9892934707905319
8525.289999999999,0.98906406818448
8525.300000000001,0.9886653285040671
8525.31,0.9879713205196554
8525.32,0.9869404095440183
8525.33,0.9856586168017288
8525.34,0.9842915573790613
8525.35,0.9830933968448811
8525.36,0.9823816346872448
8525.37,0.9823257836154005
8525.380000000001,0.9829216142813455
8525.39,0.9839899086228779
8525.400000000001,0.985244177894675
8525.41,0.9864326138938759
8525.42,0.9873984666299644
8525.43,0.9880984998360676
8525.44,0.9885667176347832
8525.45,0.9888651561429672
8525.46,0.9890512103688617
8525.47,0.9891708193428015
8525.48,0.9892145749255509
8525.49,0.9892400746445822
8525.5,0.9892687095010944
8525.51,0.9892593115181739
8525.52,0.9892498978378954
8525.53,0.9892404684311497
8525.539999999999,0.9892310232796034
8525.550000000001,0.9892215623417564
8525.56,0.989212085621356
8525.57,0.9892025930578474
8525.58,0.9891930846451024
8525.59,0.9891835603366398
8525.6,0.9891740201161179
8525.61,0.9891644404210643
8525.619999999999,0.9891548680618945
8525.630000000001,0.9891452797046966
8525.64,0.9891356753105212
8525.650000000001,0.989126054870462
8525.66,0.9891401162410837
8525.67,0.9891304614945983
8525.68,0.9891207905944933
8525.69,0.9891111035150836
8525.7,0.9891014002245699
8525.710000000001,0.9890916807071676
8525.72,0.989081944921193
8525.730000000001,0.9890721928334173
8525.74,0.9890624244297572
8525.75,0.9890526396588739
8525.76,0.9890428385098574
8525.769999999999,0.989033020953365
8525.78,0.9890231869335908
8525.789999999999,0.9890133364491256
8525.800000000001,0.9890034694503741
8525.81,0.9889935859224517
8525.82,0.988983685830836
8525.83,0.988973769125597
8525.84,0.9889638358045799
8525.85,0.9889538858157768
8525.86,0.9889439191399397
8525.869999999999,0.9889339357368805
8525.880000000001,0.988923935578159
8525.89,0.9889139186469615
8525.9,0.9889038848901205
8525.91,0.9888569252188691
8525.92,0.9888092225601864
8525.93,0.9886954585513753
8525.94,0.9885423284414534
8525.95,0.9883181139355639
8525.960000000001,0.9880162652611514
8525.97,0.9876469081622922
8525.980000000001,0.9872436645329543
8525.99,0.9868647354519401
8526.0,0.9865833278043572
8526.01,0.9864663089209854
8526.02,0.9865479994977175
8526.03,0.9868127631781152
8526.04,0.9871981501502888
8526.05,0.9876187314812991
8526.060000000001,0.9880229238227204
8526.07,0.9883000233177931
8526.08,0.9884875098335253
8526.09,0.9885964679397968
8526.1,0.9886496807075106
8526.11,0.9886892376110223
8526.119999999999,0.9886788259749487
8526.130000000001,0.988668396752437
8526.14,0.9886579499268385
8526.15,0.9886474854426878
8526.16,0.9886370032893423
8526.17,0.9886265034123473
8526.18,0.9886159857747195
8526.19,0.9886054503659176
8526.199999999999,0.9885948971228999
8526.210000000001,0.9885843260247789
8526.22,0.9885737370282766
8526.230000000001,0.9885631301027747
8526.24,0.9885525052022265
8526.25,0.9885418623146645
8526.26,0.9885312013753226
8526.27,0.9885205223646153
8526.28,0.9885098252276252
8526.29,0.9884991099581408
8526.3,0.9884883764982407
8526.310000000001,0.9884776247998408
8526.32,0.9884668548482056
8526.33,0.9884560666059611
8526.34,0.9884452600030473
8526.35,0.9884344350311962
8526.36,0.9884235916442794
8526.37,0.9884127298100603
8526.380000000001,0.988401849475186
8526.39,0.988390950612718
8526.4,0.9883800331763543
8526.41,0.9883690971395789
8526.42,0.9883576535878169
8526.43,0.9883466696452151
8526.44,0.9883356666298334
8526.449999999999,0.9883246444653406
8526.460000000001,0.9883136031321266
8526.47,0.9883025425442564
8526.48,0.988208001170418
8526.49,0.9880697249318751
8526.5,0.9877892935491301
8526.51,0.9872714910232717
8526.52,0.9864183325334451
8526.53,0.9851813939577876
8526.54,0.9836277372137012
8526.55,0.9819792333648742
8526.560000000001,0.9805809030866696
8526.57,0.9797886627842277
8526.58,0.9798234601197395
8526.59,0.9805841550410226
8526.6,0.9818545814116924
8526.61,0.983141079477901
8526.62,0.9839439496627763
8526.63,0.9838518831146172
8526.640000000001,0.9826385712224054
8526.65,0.9803441716602154
8526.660000000002,0.9773315036514324
8526.67,0.9742038885795345
8526.68,0.9718018504224852
8526.69,0.9706405770742871
8526.699999999999,0.9709466084900271
8526.710000000001,0.9723544355708954
8526.72,0.9741201292195905
8526.73,0.9754679036026348
8526.74,0.9759645256762539
8526.75,0.9757084645613621
8526.76,0.9752281285040088
8526.77,0.975167749657608
8526.779999999999,0.9759564794513977
8526.79,0.9776333103812771
8526.8,0.9798860761702295
8526.810000000001,0.9822536277252926
8526.82,0.9842975242098275
8526.83,0.9858226916453273
8526.84,0.9867640475375293
8526.85,0.9872746752298358
8526.86,0.9874714524958746
8526.87,0.9874733755392936
8526.88,0.9873954823054019
8526.890000000001,0.9872301363414485
8526.9,0.9870898808932348
8526.91,0.9870084776892479
8526.92,0.9870060941260635
8526.93,0.9870798494421956
8526.94,0.9871659628684913
8526.95,0.9872688635510635
8526.960000000001,0.9873337267450994
8526.970000000001,0.987341026318677
8526.98,0.9872942876383213
8526.990000000002,0.9872170840835016
8527.0,0.9871597263114875
8527.01,0.9870782996548024
8527.02,0.9870452792983008
8527.029999999999,0.9870277598953636
8527.04,0.9869913139838865
8527.05,0.9869041329168412
8527.06,0.9867565497873059
8527.07,0.9865722164839374
8527.08,0.9863780021542775
8527.09,0.9862973824101584
8527.1,0.9862947023234061
8527.11,0.9864156388920248
8527.12,0.9865884194152009
8527.13,0.9867804693482505
8527.140000000001,0.9869116157109044
8527.15,0.9869513349436178
8527.16,0.9868409939685344
8527.17,0.98662393583111
8527.18,0.9863514626235156
8527.19,0.9861073781158322
8527.2,0.9859399819584345
8527.21,0.9859188473188105
8527.220000000001,0.9860455942966906
8527.23,0.9862788441149459
8527.240000000002,0.9865532224452711
8527.25,0.9868065339889798
8527.26,0.9870001079170935
8527.27,0.9871222709196273
8527.28,0.9871794394760457
8527.29,0.9871880524980536
8527.300000000001,0.9871370991255959
8527.31,0.9870082441861266
8527.32,0.9867751810316435
8527.33,0.9863338834328731
8527.34,0.9855601519997726
8527.35,0.9843235061505142
8527.359999999999,0.9825519801564107
8527.37,0.9803052164791396
8527.38,0.9779344344270995
8527.390000000001,0.9758886868998693
8527.4,0.9746530923236515
8527.41,0.9745447186861748
8527.42,0.9755506676601616
8527.43,0.9773662099886811
8527.44,0.9795288955847685
8527.45,0.981611592325363
8527.46,0.9832877809957884
8527.470000000001,0.9844941760408755
8527.48,0.9851908977774672
8527.49,0.9853807691441424
8527.5,0.9849770965468555
8527.51,0.9839985340545764
8527.52,0.982406614926334
8527.53,0.9801967012494623
8527.54,0.9774043269525434
8527.550000000001,0.9740973400724542
8527.56,0.9702985738298923
8527.570000000002,0.9660234995809792
8527.58,0.9614155237989244
8527.59,0.9567781793961645
8527.6,0.9526404873316567
8527.61,0.9494959341404549
8527.62,0.947682764811654
8527.63,0.9472361047633024
8527.64,0.9478318397266462
8527.65,0.9488354886241809
8527.66,0.9495076772204984
8527.67,0.9493763980839318
8527.68,0.9485492704772552
8527.69,0.9478569044424501
8527.7,0.9484268521005326
8527.71,0.9511155536342324
8527.720000000001,0.9560668089456901
8527.73,0.962532759158172
8527.74,0.9693907342202055
8527.75,0.9754965871702783
8527.76,0.9801788505758757
8527.77,0.9832572213677967
8527.78,0.9850484515381706
8527.789999999999,0.9859642495849036
8527.800000000001,0.9863753568220851
8527.81,0.9865346481735958
8527.820000000002,0.9866128583270654
8527.83,0.9865987064504711
8527.84,0.9865845167816859
8527.85,0.9865702893404994
8527.86,0.9865560241332294
8527.87,0.9865417211027905
8527.880000000001,0.9865273801353724
8527.89,0.9865130003933914
8527.900000000001,0.9864985830534074
8527.91,0.9864841272153332
8527.92,0.9864696326283126
8527.93,0.9864550989764801
8527.939999999999,0.9864405259481408
8527.95,0.9863869614537679
8527.96,0.9863221305738017
8527.970000000001,0.9861839826113507
8527.98,0.9859832890925324
8527.99,0.9856932220542755
8528.0,0.9853250808107803
8528.01,0.9849259765407054
8528.02,0.9845743837755486
8528.03,0.9843559782444106
8528.039999999999,0.9843286852917382
8528.050000000001,0.9844961290280458
8528.06,0.9848059147280628
8528.07,0.9851738412869357
8528.08,0.9855189411845227
8528.09,0.9857896894237457
8528.1,0.985970820322944
8528.11,0.9860737841287068
8528.12,0.9861332911550649
8528.130000000001,0.9861554423261434
8528.14,0.9861399529200247
8528.150000000001,0.9861244076638587
8528.16,0.9861088051617817
8528.17,0.9860931439212598
8528.18,0.9860774223565426
8528.19,0.9860616388019453
8528.2,0.9860457914522658
8528.210000000001,0.9860298784428552
8528.22,0.9860138977487344
8528.230000000001,0.9859978472042953
8528.24,0.9859817245390661
8528.25,0.9859655273333437
8528.26,0.9859241535277233
8528.27,0.9858933179704826
8528.28,0.9858602063711875
8528.289999999999,0.9858283604152979
8528.300000000001,0.9858006541766176
8528.31,0.9857806580550644
8528.32,0.9857693412847046
8528.33,0.985765084004089
8528.34,0.9857644441506693
8528.35,0.985762837338485
8528.36,0.9857811191261717
8528.369999999999,0.985763745647415
8528.380000000001,0.9857462450142858
8528.39,0.985728610664255
8528.4,0.9857108355250609
8528.41,0.985692911918995
8528.42,0.9856748315124387
8528.43,0.9856565852616278
8528.44,0.9856137503642135
8528.45,0.9855577918642169
8528.460000000001,0.9854597672955796
8528.47,0.9852915446846527
8528.480000000001,0.9850241420638267
8528.49,0.9846432239977352
8528.5,0.9841416335893
8528.51,0.9836241391414724
8528.52,0.9831802940435163
8528.53,0.982919758120781
8528.54,0.9829111895413399
8528.550000000001,0.9831505809472075
8528.56,0.9835391764533962
8528.57,0.9840058679013095
8528.58,0.9844344672265632
8528.59,0.9847653864841206
8528.6,0.984984617080169
8528.61,0.9851234464417662
8528.619999999999,0.9851749732737305
8528.630000000001,0.985209504069833
8528.64,0.9852045222793924
8528.65,0.9851769338642933
8528.66,0.9851483101694424
8528.67,0.9851185296134002
8528.68,0.9850874515770534
8528.69,0.9850549127093422
8528.7,0.984977209178618
8528.710000000001,0.9848644733075935
8528.72,0.9846468375693486
8528.730000000001,0.9842321042741791
8528.74,0.9834969816303772
8528.75,0.9823231017335731
8528.76,0.9806682532175394
8528.77,0.9786481083053559
8528.78,0.9765733692474259
8528.79,0.974890212518883
8528.8,0.9740247057055895
8528.810000000001,0.9742025543604383
8528.82,0.9753454493966697
8528.83,0.9771062364185504
8528.84,0.9790208823016484
8528.85,0.9806541068833485
8528.86,0.9818062013598445
8528.869999999999,0.9824073700636297
8528.880000000001,0.9825165134247281
8528.89,0.982231780770876
8528.9,0.9816099796250319
8528.91,0.9807269139414108
8528.92,0.9796123191087771
8528.93,0.9780895116710977
8528.94,0.9760313231702362
8528.949999999999,0.9732071257471956
8528.960000000001,0.9694287237568753
8528.97,0.9647565135867415
8528.98,0.9596817396400503
8528.99,0.9545489476965713
8529.0,0.9508393274543683
8529.01,0.9493020887344504
8529.02,0.9502898015929085
8529.03,0.9534571384120938
8529.04,0.9584895765918403
8529.05,0.9638870472322242
8529.060000000001,0.9688478857279835
8529.07,0.9731950100210622
8529.08,0.9764201957843716
8529.09,0.9786961757473106
8529.1,0.9802234503517477
8529.11,0.9811955190591841
8529.12,0.9818736974210437
8529.130000000001,0.9823644879074585
8529.140000000001,0.9826985447638658
8529.15,0.9828593781185507
8529.160000000002,0.9829085353640115
8529.17,0.982748530992948
8529.18,0.9822661579611371
8529.19,0.9813265907850904
8529.199999999999,0.9798370784290901
8529.210000000001,0.9778384753047633
8529.22,0.9755751418202401
8529.23,0.9734788427759
8529.24,0.9720629229693638
8529.25,0.9717072638419757
8529.26,0.9725154570557225
8529.27,0.9742353988637087
8529.28,0.9763620095538414
8529.29,0.9784592099981829
8529.3,0.9801222287073181
8529.310000000001,0.9811796696665894
8529.32,0.981620007392474
8529.33,0.9815358021116484
8529.34,0.9810650676538467
8529.35,0.9804362056617328
8529.36,0.9798862442065309
8529.37,0.9795750973802715
8529.38,0.9796565539428541
8529.390000000001,0.980100557709448
8529.4,0.9808146345236894
8529.41,0.9816088019626481
8529.42,0.9823224724397219
8529.43,0.9828653717557027
8529.44,0.983224123091088
8529.45,0.9834359419232666
8529.460000000001,0.983553754131629
8529.470000000001,0.9836213034956188
8529.48,0.9836766862255197
8529.49,0.9836980523265494
8529.5,0.9837145851596362
8529.51,0.983723490157725
8529.52,0.9837383645985067
8529.529999999999,0.983726049250405
8529.54,0.9837131491835723
8529.55,0.9836997274445611
8529.56,0.9836396422177225
8529.57,0.9835836569965591
8529.58,0.983506158866838
8529.59,0.9834089508169784
8529.6,0.9833022498875801
8529.61,0.983204194553567
8529.62,0.983135552662667
8529.63,0.9831113598383704
8529.640000000001,0.9831340129542765
8529.65,0.9831921256809658
8529.66,0.9832658916084438
8529.67,0.9833355358024223
8529.68,0.983387983270566
8529.69,0.9834189063694899
8529.7,0.9833491522038376
8529.71,0.9832147189133601
8529.720000000001,0.9828554392469967
8529.73,0.9821213854569197
8529.740000000002,0.9807717057595071
8529.75,0.9785720819212581
8529.76,0.975433991209243
8529.77,0.9715751297515296
8529.779999999999,0.9675919037535617
8529.79,0.9643448636047641
8529.8,0.9626645686141921
8529.81,0.9630141458797701
8529.82,0.9652888397479416
8529.83,0.9688619192833978
8529.84,0.9728518859340471
8529.85,0.9764655473955005
8529.86,0.9792384097857343
8529.87,0.9810767191966903
8529.88,0.982139766968757
8529.890000000001,0.9826768081583602
8529.9,0.9829107157661814
8529.91,0.9829931990706251
8529.92,0.9830266198223192
8529.93,0.9830042894882872
8529.94,0.98298153736201
8529.95,0.9829583031971949
8529.96,0.9829345126423144
8529.970000000001,0.9829100730755685
8529.98,0.9828848681213858
8529.99,0.9828587500130203
8530.0,0.9828315255311804
8530.01,0.9828029458641745
8530.02,0.9827726981412044
8530.03,0.9827403372013065
8530.04,0.9827052537468707
8530.050000000001,0.9826665956927492
8530.06,0.9826231400548727
8530.070000000002,0.9825416705966828
8530.08,0.9824238122140747
8530.09,0.9822103046893185
8530.1,0.9818238928416624
8530.109999999999,0.9811455968438842
8530.12,0.9800444739525829
8530.13,0.9784473400681059
8530.14,0.97640927791944
8530.15,0.9741595268639339
8530.16,0.972054223084522
8530.17,0.9705635161598348
8530.18,0.9699907871280229
8530.19,0.9704555757059
8530.2,0.9717096453538407
8530.21,0.9733974523481421
8530.220000000001,0.9752074035460792
8530.23,0.9768023356096923
8530.24,0.978060122688101
8530.25,0.9790070056465253
8530.26,0.9796130198914393
8530.27,0.9798938011296422
8530.28,0.9798864225974291
8530.289999999999,0.9795679255433549
8530.300000000001,0.9791039178201124
8530.31,0.9786626547929717
8530.320000000002,0.9784153334110751
8530.33,0.9784862688688098
8530.34,0.9788253061784484
8530.35,0.9793497825805534
8530.36,0.9799249350911861
8530.37,0.9803663390488628
8530.380000000001,0.9805088754820727
8530.39,0.9801955565960111
8530.4,0.9792853597921332
8530.41,0.9777015125593547
8530.42,0.9755442175696767
8530.43,0.9730425953705916
8530.439999999999,0.9707735390919356
8530.45,0.9692562391930915
8530.46,0.9689402014275806
8530.470000000001,0.9699110362093079
8530.48,0.9718881761045475
8530.49,0.9743500791081843
8530.5,0.9767508260421325
8530.51,0.9787086520541569
8530.52,0.9800797354833881
8530.53,0.9809141878961607
8530.539999999999,0.9813564810619091
8530.550000000001,0.9815578583668247
8530.56,0.9816317030119711
8530.57,0.9816643789668023
8530.58,0.9815812972588143
8530.59,0.9814735328027413
8530.6,0.9812800163747692
8530.61,0.9809543676837882
8530.62,0.9804594535795884
8530.630000000001,0.9797606687333063
8530.64,0.978956418051337
8530.650000000001,0.9781582540929447
8530.66,0.9775309021100548
8530.67,0.9772175118013546
8530.68,0.9772815978210365
8530.69,0.9776838777830272
8530.7,0.978305962438575
8530.71,0.9790032643802956
8530.72,0.9796552836281446
8530.73,0.9801908826747994
8530.74,0.9805869661617252
8530.75,0.9808529807182695
8530.76,0.9809500792602921
8530.77,0.9809315556057729
8530.78,0.9806485283840857
8530.789999999999,0.9799905999552344
8530.800000000001,0.9786280963102052
8530.81,0.9762710387813677
8530.82,0.9726822072278762
8530.83,0.9679361976613697
8530.84,0.9625885336463101
8530.85,0.9576454642780644
8530.86,0.9542732677854329
8530.869999999999,0.9533601939442863
8530.880000000001,0.9551526455373021
8530.89,0.9591516500771926
8530.900000000001,0.964321482866432
8530.91,0.9694665763413223
8530.92,0.9737459776023063
8530.93,0.9767498816933418
8530.94,0.978521284591959
8530.95,0.9793472931642199
8530.960000000001,0.9795717454532517
8530.97,0.9794911267557536
8530.980000000001,0.9792442985959818
8530.99,0.9790175244940859
8531.0,0.9787407486899191
8531.01,0.9783031375688721
8531.019999999999,0.9775602880460297
8531.03,0.9763400202266732
8531.039999999999,0.9746227546425438
8531.050000000001,0.9726116971185605
8531.06,0.9707226533983097
8531.07,0.9694534384300663
8531.08,0.9691837858426379
8531.09,0.9700205570376145
8531.1,0.9717093152490269
8531.11,0.9738291237483191
8531.119999999999,0.9759065828126594
8531.130000000001,0.9776073118065137
8531.14,0.9788178036547213
8531.15,0.9794733543311333
8531.16,0.9797382658600939
8531.17,0.9796334807417628
8531.18,0.979062079755186
8531.19,0.9779140134646057
8531.2,0.9759123905380808
8531.210000000001,0.972957289672307
8531.22,0.9691302393303327
8531.230000000001,0.9649285833154955
8531.24,0.9611178602337042
8531.25,0.9585585166377065
8531.26,0.9578779077465299
8531.27,0.9592261808594618
8531.28,0.9622251728982637
8531.29,0.9661294658137372
8531.3,0.9701137814143783
8531.310000000001,0.9735418279384733
8531.32,0.9761044986215798
8531.33,0.9777943375685839
8531.34,0.9787847681130902
8531.35,0.9793008117089826
8531.36,0.9795015780462211
8531.369999999999,0.9795769808927153
8531.380000000001,0.9794975940739925
8531.39,0.9793165363373888
8531.4,0.9790579436714948
8531.41,0.9787291249288089
8531.42,0.9783684957952219
8531.43,0.9780431637305448
8531.44,0.9778288658146057
8531.449999999999,0.9777791692933143
8531.460000000001,0.9779007610528676
8531.47,0.9781502328238365
8531.480000000001,0.9784544472118157
8531.49,0.9787415768567044
8531.5,0.9789650428083212
8531.51,0.979110321403138
8531.52,0.9791868851976172
8531.53,0.9792146238564796
8531.54,0.9792302396969961
8531.55,0.9792023406699826
8531.560000000001,0.9791743832290903
8531.57,0.9791463672481628
8531.58,0.9791182925816753
8531.59,0.9790901590942204
8531.6,0.9790619666767317
8531.61,0.9790337151791826
8531.62,0.9790054044590151
8531.630000000001,0.9789770343919731
8531.64,0.9789486048349231
8531.65,0.9789201156598528
8531.66,0.9788915667018251
8531.67,0.9788629578413659
8531.68,0.9788342889345382
8531.69,0.9788055598416867
8531.699999999999,0.9787767704070329
8531.710000000001,0.9787479204935009
8531.72,0.9787190099723152
8531.73,0.97869003867434
8531.74,0.9786610064511526
8531.75,0.9786319131765231
8531.76,0.9786027586865249
8531.77,0.9785735428324348
8531.78,0.9785442654812173
8531.79,0.9784681061744258
8531.8,0.978301747867004
8531.810000000001,0.9779767033326185
8531.82,0.9772975177870281
8531.83,0.9759982672844045
8531.84,0.9737747557187605
8531.85,0.9704195264013408
8531.86,0.9660174699973979
8531.87,0.9610950181472272
8531.88,0.9565840900386532
8531.890000000001,0.9535529681058118
8531.9,0.9528002964062694
8531.910000000002,0.9545277163286371
8531.92,0.9582535339960453
8531.93,0.9630152336221239
8531.94,0.967754188300586
8531.949999999999,0.971689249037884
8531.960000000001,0.9744905289874162
8531.97,0.9761916786864194
8531.98,0.9771156286479595
8531.99,0.9775734902213032
8532.0,0.9777212579604739
8532.01,0.9777623959605619
8532.02,0.977773120939721
8532.029999999999,0.9777520637302591
8532.04,0.9777321641928084
8532.05,0.977730691878549
8532.060000000001,0.9776996201126852
8532.07,0.9776684822798083
8532.08,0.9776372782135598
8532.09,0.9775590136420858
8532.1,0.9774531662614809
8532.11,0.9772596073828346
8532.12,0.9768670274658041
8532.13,0.976184492345143
8532.140000000001,0.975108500701912
8532.15,0.9735273340720095
8532.16,0.9713936477915404
8532.17,0.9687315753224319
8532.18,0.9656411335756976
8532.19,0.9622718696936264
8532.2,0.9589551384323991
8532.210000000001,0.9560917197891434
8532.220000000001,0.954190859358207
8532.23,0.9537259653304381
8532.240000000002,0.9549225334665673
8532.25,0.957682058284654
8532.26,0.9614514768809644
8532.27,0.9655306575213014
8532.279999999999,0.9692031891188747
8532.29,0.9720417311765235
8532.3,0.9738583957962321
8532.31,0.9748407204296791
8532.32,0.9752533240282679
8532.33,0.9752969110802867
8532.34,0.9752332671361326
8532.35,0.9751901095869425
8532.36,0.9750901860077251
8532.37,0.9749816387163684
8532.38,0.9747210078185964
8532.390000000001,0.9741460479875583
8532.4,0.972974014331175
8532.41,0.9708081597978845
8532.42,0.9672326088114732
8532.43,0.9620729382971026
8532.44,0.9555815311612956
8532.45,0.9487805292220043
8532.46,0.9431124474095993
8532.470000000001,0.9400050730552469
8532.48,0.9403135551519213
8532.490000000002,0.9439977317491108
8532.5,0.9500463210177209
8532.51,0.9570375453179719
8532.52,0.9635499817379531
8532.53,0.9686706001943036
8532.54,0.9721376752191785
8532.550000000001,0.9741810905763403
8532.56,0.9752330563912442
8532.57,0.9757022543377314
8532.58,0.9758757237861296
8532.59,0.9759178536567563
8532.6,0.9759188386992881
8532.609999999999,0.9758838570900674
8532.62,0.9758487988171863
8532.63,0.9758136637040429
8532.640000000001,0.9757784514997996
8532.65,0.975743162012644
8532.66,0.9757077950163889
8532.67,0.9756723503164895
8532.68,0.9756368276815683
8532.69,0.9756012269009441
8532.7,0.9755655477397521
8532.71,0.9755297900046034
8532.720000000001,0.9754939534731235
8532.73,0.9754580379155541
8532.74,0.9754220431131171
8532.75,0.9753859688484009
8532.76,0.9753498148950224
8532.77,0.9753135810389834
8532.78,0.9752772670450467
8532.79,0.9752408727016114
8532.800000000001,0.9752043977805877
8532.81,0.9751678420454338
8532.820000000002,0.9751312052767145
8532.83,0.9750944872526506
8532.84,0.9750576877359446
8532.85,0.975020806513544
8532.86,0.9749838433276058
8532.87,0.9749467979794796
8532.88,0.974909670210879
8532.89,0.9748724598145644
8532.9,0.9748351665425194
8532.91,0.974797790154696
8532.92,0.9747603304351823
8532.93,0.9747227871290032
8532.94,0.9746366715713922
8532.95,0.9745330486639254
8532.96,0.9743079744943794
8532.970000000001,0.9739706810332612
8532.98,0.9734480510111487
8532.99,0.9727172553833968
8533.0,0.9718146235289178
8533.01,0.9708540337551677
8533.02,0.9700124122689235
8533.03,0.9694770046925995
8533.039999999999,0.9693774968800017
8533.050000000001,0.9697293247004255
8533.06,0.9704299569582947
8533.07,0.971299391729998
8533.08,0.9721529235530315
8533.09,0.9728577857399554
8533.1,0.9733581617357895
8533.11,0.9736638977552742
8533.12,0.9738205659910221
8533.130000000001,0.9738912888885851
8533.14,0.9739146458626583
8533.150000000001,0.9738752026171343
8533.16,0.9738356701574982
8533.17,0.9737960482151914
8533.18,0.9737563365362145
8533.189999999999,0.973716534876395
8533.2,0.9736766429405953
8533.21,0.9736366605050928
8533.220000000001,0.9735965872952306
8533.23,0.9735564230488342
8533.24,0.9735161675102071
8533.25,0.9734758204047664
8533.26,0.9734086857486994
8533.27,0.973337266982639
8533.28,0.9732420676137693
8533.289999999999,0.9731164511899024
8533.300000000001,0.9729605740992293
8533.31,0.9727862623751119
8533.32,0.9726171923054351
8533.33,0.9724852053892087
8533.34,0.9724149986389159
8533.35,0.9724151681704122
8533.36,0.9724735085571923
8533.37,0.9725628068389073
8533.380000000001,0.9726528120076614
8533.39,0.9727212516494815
8533.400000000001,0.9727586412624375
8533.41,0.9727447486246602
8533.42,0.9727470404517323
8533.43,0.9727006779969616
8533.44,0.9726572415171246
8533.45,0.9726171141139005
8533.460000000001,0.9725796716337958
8533.47,0.9725435796370336
8533.480000000001,0.9725211357346959
8533.49,0.9724785004641404
8533.5,0.9724357666524971
8533.51,0.9723929340118979
8533.52,0.9723500022586276
8533.53,0.972306971091524
8533.539999999999,0.9722638402282616
8533.550000000001,0.9722206093477073
8533.56,0.9721772781959054
8533.57,0.9721338464595832
8533.58,0.972059174312517
8533.59,0.9719765193677827
8533.6,0.9718603383954155
8533.61,0.9717060416203971
8533.619999999999,0.9714916466443767
8533.630000000001,0.971236536717125
8533.64,0.9709729573289998
8533.65,0.970749042403573
8533.66,0.9706124577920018
8533.67,0.9705900575993865
8533.68,0.9706313828111626
8533.69,0.9707422046670734
8533.7,0.9708448393253388
8533.710000000001,0.9708926386433625
8533.72,0.9708276530478867
8533.730000000001,0.9706870934836623
8533.74,0.9704641747573867
8533.75,0.9701822654690263
8533.76,0.9697708804252336
8533.77,0.9692625881403506
8533.78,0.9686729994613631
8533.79,0.9680771988579044
8533.800000000001,0.9676025647858849
8533.81,0.967382549188128
8533.82,0.9674929177165705
8533.83,0.9679109040192021
8533.84,0.9685364343868481
8533.85,0.9691840766212858
8533.86,0.969750640911226
8533.869999999999,0.9701650682316811
8533.880000000001,0.9704194783313621
8533.89,0.970545422777329
8533.9,0.9705861908331802
8533.91,0.9705787310092147
8533.92,0.9705558503280732
8533.93,0.970508577829373
8533.94,0.9704611930038844
8533.95,0.9703486842827416
8533.960000000001,0.9702206099836143
8533.97,0.9700247548907928
8533.980000000001,0.96973630172693
8533.99,0.969346587583492
8534.0,0.9688803797031842
8534.01,0.9684040468160178
8534.02,0.9680132999882306
8534.03,0.9677998119473026
8534.04,0.967811762264126
8534.05,0.9680312270035022
8534.060000000001,0.9683827140508193
8534.07,0.9687673709158695
8534.08,0.9691019414013274
8534.09,0.9692813045022873
8534.1,0.9692988230220381
8534.11,0.9690410978839856
8534.119999999999,0.9683135243739408
8534.130000000001,0.9667963662007162
8534.14,0.9640043903397395
8534.15,0.9595762929768705
8534.16,0.9534487846017605
8534.17,0.9461721062810491
8534.18,0.9389620972305344
8534.19,0.9333978476527539
8534.199999999999,0.9308423382636775
8534.210000000001,0.9319683348355489
8534.22,0.9364205196452883
8534.23,0.9429851203406999
8534.24,0.9500497125642994
8534.25,0.9562041810460175
8534.26,0.9606778654415322
8534.27,0.9634182710075629
8534.28,0.9648546384711054
8534.29,0.9655580213561679
8534.3,0.9659887106140219
8534.310000000001,0.9663974150680696
8534.32,0.9668763375964897
8534.33,0.9673080361722775
8534.34,0.9676877535214917
8534.35,0.9679634942599687
8534.36,0.9681274648506255
8534.37,0.9682003342547794
8534.38,0.9682119916039024
8534.390000000001,0.9682068516427643
8534.4,0.9681539099692299
8534.410000000002,0.9681008385292212
8534.42,0.9680476369015503
8534.43,0.9679943046919
8534.44,0.9679408414817985
8534.449999999999,0.967887246851212
8534.460000000001,0.9678335204154052
8534.47,0.9677796617352612
8534.48,0.9677256704147863
8534.49,0.9676715460247064
8534.5,0.9676172881502644
8534.51,0.9675411826766492
8534.52,0.9674771679337387
8534.53,0.9674133442177256
8534.54,0.9673519106714474
8534.55,0.9672947219075605
8534.560000000001,0.9672424514912721
8534.57,0.9671942670482979
8534.58,0.9671482297245318
8534.59,0.9671021575451084
8534.6,0.9670672747418733
8534.61,0.9670115205159449
8534.62,0.9668991635900496
8534.63,0.9667832223785654
8534.640000000001,0.9666252533605414
8534.65,0.9663800493740461
8534.66,0.9660210190933626
8534.67,0.9654980018889451
8534.68,0.9646530917385859
8534.69,0.963209375220337
8534.7,0.9607472948657572
8534.710000000001,0.9568044639933129
8534.720000000001,0.9511265569024883
8534.73,0.9439894762821136
8534.74,0.9363809778376678
8534.75,0.9298374357461949
8534.76,0.9259663066125293
8534.77,0.92575560153606
8534.779999999999,0.9293267041145926
8534.79,0.9356851178767766
8534.8,0.9433674562772697
8534.81,0.9507426194035502
8534.82,0.9566907784502138
8534.83,0.9608248475410682
8534.84,0.9632891623833203
8534.85,0.9645772296487564
8534.86,0.9651549118152949
8534.87,0.965363545997537
8534.88,0.9654047551824779
8534.890000000001,0.9653930919955159
8534.9,0.9652928505572899
8534.91,0.9651818463010249
8534.92,0.9650266460760487
8534.93,0.9648098779287065
8534.94,0.9645239200027953
8534.95,0.9641828209905026
8534.96,0.9638289558078049
8534.970000000001,0.963526328199357
8534.98,0.9633389581412568
8534.990000000002,0.963303608991615
8535.0,0.9634125386975328
8535.01,0.9636172088230953
8535.02,0.9638505531577661
8535.03,0.9640539926096545
8535.04,0.9641945905571633
8535.05,0.9642666766358248
8535.06,0.9642824429279179
8535.07,0.9642601095604728
8535.08,0.9642273364304872
8535.09,0.964164399867052
8535.1,0.9641013015773706
8535.109999999999,0.9640380410366002
8535.12,0.9639746177113445
8535.13,0.963818843288318
8535.140000000001,0.9636706971909637
8535.15,0.9634784803093445
8535.16,0.963244942528867
8535.17,0.9629902038531675
8535.18,0.9627512906848149
8535.19,0.9625716647315087
8535.2,0.9624839305201796
8535.21,0.9624949374381969
8535.220000000001,0.9625824922645946
8535.23,0.9627058151375827
8535.24,0.9628230504862632
8535.25,0.9629057797773444
8535.26,0.9628923816766097
8535.27,0.9627922555931341
8535.28,0.9625463648720025
8535.29,0.9619472751704718
8535.300000000001,0.9608368248288918
8535.31,0.9589349234715032
8535.320000000002,0.9561067613787152
8535.33,0.9524084595393287
8535.34,0.9482815853691993
8535.35,0.9445090541656167
8535.359999999999,0.9419853996282688
8535.37,0.9413742193376855
8535.38,0.9428287934416334
8535.39,0.9459255870146752
8535.4,0.9498460942658281
8535.41,0.9537105826968703
8535.42,0.9568839606492716
8535.43,0.9591259190114789
8535.44,0.9604683950790359
8535.45,0.9611669415904508
8535.46,0.961467605581717
8535.470000000001,0.9615568706967573
8535.48,0.9615480732911211
8535.49,0.9615080070440224
8535.5,0.9614379739632833
8535.51,0.9613677555083067
8535.52,0.9612973510620911
8535.53,0.9612267599783237
8535.539999999999,0.9611559816233484
8535.550000000001,0.9610850153841075
8535.56,0.9610138606217108
8535.570000000002,0.9609425166767039
8535.58,0.9608709829323892
8535.59,0.9607992587347034
8535.6,0.960727343428765
8535.61,0.9606552363777765
8535.62,0.9605829369237207
8535.630000000001,0.9605104444111772
8535.64,0.9604377581855887
8535.650000000001,0.9603648775862408
8535.66,0.9602918019461003
8535.67,0.9602185306139036
8535.68,0.9601450629021968
8535.689999999999,0.9600172460840127
8535.7,0.9598458840547586
8535.71,0.959540050846158
8535.720000000001,0.958974790469451
8535.73,0.9579774291117155
8535.74,0.9563728532926742
8535.75,0.9540804843472619
8535.76,0.9512329569329012
8535.77,0.9482406920289403
8535.78,0.9457248494843634
8535.789999999999,0.9443109653772395
8535.800000000001,0.9443743833003783
8535.81,0.9458751249961029
8535.82,0.9483757961377628
8535.83,0.9512323004813241
8535.84,0.9538497372914388
8535.85,0.955867643472621
8535.86,0.9571622638323781
8535.87,0.9578355110542691
8535.880000000001,0.9579759945580568
8535.89,0.9575850377554803
8535.900000000001,0.956421788346132
8535.91,0.9541331839228265
8535.92,0.9502213398474845
8535.93,0.9443182403322098
8535.94,0.9364114683560563
8535.95,0.9271595549455214
8535.960000000001,0.9176714397442082
8535.97,0.9094026305436386
8535.98,0.9036347347894607
8535.99,0.9012774409047182
8536.0,0.9026294051256446
8536.01,0.9074116425255793
8536.02,0.914808876560466
8536.03,0.9236075558106098
8536.039999999999,0.9324561462358721
8536.050000000001,0.9401874650720964
8536.06,0.9461971542937313
8536.07,0.9503887698248876
8536.08,0.9530311306954391
8536.09,0.9546073311785532
8536.1,0.9555402833462788
8536.11,0.9560110525688714
8536.119999999999,0.9562330512285292
8536.130000000001,0.9563176575853136
8536.14,0.9562600048717484
8536.150000000001,0.9560996851884878
8536.16,0.9559146983739578
8536.17,0.9556746566492907
8536.18,0.9554454197270784
8536.19,0.9552560057826349
8536.2,0.9551310388307953
8536.210000000001,0.9550814509745844
8536.22,0.9550330610069501
8536.230000000001,0.9549978918795641
8536.24,0.9548830893911862
8536.25,0.9545714508212026
8536.26,0.9540066161315621
8536.269999999999,0.9531660424667173
8536.28,0.952134028704081
8536.289999999999,0.9510664848396448
8536.300000000001,0.9501819808944203
8536.31,0.9497339426170709
8536.32,0.9497920377379517
8536.33,0.9503245466369827
8536.34,0.9511102568018643
8536.35,0.951846380725112
8536.36,0.9523599983413342
8536.369999999999,0.9525289794746199
8536.380000000001,0.9523464110545443
8536.39,0.9519668223589556
8536.4,0.9515246143323274
8536.41,0.9511336854134973
8536.42,0.9508457052042617
8536.43,0.9506008058695898
8536.44,0.9503759074519127
8536.45,0.9501571361927766
8536.460000000001,0.949997456868601
8536.47,0.9499882012819937
8536.480000000001,0.9501637469373305
8536.49,0.9505143880170601
8536.5,0.9508877857471095
8536.51,0.9509800834897247
8536.52,0.950419932475605
8536.53,0.948738898548269
8536.54,0.9455519867854637
8536.55,0.9406902541580726
8536.560000000001,0.9343730537309637
8536.57,0.9275338423029585
8536.58,0.9214857364785184
8536.59,0.9176879435343374
8536.6,0.9170852617351323
8536.61,0.9197974983124045
8536.619999999999,0.9250793150216905
8536.630000000001,0.9316163400290207
8536.64,0.9380219293820325
8536.65,0.9432725408411488
8536.66,0.9470095579636639
8536.67,0.9492810005235103
8536.68,0.9504663666969139
8536.69,0.9508857411900812
8536.699999999999,0.9507878904879264
8536.710000000001,0.9502589111150772
8536.72,0.9493123865997275
8536.730000000001,0.9478896390327974
8536.74,0.946126722218693
8536.75,0.944234505762373
8536.76,0.9426084893069683
8536.77,0.9414907046096213
8536.78,0.9410206655912365
8536.79,0.9409325086570884
8536.8,0.9406271613666188
8536.810000000001,0.9393710461882951
8536.82,0.9366472104961273
8536.83,0.9324995539696246
8536.84,0.9276669873565956
8536.85,0.9233878837261373
8536.86,0.9209221577772164
8536.87,0.9210472852599254
8536.880000000001,0.9237725146033352
8536.89,0.9282550820674627
8536.9,0.9332185378340309
8536.91,0.9372481077603081
8536.92,0.9391630254491614
8536.93,0.9384157472507684
8536.94,0.9349892850121833
8536.949999999999,0.9295119385756861
8536.960000000001,0.9232517207507005
8536.97,0.9177431580579805
8536.98,0.9144270707472938
8536.99,0.9140489618290067
8537.0,0.9166367245468308
8537.01,0.9213648875411634
8537.02,0.9269766032798532
8537.03,0.932302358991952
8537.04,0.9365958434494813
8537.05,0.9396328429655805
8537.060000000001,0.9414808260529917
8537.07,0.9423432102551221
8537.08,0.9424627925770385
8537.09,0.942042286288282
8537.1,0.9414570600929969
8537.11,0.9409645281663149
8537.12,0.9408752113902513
8537.13,0.9412998778177871
8537.140000000001,0.9421512295307536
8537.15,0.9432239380615975
8537.160000000002,0.9442506792356524
8537.17,0.9450783563998586
8537.18,0.9456350273978705
8537.19,0.9459393912044931
8537.199999999999,0.9460560610403832
8537.210000000001,0.9460524860539631
8537.22,0.9460013675642877
8537.23,0.9458861394755108
8537.24,0.9457725248100664
8537.25,0.9456602361356778
8537.26,0.9455605319031724
8537.27,0.9454448986845538
8537.279999999999,0.9453289097165403
8537.29,0.945132455713691
8537.3,0.9448914000479961
8537.310000000001,0.9445079191920547
8537.32,0.9438835501678949
8537.33,0.9428667390337526
8537.34,0.941427920837099
8537.35,0.9395795013997439
8537.36,0.9375069823686855
8537.37,0.9355369937081339
8537.38,0.9340180147598786
8537.390000000001,0.9332627416929399
8537.4,0.933354125182818
8537.41,0.934176337988601
8537.42,0.9354693400609858
8537.43,0.9369356597381538
8537.44,0.9383328809725591
8537.45,0.9395183834285966
8537.460000000001,0.9404454022444186
8537.470000000001,0.9411303799650721
8537.48,0.9416154839661114
8537.490000000002,0.941897512344923
8537.5,0.9420207085218755
8537.51,0.9418941711035286
8537.52,0.9414353342555397
8537.529999999999,0.9404040249771355
8537.54,0.938595770190428
8537.55,0.9358438741622175
8537.56,0.9321520952639121
8537.57,0.9279571108482789
8537.58,0.9240168895486667
8537.59,0.9212376082689696
8537.6,0.9203312781923553
8537.61,0.9215171976710664
8537.62,0.9244267338702171
8537.63,0.9282624976706789
8537.640000000001,0.9321265161603793
8537.65,0.9353423040920371
8537.66,0.9376135808789842
8537.67,0.9389829327818814
8537.68,0.9396729980647874
8537.69,0.9399368329139847
8537.7,0.9399702842946679
8537.71,0.9398933472165371
8537.720000000001,0.9397777951114932
8537.73,0.9396222429968518
8537.740000000002,0.9394580692818986
8537.75,0.939277762397713
8537.76,0.9390731748521364
8537.77,0.9388379739313057
8537.78,0.9385665005631588
8537.79,0.9382630667281479
8537.800000000001,0.9379453396230958
8537.81,0.9376229459909774
8537.82,0.9373518663121044
8537.83,0.9371582000255505
8537.84,0.9370555033311363
8537.85,0.937028281053327
8537.859999999999,0.9370680176938971
8537.87,0.9371159787521868
8537.88,0.9371463477723501
8537.890000000001,0.9371551289567995
8537.9,0.9371244961407839
8537.91,0.9370611494027574
8537.92,0.9369714876033197
8537.93,0.9368636891122198
8537.94,0.9367452270525568
8537.95,0.93661991629396
8537.96,0.9364887074793458
8537.970000000001,0.9363540593474565
8537.98,0.9362169538070885
8537.99,0.936077927940391
8538.0,0.9359373465727713
8538.01,0.9357954640667181
8538.02,0.9356524635890112
8538.03,0.9355084779862326
8538.04,0.9353635985992834
8538.050000000001,0.9352179019151855
8538.06,0.9350714432650709
8538.070000000002,0.9349242650418413
8538.08,0.9347763997828572
8538.09,0.93462787249427
8538.1,0.9344787022900933
8538.11,0.9343289035973011
8538.12,0.9341784870611961
8538.13,0.9340274601734541
8538.14,0.9338758042861321
8538.15,0.9337235658299705
8538.16,0.9335707246441266
8538.17,0.9333942850023359
8538.18,0.9331933283958092
8538.19,0.9329167198331787
8538.2,0.9324783381688818
8538.21,0.9317376314028636
8538.220000000001,0.9305112802303805
8538.23,0.9286322748107969
8538.24,0.9260594613221528
8538.25,0.9229948946865189
8538.26,0.9199226460256529
8538.27,0.9175021639780153
8538.28,0.916332387852476
8538.289999999999,0.9167005998653807
8538.300000000001,0.9184274113869179
8538.31,0.9210259657913389
8538.32,0.9238129521434826
8538.33,0.9262324343587862
8538.34,0.9279955748256089
8538.35,0.9290815477656196
8538.36,0.9296330807028561
8538.37,0.9298359600492013
8538.380000000001,0.9298427832985562
8538.39,0.929750903069948
8538.400000000001,0.9296213751900532
8538.41,0.9294504145687542
8538.42,0.929275273244517
8538.43,0.9290716014087156
8538.439999999999,0.9288608439988895
8538.45,0.9286451544717497
8538.46,0.9283998973865608
8538.470000000001,0.9281579514181127
8538.48,0.9279057687709307
8538.49,0.927652676796046
8538.5,0.9274210442812569
8538.51,0.9272048233339352
8538.52,0.9270314578906027
8538.53,0.926890324429617
8538.539999999999,0.9267916338426061
8538.550000000001,0.9267142154609062
8538.56,0.9266368084667782
8538.57,0.9265539221612604
8538.58,0.9264566937300542
8538.59,0.9262927225828081
8538.6,0.9261194029612551
8538.61,0.9258600694572686
8538.62,0.9255365212428338
8538.630000000001,0.9251509066323637
8538.64,0.9247238265912944
8538.650000000001,0.9243008056317777
8538.66,0.9239418416638826
8538.67,0.923698745158537
8538.68,0.9235919434441346
8538.69,0.9236009237892506
8538.7,0.9236741218844604
8538.710000000001,0.9237519573564204
8538.72,0.9237891544670367
8538.730000000001,0.9237653461616637
8538.74,0.9236823077737126
8538.75,0.9235539454917228
8538.76,0.9234156290401189
8538.77,0.9232298274823963
8538.78,0.9230432240001918
8538.789999999999,0.9228558366417355
8538.800000000001,0.9226676801225746
8538.81,0.9224787663863444
8538.82,0.9222891051560832
8538.83,0.9220987042918941
8538.84,0.9219075700971658
8538.85,0.9217157075742146
8538.86,0.9215231206589267
8538.869999999999,0.9213298123398039
8538.880000000001,0.9211357848659074
8538.89,0.9209028977833895
8538.9,0.9206612062375048
8538.91,0.9203811718102358
8538.92,0.9200502776023786
8538.93,0.9196658346698864
8538.94,0.9192439187950694
8538.95,0.9188224863031411
8538.960000000001,0.9184533126147536
8538.97,0.9181828147546344
8538.980000000001,0.9180317089452271
8538.99,0.9179850969351333
8539.0,0.917999595741526
8539.01,0.9179702811102821
8539.02,0.9178670507096344
8539.03,0.917583383546995
8539.04,0.9169821627384066
8539.05,0.9159311672930751
8539.06,0.9142903240229325
8539.07,0.9119543637750609
8539.08,0.909103783696384
8539.09,0.9061385026343374
8539.1,0.9036513007068779
8539.11,0.902228139889426
8539.119999999999,0.9022088919291589
8539.130000000001,0.9035380598154261
8539.14,0.9057897597417894
8539.15,0.9083526159045948
8539.16,0.9106707184569558
8539.17,0.9124136643505
8539.18,0.9135086452398201
8539.19,0.9140610906951638
8539.2,0.9142422220853712
8539.210000000001,0.9142209159664981
8539.22,0.9140687128095056
8539.230000000001,0.9138840913054302
8539.24,0.9136632071143517
8539.25,0.9134415240116717
8539.26,0.9132190385143306
8539.27,0.9129957471014696
8539.28,0.9127716462454436
8539.29,0.9125467323695365
8539.3,0.9123210018779013
8539.310000000001,0.9120944511595129
8539.32,0.9118670765535798
8539.33,0.9116388743939361
8539.34,0.9114098332679045
8539.35,0.9111799631098788
8539.36,0.9109492540942741
8539.369999999999,0.910717702430509
8539.380000000001,0.9104853043205767
8539.39,0.9102520559166454
8539.4,0.9100179533605691
8539.41,0.9097829927679402
8539.42,0.9095471702328204
8539.43,0.9093104818251564
8539.44,0.9090729235941807
8539.449999999999,0.9088344907019421
8539.460000000001,0.9085951805810938
8539.47,0.9083549886120241
8539.48,0.908113910739829
8539.49,0.9078719429049884
8539.5,0.9076292486785539
8539.51,0.9073854848090309
8539.52,0.9071404354486692
8539.53,0.9068948548099461
8539.54,0.9066483633409473
8539.55,0.906400956802902
8539.560000000001,0.906113640444399
8539.57,0.9058151438822317
8539.58,0.9054732402724013
8539.59,0.9050714402085589
8539.6,0.9046029426751077
8539.61,0.9041040903230944
8539.62,0.9035720738865596
8539.63,0.9030907363501238
8539.640000000001,0.902720671556249
8539.65,0.9024953620732955
8539.660000000002,0.9024053636575265
8539.67,0.9024028393730539
8539.68,0.9024235054329145
8539.69,0.9024123808799198
8539.699999999999,0.9023395183780976
8539.710000000001,0.9022008020748382
8539.72,0.9020085307209096
8539.73,0.9017802234126047
8539.74,0.9015411375928643
8539.75,0.9012743707275482
8539.76,0.9010065929336641
8539.77,0.9007377992948512
8539.779999999999,0.9004679848585101
8539.79,0.9001971446331564
8539.8,0.8999252736288108
8539.810000000001,0.8996523667828144
8539.82,0.8993760547251258
8539.83,0.899101057358136
8539.84,0.8988250088024425
8539.85,0.8985479038388403
8539.86,0.8982697372236076
8539.87,0.897990402836534
8539.88,0.8977100818511318
8539.890000000001,0.8974286822769507
8539.9,0.8971461985991157
8539.91,0.8968626252417026
8539.92,0.8965779565918689
8539.93,0.8962921869310266
8539.94,0.8960053104963793
8539.95,0.8957173214600564
8539.960000000001,0.8954282138936813
8539.970000000001,0.8951379817726589
8539.98,0.8948207949836403
8539.99,0.8944825968164579
8540.0,0.8940818673625183
8540.01,0.8935637689052074
8540.02,0.8928527649812895
8540.029999999999,0.89188432053717
8540.04,0.8906330928541697
8540.05,0.8891712201929804
8540.06,0.8876872752593699
8540.07,0.8864490499300278
8540.08,0.8857085803364105
8540.09,0.8855936201057427
8540.1,0.8860481769122827
8540.11,0.8868588378689563
8540.12,0.8877504870023861
8540.13,0.8884941163897253
8540.140000000001,0.8889701216135737
8540.15,0.889168267318576
8540.16,0.8891452469885467
8540.17,0.8889765914072102
8540.18,0.888716248262416
8540.19,0.8884379869209478
8540.2,0.8881189402660747
8540.21,0.8877983410726842
8540.220000000001,0.8874760887748928
8540.23,0.8871520384664766
8540.240000000002,0.8868259700198792
8540.25,0.8864970310999275
8540.26,0.8861649324582813
8540.27,0.8858283920877789
8540.28,0.8854848931135842
8540.29,0.8851314381488002
8540.3,0.8847643878095658
8540.31,0.8843804536914218
8540.32,0.883934124834185
8540.33,0.8834373256485839
8540.34,0.8828145055563049
8540.35,0.8819637056041059
8540.359999999999,0.880720348760854
8540.37,0.8788837128920501
8540.38,0.8763466775722178
8540.390000000001,0.873181513418094
8540.4,0.869745771386118
8540.41,0.8666524200969752
8540.42,0.864570614025625
8540.43,0.8639515309977674
8540.44,0.8648371257478246
8540.45,0.8667915945919763
8540.46,0.8691542877311506
8540.470000000001,0.8711760805617808
8540.48,0.872306443645937
8540.49,0.8722888369834034
8540.5,0.8711551167783231
8540.51,0.8691923556476208
8540.52,0.8668348306877198
8540.53,0.8646089367823174
8540.54,0.863032706704438
8540.550000000001,0.8624556068518556
8540.56,0.8629948126830295
8540.570000000002,0.8645022747794056
8540.58,0.8665702995363221
8540.59,0.8686994897124568
8540.6,0.8704857621157084
8540.609999999999,0.8717199402752007
8540.62,0.8723690932347753
8540.63,0.8725327690357515
8540.64,0.8723503276685867
8540.65,0.8718856945667464
8540.66,0.871143565845685
8540.67,0.8700826088558025
8540.68,0.86861814718978
8540.69,0.8667634929633863
8540.7,0.8646332990944878
8540.71,0.8624993199474287
8540.720000000001,0.8607384837431932
8540.73,0.8597084047071369
8540.74,0.8595986653474877
8540.75,0.8603418208717435
8540.76,0.8616386917989416
8540.77,0.8630855750885797
8540.78,0.8643308572357586
8540.789999999999,0.8651891492182509
8540.800000000001,0.8656006152696127
8540.81,0.8656665645249964
8540.820000000002,0.865499240288582
8540.83,0.8651976955050472
8540.84,0.8648287523206273
8540.85,0.8644367945498116
8540.86,0.8640196473826454
8540.87,0.86358067605656
8540.880000000001,0.8631606930466975
8540.89,0.8627046776253433
8540.900000000001,0.8622329968772029
8540.91,0.8617492953879704
8540.92,0.8612629939719788
8540.93,0.8607874208564157
8540.939999999999,0.8603349978208387
8540.95,0.8598750732957139
8540.96,0.8593987177309496
8540.970000000001,0.8588023546796392
8540.98,0.8578871065148246
8540.99,0.8563612117755732
8541.0,0.8537962535602748
8541.01,0.8497672704588803
8541.02,0.8440966242700869
8541.03,0.8370899876709051
8541.039999999999,0.8297508255238115
8541.050000000001,0.8235247937239947
8541.06,0.8198325280456058
8541.07,0.8195303019105514
8541.08,0.8225758754052775
8541.09,0.8280356469975454
8541.1,0.8344762913310567
8541.11,0.8404734787243735
8541.12,0.8451009958615906
8541.130000000001,0.8480870100443125
8541.14,0.8496580370868291
8541.150000000001,0.8502478977935584
8541.16,0.8502655694796754
8541.17,0.8500017742073805
8541.18,0.8495991904580051
8541.19,0.84915602502438
8541.2,0.848677152720977
8541.210000000001,0.8481995381764094
8541.22,0.8477083067384908
8541.23,0.84721469511455
8541.24,0.8467186746541513
8541.25,0.8462202148220269
8541.26,0.8457192772430572
8541.27,0.8452158347295832
8541.28,0.8447098454514793
8541.289999999999,0.8442012692323382
8541.300000000001,0.8436771523804037
8541.31,0.8431611708889787
8541.32,0.842641809412345
8541.33,0.8421186509003546
8541.34,0.8415909254197486
8541.35,0.8410565781365793
8541.36,0.8405092919974818
8541.369999999999,0.8399288831023211
8541.380000000001,0.8392634061022477
8541.39,0.838374434848329
8541.400000000001,0.8371133368518092
8541.41,0.8352956348754775
8541.42,0.8329437333849448
8541.43,0.8304252923994696
8541.44,0.8284136092715099
8541.45,0.8275317517606849
8541.460000000001,0.8278953787252473
8541.47,0.8290570706435327
8541.480000000001,0.8302999635767552
8541.49,0.8311031197838457
8541.5,0.8313238500205816
8541.51,0.8310986424087169
8541.52,0.8306398398101175
8541.53,0.830102500850455
8541.539999999999,0.8295664729314859
8541.550000000001,0.8290085732985766
8541.56,0.8284031127779427
8541.57,0.8276738492216733
8541.58,0.8267266641768551
8541.59,0.8253328577806135
8541.6,0.823113072925739
8541.61,0.8194443088594828
8541.619999999999,0.8134591886210374
8541.630000000001,0.8043559333107814
8541.64,0.7918698963037804
8541.65,0.7770063604557818
8541.66,0.7616760273163466
8541.67,0.748762440865389
8541.68,0.740976157187396
8541.69,0.7397998717173632
8541.7,0.7454089255853945
8541.710000000001,0.756469411835872
8541.72,0.7704897006453408
8541.730000000001,0.7844546214383845
8541.74,0.7961477846888454
8541.75,0.8045122125285286
8541.76,0.8096134492838767
8541.77,0.8122970323299816
8541.78,0.8134640498699377
8541.79,0.8138036136656125
8541.8,0.8136917362465605
8541.810000000001,0.8133525605352462
8541.82,0.8128875483270764
8541.830000000002,0.8123133140998616
8541.84,0.8116574097541586
8541.85,0.8109442741206119
8541.86,0.8102110004763593
8541.869999999999,0.8095035633457328
8541.880000000001,0.8088467153138802
8541.89,0.8082598864011823
8541.9,0.8077287239362141
8541.91,0.807221845557812
8541.92,0.8067062159821942
8541.93,0.8061582214128902
8541.94,0.8055690094973946
8541.949999999999,0.8049417711702479
8541.960000000001,0.8042920038480754
8541.97,0.8036185474338362
8541.980000000001,0.8029246477594476
8541.99,0.8022260845733339
8542.0,0.8015229713750378
8542.01,0.8008153989571456
8542.02,0.800103439729419
8542.03,0.7993871511185421
8542.04,0.798654585741446
8542.05,0.7979179407739097
8542.060000000001,0.797170161276734
8542.07,0.7964110842548047
8542.08,0.795643211971511
8542.09,0.7948714756575346
8542.1,0.7941039815040206
8542.11,0.7933463782367933
8542.12,0.7926009084497053
8542.130000000001,0.7918647995339305
8542.140000000001,0.7911159651114225
8542.15,0.7903484881035812
8542.16,0.789526461694291
8542.17,0.788601257720125
8542.18,0.7875045040909092
8542.19,0.7861653787261138
8542.199999999999,0.7845227865654476
8542.210000000001,0.7826167247017758
8542.22,0.7805979949720186
8542.23,0.77868931873652
8542.24,0.7771747497843576
8542.25,0.776234644404423
8542.26,0.7758754757502253
8542.27,0.7759295111566987
8542.28,0.7761399788057792
8542.29,0.776278034908264
8542.3,0.7762214460106753
8542.310000000001,0.7759457348299413
8542.32,0.7755122325525631
8542.33,0.7749654118875267
8542.34,0.7743301889446793
8542.35,0.7736111943808615
8542.36,0.772818430274593
8542.37,0.7719542412974777
8542.38,0.7710643828006758
8542.390000000001,0.770182193748414
8542.4,0.7693308592783882
8542.410000000002,0.7685181606536344
8542.42,0.7677207323506706
8542.43,0.7669252101991209
8542.44,0.7661118546004385
8542.449999999999,0.7652704951136772
8542.460000000001,0.7644003638224562
8542.47,0.763506346337987
8542.48,0.7626034202180705
8542.49,0.7616745134065709
8542.5,0.7607401966061487
8542.51,0.7598004274367631
8542.52,0.7588546724062153
8542.529999999999,0.7579036992581673
8542.54,0.7569470785560503
8542.55,0.7559847301627309
8542.560000000001,0.7550167163842133
8542.57,0.7540429290397757
8542.58,0.7530633147364144
8542.59,0.7520686637209857
8542.6,0.7510584964070972
8542.61,0.7500124389874963
8542.62,0.7488965669850708
8542.63,0.7476565068751355
8542.640000000001,0.7462234182526407
8542.65,0.7445565131425906
8542.66,0.7426141518804539
8542.67,0.7405050337584953
8542.68,0.7384247285980282
8542.69,0.7366248226753271
8542.7,0.7353164408805863
8542.710000000001,0.7345756804410176
8542.720000000001,0.7342921546293202
8542.73,0.7342572416574703
8542.740000000002,0.7342101406902651
8542.75,0.7339625291744056
8542.76,0.7334375179508594
8542.77,0.7326572845471856
8542.779999999999,0.7316981837566361
8542.79,0.7306448064429573
8542.8,0.7295608733610067
8542.81,0.7284794054098809
8542.82,0.7274091876614021
8542.83,0.7263350125464616
8542.84,0.7252491876225408
8542.85,0.7241342419035379
8542.86,0.7229820166865836
8542.87,0.7217928435145559
8542.88,0.7205538937200296
8542.890000000001,0.7192577887337297
8542.9,0.7178894309379352
8542.91,0.7164621164871399
8542.92,0.7150034883463237
8542.93,0.7135622921037029
8542.94,0.712194094566778
8542.95,0.7109387032696592
8542.96,0.7098015244304617
8542.970000000001,0.7087617481157031
8542.98,0.7077309771123889
8542.99,0.7066616604403435
8543.0,0.7055049885900295
8543.01,0.7042137345169962
8543.02,0.7027842489895554
8543.03,0.7011949796140191
8543.04,0.699480936436492
8543.050000000001,0.6976890961626812
8543.06,0.6958743260774576
8543.07,0.6941070115166935
8543.08,0.6924162935842089
8543.09,0.6907810559970415
8543.1,0.6891478990016641
8543.109999999999,0.6874668412716471
8543.12,0.6857240934397769
8543.13,0.6839579405280819
8543.140000000001,0.6822495540471917
8543.15,0.6807009000131757
8543.16,0.6793997995613481
8543.17,0.6783815207659125
8543.18,0.6776039185635354
8543.19,0.676955902556181
8543.2,0.676291211096807
8543.21,0.6754951570167865
8543.220000000001,0.6745036833564487
8543.23,0.673327800169277
8543.24,0.6719803980729278
8543.25,0.6705178386440871
8543.26,0.6689832923520309
8543.27,0.6674029623966898
8543.28,0.665796698810785
8543.29,0.6641703720747333
8543.300000000001,0.6625404499645862
8543.31,0.6609135368659643
8543.320000000002,0.6592917724758215
8543.33,0.6576716351778975
8543.34,0.6560455578929285
8543.35,0.6544048571579241
8543.36,0.6527442194194011
8543.37,0.6510610659936138
8543.38,0.6493557654793056
8543.39,0.6476301235027474
8543.4,0.6458879880343058
8543.41,0.6441255593018071
8543.42,0.6423376936724534
8543.43,0.6405412748924634
8543.44,0.6386897485170709
8543.45,0.6367777918705989
8543.46,0.6347784053870354
8543.470000000001,0.6326676547333541
8543.48,0.6304376812763499
8543.49,0.628122558822225
8543.5,0.6257921702266596
8543.51,0.6235300042291068
8543.52,0.6214158772987469
8543.53,0.6194619939376844
8543.539999999999,0.6176141932278937
8543.550000000001,0.6157730879787767
8543.56,0.6138419572282834
8543.57,0.6117722533021231
8543.58,0.6095838034624632
8543.59,0.6073666356539118
8543.6,0.6051868531214589
8543.61,0.6031308408996356
8543.62,0.6012159257148686
8543.630000000001,0.5993969473217237
8543.64,0.597590227061278
8543.650000000001,0.5957103884338399
8543.66,0.5936853527053185
8543.67,0.591470030738306
8543.68,0.5890461668766506
8543.689999999999,0.5864166487702231
8543.7,0.5836233443083986
8543.71,0.5807514229691818
8543.72,0.5779169117792916
8543.73,0.5752359339845008
8543.74,0.5727357060934751
8543.75,0.5703875228691087
8543.76,0.5680813663409751
8543.77,0.5656824302263073
8543.78,0.5631075220664457
8543.789999999999,0.5603640445328325
8543.800000000001,0.5575405795807233
8543.81,0.5547544387587167
8543.82,0.5520912254994862
8543.83,0.5495694749536675
8543.84,0.5471562029750835
8543.85,0.5447474488171369
8543.86,0.5422734090756645
8543.87,0.5396895833786786
8543.880000000001,0.5369740189456392
8543.89,0.5341307540334543
8543.900000000001,0.5311760702970105
8543.91,0.5281305934000964
8543.92,0.5250108039588266
8543.93,0.5218284630402097
8543.94,0.5185986777802554
8543.95,0.5153014342679012
8543.960000000001,0.5119462596373481
8543.97,0.5085328685569777
8543.980000000001,0.5050585618722331
8543.99,0.5015221535976865
8544.0,0.4979188547191955
8544.01,0.4942463892316566
8544.02,0.49051311112755297
8544.03,0.48669148700365344
8544.039999999999,0.48278744298740933
8544.050000000001,0.47879376788878986
8544.06,0.4747040001214965
8544.07,0.4705140853068624
8544.08,0.4662345310825566
8544.09,0.46184899201393687
8544.1,0.45737584571807904
8544.11,0.452817212903027
8544.119999999999,0.44816746511803474
8544.130000000001,0.4434122409073465
8544.14,0.43854263880783734
8544.15,0.4335223193432283
8544.16,0.4283480851541711
8544.17,0.42301020253848204
8544.18,0.41750874683327954
8544.19,0.4118129242601631
8544.2,0.40591908830130713
8544.210000000001,0.39980935899313197
8544.22,0.3934796502302742
8544.230000000001,0.38670063388355536
8544.24,0.3797392114765346
8544.25,0.3726096737586621
8544.26,0.3651320516217361
8544.27,0.35718031337874795
8544.28,0.3485831727857764
8544.29,0.33911064490550136
8544.3,0.3281095290190752
8544.31,0.3139677438713158
8544.32,0.2936275905465427
8544.33,0.26514590808678284
8544.34,0.23358350782211543
8544.35,0.20762170748899234
8544.36,0.19048482164114586
8544.369999999999,0.17995789407605361
8544.380000000001,0.1729760557310532
8544.39,0.16794108949637143
8544.4,0.16433842165233528
8544.41,0.1619224969062577
8544.42,0.16047009827651937
8544.43,0.15979544406136567
8544.44,0.15979778669043584
8544.45,0.16047502662765795
8544.460000000001,0.16192088183228334
8544.47,0.16430276790179751
8544.480000000001,0.16779494551490884
8544.49,0.1725030713681149
8544.5,0.17845328597681948
8544.51,0.18545448278579102
8544.52,0.19211981564422576
8544.53,0.19638961445965963
8544.54,0.1985882183115382
8544.55,0.20069462000433252
8544.560000000001,0.20428272617502194
8544.57,0.2104486654151335
8544.58,0.22024267666480338
8544.59,0.2346434938729566
8544.6,0.25362643748061686
8544.61,0.2738861216137896
8544.619999999999,0.28872328176946477
8544.630000000001,0.29437582882353136
8544.64,0.29423886871374894
8544.65,0.2938248039977657
8544.66,0.29662692994818557
8544.67,0.30432889480184255
8544.68,0.31757306095826915
8544.69,0.3361480564312302
8544.699999999999,0.35858844102723963
8544.710000000001,0.3821199222221814
8544.72,0.403356130467134
8544.73,0.42013113180832673
8544.74,0.4322780335845136
8544.75,0.4409585383834325
8544.76,0.4475431497273885
8544.77,0.4530251916120195
8544.78,0.4579529038211757
8544.79,0.4625918971963236
8544.8,0.4670512485554965
8544.810000000001,0.47136298511557506
8544.82,0.47557104614475326
8544.83,0.47967708511954305
8544.84,0.4836895191879787
8544.85,0.4876139097334366
8544.86,0.4914567786574051
8544.87,0.49520898961408905
8544.88,0.4988939840755665
8544.890000000001,0.502506603294251
8544.9,0.5060517530706078
8544.910000000002,0.509531478364848
8544.92,0.5129504618815028
8544.93,0.5163114628971727
8544.94,0.5196165086418968
8544.949999999999,0.5228541450955347
8544.960000000001,0.5260505723247879
8544.97,0.5291955453925452
8544.98,0.5322919235024348
8544.99,0.5353390813505353
8545.0,0.5383402144319821
8545.01,0.5412972440463627
8545.02,0.5442115624430426
8545.029999999999,0.5470845234420613
8545.04,0.5499040455080427
8545.05,0.5526967909483206
8545.060000000001,0.5554514557964566
8545.07,0.5581691923182034
8545.08,0.5608510942638614
8545.09,0.5634983522578755
8545.1,0.5661113916998735
8545.11,0.5686915998774932
8545.12,0.5712397927788219
8545.13,0.5737568157269319
8545.140000000001,0.5762434571836166
8545.15,0.5786863112837131
8545.16,0.5811134363118948
8545.17,0.5835120852303753
8545.18,0.5858829704457078
8545.19,0.5882267695534611
8545.2,0.5905441357052439
8545.210000000001,0.5928359328364278
8545.220000000001,0.5951020313664375
8545.23,0.5973435341168394
8545.24,0.5995609741788163
8545.25,0.6017548314722387
8545.26,0.6039256147043718
8545.27,0.6060704004712025
8545.279999999999,0.6081938708349206
8545.29,0.6102799106843544
8545.3,0.6123582247678362
8545.31,0.6144158680279739
8545.32,0.6164541990901545
8545.33,0.6184743108631147
8545.34,0.6204767063447696
8545.35,0.6224612912377162
8545.36,0.6244275932003791
8545.37,0.6263746574433076
8545.38,0.6283026495489914
8545.390000000001,0.630213943454718
8545.4,0.6321034287266741
8545.41,0.6339755668591002
8545.42,0.6358306528292859
8545.43,0.6376689777920374
8545.44,0.6394908269282682
8545.45,0.6412812670094112
8545.46,0.6430703390187249
8545.470000000001,0.6448435921131531
8545.48,0.646601296355764
8545.490000000002,0.648343709905135
8545.5,0.650071084235932
8545.51,0.6517836645999611
8545.52,0.6534816903074575
8545.53,0.6551654209321471
8545.54,0.6568351862763572
8545.55,0.6584865158570538
8545.56,0.6601222754663328
8545.57,0.6617382980266094
8545.58,0.6633312363523615
8545.59,0.6648985550868446
8545.6,0.6664406740106307
8545.609999999999,0.6679630839792426
8545.62,0.6694765123464379
8545.63,0.6709940004792558
8545.640000000001,0.6725256882144015
8545.65,0.6740741303743962
8545.66,0.675616652940391
8545.67,0.6771683455975764
8545.68,0.678700285338981
8545.69,0.6801911178592167
8545.7,0.6816044129374625
8545.71,0.6829073745883631
8545.720000000001,0.6840388313202819
8545.73,0.684944369400131
8545.74,0.6855947066392227
8545.75,0.6860505891053663
8545.76,0.6864653110570099
8545.77,0.6870618862165994
8545.78,0.6880484616120354
8545.79,0.6895419430923913
8545.800000000001,0.6914908185420411
8545.81,0.6937066016048435
8545.820000000002,0.6959434812750566
8545.83,0.6979970602201317
8545.84,0.6997696239774396
8545.85,0.7012787482784725
8545.859999999999,0.7026197981666342
8545.87,0.7039097701845993
8545.88,0.7052388555144076
8545.89,0.7066473996466098
8545.9,0.7081155693504457
8545.91,0.7095821552151393
8545.92,0.7110388171519878
8545.93,0.7124373624676098
8545.94,0.7137682980154673
8545.95,0.7150354498274407
8545.96,0.7162433907236772
8545.970000000001,0.7173791629669617
8545.98,0.7184017565927093
8545.99,0.7191991826731652
8546.0,0.7196068943403594
8546.01,0.7193999637035572
8546.02,0.7183892075110444
8546.03,0.7166038173972752
8546.039999999999,0.7143683546823727
8546.050000000001,0.7123789992829552
8546.06,0.711474273053663
8546.070000000002,0.7122362713906213
8546.08,0.7147775426391357
8546.09,0.7186828943034057
8546.1,0.7231709183788507
8546.11,0.7274491693981646
8546.12,0.7310443213065504
8546.130000000001,0.7337823815174941
8546.14,0.7357802108637682
8546.150000000001,0.7371883181989437
8546.16,0.7380991795456701
8546.17,0.7385041088089093
8546.18,0.7383347217148103
8546.189999999999,0.7375691004961915
8546.2,0.7363430485307947
8546.21,0.7350095397269906
8546.220000000001,0.7340851338257016
8546.23,0.7340792932389627
8546.24,0.7352884212712002
8546.25,0.7376652457874037
8546.26,0.7408383285145512
8546.27,0.7442536315563254
8546.28,0.7474402389503477
8546.289999999999,0.7500955606220954
8546.300000000001,0.752116783519832
8546.31,0.7535718036262435
8546.32,0.7545509052329442
8546.33,0.755123975380963
8546.34,0.7553732832875519
8546.35,0.7554092713147582
8546.36,0.7554146885353237
8546.37,0.7556182440920237
8546.380000000001,0.7562202845072461
8546.39,0.7573289326457252
8546.400000000001,0.7588923136425544
8546.41,0.7607306866626917
8546.42,0.762618245604758
8546.43,0.7643716054614353
8546.44,0.7658993040445224
8546.45,0.7671983616989796
8546.460000000001,0.7683179385266649
8546.47,0.7693199441463212
8546.48,0.7702549927584526
8546.49,0.771153650546137
8546.5,0.772017547275915
8546.51,0.772867585330481
8546.52,0.773702091509002
8546.53,0.7745223977747556
8546.539999999999,0.7753269904739799
8546.550000000001,0.776135502440267
8546.56,0.7769546994192215
8546.57,0.7777826156731966
8546.58,0.7786065102551539
8546.59,0.7794262276299092
8546.6,0.7802085954619468
8546.61,0.7809302536143017
8546.619999999999,0.7815819688353306
8546.630000000001,0.7821791960497956
8546.64,0.7827709076112311
8546.650000000001,0.783404376771409
8546.66,0.7841109694979059
8546.67,0.7849630163198297
8546.68,0.7859254899667338
8546.69,0.7869516564638231
8546.7,0.7879847780862184
8546.710000000001,0.7889797158526776
8546.72,0.7899143718955943
8546.730000000001,0.7907883710759578
8546.74,0.7916222016561427
8546.75,0.7924101314851778
8546.76,0.7931875905077597
8546.77,0.7939435367221327
8546.78,0.7946954998897614
8546.789999999999,0.7954435094426624
8546.800000000001,0.7961879656584229
8546.81,0.7969280535300544
8546.82,0.7976642862281548
8546.83,0.7983966904338632
8546.84,0.799125308747466
8546.85,0.7998501262711784
8546.86,0.8005711965832434
8546.869999999999,0.801288545705242
8546.880000000001,0.8020021996534428
8546.89,0.8027121843798859
8546.9,0.8034185257469149
8546.91,0.8041212494985268
8546.92,0.8048203812400497
8546.93,0.8055159464046773
8546.94,0.8062079702641557
8546.95,0.8068964778950015
8546.960000000001,0.8075814941758382
8546.97,0.8082630437866618
8546.980000000001,0.8089411512056408
8546.99,0.8096158406815337
8547.0,0.8102871362812154
8547.01,0.810955061842303
8547.02,0.8116196450682592
8547.03,0.8122808973213475
8547.04,0.8129388500751772
8547.05,0.8135935259952014
8547.060000000001,0.8142449475908357
8547.07,0.8148931371651227
8547.080000000002,0.8155092829374352
8547.09,0.8160983220585285
8547.1,0.8166106224066042
8547.11,0.8169771537672429
8547.119999999999,0.8171025728222926
8547.130000000001,0.8168908635379295
8547.14,0.8162998946349805
8547.15,0.8154077124811295
8547.16,0.8144475958382131
8547.17,0.8137568924100752
8547.18,0.8136969140358562
8547.19,0.8144552442840176
8547.199999999999,0.8159880729736404
8547.210000000001,0.8180336644290427
8547.22,0.8202299664676269
8547.230000000001,0.822239491725356
8547.24,0.8239235560314493
8547.25,0.8252413113387733
8547.26,0.8262420639352264
8547.27,0.8270382350189293
8547.28,0.8277171092916198
8547.29,0.828336995718777
8547.3,0.828935837759256
8547.310000000001,0.8295146831944641
8547.32,0.8300884285574369
8547.33,0.8306594501619358
8547.34,0.8312277653766448
8547.35,0.8317933914746312
8547.36,0.8323568236696031
8547.37,0.8329170351329834
8547.380000000001,0.8334746162481148
8547.390000000001,0.8340295828229202
8547.4,0.8345819629010183
8547.41,0.8351317400281377
8547.42,0.8356789504181896
8547.43,0.8362236094431734
8547.44,0.8367657324612447
8547.449999999999,0.8372662604908583
8547.460000000001,0.837724025234073
8547.47,0.8380534323222057
8547.48,0.8381126357164355
8547.49,0.8376749067814423
8547.5,0.8364550132701126
8547.51,0.8341900813165665
8547.52,0.8308846163341466
8547.53,0.8268909206445438
8547.54,0.8230092979854088
8547.55,0.8202284015947688
8547.560000000001,0.8193944021573285
8547.57,0.8208625889981792
8547.58,0.8243539064203925
8547.59,0.8290588143588616
8547.6,0.8340157706262041
8547.61,0.8384042079025186
8547.62,0.8417985339366726
8547.63,0.8441634515040075
8547.640000000001,0.8457090635893738
8547.65,0.8467208017831558
8547.66,0.8474251102788688
8547.67,0.8479983009865792
8547.68,0.8485158099446256
8547.69,0.8489566774232571
8547.7,0.8493105239023533
8547.710000000001,0.8495624482583096
8547.72,0.8497200797575265
8547.73,0.8498384952402809
8547.74,0.8500085040075426
8547.75,0.8503333222176525
8547.76,0.8508406999565601
8547.77,0.851542745301786
8547.779999999999,0.8523720525083225
8547.79,0.8532364873969135
8547.8,0.8540563438823265
8547.810000000001,0.854765767139202
8547.82,0.8553815957502241
8547.83,0.8559090450562084
8547.84,0.8563739820416939
8547.85,0.8568179915609707
8547.86,0.8572253878644355
8547.87,0.857645329278285
8547.88,0.8580661685819775
8547.890000000001,0.8584991847516823
8547.9,0.8589017656353855
8547.91,0.8592377593508447
8547.92,0.8594832075331151
8547.93,0.8596037455033747
8547.94,0.8596041809652689
8547.95,0.8595453547936687
8547.960000000001,0.8594790623888668
8547.970000000001,0.8595334661277608
8547.98,0.8597926914594092
8547.990000000002,0.8602464889408056
8548.0,0.8608734849420608
8548.01,0.8615021427683209
8548.02,0.8618771646185697
8548.029999999999,0.8616605050794861
8548.04,0.8604902091704028
8548.05,0.8581093027989942
8548.06,0.8545600100690296
8548.07,0.8503128825122497
8548.08,0.8462671408950974
8548.09,0.8435321306003994
8548.1,0.8429259812444397
8548.11,0.84476360883756
8548.12,0.8486469556943563
8548.13,0.85366572901596
8548.140000000001,0.8587454480948089
8548.15,0.8631138717529685
8548.16,0.8663773989032431
8548.17,0.8685706842787337
8548.18,0.8699526717531452
8548.19,0.8708240059587908
8548.2,0.8714197675699085
8548.21,0.8718591773375758
8548.220000000001,0.8722377818365533
8548.23,0.8725183102712674
8548.24,0.8726937911036038
8548.25,0.8727065644057574
8548.26,0.8724645956600192
8548.27,0.8719758693692337
8548.28,0.871246514241335
8548.29,0.8703219444622112
8548.300000000001,0.8692685627473542
8548.31,0.8681314341857552
8548.320000000002,0.8668502137228228
8548.33,0.8654503413731135
8548.34,0.8640340077507561
8548.35,0.8628527132594462
8548.359999999999,0.8622823311070115
8548.37,0.8625699573739103
8548.38,0.8637669107678871
8548.390000000001,0.8656476913745993
8548.4,0.8678370093417876
8548.41,0.8699699903094931
8548.42,0.8717770135161982
8548.43,0.8731961012502322
8548.44,0.8742218666005512
8548.45,0.8748156638732814
8548.46,0.8747862095274228
8548.470000000001,0.8738546421358482
8548.48,0.8717552904416649
8548.49,0.8684627382965188
8548.5,0.8644310022681014
8548.51,0.8606063503464071
8548.52,0.8580683811270016
8548.53,0.857713333959584
8548.54,0.8598249942296664
8548.550000000001,0.8639323323293949
8548.56,0.8691217301307854
8548.570000000002,0.8742977043026366
8548.58,0.8786683920451032
8548.59,0.8818844431511728
8548.6,0.883982997982911
8548.61,0.8852178520936027
8548.62,0.8859070450307297
8548.630000000001,0.8862389437097141
8548.64,0.8863275264942971
8548.65,0.8862096896169139
8548.66,0.885928410776855
8548.67,0.8855533495399396
8548.68,0.8851572878276418
8548.69,0.8848166828308938
8548.7,0.8845868678602444
8548.71,0.8844426586373003
8548.720000000001,0.8844028138239077
8548.73,0.8844325579391967
8548.74,0.8844431359550352
8548.75,0.8842990576245604
8548.76,0.8837714662032979
8548.77,0.8827028799827524
8548.78,0.881080749178977
8548.789999999999,0.8792185753834927
8548.800000000001,0.8776883458783886
8548.81,0.8770764056968468
8548.82,0.8777996638589439
8548.83,0.8798408980318765
8548.84,0.8827871561800211
8548.85,0.8860309058559697
8548.86,0.8889744108285875
8548.87,0.8913062982529626
8548.880000000001,0.8929560834393907
8548.89,0.8940391789301992
8548.900000000001,0.8947373420565733
8548.91,0.8952133468007537
8548.92,0.895578038773435
8548.93,0.8959060284479421
8548.939999999999,0.8961927910125244
8548.95,0.8964784620742832
8548.96,0.8967630153680868
8548.97,0.8970464558147999
8548.98,0.8973287883216018
8548.99,0.8976100177170204
8549.0,0.8978901487894007
8549.01,0.8981691862729227
8549.02,0.8984472166039483
8549.03,0.8987011508329084
8549.039999999999,0.8989476238644601
8549.050000000001,0.8991670757028277
8549.06,0.8993318814179867
8549.07,0.8994386892913482
8549.08,0.8994815470426357
8549.09,0.8994558955636308
8549.1,0.8993715164761882
8549.11,0.8992476322591604
8549.12,0.8991146774724245
8549.130000000001,0.8990186591458473
8549.14,0.899021524528067
8549.150000000001,0.8991885551037675
8549.16,0.8995624589022955
8549.17,0.9001379210587674
8549.18,0.9008554886344533
8549.19,0.9015799986432455
8549.2,0.9022268803505644
8549.210000000001,0.9026694039847011
8549.22,0.902763991173434
8549.230000000001,0.9023854833086139
8549.24,0.9013958501416921
8549.25,0.8997080839416353
8549.26,0.8973960145760591
8549.27,0.8947924603261473
8549.28,0.8923680623102256
8549.289999999999,0.8905396502559143
8549.300000000001,0.8895161063705744
8549.31,0.8890781794204292
8549.32,0.8887056299258936
8549.33,0.8878390661254878
8549.34,0.886192895829447
8549.35,0.8839199352677585
8549.36,0.8815464117037919
8549.369999999999,0.8797552037362957
8549.380000000001,0.8791603369370556
8549.39,0.8801406898337841
8549.4,0.8827782617889784
8549.41,0.8867936506002965
8549.42,0.8916116011839109
8549.43,0.8965563856778529
8549.44,0.9009391114238482
8549.45,0.9043572484298577
8549.460000000001,0.906718216338295
8549.47,0.9080650942027605
8549.480000000001,0.9086033519525064
8549.49,0.908452297599085
8549.5,0.9077822006894392
8549.51,0.9067479064146579
8549.52,0.9055620619322124
8549.53,0.9045367709220703
8549.54,0.9039759432265039
8549.55,0.9040520388204625
8549.56,0.9047403026494171
8549.57,0.9058449537231738
8549.58,0.907001396550475
8549.59,0.9080449758717013
8549.6,0.9088271141124538
8549.61,0.9092842295203843
8549.619999999999,0.9094678975008843
8549.630000000001,0.9093241201904878
8549.64,0.9088840902807447
8549.65,0.9082232584411251
8549.66,0.9074497430948577
8549.67,0.906857546584676
8549.68,0.9066665465465868
8549.69,0.9069909832672272
8549.699999999999,0.9078020234217603
8549.710000000001,0.9089887200147213
8549.72,0.9103077111606968
8549.730000000001,0.9116548566936056
8549.74,0.9129150542376192
8549.75,0.9140175424519151
8549.76,0.914927138530619
8549.77,0.9156554028798521
8549.78,0.9161822330902694
8549.79,0.9165858142294677
8549.8,0.916884147006423
8549.810000000001,0.9171304083550474
8549.82,0.9173604903280471
8549.83,0.9175541360225181
8549.84,0.917746298086066
8549.85,0.9179369084571835
8549.86,0.918125885765259
8549.869999999999,0.9183131305628719
8549.880000000001,0.9184985178514177
8549.89,0.9186818559998469
8549.9,0.9188628817411307
8549.91,0.9190414179372765
8549.92,0.9191827199748613
8549.93,0.9193203520818337
8549.94,0.9194330273128678
8549.949999999999,0.9195197213611584
8549.960000000001,0.9195657979173308
8549.97,0.919625077085254
8549.98,0.9197037488051135
8549.99,0.9198261544652545
8550.0,0.9200039741255
8550.01,0.9202303354442817
8550.02,0.9204853902809653
8550.03,0.9207579357057013
8550.04,0.9209974604181143
8550.05,0.9212105425284726
8550.060000000001,0.9213972045293325
8550.07,0.9215778222189237
8550.08,0.9217103925716967
8550.09,0.9218340512147427
8550.1,0.9219492345762126
8550.11,0.9220556008508466
8550.12,0.9221523151379127
8550.13,0.9222383655120586
8550.140000000001,0.9223125864764602
8550.15,0.9223734466544082
8550.160000000002,0.9224190740856323
8550.17,0.9224471878478155
8550.18,0.9224550029321185
8550.19,0.9224391011962622
8550.199999999999,0.9223952562250343
8550.210000000001,0.9223181991551684
8550.22,0.9222012914022425
8550.23,0.9220343182343953
8550.24,0.9218038792594787
8550.25,0.9215053655113709
8550.26,0.9211165643602525
8550.27,0.9206068608398816
8550.279999999999,0.9199339514177857
8550.29,0.9190378666944272
8550.3,0.9178277306521158
8550.310000000001,0.9161191494610375
8550.32,0.9134146637365956
8550.33,0.9092561578715689
8550.34,0.9020884551617537
8550.35,0.8895697766561396
8550.36,0.8680628387194307
8550.37,0.8341755343356455
8550.38,0.7870445227924012
8550.390000000001,0.7308964557081652
8550.4,0.6746821151748696
8550.41,0.6261613310656332
8550.42,0.5910919461529706
8550.43,0.5719355100698987
8550.44,0.5690011592611764
8550.45,0.5823735103079937
8550.460000000001,0.6119048792282653
8550.470000000001,0.6561712192179443
8550.48,0.7106553850622552
8550.49,0.7682478344590197
8550.5,0.8197880103965399
8550.51,0.859075393321967
8550.52,0.8852041442120019
8550.529999999999,0.900972838089517
8550.54,0.9101169282178831
8550.55,0.915559859713548
8550.56,0.9190128159161177
8550.57,0.9214221341645065
8550.58,0.923131116520512
8550.59,0.9244776277157519
8550.6,0.9255708141107697
8550.61,0.9264802111546414
8550.62,0.9272331667798663
8550.63,0.9278828625559713
8550.640000000001,0.928441062096851
8550.65,0.9289166140145767
8550.66,0.929318618288233
8550.67,0.9296328919094111
8550.68,0.9298998200439234
8550.69,0.9300965428384994
8550.7,0.9301926543570819
8550.71,0.9301423148970983
8550.720000000001,0.9299089579287987
8550.73,0.9295047063428163
8550.740000000002,0.9290201478950016
8550.75,0.9286181483304512
8550.76,0.928480894142338
8550.77,0.9287323004240752
8550.78,0.9293894663156157
8550.79,0.9303152223856223
8550.8,0.9313495423498256
8550.81,0.9323204432531906
8550.82,0.9330593402027479
8550.83,0.9335539511937658
8550.84,0.9337367770226365
8550.85,0.9335372086149778
8550.859999999999,0.9328464312219487
8550.87,0.9315711488280229
8550.88,0.9296625988785788
8550.890000000001,0.9273358625455813
8550.9,0.9250069566957757
8550.91,0.9231808527403287
8550.92,0.9223883745958601
8550.93,0.922789109295152
8550.94,0.9241527823389062
8550.95,0.9259134110474083
8550.96,0.9274101546527803
8550.970000000001,0.9281796953356115
8550.98,0.9281507988377508
8550.99,0.9276431731418235
8551.0,0.9271825951511865
8551.01,0.9272427997554659
8551.02,0.9280433343010395
8551.03,0.9294871889717333
8551.04,0.9312589166219389
8551.050000000001,0.9329514251619951
8551.06,0.9342909368341014
8551.070000000002,0.9351355838391961
8551.08,0.9354277554915402
8551.09,0.9351964098512806
8551.1,0.9342935199742021
8551.109999999999,0.9324009692183401
8551.12,0.9287712808845752
8551.13,0.92221147782833
8551.14,0.9113585823231
8551.15,0.8952151822246168
8551.16,0.8744955619320264
8551.17,0.8515425629139914
8551.18,0.8302842854959819
8551.19,0.8153137870855528
8551.2,0.8094963512262036
8551.21,0.8141615254873658
8551.220000000001,0.8282282894031244
8551.23,0.8491449293574403
8551.24,0.8724132457769918
8551.25,0.8938632224287713
8551.26,0.9110455172179353
8551.27,0.922848493621714
8551.28,0.9301826839039398
8551.289999999999,0.934447316417943
8551.300000000001,0.9368691566810665
8551.31,0.9383099875376117
8551.320000000002,0.9392266471769374
8551.33,0.939895323776259
8551.34,0.9403779459736658
8551.35,0.940774510266834
8551.36,0.9411117822886577
8551.37,0.9414064544315033
8551.380000000001,0.9416697968921611
8551.39,0.9419097610442735
8551.400000000001,0.9421321475726847
8551.41,0.9423398312764109
8551.42,0.942534749130792
8551.43,0.9427198282977917
8551.439999999999,0.9428967252579079
8551.45,0.9430667434384435
8551.46,0.9432309209147091
8551.470000000001,0.9433895871361163
8551.48,0.9435444154861636
8551.49,0.9436954747788042
8551.5,0.9438432260793804
8551.51,0.9439880536986933
8551.52,0.9441302802288665
8551.53,0.9442701782420256
8551.539999999999,0.9444079794255025
8551.550000000001,0.9445438818407865
8551.56,0.9446291064861981
8551.57,0.9446220832383734
8551.58,0.9444771088870177
8551.59,0.9440388513791532
8551.6,0.9431316744608416
8551.61,0.9415962940763968
8551.62,0.9393940424642028
8551.630000000001,0.9367194024446053
8551.64,0.9340355441250053
8551.650000000001,0.9319742280983172
8551.66,0.9311111054163728
8551.67,0.9317254993394427
8551.68,0.9336765132223791
8551.69,0.9364659981112458
8551.7,0.9394524550263438
8551.710000000001,0.9420960925601084
8551.72,0.9441092521023084
8551.73,0.9454618767462841
8551.74,0.9462855943785755
8551.75,0.9467361637393447
8551.76,0.9470335872547562
8551.77,0.9471998248379995
8551.78,0.9473411574140861
8551.789999999999,0.9474551570462537
8551.800000000001,0.9475686230726686
8551.81,0.9476815641630185
8551.82,0.9477939874250045
8551.83,0.9479058982401144
8551.84,0.9480171691397838
8551.85,0.9481280602257383
8551.86,0.94818693611631
8551.869999999999,0.9482206780358867
8551.880000000001,0.9481723434548364
8551.89,0.9479914136866373
8551.900000000001,0.9476302040004267
8551.91,0.9470732144020264
8551.92,0.9463704056338852
8551.93,0.9456519665607342
8551.94,0.9451031338666528
8551.95,0.9448989685534024
8551.960000000001,0.9451291137564413
8551.97,0.9457560368230931
8551.980000000001,0.9465890832708675
8551.99,0.9474817147550526
8552.0,0.9482478562977992
8552.01,0.9488035825858985
8552.02,0.9491483958289434
8552.03,0.9493428463992503
8552.039999999999,0.9494306970520967
8552.050000000001,0.9494773189169287
8552.06,0.9495441076402544
8552.07,0.9495653977235575
8552.08,0.9495139339673809
8552.09,0.9493377192123231
8552.1,0.9490078734402065
8552.11,0.9485607525470714
8552.119999999999,0.94810445714816
8552.130000000001,0.9478019116273798
8552.14,0.9477365262186543
8552.15,0.9480035399658407
8552.16,0.9485700514504135
8552.17,0.9492842945848432
8552.18,0.9500199115323638
8552.19,0.9506624253097257
8552.2,0.9511554372703506
8552.210000000001,0.9515010518335681
8552.22,0.9517384101718521
8552.230000000001,0.9519074169747578
8552.24,0.9520621256965183
8552.25,0.9521709825994723
8552.26,0.952283968431039
8552.27,0.9523956109825743
8552.28,0.952474053648003
8552.29,0.952549391001757
8552.3,0.9526008873615863
8552.310000000001,0.9526264505590967
8552.32,0.9526319179453201
8552.33,0.9526331737831792
8552.34,0.9526521862587481
8552.35,0.9527099979175467
8552.36,0.9528180242644044
8552.369999999999,0.9529727150961448
8552.380000000001,0.9531572550453599
8552.39,0.9532687490117829
8552.4,0.9532920766104676
8552.41,0.9530544310122152
8552.42,0.9522982664197059
8552.43,0.950655227616595
8552.44,0.9476020523897525
8552.449999999999,0.94283128503403
8552.460000000001,0.9364287776421443
8552.47,0.9290732245420612
8552.480000000001,0.9221478446867378
8552.49,0.9172603196727288
8552.5,0.9156832349555074
8552.51,0.917861728690085
8552.52,0.9232393369705492
8552.53,0.9304756450945928
8552.54,0.9379632040867836
8552.55,0.9443780125858371
8552.560000000001,0.9491236365879753
8552.57,0.9521774777080985
8552.58,0.9538781406068723
8552.59,0.9546919514757864
8552.6,0.9548958179777498
8552.61,0.9545505212225515
8552.62,0.9535019277210252
8552.630000000001,0.9513392311820493
8552.640000000001,0.9477336331849272
8552.65,0.9425354077546235
8552.66,0.9361372457393715
8552.67,0.9294912331485257
8552.68,0.9240440695718559
8552.69,0.9211648580850313
8552.699999999999,0.9216408745769029
8552.710000000001,0.9253664350819178
8552.72,0.9313842208525234
8552.73,0.9382417521221746
8552.74,0.9445994178666305
8552.75,0.9495912188448913
8552.76,0.9529678156917447
8552.77,0.9549558733430387
8552.78,0.9559751988559223
8552.79,0.9564284299840929
8552.8,0.956609354264305
8552.810000000001,0.956698053782949
8552.82,0.9567986890231369
8552.83,0.9569210042120901
8552.84,0.9570873904041861
8552.85,0.9572745794684083
8552.86,0.9574594126738647
8552.87,0.9575798499693453
8552.88,0.9576622643427647
8552.890000000001,0.957624171509324
8552.9,0.9574924055646046
8552.91,0.957172495315664
8552.92,0.9566773125093594
8552.93,0.956023151636082
8552.94,0.9552828433758919
8552.95,0.9545838280998944
8552.960000000001,0.9540809730698476
8552.97,0.9539094177444148
8552.98,0.9541354116382195
8552.99,0.9547283501706306
8553.0,0.9555697468766633
8553.01,0.9564482158177143
8553.02,0.9572511284210882
8553.029999999999,0.957845081751149
8553.04,0.9581851322545106
8553.05,0.9583063994113961
8553.060000000001,0.9582314211680149
8553.07,0.9580884437643201
8553.08,0.957991761719422
8553.09,0.9579738392527144
8553.1,0.9581096480916766
8553.11,0.958381487288822
8553.12,0.9587347140051924
8553.13,0.9591022864372759
8553.140000000001,0.9594305023506529
8553.15,0.9596927831363581
8553.16,0.9598882910973734
8553.17,0.9600313596505257
8553.18,0.9601401711761386
8553.19,0.9602391025485094
8553.2,0.9603131036741669
8553.210000000001,0.9603869042439486
8553.220000000001,0.9604605050425601
8553.23,0.9605339068636927
8553.240000000002,0.9606071104651321
8553.25,0.960680116618234
8553.26,0.9607529260805027
8553.27,0.9608255396005285
8553.279999999999,0.9608979579134486
8553.29,0.9609701817410388
8553.3,0.9610422118313263
8553.31,0.9611140488897004
8553.32,0.9611856936330828
8553.33,0.9612571467752707
8553.34,0.9613363668828107
8553.35,0.9614305888044533
8553.36,0.9615012591240417
8553.37,0.9615717429139162
8553.38,0.9616420408154088
8553.390000000001,0.9617121534852314
8553.4,0.9617820815595816
8553.41,0.9618518256669644
8553.42,0.9619213864320771
8553.43,0.9619907645054846
8553.44,0.9620599604992895
8553.45,0.9621289750356792
8553.46,0.9621978087326033
8553.470000000001,0.9622664622157793
8553.48,0.9623349360792591
8553.49,0.9624032309348873
8553.5,0.9624713474172186
8553.51,0.9625392860863997
8553.52,0.9626070475779025
8553.53,0.9626427558562287
8553.54,0.9626669087714108
8553.550000000001,0.9626497182349419
8553.56,0.9625709585759137
8553.570000000002,0.9624165808164825
8553.58,0.96213480671003
8553.59,0.9617605661402903
8553.6,0.9612361900895139
8553.609999999999,0.9604359174620356
8553.62,0.9590934303918743
8553.63,0.9568102222789633
8553.64,0.9531929442031001
8553.65,0.9481232510830974
8553.66,0.9420326374034955
8553.67,0.935971416685812
8553.68,0.9313651909521043
8553.69,0.9294114228084573
8553.7,0.9307229506443415
8553.71,0.9349889988207222
8553.720000000001,0.9411401025981568
8553.73,0.9477768747565561
8553.74,0.9536702326698971
8553.75,0.9581136441668496
8553.76,0.9610334413624089
8553.77,0.9627060616290956
8553.78,0.9635408268598592
8553.79,0.9638947813655276
8553.800000000001,0.9640138127113845
8553.81,0.9640384392788056
8553.820000000002,0.9639863226113462
8553.83,0.9638905032747914
8553.84,0.9636586953611709
8553.85,0.9631352340889473
8553.86,0.9621297185467312
8553.87,0.960495501074475
8553.880000000001,0.9582125051957213
8553.89,0.9555671735957606
8553.9,0.9530434313769993
8553.91,0.951252876141317
8553.92,0.9506378641577565
8553.93,0.9513748765045856
8553.94,0.9532363740532571
8553.95,0.9557316795408792
8553.96,0.9583193947461301
8553.970000000001,0.9605960243331235
8553.98,0.9623747570728517
8553.99,0.9636508434267078
8554.0,0.9644693193202578
8554.01,0.9649547193846567
8554.02,0.9651323474440048
8554.03,0.9650056829551228
8554.039999999999,0.9644461058927892
8554.050000000001,0.9633946331281794
8554.06,0.961870397294597
8554.07,0.95994692541299
8554.08,0.9579419088656931
8554.09,0.9562252771244453
8554.1,0.9552162933731403
8554.11,0.9550981799728495
8554.12,0.9558079179342004
8554.130000000001,0.9570620143524262
8554.14,0.9584949055910746
8554.150000000001,0.9598143452575446
8554.16,0.9608622302203067
8554.17,0.9616744115525854
8554.18,0.9623095911915952
8554.19,0.9627562281386656
8554.2,0.9629466787810586
8554.21,0.9626641724600776
8554.22,0.9616418709205657
8554.23,0.9597713540178953
8554.24,0.9571004679555865
8554.25,0.9538778552963063
8554.26,0.9506028785267947
8554.27,0.9478564132527465
8554.28,0.9462110992947531
8554.289999999999,0.9460204756792809
8554.300000000001,0.9474291588172838
8554.31,0.9502074533408917
8554.32,0.9538355789507064
8554.33,0.957656779536858
8554.34,0.9610837349556327
8554.35,0.9637709116357464
8554.36,0.9656086987310346
8554.369999999999,0.9666590712885242
8554.380000000001,0.9671569287246353
8554.39,0.9671440026126408
8554.400000000001,0.9666098183317895
8554.41,0.9654220909378631
8554.42,0.9633342174269522
8554.43,0.960323632351783
8554.44,0.9565995914986123
8554.45,0.9527411292477626
8554.460000000001,0.94958800978923
8554.47,0.9479568873383716
8554.480000000001,0.9482813532424249
8554.49,0.9504924032515814
8554.5,0.9539550703632701
8554.51,0.957777259030563
8554.52,0.961141762763436
8554.53,0.9635669218799418
8554.539999999999,0.9649785402907535
8554.550000000001,0.9655506375858757
8554.56,0.9656610177097745
8554.57,0.9655514883635304
8554.58,0.9653129510374259
8554.59,0.9648697481141643
8554.6,0.9639742203348344
8554.61,0.9625194385510651
8554.619999999999,0.960523689607186
8554.630000000001,0.9583490085616416
8554.64,0.9564968701080295
8554.65,0.9554541234035668
8554.66,0.9554491357396196
8554.67,0.9563486645722584
8554.68,0.9577136845666654
8554.69,0.9591207256933477
8554.7,0.9603022500858625
8554.710000000001,0.9612661783193592
8554.72,0.9621980539418501
8554.730000000001,0.9632792301522032
8554.74,0.9645545077410828
8554.75,0.9659186993789193
8554.76,0.9671974211821316
8554.77,0.9682565820750775
8554.78,0.969009455674879
8554.79,0.9695017159244843
8554.8,0.9697972734496201
8554.810000000001,0.9699773866553176
8554.82,0.9700750502208854
8554.83,0.9701521981589982
8554.84,0.9702009726926063
8554.85,0.9702496314113273
8554.86,0.9702981746892467
8554.869999999999,0.9703466028679094
8554.880000000001,0.9703949162882373
8554.89,0.9704431153019121
8554.9,0.9704912002629484
8554.91,0.9705391715297511
8554.92,0.9705870294187259
8554.93,0.9705800548442067
8554.94,0.9705260097341601
8554.949999999999,0.9703262122067524
8554.960000000001,0.9698369589268607
8554.97,0.9688497428007964
8554.980000000001,0.9671354114140456
8554.99,0.9645541549301437
8555.0,0.9612059067865418
8555.01,0.9575346428350382
8555.02,0.954282563146182
8555.03,0.9522624390153184
8555.04,0.9520397969766455
8555.05,0.9536910144457433
8555.060000000001,0.9567697358120364
8555.07,0.9605002174023445
8555.08,0.9640912264483452
8555.09,0.9669736318933937
8555.1,0.9689242576640401
8555.11,0.969971519001254
8555.12,0.9701672421177227
8555.130000000001,0.9694704871198249
8555.14,0.9676848617822001
8555.15,0.9645685714818322
8555.16,0.9599384311474197
8555.17,0.9541302337514416
8555.18,0.947959974659102
8555.19,0.9426631189451835
8555.199999999999,0.9395056180530162
8555.210000000001,0.9393137647178325
8555.22,0.9421512471276927
8555.23,0.9472935085190939
8555.24,0.9535112666060962
8555.25,0.9595329363946771
8555.26,0.9644614902041424
8555.27,0.9679534217175267
8555.28,0.9701274561696843
8555.29,0.9713331308355869
8555.3,0.971939936600896
8555.310000000001,0.9722271964143998
8555.32,0.9723738646563985
8555.33,0.9724557258872946
8555.34,0.9724991177014954
8555.35,0.9725424098617882
8555.36,0.9725856026557889
8555.37,0.9725825451255362
8555.38,0.9725646116848956
8555.390000000001,0.9724084499537049
8555.4,0.9721487933795872
8555.410000000002,0.9716912502704794
8555.42,0.9709851357447263
8555.43,0.9700147896064409
8555.44,0.9688250337990828
8555.449999999999,0.9675369816814736
8555.460000000001,0.9663433836521206
8555.47,0.9654752069274147
8555.48,0.9651399034972038
8555.49,0.9654482441028739
8555.5,0.9663625245190172
8555.51,0.967679735625452
8555.52,0.9690905085918966
8555.529999999999,0.9703479536825945
8555.54,0.9712145134524107
8555.55,0.9715473359627037
8555.560000000001,0.9712500005434439
8555.57,0.97039082531135
8555.58,0.9690346961660902
8555.59,0.9674483153030836
8555.6,0.9659501604253544
8555.61,0.9648717862188467
8555.62,0.9645038521093622
8555.63,0.9649223095513875
8555.640000000001,0.965993654645228
8555.65,0.9674448106950434
8555.66,0.9689965492769824
8555.67,0.9703872525603086
8555.68,0.9715357436172791
8555.69,0.9723933353587013
8555.7,0.9730261729509214
8555.710000000001,0.9734399041611292
8555.720000000001,0.973720602809482
8555.73,0.9738790076231156
8555.74,0.9739603677696536
8555.75,0.9739738916247545
8555.76,0.9739858659037401
8555.77,0.973933640311507
8555.779999999999,0.973860248302503
8555.79,0.9737706383325607
8555.8,0.9736941987530147
8555.81,0.9736165728250179
8555.82,0.9735893624740429
8555.83,0.9736327225337205
8555.84,0.9737501537108894
8555.85,0.9739251642087096
8555.86,0.9741413410920905
8555.87,0.9743305157095427
8555.88,0.9744952148577338
8555.890000000001,0.9746245241830077
8555.9,0.9747200367063547
8555.91,0.97478999332226
8555.92,0.9748547098111119
8555.93,0.9747893859750408
8555.94,0.97466684183539
8555.95,0.9743508462572973
8555.96,0.9736823093365731
8555.970000000001,0.972451032439039
8555.98,0.9704519508863352
8555.990000000002,0.9675976738187667
8556.0,0.9640569686596453
8556.01,0.9603268175032331
8556.02,0.9571620204504221
8556.03,0.9553414887575193
8556.04,0.9553693681637223
8556.05,0.9572619636604496
8556.06,0.9605348741429784
8556.07,0.9644008557254884
8556.08,0.9680272313535312
8556.09,0.9708966161333379
8556.1,0.9727758146351707
8556.109999999999,0.9735813649264822
8556.12,0.9734316128243331
8556.13,0.9723884968096522
8556.140000000001,0.9705428217229528
8556.15,0.9681364525387595
8556.16,0.9655229384053087
8556.17,0.9633394734925822
8556.18,0.9621527045576659
8556.19,0.962304944628241
8556.2,0.9637627809899165
8556.21,0.9661326650719863
8556.220000000001,0.9688308375618199
8556.23,0.9713184747451233
8556.24,0.9732666966850763
8556.25,0.9745939938068708
8556.26,0.9753942759195552
8556.27,0.9758298112461208
8556.28,0.9760511379975101
8556.29,0.9761634908306488
8556.300000000001,0.9762406844043415
8556.31,0.9762756284792756
8556.320000000002,0.9763104970005385
8556.33,0.9763452901989741
8556.34,0.976380008255146
8556.35,0.9764146513944372
8556.359999999999,0.9764492198271884
8556.37,0.9764837137347113
8556.38,0.976518133329032
8556.39,0.9765524788163701
8556.4,0.9764905115609296
8556.41,0.9763757881636228
8556.42,0.976090935886344
8556.43,0.9755174484927543
8556.44,0.9745281418880607
8556.45,0.9730499626539666
8556.46,0.9711476870689947
8556.470000000001,0.9690803065650312
8556.48,0.9672726810932273
8556.49,0.9661501207765943
8556.5,0.9660634612736841
8556.51,0.9670205520950079
8556.52,0.9687530622737658
8556.53,0.9708211081526942
8556.539999999999,0.9727945206072506
8556.550000000001,0.9743942412282598
8556.56,0.975532915853068
8556.570000000002,0.9762654449094473
8556.58,0.9766397824864389
8556.59,0.9768028307486397
8556.6,0.9767390499406087
8556.61,0.9763772414825634
8556.62,0.9754846911667897
8556.630000000001,0.9738071307094568
8556.64,0.9709866250860515
8556.650000000001,0.9668565548208569
8556.66,0.9616367313088315
8556.67,0.9560053142426377
8556.68,0.9510337262150719
8556.689999999999,0.9478139770643049
8556.7,0.9470233359190976
8556.71,0.9486475219680901
8556.720000000001,0.9520412040909149
8556.73,0.9561814481699679
8556.74,0.9602566005159595
8556.75,0.9638265848257223
8556.76,0.9668453554692696
8556.77,0.9694472616659389
8556.78,0.9717322974552205
8556.789999999999,0.9736926243514064
8556.800000000001,0.975264331015236
8556.81,0.9764112857516881
8556.82,0.9771760091878781
8556.83,0.9776182188135637
8556.84,0.9778629920643485
8556.85,0.9779928368050567
8556.86,0.97808668711923
8556.87,0.9781176993309902
8556.880000000001,0.9781486464722526
8556.89,0.9781795287028036
8556.900000000001,0.9782103462053273
8556.91,0.9782410991333926
8556.92,0.9782717876561839
8556.93,0.9783024119423251
8556.94,0.9783233883348963
8556.95,0.9783536681836676
8556.960000000001,0.9783838769309039
8556.97,0.978414014387732
8556.98,0.978444080362638
8556.99,0.9784740746481947
8557.0,0.9785039969971243
8557.01,0.9785338471496623
8557.02,0.9785636248128468
8557.03,0.9785933296470947
8557.039999999999,0.9786229613318183
8557.050000000001,0.9786525194685234
8557.06,0.9786820036263755
8557.07,0.9787114133846133
8557.08,0.978740748211086
8557.09,0.9787700075878794
8557.1,0.9787991909155964
8557.11,0.9788282975589447
8557.119999999999,0.978832798051074
8557.130000000001,0.9788584883975565
8557.14,0.9788867696854221
8557.150000000001,0.9789178158145633
8557.16,0.9789509720894263
8557.17,0.9790012837064443
8557.18,0.9790298303934118
8557.19,0.9790582928340504
8557.2,0.979086669703903
8557.210000000001,0.9791149595145414
8557.22,0.9791431606792572
8557.230000000001,0.9791712714522434
8557.24,0.9791992899436505
8557.25,0.9792272140841249
8557.26,0.9792550416132015
8557.27,0.9792827700616407
8557.28,0.9792403374716339
8557.289999999999,0.9791701090169231
8557.300000000001,0.9790011160264962
8557.31,0.978676756487248
8557.32,0.978146266210631
8557.33,0.9773971582265124
8557.34,0.9764902328335356
8557.35,0.97557341180596
8557.36,0.9748528858639323
8557.369999999999,0.9745226309233102
8557.380000000001,0.9746837212093721
8557.39,0.9752985112068554
8557.4,0.9762074327756771
8557.41,0.9771984280611651
8557.42,0.9780884566408957
8557.43,0.9787749326107649
8557.44,0.9792404063262906
8557.45,0.9795473805486854
8557.460000000001,0.9796919071452566
8557.47,0.9797726697847959
8557.480000000001,0.9798335477332945
8557.49,0.979857475205939
8557.5,0.9798810529448048
8557.51,0.979904245385776
8557.52,0.9798698658402315
8557.53,0.9798035870339133
8557.54,0.979599669816345
8557.55,0.9791903926002701
8557.560000000001,0.97843048450203
8557.57,0.9771704726410018
8557.58,0.9752536300454506
8557.59,0.9727004520691886
8557.6,0.9696113106127656
8557.61,0.9662913874126818
8557.619999999999,0.9631810606207662
8557.630000000001,0.9608447574693093
8557.64,0.9597257015006174
8557.65,0.9600126403419075
8557.66,0.9614990501672651
8557.67,0.9635978026929484
8557.68,0.9655425702993594
8557.69,0.9667185066701174
8557.699999999999,0.966963808870459
8557.710000000001,0.9665814872280752
8557.72,0.9662594285251377
8557.730000000001,0.9665348377540204
8557.74,0.9677054118703914
8557.75,0.9696170134575625
8557.76,0.9717781699211917
8557.77,0.9734805534929546
8557.78,0.9741798174368675
8557.79,0.9733928252096852
8557.8,0.9707982416005259
8557.810000000001,0.9663076997298297
8557.82,0.9604091512278249
8557.83,0.9538406694044618
8557.84,0.9480983221445408
8557.85,0.944569158822396
8557.86,0.9439110888710721
8557.87,0.9460005731785394
8557.880000000001,0.9498071391221049
8557.890000000001,0.9536172469911619
8557.9,0.9558688632735648
8557.91,0.9560380081067315
8557.92,0.9543262352874803
8557.93,0.9518075771014695
8557.94,0.949724996178415
8557.949999999999,0.9490941407276134
8557.960000000001,0.9504465597566459
8557.97,0.9536923033436557
8557.98,0.958350525416111
8557.99,0.9635138775336722
8558.0,0.9682565317791522
8558.01,0.9718286069937888
8558.02,0.9738536728059191
8558.03,0.9743869309622488
8558.04,0.9738248735604998
8558.05,0.972858788501491
8558.060000000001,0.9720325009082647
8558.07,0.9718994609200114
8558.08,0.9726264961751733
8558.09,0.9740179672309375
8558.1,0.9757929864859556
8558.11,0.9775311431826674
8558.12,0.9789822397909662
8558.13,0.9800370461314738
8558.140000000001,0.9807208042654705
8558.15,0.9811260388632843
8558.16,0.9813530252491474
8558.17,0.9814790458645246
8558.18,0.9815872298193625
8558.19,0.9816154523010484
8558.2,0.9816431888276574
8558.210000000001,0.9816704879252888
8558.22,0.9816973911971694
8558.23,0.981723934453946
8558.24,0.9817501486376251
8558.25,0.9817445314937949
8558.26,0.9817330152354613
8558.27,0.9816920283534176
8558.279999999999,0.9816126186073235
8558.29,0.9814937081604741
8558.3,0.9813485314411851
8558.31,0.9812064576287075
8558.32,0.9811062957454432
8558.33,0.9810820160102159
8558.34,0.9811478111471008
8558.35,0.9812913957269188
8558.36,0.9814798277538063
8558.37,0.9816741214509417
8558.38,0.981843874236386
8558.390000000001,0.9819746383940515
8558.4,0.982066637604922
8558.41,0.9821284974625392
8558.42,0.9821848012611784
8558.43,0.9822074278961894
8558.44,0.9822299196306924
8558.45,0.9822054003306652
8558.460000000001,0.9821449940316618
8558.470000000001,0.981973344112528
8558.48,0.9815901826597181
8558.490000000002,0.9808598103372154
8558.5,0.9795974717529299
8558.51,0.9777820764683881
8558.52,0.9754813787772583
8558.529999999999,0.9729940214663639
8558.54,0.9707848912867881
8558.55,0.9693395420181228
8558.56,0.9689557572926992
8558.57,0.9696825834731562
8558.58,0.9711888841847356
8558.59,0.9730293853523234
8558.6,0.9746302963164103
8558.61,0.9755155697211496
8558.62,0.975405729163998
8558.63,0.9743073188753405
8558.640000000001,0.972549899069627
8558.65,0.9707225644276833
8558.66,0.9694460845065629
8558.67,0.9692138601141689
8558.68,0.9701065368857538
8558.69,0.9717873953935092
8558.7,0.9735537894561118
8558.71,0.9747334999795346
8558.720000000001,0.9748601156897696
8558.73,0.9738931535847621
8558.74,0.9722502472573591
8558.75,0.9705778157049204
8558.76,0.9696050681509388
8558.77,0.9697983773700422
8558.78,0.9711959115179554
8558.79,0.9733971028966115
8558.800000000001,0.9759132652188581
8558.81,0.978183844527727
8558.820000000002,0.9798519610223714
8558.83,0.9807416935517218
8558.84,0.9809697206972128
8558.85,0.9806719333734649
8558.859999999999,0.9800166627893089
8558.87,0.9792511065442101
8558.88,0.9785615406279928
8558.89,0.9780666715131142
8558.9,0.9778964715921495
8558.91,0.9780810636216595
8558.92,0.9785850669587773
8558.93,0.9793148736438175
8558.94,0.9801407248696586
8558.95,0.9809302141668412
8558.96,0.9815821585983817
8558.970000000001,0.9820464834935414
8558.98,0.9823117636403831
8558.99,0.9823628072527333
8559.0,0.9821897301560982
8559.01,0.9817367014681097
8559.02,0.9808458957802002
8559.03,0.9792721902181839
8559.04,0.9767844584395685
8559.050000000001,0.973372249514106
8559.06,0.9693061233536859
8559.070000000002,0.965173937553905
8559.08,0.9619106830290263
8559.09,0.9601433329469528
8559.1,0.9602421298219904
8559.11,0.9621368682130629
8559.12,0.9652381195482228
8559.130000000001,0.9685803841050805
8559.14,0.9715737370486885
8559.15,0.9738454745240117
8559.16,0.9754720004434564
8559.17,0.9765771404989966
8559.18,0.9774138301433254
8559.19,0.9782916071456643
8559.2,0.979233939071038
8559.21,0.9801774487343883
8559.220000000001,0.9810294054584507
8559.23,0.9817259463172003
8559.24,0.9822437026955332
8559.25,0.9826255815245191
8559.26,0.9828985708982089
8559.27,0.9830956592905473
8559.28,0.9832542559654508
8559.289999999999,0.9833638798308278
8559.300000000001,0.9834593491330108
8559.31,0.9835433907169505
8559.32,0.9836181765566817
8559.33,0.9836853476080162
8559.34,0.9837462013622643
8559.35,0.9838017737461887
8559.36,0.9838528990022715
8559.37,0.9838503633536463
8559.380000000001,0.9838019433115801
8559.39,0.9835459832998886
8559.400000000001,0.9829647995133285
8559.41,0.9817441944216189
8559.42,0.9795026859152932
8559.43,0.9758759753745071
8559.44,0.970720211298063
8559.45,0.9643378015997854
8559.46,0.9575800730618113
8559.47,0.9517051124827351
8559.48,0.9479568487210388
8559.49,0.947216936601874
8559.5,0.9495207670337067
8559.51,0.9539958207471047
8559.52,0.9589865660106558
8559.53,0.9624547700198668
8559.539999999999,0.9625345527222556
8559.550000000001,0.9582795510149879
8559.56,0.9500146523399742
8559.57,0.9394051946745988
8559.58,0.9288872227842607
8559.59,0.9207764037516256
8559.6,0.9163659598910214
8559.61,0.9156931923998267
8559.619999999999,0.9176891138793596
8559.630000000001,0.9210496980805759
8559.64,0.9250286544686392
8559.650000000001,0.9296834363048555
8559.66,0.9355910148584698
8559.67,0.9431109493134905
8559.68,0.9518970137823343
8559.69,0.9609476635367538
8559.7,0.9690724631316034
8559.710000000001,0.9754268138298745
8559.72,0.9797999691208213
8559.730000000001,0.9823979277013392
8559.74,0.9837895622744377
8559.75,0.9844564754973479
8559.76,0.9847481454244048
8559.77,0.9848698940091577
8559.78,0.9849381042087682
8559.789999999999,0.9849572160937768
8559.800000000001,0.9849762358054419
8559.81,0.9849951669641797
8559.82,0.9850140129108466
8559.83,0.985032776788177
8559.84,0.9850514614981535
8559.85,0.9850700697562543
8559.86,0.9850886041033372
8559.869999999999,0.9851070669060357
8559.880000000001,0.9851254603974398
8559.89,0.9851437866510139
8559.9,0.98516204761609
8559.91,0.9851802451316454
8559.92,0.9851983809268604
8559.93,0.985216456592331
8559.94,0.9852344736773191
8559.95,0.9852524336215979
8559.960000000001,0.9851968594136283
8559.97,0.9851128968988611
8559.980000000001,0.9848894524337842
8559.99,0.9845109847153245
8560.0,0.983910826352644
8560.01,0.9830882079576294
8560.02,0.9821264867341177
8560.03,0.9811996559605042
8560.04,0.9805296499802377
8560.05,0.9803036224917481
8560.060000000001,0.9805922447838104
8560.07,0.981316913571131
8560.08,0.982286173752197
8560.09,0.983278830497742
8560.1,0.9841252906642399
8560.11,0.9847474256124754
8560.119999999999,0.9851497420923448
8560.130000000001,0.9853830247810274
8560.14,0.9855200380822968
8560.15,0.9856012749401092
8560.16,0.9856182605075808
8560.17,0.9856352069977203
8560.18,0.9856521148684643
8560.19,0.9856689845598143
8560.199999999999,0.9856858164809953
8560.210000000001,0.9857026110294688
8560.22,0.9857193686157217
8560.230000000001,0.9857360895979959
8560.24,0.9857527743305273
8560.25,0.9857694231721835
8560.26,0.9857860364428088
8560.27,0.9858026144703939
8560.28,0.9858191575534316
8560.29,0.9858356660058845
8560.3,0.9858521401021599
8560.310000000001,0.9858685801418715
8560.32,0.9858849863713172
8560.33,0.9859013590635626
8560.34,0.9858968080370074
8560.35,0.9859105612354863
8560.36,0.9859099215965792
8560.37,0.9859139167004332
8560.380000000001,0.9859307168335295
8560.39,0.985920227615874
8560.4,0.9859078132319535
8560.41,0.9858994907112838
8560.42,0.9859016151267007
8560.43,0.9859182234292319
8560.44,0.9859491490862142
8560.449999999999,0.9859901024438992
8560.460000000001,0.9860346642064293
8560.47,0.9860769350810171
8560.48,0.9861133679750688
8560.49,0.9861431057279483
8560.5,0.9861747811523984
8560.51,0.9861905868857327
8560.52,0.9862063628198183
8560.53,0.9862221090899613
8560.54,0.9862378258626354
8560.55,0.9862527707962658
8560.560000000001,0.9862684190783817
8560.57,0.9862840380813653
8560.58,0.9862996279323671
8560.59,0.9863151887631926
8560.6,0.9863307206807685
8560.61,0.9863462238268637
8560.62,0.9863616983085749
8560.63,0.9863197545781335
8560.640000000001,0.9862240251176418
8560.65,0.9859605155246165
8560.660000000002,0.9853506707966796
8560.67,0.9841190183485499
8560.68,0.9819334159861585
8560.69,0.9785364834012622
8560.699999999999,0.973953544409695
8560.710000000001,0.9686735205266179
8560.72,0.9636502392566106
8560.73,0.9600457020971559
8560.74,0.9588047258525966
8560.75,0.9602725362486692
8560.76,0.9640506086468603
8560.77,0.9691629202064609
8560.779999999999,0.9744493003181965
8560.79,0.978984769993398
8560.8,0.9823179668393506
8560.810000000001,0.984452042983866
8560.82,0.9856565155206956
8560.83,0.9862625872291386
8560.84,0.986538953540379
8560.85,0.9866571590629701
8560.86,0.9867001506823877
8560.87,0.9866845292837821
8560.88,0.986643270128519
8560.890000000001,0.9865668472487471
8560.9,0.9864252632632532
8560.91,0.9862602504580316
8560.92,0.9860830055190737
8560.93,0.985932528287825
8560.94,0.9858498491045202
8560.95,0.9858615421221785
8560.960000000001,0.985967969699178
8560.970000000001,0.9861433283189258
8560.98,0.986347333957517
8560.990000000002,0.9865413832123845
8561.0,0.9867004787486613
8561.01,0.9868164454929299
8561.02,0.9868938239689273
8561.029999999999,0.9869726406593555
8561.04,0.986986990603326
8561.05,0.9870013151076619
8561.06,0.9870156141831768
8561.07,0.987029887877725
8561.08,0.987044136207642
8561.09,0.9870583592070873
8561.1,0.9870725568927119
8561.11,0.987086729298726
8561.12,0.9871008764239677
8561.13,0.9871149983156958
8561.140000000001,0.9871290949522364
8561.15,0.9871431663635795
8561.16,0.9871572125483994
8561.17,0.9871712335141456
8561.18,0.9871852292358111
8561.19,0.9871991997475372
8561.2,0.9872131450040947
8561.21,0.9872270649952366
8561.220000000001,0.9872409597165138
8561.23,0.9872548291407213
8561.240000000002,0.9872686732209007
8561.25,0.9871914665595373
8561.26,0.9870304379246377
8561.27,0.9865698715831156
8561.28,0.9855575853032899
8561.29,0.9835374695851986
8561.300000000001,0.9799889970609351
8561.31,0.9745336504005163
8561.32,0.9672255638722494
8561.33,0.9588940208258742
8561.34,0.9509687552907847
8561.35,0.9450803286604169
8561.359999999999,0.9423893955141134
8561.37,0.9430637071310929
8561.38,0.9461695161694194
8561.390000000001,0.9500896926781651
8561.4,0.9533272455848982
8561.41,0.9552602997980824
8561.42,0.9563508298602568
8561.43,0.9576851654981277
8561.44,0.960223395489265
8561.45,0.9642624886179255
8561.46,0.9693753557294471
8561.470000000001,0.9746556867065718
8561.48,0.9793171055133387
8561.49,0.9828069282443109
8561.5,0.9851128410141023
8561.51,0.9864526513292924
8561.52,0.9871445627603083
8561.53,0.9874664937314751
8561.54,0.9876050280620067
8561.550000000001,0.9876846456804661
8561.56,0.987697591080843
8561.570000000002,0.9877105008053296
8561.58,0.9877233737807278
8561.59,0.9877362087692122
8561.6,0.9877490044568015
8561.61,0.9877617593555408
8561.62,0.9877744718151537
8561.63,0.987787139974359
8561.64,0.9877997617791813
8561.65,0.9878123349241225
8561.66,0.9878248567924602
8561.67,0.987837324473034
8561.68,0.9878497346701837
8561.69,0.9878620836279385
8561.7,0.9878743671078184
8561.71,0.9878865802904961
8561.720000000001,0.9878987176209634
8561.73,0.9879107727787081
8561.74,0.9879227384630838
8561.75,0.9879346062257807
8561.76,0.9879463662896535
8561.77,0.9879580072046037
8561.78,0.9879394745757887
8561.789999999999,0.9879027963391868
8561.800000000001,0.9878088145235099
8561.81,0.9876149115458924
8561.820000000002,0.9872722504782349
8561.83,0.98674694221626
8561.84,0.9860513788480887
8561.85,0.9852698898548167
8561.86,0.9845559593997568
8561.87,0.9840885249193927
8561.880000000001,0.9840012487281096
8561.89,0.9843222147854847
8561.900000000001,0.9849605978294401
8561.91,0.9857085194068308
8561.92,0.9864347756830133
8561.93,0.9869965983091274
8561.939999999999,0.9873497658792919
8561.95,0.9875181618102193
8561.96,0.9875629611895623
8561.970000000001,0.9875501264301724
8561.98,0.9875450299857002
8561.99,0.9875260543750328
8562.0,0.9875187143741041
8562.01,0.9874814456772559
8562.02,0.9873635235162089
8562.03,0.9871143222439075
8562.039999999999,0.9866956845840928
8562.050000000001,0.9861364068277855
8562.06,0.9854983754597765
8562.07,0.9848443463584712
8562.08,0.9843972911925852
8562.09,0.984219068950124
8562.1,0.9844120886854991
8562.11,0.9848906743299669
8562.12,0.9855581225445605
8562.130000000001,0.9862367515594805
8562.14,0.9868406338602893
8562.150000000001,0.9873290362275817
8562.16,0.9876831593321086
8562.17,0.9879305398200136
8562.18,0.9881001028364508
8562.19,0.9882158765251646
8562.2,0.9882976721980489
8562.210000000001,0.9883686927378377
8562.22,0.9884063837498537
8562.23,0.9884372190146726
8562.24,0.9884638024452729
8562.25,0.9884873284610108
8562.26,0.9885085949478798
8562.27,0.9885281553672869
8562.28,0.9885464047547828
8562.289999999999,0.988508784901735
8562.300000000001,0.988439150146766
8562.31,0.9882689089520773
8562.32,0.9879263454209637
8562.33,0.9873318644219607
8562.34,0.9864347890961026
8562.35,0.9852650823938146
8562.36,0.9839722004918419
8562.369999999999,0.9828144590289487
8562.380000000001,0.9820825439635992
8562.39,0.9819206840208662
8562.400000000001,0.9823726088359594
8562.41,0.9831694574095079
8562.42,0.9838771823057177
8562.43,0.9839921769969515
8562.44,0.9830888171578868
8562.45,0.9809736774098975
8562.460000000001,0.9778153533658331
8562.47,0.9741879913509695
8562.480000000001,0.9709591117676037
8562.49,0.9690430872832203
8562.5,0.9689518486063701
8562.51,0.9707855485174377
8562.52,0.9740431857666276
8562.53,0.977908168125308
8562.539999999999,0.9815735105464668
8562.550000000001,0.9844728314871135
8562.56,0.9863926003758638
8562.57,0.987497132616739
8562.58,0.9879152867888503
8562.59,0.9878791522404952
8562.6,0.9875077338920343
8562.61,0.9868427778701492
8562.619999999999,0.9858608796813222
8562.630000000001,0.9846241695366974
8562.64,0.983025427831136
8562.65,0.9808992931358289
8562.66,0.9780352734907463
8562.67,0.9742583056566495
8562.68,0.9696990806097024
8562.69,0.9649142943843236
8562.7,0.9608117354465736
8562.710000000001,0.9584725219446033
8562.72,0.9586465477891385
8562.730000000001,0.9614440232354068
8562.74,0.9662834704662767
8562.75,0.972023624387577
8562.76,0.9775630669755091
8562.77,0.9821039264779932
8562.78,0.9852786112139399
8562.79,0.9872434640002388
8562.8,0.9883184753896351
8562.810000000001,0.9888437606624321
8562.82,0.9890764471115029
8562.83,0.9891917336213322
8562.84,0.989202598162632
8562.85,0.9892134660524219
8562.86,0.9891943782815669
8562.869999999999,0.9891790948941994
8562.880000000001,0.9890971164079413
8562.89,0.989017264995723
8562.9,0.9888583366997966
8562.91,0.9886396510926364
8562.92,0.9883718200735102
8562.93,0.9880864785180165
8562.94,0.9878353060848296
8562.949999999999,0.9876779395195594
8562.960000000001,0.9876607330023436
8562.97,0.9877961582884824
8562.98,0.9880552261566842
8562.99,0.9883786866684874
8563.0,0.988718767420333
8563.01,0.9889569994277899
8563.02,0.9891520303495066
8563.03,0.989262241189131
8563.04,0.9893363367494385
8563.05,0.9894029830417244
8563.060000000001,0.9894146130706011
8563.07,0.9894281726732638
8563.08,0.9894121369308612
8563.09,0.9893475752888132
8563.1,0.9891883322437277
8563.11,0.9888800674359675
8563.12,0.9882776088669823
8563.130000000001,0.987320539733369
8563.140000000001,0.9859974990834827
8563.15,0.9844290964729073
8563.16,0.9828841862556852
8563.17,0.9817183400494361
8563.18,0.9811952593743178
8563.19,0.9814283461357417
8563.199999999999,0.9823044302363723
8563.210000000001,0.9834329523572781
8563.22,0.9843689344742707
8563.23,0.9847343979436908
8563.24,0.9844239176643109
8563.25,0.9835425324557214
8563.26,0.9824169386390352
8563.27,0.9814672121449318
8563.28,0.9810432384843563
8563.29,0.9813900395393693
8563.3,0.9824060658450182
8563.310000000001,0.9838913326267674
8563.32,0.9855120535649452
8563.33,0.9869920530732259
8563.34,0.9881415555998551
8563.35,0.9888724126703388
8563.36,0.9893409057872523
8563.37,0.9895743760629441
8563.38,0.9896905610256768
8563.390000000001,0.989771056173898
8563.4,0.98978090470963
8563.41,0.9897907340669988
8563.42,0.9898005439845029
8563.43,0.9898103341729616
8563.44,0.9898201042686163
8563.45,0.9898298539130123
8563.460000000001,0.9898395827045315
8563.47,0.989849290161704
8563.48,0.989858975791591
8563.49,0.9898686389884399
8563.5,0.9898782791268235
8563.51,0.9897891113647531
8563.52,0.9896715684773861
8563.529999999999,0.9894400776195214
8563.54,0.9890446425909376
8563.55,0.9884795341917294
8563.56,0.9877215057455506
8563.57,0.9868945763434097
8563.58,0.9861662590421635
8563.59,0.9857206407267277
8563.6,0.9856848630995377
8563.61,0.9860721194121268
8563.62,0.98677547745159
8563.63,0.9876171684312615
8563.640000000001,0.9884191807357661
8563.65,0.989042149473104
8563.66,0.9894947086848279
8563.67,0.9897187470527251
8563.68,0.9897805759345508
8563.69,0.9896587864502762
8563.7,0.9892797110638164
8563.710000000001,0.9885271649516127
8563.720000000001,0.9873629420969713
8563.73,0.9857284149320682
8563.740000000002,0.9838011930322943
8563.75,0.9819164840712453
8563.76,0.9805111335182041
8563.77,0.979964031492958
8563.779999999999,0.980434123952923
8563.79,0.9817309594232282
8563.8,0.9834972899295427
8563.81,0.9851889425715862
8563.82,0.9863017355022945
8563.83,0.9864389739179038
8563.84,0.9853489737952773
8563.85,0.9829722813180901
8563.86,0.9795286540529645
8563.87,0.9755838118390803
8563.88,0.972010387758464
8563.890000000001,0.969663111285786
8563.9,0.9692287546945808
8563.91,0.9708197856474461
8563.92,0.9739965630278166
8563.93,0.9779338367989499
8563.94,0.9817777908467384
8563.95,0.9849422378782486
8563.96,0.9871889541774947
8563.970000000001,0.9885734249626575
8563.98,0.9893745849433268
8563.99,0.9897994501705948
8564.0,0.9900127370588312
8564.01,0.9901619977767372
8564.02,0.9902132092047466
8564.03,0.9902567536153188
8564.04,0.9902908892343207
8564.050000000001,0.9903170612001172
8564.06,0.990303770374465
8564.070000000002,0.990247342862767
8564.08,0.9900593885394744
8564.09,0.9895790696789544
8564.1,0.9885235520585389
8564.109999999999,0.9865095015069418
8564.12,0.9830518168551845
8564.13,0.9779248087277617
8564.14,0.9713548912875561
8564.15,0.9641425763619398
8564.16,0.9576741219517756
8564.17,0.9533640274334625
8564.18,0.9520254037718593
8564.19,0.9534968989752505
8564.2,0.956561649049782
8564.21,0.959349422216689
8564.220000000001,0.9601057459619474
8564.23,0.9580021573592342
8564.24,0.9535506848387955
8564.25,0.948383709936199
8564.26,0.9445506695832792
8564.27,0.9436906672238953
8564.28,0.9465304297628712
8564.289999999999,0.952611656504257
8564.300000000001,0.9605421824922139
8564.31,0.9684276278151422
8564.320000000002,0.9746312176563671
8564.33,0.9781769346009043
8564.34,0.9789818736793713
8564.35,0.9777531666823976
8564.36,0.9755588776786414
8564.37,0.9736485451727996
8564.380000000001,0.9729296335653191
8564.39,0.9737931302647174
8564.4,0.9760658660453653
8564.41,0.9791199460322035
8564.42,0.9822619969915453
8564.43,0.9849092932704172
8564.44,0.9868234661974239
8564.45,0.9880668766723698
8564.46,0.9887952375591338
8564.470000000001,0.9892664150488936
8564.48,0.9896181465894012
8564.49,0.9898690951138284
8564.5,0.9900870946033105
8564.51,0.9902444041561698
8564.52,0.9903556619709463
8564.53,0.9904341736924691
8564.539999999999,0.9904938463033398
8564.550000000001,0.9905075974131065
8564.56,0.9905226740923484
8564.57,0.9905161352290176
8564.58,0.9904809635553913
8564.59,0.9904191993902458
8564.6,0.9903467512829233
8564.61,0.9903046254712969
8564.62,0.9902771592745367
8564.630000000001,0.9903072745246215
8564.64,0.9903324017140687
8564.650000000001,0.9903979576113159
8564.66,0.9904473316657958
8564.67,0.9904625553371237
8564.68,0.9904451090165015
8564.69,0.990414645237048
8564.7,0.990398806656651
8564.71,0.9904301669623624
8564.72,0.990488005760916
8564.73,0.9905831590073738
8564.74,0.9906934392441824
8564.75,0.9907975739242483
8564.76,0.9908820452611276
8564.77,0.9909428425566987
8564.78,0.9909829584569486
8564.789999999999,0.9910216745642034
8564.800000000001,0.9910302454656432
8564.81,0.9910387664012645
8564.82,0.991047241608067
8564.83,0.9910556747949893
8564.84,0.9910640691623889
8564.85,0.9910724275108472
8564.86,0.9910807522984874
8564.869999999999,0.9910890456744818
8564.880000000001,0.9910973095587451
8564.89,0.9911055456488836
8564.900000000001,0.9911137554288557
8564.91,0.9911219402464525
8564.92,0.9911301013078444
8564.93,0.9911382396735304
8564.94,0.9911463563258872
8564.95,0.9911544521203992
8564.960000000001,0.9911625278576781
8564.97,0.9911705842369634
8564.980000000001,0.9911786219156111
8564.99,0.9911866414822273
8565.0,0.991194643460478
8565.01,0.9912026284157593
8565.019999999999,0.9911644835619398
8565.03,0.9911116938907732
8565.039999999999,0.9910028588271371
8565.050000000001,0.9908119338124641
8565.06,0.9905221325527548
8565.07,0.9901433210050479
8565.08,0.9896874588762995
8565.09,0.9892889183896085
8565.1,0.9890256249184138
8565.11,0.9889708898121301
8565.119999999999,0.9891413950119265
8565.130000000001,0.9894899969955213
8565.14,0.9899276963762539
8565.15,0.9903609693344996
8565.16,0.9907233520391664
8565.17,0.9909876260621527
8565.18,0.9911591035929558
8565.19,0.9912828410717661
8565.2,0.9913520152514749
8565.210000000001,0.9913612069450924
8565.22,0.9913688534058126
8565.230000000001,0.9913764894408629
8565.24,0.9913841150381556
8565.25,0.9913917302388464
8565.26,0.9913993350466087
8565.27,0.9914069294832966
8565.28,0.9914145135701874
8565.29,0.9914220873421107
8565.3,0.9914296507891461
8565.310000000001,0.991437203927007
8565.32,0.9914447468165573
8565.33,0.9914522794255962
8565.34,0.9914598018059438
8565.35,0.9914673139581492
8565.36,0.991474815906401
8565.369999999999,0.9914823076777153
8565.380000000001,0.9914897892688982
8565.39,0.9914972607237977
8565.4,0.991504722043106
8565.41,0.9915121732471248
8565.42,0.9915196143518074
8565.43,0.9915270453871996
8565.44,0.9915344663624281
8565.449999999999,0.9915418772940644
8565.460000000001,0.9915492781949642
8565.47,0.9915566690898924
8565.480000000001,0.9915640500061588
8565.49,0.9915714209449485
8565.5,0.9915787819252418
8565.51,0.991557179487322
8565.52,0.9915549853907931
8565.53,0.9915546608746726
8565.54,0.9915582368862885
8565.55,0.9915667986581026
8565.560000000001,0.9915799777270492
8565.57,0.9915961272901239
8565.58,0.9916130676225523
8565.59,0.9916445857665328
8565.6,0.9916518481707582
8565.61,0.9916591008197363
8565.62,0.9916663437174622
8565.630000000001,0.9916735768983458
8565.64,0.9916808003591965
8565.65,0.9916880141204709
8565.66,0.9916952182135431
8565.67,0.9917024126391154
8565.68,0.9917095974347295
8565.69,0.9917167725920931
8565.699999999999,0.9917239381448293
8565.710000000001,0.9917310941042646
8565.72,0.9917382404804452
8565.73,0.9917453773054182
8565.74,0.9917525045831784
8565.75,0.9917596223377702
8565.76,0.9917667305873961
8565.77,0.9917738293358213
8565.78,0.9917809186194674
8565.79,0.9917879984339879
8565.8,0.991795068807056
8565.810000000001,0.9918021297508753
8565.82,0.9918091812859215
8565.83,0.9918162234292468
8565.84,0.9918232562066592
8565.85,0.9918302796078498
8565.86,0.9918372936719041
8565.87,0.9918442983959609
8565.88,0.9918512938181555
8565.890000000001,0.9918582799423874
8565.9,0.991865256779399
8565.910000000002,0.9918221520121634
8565.92,0.991753457867381
8565.93,0.9916008426854043
8565.94,0.9913083851061059
8565.949999999999,0.990818311264178
8565.960000000001,0.9900469359198516
8565.97,0.9890404824997694
8565.98,0.9878313369412667
8565.99,0.9865067812194269
8566.0,0.9850295828364705
8566.01,0.983332330036098
8566.02,0.9812645755656444
8566.029999999999,0.9787668176023379
8566.04,0.9760460364713371
8566.05,0.9735981786305422
8566.060000000001,0.9721375166153569
8566.07,0.9721480091309384
8566.08,0.9737675577128977
8566.09,0.9765462882982535
8566.1,0.9797708748791808
8566.11,0.9826806374785557
8566.12,0.984718231503817
8566.13,0.9857599842373067
8566.140000000001,0.9859209387593683
8566.15,0.9854582423710566
8566.16,0.9846712999368358
8566.17,0.9838690916404196
8566.18,0.9833795424733266
8566.19,0.9833794189090812
8566.2,0.9840346385401482
8566.210000000001,0.9852604696870857
8566.220000000001,0.9867924172181095
8566.23,0.9883307234935779
8566.240000000002,0.9895722737601383
8566.25,0.9903656066115887
8566.26,0.9906046547272203
8566.27,0.9902976111049976
8566.279999999999,0.9894979135768238
8566.29,0.9883393135156306
8566.3,0.9870725449673893
8566.31,0.9859807913776663
8566.32,0.9853583799954216
8566.33,0.9854073820431447
8566.34,0.9861154207800756
8566.35,0.9872613967237739
8566.36,0.9885985374489106
8566.37,0.9898320286190099
8566.38,0.9907969949482777
8566.390000000001,0.9914523310946469
8566.4,0.99184429048153
8566.41,0.9919892538472892
8566.42,0.9920006360483526
8566.43,0.9918887245247034
8566.44,0.9915764706672513
8566.45,0.9910846232996108
8566.46,0.9904116441423835
8566.470000000001,0.9896241900746141
8566.48,0.9888630726772668
8566.490000000002,0.9883090568051385
8566.5,0.9881153790964691
8566.51,0.9883404556982022
8566.52,0.9889205585008699
8566.53,0.9896995836588766
8566.54,0.9904751237758014
8566.550000000001,0.9911474684749881
8566.56,0.991639311820087
8566.57,0.9919558715008457
8566.58,0.9921389611445862
8566.59,0.99223706834274
8566.6,0.9922744244450753
8566.609999999999,0.9922313071678296
8566.62,0.9920656272834473
8566.63,0.9916929712151212
8566.640000000001,0.9909562618597495
8566.65,0.9896730063939041
8566.66,0.9877126569417618
8566.67,0.9851359745818743
8566.68,0.9821967632109492
8566.69,0.9794744401586383
8566.7,0.977623558182006
8566.71,0.9771480127843422
8566.720000000001,0.9781852311643864
8566.73,0.9804444648881375
8566.74,0.9833358770525076
8566.75,0.9862149637067502
8566.76,0.9885865671983378
8566.77,0.9903010291741733
8566.78,0.9913738011634304
8566.79,0.9919669560308435
8566.800000000001,0.9922597113370956
8566.81,0.9923905994509181
8566.820000000002,0.9924695846072118
8566.83,0.9924371214136976
8566.84,0.9923878853843922
8566.85,0.9922814041786844
8566.86,0.9920842934862336
8566.87,0.9917669156611657
8566.88,0.9913231912957563
8566.89,0.9907916106397854
8566.9,0.9902625230484249
8566.91,0.9898586892861566
8566.92,0.9896909423563931
8566.93,0.9897598282287537
8566.94,0.9900805768353945
8566.95,0.9905198783700495
8566.96,0.9909487333633652
8566.970000000001,0.9912742127804351
8566.98,0.9914690135728311
8566.99,0.9915658972518566
8567.0,0.9916267892053943
8567.01,0.9917068893067925
8567.02,0.991849625270008
8567.03,0.9920004552487584
8567.039999999999,0.9921701147407047
8567.050000000001,0.9923257288947911
8567.06,0.992447878950361
8567.070000000002,0.9925321781147423
8567.08,0.9925845742674408
8567.09,0.9926336953704842
8567.1,0.9926396660005069
8567.11,0.9926456290839067
8567.12,0.9926515846105597
8567.130000000001,0.9926575326074587
8567.14,0.9926634730822887
8567.150000000001,0.9926694060433242
8567.16,0.9926753315140452
8567.17,0.9926812495028541
8567.18,0.9926524560399079
8567.189999999999,0.9926140386761628
8567.2,0.9925364035649397
8567.21,0.9924029220640956
8567.220000000001,0.992204568466953
8567.23,0.9919509420788291
8567.24,0.9916776097450358
8567.25,0.9914421315028932
8567.26,0.9913060444615207
8567.27,0.9913096748536055
8567.28,0.9913571972794263
8567.289999999999,0.991452396169415
8567.300000000001,0.9914150491741941
8567.31,0.9910653271400998
8567.32,0.990234065375192
8567.33,0.9887907339085218
8567.34,0.9868248395270789
8567.35,0.9845923443930062
8567.36,0.9824747515143638
8567.37,0.9809165836478605
8567.380000000001,0.9802764594241061
8567.39,0.9806337635584711
8567.400000000001,0.9818151726447737
8567.41,0.9834976376502378
8567.42,0.9853494136129348
8567.43,0.9871041531410264
8567.44,0.9886737591360505
8567.45,0.989976699893327
8567.460000000001,0.9909962189135385
8567.47,0.991741256415011
8567.480000000001,0.9922436185323544
8567.49,0.9925688486407352
8567.5,0.9927320396346401
8567.51,0.9928183533611773
8567.52,0.9928837628621464
8567.53,0.9928894193640224
8567.539999999999,0.9928950688296828
8567.550000000001,0.9929007112450812
8567.56,0.9929063466499123
8567.57,0.9929119750369743
8567.58,0.9929175964250985
8567.59,0.99292321084295
8567.6,0.992832606034935
8567.61,0.9926735647098126
8567.619999999999,0.9923008747126231
8567.630000000001,0.9915317134754441
8567.64,0.9901296994436537
8567.650000000001,0.9878617998028574
8567.66,0.9847368838146701
8567.67,0.980950557335445
8567.68,0.9771436943531375
8567.69,0.9741577441070378
8567.7,0.972761848234324
8567.710000000001,0.9733438766864423
8567.72,0.9757373906411245
8567.730000000001,0.9793034650799877
8567.74,0.9831929306138051
8567.75,0.9866433582814456
8567.76,0.9892884589993416
8567.77,0.991042993699316
8567.78,0.9920665358767403
8567.79,0.9925984951615786
8567.800000000001,0.992850106412073
8567.81,0.9929602699016679
8567.82,0.9930236206642773
8567.83,0.993033649443753
8567.84,0.9930613325900332
8567.85,0.9930667692097872
8567.86,0.9930721991488711
8567.869999999999,0.9930776224122267
8567.880000000001,0.9930830389967997
8567.89,0.993088448932183
8567.9,0.9930620100499689
8567.91,0.9930106492599581
8567.92,0.9928818651480612
8567.93,0.9926041999382876
8567.94,0.9920789519934391
8567.95,0.9911725065041223
8567.960000000001,0.9898680632376282
8567.97,0.9882167541960738
8567.980000000001,0.9864476131144887
8567.99,0.9849464734096217
8568.0,0.9840477426029509
8568.01,0.9840226005623453
8568.02,0.9848765970311241
8568.03,0.9863485396150267
8568.04,0.9881104272885444
8568.05,0.9897771377346429
8568.060000000001,0.9911142860232075
8568.07,0.9920471884329212
8568.08,0.9926216301137814
8568.09,0.9929373364384582
8568.1,0.9930940816484223
8568.11,0.9931783516257862
8568.119999999999,0.9932110640747059
8568.130000000001,0.9932163173708488
8568.14,0.993221564274895
8568.15,0.9932268047807811
8568.16,0.9932320389122515
8568.17,0.993237266687128
8568.18,0.9932424880883743
8568.19,0.993247703144546
8568.199999999999,0.9932529118787118
8568.210000000001,0.9932581142737487
8568.22,0.99323295163223
8568.23,0.9932093001603209
8568.24,0.9931694587847992
8568.25,0.9931132521352213
8568.26,0.9930466006761052
8568.27,0.9929821204250688
8568.28,0.9929361355340651
8568.29,0.9929226174176897
8568.3,0.9929470252683585
8568.310000000001,0.993003729706787
8568.32,0.9930315093722674
8568.33,0.9930484333612681
8568.34,0.9930021449378633
8568.35,0.9928650138246077
8568.36,0.9925794853751815
8568.37,0.9921727193322281
8568.380000000001,0.9915507568861489
8568.390000000001,0.9906232914134342
8568.4,0.9891329096470262
8568.41,0.9866585608071323
8568.42,0.9827357177841206
8568.43,0.9770300017741214
8568.44,0.9698259296539837
8568.449999999999,0.9621307394368078
8568.460000000001,0.9555291855115176
8568.47,0.951656873732163
8568.48,0.9515754180673474
8568.49,0.955304468018459
8568.5,0.961952205273502
8568.51,0.969836545115104
8568.52,0.9773233122662159
8568.53,0.9832585877781578
8568.54,0.9872285028180746
8568.55,0.9895253838240766
8568.560000000001,0.9906775881351989
8568.57,0.99123667819457
8568.58,0.9915885398639294
8568.59,0.9919232499368168
8568.6,0.9922991621204504
8568.61,0.9926431270130237
8568.62,0.9929443037929123
8568.63,0.9931706776667654
8568.640000000001,0.9933198959326327
8568.65,0.9934076604842038
8568.66,0.9934858323680729
8568.67,0.9934324263872071
8568.68,0.9933515292311335
8568.69,0.9931787651450132
8568.7,0.9928567331438247
8568.710000000001,0.9923301197189742
8568.72,0.9915782540260701
8568.73,0.9906530430816767
8568.74,0.9896976843886168
8568.75,0.9889215161322056
8568.76,0.9885289206915723
8568.77,0.9885925612721991
8568.779999999999,0.9891123512986606
8568.79,0.9898942463741652
8568.8,0.9907005012617879
8568.81,0.9913294911317045
8568.82,0.9916847421693734
8568.83,0.9917903904489684
8568.84,0.9917567205886056
8568.85,0.9917195778035183
8568.86,0.9917822648053781
8568.87,0.9919961021436587
8568.88,0.9922956468518231
8568.890000000001,0.9926446195726536
8568.9,0.9929710928092249
8568.91,0.9932300072889287
8568.92,0.9934086565214967
8568.93,0.9935178184200956
8568.94,0.9935780292826485
8568.95,0.9936262128577839
8568.96,0.9936309679079761
8568.970000000001,0.9936357173358719
8568.98,0.9936404611597954
8568.990000000002,0.9936451993775277
8569.0,0.9936225855329048
8569.01,0.9936025894743039
8569.02,0.993569901298191
8569.029999999999,0.9935253667539512
8569.04,0.9934748036076906
8569.05,0.9934288563060016
8569.06,0.9934000153959264
8569.07,0.9933584925777552
8569.08,0.9932986454806219
8569.09,0.9930821563923448
8569.1,0.9925182093699545
8569.11,0.9911745994012676
8569.12,0.9885085676141594
8569.13,0.9838766039358887
8569.140000000001,0.9768083701431157
8569.15,0.9674624765252108
8569.16,0.9569602128070056
8569.17,0.9471860171903776
8569.18,0.9402714939377991
8569.19,0.937858607001541
8569.2,0.9405270925809316
8569.21,0.9476024554693618
8569.220000000001,0.9573965174285899
8569.23,0.9678010166887228
8569.24,0.9770030849040516
8569.25,0.9839893030380636
8569.26,0.9885923773555115
8569.27,0.9913066824289927
8569.28,0.9927055001669982
8569.29,0.9933591542014013
8569.300000000001,0.9936346146821488
8569.31,0.9937927966344616
8569.320000000002,0.9937510593230874
8569.33,0.9936925143350583
8569.34,0.9935731973305251
8569.35,0.9933620091643369
8569.359999999999,0.993035493512249
8569.37,0.99255963160718
8569.38,0.9919865524623179
8569.39,0.9913390180852332
8569.4,0.9906246815194619
8569.41,0.989773929283956
8569.42,0.9886247830911818
8569.43,0.9869871950642666
8569.44,0.98480928992501
8569.45,0.9822318986139128
8569.46,0.9797672116575354
8569.470000000001,0.9780652989410873
8569.48,0.9776713264429969
8569.49,0.9787520950631025
8569.5,0.9811018906939594
8569.51,0.9841373983945901
8569.52,0.987141224907349
8569.53,0.9896889645297381
8569.539999999999,0.991533293067801
8569.550000000001,0.9927203362844679
8569.56,0.993324545495792
8569.570000000002,0.9935837619056458
8569.58,0.9936007015118303
8569.59,0.9934565641388021
8569.6,0.9930889052117389
8569.61,0.9925103322607856
8569.62,0.9917615607975778
8569.630000000001,0.9908906179219492
8569.64,0.9899292901688129
8569.65,0.9888660987535386
8569.66,0.9875876709647093
8569.67,0.9858892133379743
8569.68,0.9835961122715787
8569.689999999999,0.9806337931973653
8569.7,0.9773094851969165
8569.71,0.974232943481919
8569.720000000001,0.972174985994352
8569.73,0.9717763720810586
8569.74,0.9732732046373302
8569.75,0.9764039233138608
8569.76,0.980409367928164
8569.77,0.9844681000369809
8569.78,0.9879087444836044
8569.789999999999,0.9904200222816373
8569.800000000001,0.991986591922414
8569.81,0.9927582131379307
8569.82,0.9930376063441507
8569.83,0.9930600157046642
8569.84,0.9929417744508326
8569.85,0.9928492157676372
8569.86,0.9927400240634495
8569.87,0.9926089250492282
8569.880000000001,0.992393347940897
8569.89,0.9919928298052791
8569.900000000001,0.9914676878956192
8569.91,0.9908401759655716
8569.92,0.9901707255261318
8569.93,0.9894913563088804
8569.94,0.9888091279867516
8569.95,0.988067186597347
8569.96,0.9873471949660497
8569.97,0.9867905877909222
8569.98,0.9865968003170215
8569.99,0.9869207063071928
8570.0,0.9877759995767309
8570.01,0.9890113245160299
8570.02,0.9903740037401423
8570.03,0.9916294379841755
8570.039999999999,0.9925857331219389
8570.050000000001,0.9932286997411902
8570.06,0.9935939139085928
8570.07,0.9937522661630926
8570.08,0.9937725247632473
8570.09,0.9937276697399285
8570.1,0.9935817357482736
8570.11,0.9934223154772504
8570.119999999999,0.9932530272277085
8570.130000000001,0.9931192579447963
8570.14,0.9930587149016055
8570.150000000001,0.9930755963134593
8570.16,0.9931658393276829
8570.17,0.9933245881948933
8570.18,0.9935022572031409
8570.19,0.9936646203373298
8570.2,0.9938102265591401
8570.210000000001,0.9939202098825838
8570.22,0.9939995407467765
8570.230000000001,0.9940541097728883
8570.24,0.9940911490652469
8570.25,0.9941178573581791
8570.26,0.9941127390783293
8570.269999999999,0.9941181635326739
8570.28,0.9941214339272568
8570.289999999999,0.9941260302678473
8570.300000000001,0.9941341736253753
8570.31,0.9941465564675344
8570.32,0.9940495233390946
8570.33,0.9938839232981541
8570.34,0.9934958211478259
8570.35,0.9927245797045668
8570.36,0.9913358901608359
8570.369999999999,0.9891961908324025
8570.380000000001,0.9863281370436466
8570.39,0.983016084361922
8570.4,0.9798496750167817
8570.41,0.9775416086638954
8570.42,0.9766629997216134
8570.43,0.9774115068804048
8570.44,0.9795346605268646
8570.45,0.9824150549630646
8570.460000000001,0.9853918067806582
8570.47,0.9878569579875023
8570.480000000001,0.9894811520804965
8570.49,0.9900021867682876
8570.5,0.989176321923196
8570.51,0.9869034125139642
8570.52,0.9831992192581489
8570.53,0.9784349028801502
8570.54,0.9733927192949231
8570.55,0.969256871462823
8570.560000000001,0.9671323340623573
8570.57,0.967604878653009
8570.58,0.970498750682484
8570.59,0.9750755625144569
8570.6,0.9801808781070247
8570.61,0.9847495938242626
8570.619999999999,0.9880930625575767
8570.630000000001,0.9900893185667687
8570.64,0.990933405389119
8570.65,0.9910169780774651
8570.66,0.9907371928795724
8570.67,0.9903949961407912
8570.68,0.9900091163989767
8570.69,0.9892779183316625
8570.699999999999,0.9877326317721169
8570.710000000001,0.9847611644010322
8570.72,0.9799135005832945
8570.730000000001,0.9733595867877264
8570.74,0.9660154623685095
8570.75,0.9594091307026362
8570.76,0.9551849272707782
8570.77,0.9544926808378202
8570.78,0.9575623213252834
8570.79,0.9635871331457759
8570.8,0.9711142510903326
8570.810000000001,0.9785409526630148
8570.82,0.9846546253250155
8570.83,0.9889108945684619
8570.84,0.9914691978505773
8570.85,0.9926228517733146
8570.86,0.9926874976351288
8570.87,0.9918099655107371
8570.880000000001,0.9899947720752266
8570.89,0.9872729429674809
8570.9,0.9838332121602833
8570.91,0.9801905772128728
8570.92,0.9771323092563758
8570.93,0.975407911733943
8570.94,0.9754614093238738
8570.949999999999,0.9772115908092471
8570.960000000001,0.9799914445294783
8570.97,0.9827288723700817
8570.98,0.9842357651989359
8570.99,0.983512733717827
8571.0,0.9800462648678283
8571.01,0.973978148192226
8571.02,0.9663393194305984
8571.03,0.9587423946303569
8571.04,0.9531406536798447
8571.05,0.9509300210806407
8571.060000000001,0.9524941579672397
8571.07,0.9571177601538499
8571.08,0.9631059301167211
8571.09,0.9684937955580732
8571.1,0.9718658807156402
8571.11,0.9729178307613386
8571.12,0.9724405346856728
8571.13,0.9717808251073587
8571.140000000001,0.972144989541709
8571.15,0.974112608715119
8571.160000000002,0.9775217651861686
8571.17,0.9817104967200807
8571.18,0.985751420393674
8571.19,0.9891219227968292
8571.199999999999,0.9915283271103928
8571.210000000001,0.9930293894736189
8571.22,0.9938555025504152
8571.23,0.9942597604176844
8571.24,0.9944370891051003
8571.25,0.9945418016473313
8571.26,0.9945170102373201
8571.27,0.9944771670932641
8571.279999999999,0.9944363620719295
8571.29,0.9943836620782314
8571.3,0.9943245416278815
8571.310000000001,0.9942687440858924
8571.32,0.9942282564764404
8571.33,0.9942135314951052
8571.34,0.9942294353784213
8571.35,0.9942463707901334
8571.36,0.9942766989551673
8571.37,0.994306593823972
8571.38,0.9942711315799758
8571.390000000001,0.9941946457114145
8571.4,0.9940471621249045
8571.41,0.9938866841990528
8571.42,0.9936540170734387
8571.43,0.9933555443030723
8571.44,0.9929377924506071
8571.45,0.9923433886223151
8571.460000000001,0.9915567923563015
8571.470000000001,0.9906185042204975
8571.48,0.9897397258876587
8571.490000000002,0.9891271771457951
8571.5,0.9889665263540236
8571.51,0.9893212250257142
8571.52,0.9901119845229697
8571.529999999999,0.9911184482115453
8571.54,0.992139909754021
8571.55,0.9930118209246374
8571.56,0.9936582158209378
8571.57,0.9940831484349355
8571.58,0.9943342656667467
8571.59,0.9944689641218664
8571.6,0.994586491881506
8571.61,0.9945849226779483
8571.62,0.9945830157653628
8571.63,0.994580741044312
8571.640000000001,0.9945038588777417
8571.65,0.9943902432371974
8571.66,0.9941559028594819
8571.67,0.9937233618326701
8571.68,0.9930154756039551
8571.69,0.9919984496877313
8571.7,0.9907339527096606
8571.71,0.989347672595983
8571.720000000001,0.9881618299413542
8571.73,0.9874056495336754
8571.740000000002,0.9872137197679188
8571.75,0.9875413083692932
8571.76,0.9881966500047161
8571.77,0.9889254974537484
8571.78,0.9896164317369418
8571.79,0.9902202278203222
8571.800000000001,0.9907915257452122
8571.81,0.9913911099192841
8571.82,0.9920456324361694
8571.83,0.992664490810227
8571.84,0.9932228343242415
8571.85,0.99361229929231
8571.859999999999,0.9938646351630726
8571.87,0.9939922092357113
8571.88,0.9940250687525257
8571.890000000001,0.9939923473802305
8571.9,0.9939268580645543
8571.91,0.993805641054772
8571.92,0.993649412025436
8571.93,0.9934454144574787
8571.94,0.9931799973417914
8571.95,0.9928357310454192
8571.96,0.9924094155652877
8571.970000000001,0.9918405877064823
8571.98,0.991110607122274
8571.99,0.9901171163489483
8572.0,0.9885983968594091
8572.01,0.9861058000207562
8572.02,0.9819272591682534
8572.03,0.9751922643496956
8572.04,0.9652374343272868
8572.050000000001,0.9522227100106861
8572.06,0.9371736544524323
8572.070000000002,0.9220312928314789
8572.08,0.9097968682566208
8572.09,0.9025995133737138
8572.1,0.9014571072109077
8572.11,0.9060824292923675
8572.12,0.9154688611946818
8572.13,0.9274403786499085
8572.14,0.94011223041556
8572.15,0.9525053120951245
8572.16,0.9634985645611167
8572.17,0.9726998066397085
8572.18,0.979916582532628
8572.19,0.9851660136637457
8572.2,0.9886785567808593
8572.21,0.9908855815031513
8572.220000000001,0.9922153138677874
8572.23,0.992944409944133
8572.24,0.9933718847334793
8572.25,0.993672489888041
8572.26,0.9938352247398684
8572.27,0.9939680419236349
8572.28,0.9940783910136461
8572.289999999999,0.9941778410185476
8572.300000000001,0.9942579516134453
8572.31,0.994326524979668
8572.320000000002,0.9943859710901759
8572.33,0.9944380376201626
8572.34,0.9944839768975072
8572.35,0.9945247835080016
8572.36,0.994561256007029
8572.37,0.9945940418277152
8572.380000000001,0.9945539961765616
8572.39,0.9944540424904533
8572.400000000001,0.9941733314705851
8572.41,0.9935396593424838
8572.42,0.9923058533434668
8572.43,0.9902040940552812
8572.439999999999,0.9870765249102691
8572.45,0.9830726898897967
8572.46,0.9786729004889085
8572.470000000001,0.9747705474335173
8572.48,0.9723054571128501
8572.49,0.9719404595178435
8572.5,0.9737799213738045
8572.51,0.9772747826586612
8572.52,0.9815001400007622
8572.53,0.985449676478842
8572.539999999999,0.9883578291979632
8572.550000000001,0.9897783859055657
8572.56,0.9896486895208545
8572.57,0.9881987731234717
8572.58,0.9858983740949405
8572.59,0.9834257353635446
8572.6,0.9814881050093991
8572.61,0.9806191829731099
8572.62,0.9811600337888673
8572.630000000001,0.9829596672114352
8572.64,0.9855143971940759
8572.650000000001,0.9882649051428445
8572.66,0.9906833876567696
8572.67,0.9925025972443147
8572.68,0.9936059028336989
8572.69,0.9941649167997314
8572.7,0.9942347850698874
8572.710000000001,0.9938281550164959
8572.72,0.9928935693931996
8572.730000000001,0.991140452051668
8572.74,0.9885961267662863
8572.75,0.9853028687444151
8572.76,0.9816286090500319
8572.77,0.9781215215594561
8572.78,0.9754788910757164
8572.789999999999,0.9742189864262341
8572.800000000001,0.9744943863312475
8572.81,0.976141247172261
8572.82,0.9787069723462409
8572.83,0.9815305580972732
8572.84,0.9841533834953806
8572.85,0.986126209846803
8572.86,0.9872781424945705
8572.869999999999,0.987610450428063
8572.880000000001,0.9873881508339108
8572.89,0.9870338733246853
8572.9,0.9869463568088926
8572.91,0.9873541406116313
8572.92,0.9882721548861758
8572.93,0.9894732100079302
8572.94,0.9905570813619158
8572.95,0.9913041545090111
8572.960000000001,0.9916128006511917
8572.97,0.9915367630786757
8572.980000000001,0.9913067363635228
8572.99,0.9911241299107231
8573.0,0.9911042613292496
8573.01,0.991266250643354
8573.02,0.9914852880493956
8573.03,0.9916721716588008
8573.04,0.9918487032013684
8573.050000000001,0.9919688500927638
8573.06,0.9921060113052053
8573.07,0.9922331406182999
8573.08,0.9922835173895895
8573.09,0.9921835362480931
8573.1,0.991796039802385
8573.11,0.991113835297023
8573.119999999999,0.9903095470325162
8573.130000000001,0.9895461638182558
8573.14,0.9890432860177039
8573.15,0.9889830008547446
8573.16,0.9893815683555301
8573.17,0.9901448352295319
8573.18,0.9911250712526022
8573.19,0.9921537997509318
8573.2,0.9930578764768125
8573.210000000001,0.9937920660991741
8573.22,0.9943374512755354
8573.230000000001,0.9947121068756857
8573.24,0.9949509740637595
8573.25,0.9951128671319023
8573.26,0.9951763824603991
8573.27,0.9952357622047558
8573.28,0.9952077651903386
8573.29,0.9951619420602342
8573.3,0.9950591365462522
8573.310000000001,0.9948579486234108
8573.32,0.9945118090058308
8573.33,0.993989784338877
8573.34,0.9933065405137053
8573.35,0.9925459575326782
8573.36,0.9918569416365385
8573.369999999999,0.991410468473863
8573.380000000001,0.9913320349228139
8573.39,0.9916453290985071
8573.4,0.9922621596504089
8573.41,0.9930193344437772
8573.42,0.993752971309264
8573.43,0.9943502870964744
8573.44,0.9947704312785456
8573.449999999999,0.9950296584314258
8573.460000000001,0.9951714534787561
8573.47,0.9952409378170992
8573.48,0.9952887285296952
8573.49,0.9952216858825489
8573.5,0.9951359903762602
8573.51,0.9948897264489435
8573.52,0.9944917719193549
8573.53,0.9938167131835839
8573.54,0.9927559701087987
8573.55,0.9911738658786203
8573.560000000001,0.9890362899957064
8573.57,0.9863271596754005
8573.58,0.9832250891761444
8573.59,0.9800509758010097
8573.6,0.9773898357257547
8573.61,0.9758597728794227
8573.62,0.9759087584058735
8573.63,0.9775871658171098
8573.640000000001,0.9804994518072137
8573.65,0.9839362250071847
8573.660000000002,0.9870581304565141
8573.67,0.989285435467453
8573.68,0.9901891841879642
8573.69,0.9897938351692122
8573.699999999999,0.9884130102719151
8573.710000000001,0.9865637641356864
8573.72,0.984874214001424
8573.73,0.9839670647369161
8573.74,0.9840539921349141
8573.75,0.9851975344094284
8573.76,0.9871221878381019
8573.77,0.989326282841387
8573.78,0.9913643803208095
8573.79,0.9929614246079183
8573.8,0.9940448651574695
8573.810000000001,0.9946879078125486
8573.82,0.9950225978373813
8573.83,0.9951731177502046
8573.84,0.9952251285605096
8573.85,0.9952434353219042
8573.86,0.9952203071359634
8573.87,0.9951584060328821
8573.88,0.9950498262579281
8573.890000000001,0.9947963612063729
8573.9,0.9942275614172754
8573.91,0.9930248604534804
8573.92,0.990735597468163
8573.93,0.9868681822146531
8573.94,0.9811614045711996
8573.95,0.9737829795841093
8573.960000000001,0.9657880068060951
8573.970000000001,0.9587153412530921
8573.98,0.9542263918331827
8573.99,0.9534691455611226
8574.0,0.9566405398084882
8574.01,0.9629099088283236
8574.02,0.9707195819997038
8574.029999999999,0.9783963944042781
8574.04,0.9846883720060535
8574.05,0.989119209461016
8574.06,0.9917842633172085
8574.07,0.9931285495805977
8574.08,0.993598521219228
8574.09,0.9935164702959657
8574.1,0.993087806717719
8574.11,0.9924112050530632
8574.12,0.9915859476736407
8574.13,0.9906796757284358
8574.140000000001,0.9897994960852321
8574.15,0.9892312712281319
8574.16,0.9890146906488289
8574.17,0.9892895715351645
8574.18,0.9899270529269881
8574.19,0.9908640821627366
8574.2,0.991785032716806
8574.21,0.9926440038561094
8574.220000000001,0.9933890649809942
8574.23,0.9939521401648038
8574.240000000002,0.9943554592530723
8574.25,0.9946248722341994
8574.26,0.9948140280425224
8574.27,0.9949545608640447
8574.28,0.9950589681648413
8574.29,0.9951349472168389
8574.3,0.9951948296007754
8574.31,0.995243036457406
8574.32,0.995282560553456
8574.33,0.9953154928948514
8574.34,0.9953433319934148
8574.35,0.9953671750259039
8574.36,0.9953878334491584
8574.37,0.9954058969689873
8574.38,0.9954218543706707
8574.390000000001,0.9954360731715268
8574.4,0.9954488442616563
8574.41,0.9954603997499493
8574.42,0.9954709267523796
8574.43,0.9954805774559541
8574.44,0.9954894767061636
8574.45,0.9954977277139114
8574.46,0.9955054164222088
8574.470000000001,0.9955126148642363
8574.48,0.9955193838024873
8574.49,0.9955257747597648
8574.5,0.995531831707256
8574.51,0.9955375923176821
8574.52,0.9955433574348109
8574.53,0.995548612279029
8574.54,0.9955536558695275
8574.550000000001,0.9955585094882768
8574.56,0.9955631917118106
8574.570000000002,0.9955346381014365
8574.58,0.9955241047518301
8574.59,0.9955135381458167
8574.6,0.9955063447511737
8574.609999999999,0.9955055975716811
8574.62,0.9955127007881921
8574.63,0.9955267325956587
8574.64,0.9955448863419634
8574.65,0.9955637262577002
8574.66,0.9955804973511106
8574.67,0.9956069592255192
8574.68,0.9956104541779822
8574.69,0.9956138932986546
8574.7,0.9956172804993826
8574.71,0.9956206193481204
8574.720000000001,0.9956239130534685
8574.73,0.9956271646104351
8574.74,0.9956303766848963
8574.75,0.9956335517865256
8574.76,0.9956366921573931
8574.77,0.9956397999148283
8574.78,0.9956428769669899
8574.789999999999,0.9956459250765455
8574.800000000001,0.9956489458848894
8574.81,0.9956519409076496
8574.820000000002,0.9956549115340702
8574.83,0.9956578590433011
8574.84,0.9956607846555647
8574.85,0.9956636894820832
8574.86,0.9956665745303248
8574.87,0.9956694407849601
8574.880000000001,0.9956722891410498
8574.89,0.9956757228968439
8574.9,0.9956785258851191
8574.91,0.995681313663184
8574.92,0.995684086917705
8574.93,0.9956868462514187
8574.939999999999,0.9956895922613211
8574.95,0.9956923254862622
8574.96,0.9956950464409952
8574.970000000001,0.9956977556330432
8574.98,0.9957004534687152
8574.99,0.9957031404173573
8575.0,0.9957058168550889
8575.01,0.9957084831688432
8575.02,0.9957111397115926
8575.03,0.9957137868153569
8575.039999999999,0.9957164248110321
8575.050000000001,0.9957190539886422
8575.06,0.9957216746277054
8575.07,0.9957242869925805
8575.08,0.9957268913572552
8575.09,0.9957294879327415
8575.1,0.995732076967866
8575.11,0.9957346586711987
8575.12,0.9957372332534741
8575.130000000001,0.9957398008946741
8575.14,0.9957423617896529
8575.150000000001,0.9957449161154617
8575.16,0.995747464026055
8575.17,0.9957500056945698
8575.18,0.9957525412515942
8575.19,0.9957550708694959
8575.2,0.9957575946627082
8575.21,0.9957601127714316
8575.22,0.995762625310562
8575.23,0.9957651324147734
8575.24,0.9957676341839047
8575.25,0.9957701307434063
8575.26,0.9957726221723269
8575.27,0.9957751085861752
8575.28,0.9957775900816938
8575.289999999999,0.9957370690340983
8575.300000000001,0.9956561747525946
8575.31,0.9954087460818919
8575.32,0.9948845129630026
8575.33,0.9938326580978474
8575.34,0.9919641544428929
8575.35,0.9890439682718134
8575.36,0.9850678102011108
8575.369999999999,0.9804179543048559
8575.380000000001,0.9758532146255543
8575.39,0.9723488620052977
8575.400000000001,0.9706624717795584
8575.41,0.9709816218931446
8575.42,0.9727766935293086
8575.43,0.9749889542434249
8575.44,0.9765107799875078
8575.45,0.9767327337442041
8575.460000000001,0.9758133496000518
8575.47,0.9746151993960669
8575.480000000001,0.9741353172821063
8575.49,0.975034468626008
8575.5,0.977352146681522
8575.51,0.9805293639934417
8575.519999999999,0.9837935993967541
8575.53,0.9864620234768371
8575.539999999999,0.9883307892003301
8575.550000000001,0.989483983908711
8575.56,0.990213308665417
8575.57,0.9907875050117668
8575.58,0.9912921333102871
8575.59,0.9917879039030373
8575.6,0.9922275156022048
8575.61,0.992541992324545
8575.619999999999,0.9927832469863109
8575.630000000001,0.992984495045166
8575.64,0.9931854492256031
8575.65,0.9934186183387766
8575.66,0.9937238566865346
8575.67,0.9940160603453494
8575.68,0.9943218714665569
8575.69,0.9945294870292012
8575.7,0.9944106509488355
8575.710000000001,0.9937667485173606
8575.72,0.9922415073187907
8575.730000000001,0.9895275823004749
8575.74,0.985412282196794
8575.75,0.9799808221711573
8575.76,0.9736604873187684
8575.77,0.9674008598121977
8575.78,0.9623083676137393
8575.79,0.9593998713585586
8575.8,0.959294700393597
8575.810000000001,0.9620202198787706
8575.82,0.9669975548684948
8575.83,0.9731835159469973
8575.84,0.9794482294909235
8575.85,0.9847694841493305
8575.86,0.9885040018389634
8575.869999999999,0.990345634398017
8575.880000000001,0.9901267958277382
8575.89,0.9878353548085688
8575.9,0.9835445622586109
8575.91,0.9778076075197792
8575.92,0.9716203066343323
8575.93,0.9663111127365238
8575.94,0.9632096883528262
8575.949999999999,0.9631836117669463
8575.960000000001,0.9662221366930731
8575.97,0.971512047649399
8575.980000000001,0.9777771778992539
8575.99,0.9836536970252883
8576.0,0.988376606410178
8576.01,0.9916530995078003
8576.02,0.9936616439323066
8576.03,0.9947748239589776
8576.04,0.9953514056232345
8576.05,0.9956436038520884
8576.060000000001,0.9957454202391639
8576.07,0.9957738486025599
8576.08,0.9956864159805757
8576.09,0.9954960009166491
8576.1,0.9951774210554204
8576.11,0.9947679087850098
8576.12,0.99432064559278
8576.130000000001,0.9939252049464793
8576.14,0.9936808550177991
8576.15,0.9936568850127582
8576.16,0.9938787905273867
8576.17,0.994248109968871
8576.18,0.9946866610469265
8576.19,0.9951130209559581
8576.199999999999,0.995457095338195
8576.210000000001,0.9956975143413286
8576.22,0.9958452120035096
8576.23,0.9959259321379897
8576.24,0.9959913193627264
8576.25,0.9959932393608585
8576.26,0.9959951446310101
8576.27,0.9959661628501971
8576.28,0.9959069873769091
8576.29,0.9957531903897018
8576.3,0.9953999978734216
8576.310000000001,0.9946800016855774
8576.32,0.9933800148469528
8576.33,0.9913129915150865
8576.34,0.9884454468846863
8576.35,0.9850276469546321
8576.36,0.9816534258221782
8576.37,0.9790378077600675
8576.38,0.9778866161815185
8576.390000000001,0.9785218480322756
8576.4,0.9807650292930548
8576.410000000002,0.9839920038165171
8576.42,0.987479231355121
8576.43,0.9905547855634024
8576.44,0.9928701971946421
8576.449999999999,0.9943859644753076
8576.460000000001,0.9952584594194203
8576.47,0.9957034898763262
8576.48,0.9959059102994732
8576.49,0.9959885690815792
8576.5,0.9959940798255682
8576.51,0.9959327778672302
8576.52,0.9957473724620399
8576.529999999999,0.9953997579940674
8576.54,0.9947574976968314
8576.55,0.9936984761092393
8576.560000000001,0.9921485951702668
8576.57,0.9901537523723117
8576.58,0.9879324639112412
8576.59,0.9858643125339479
8576.6,0.9843941876765553
8576.61,0.983881060335039
8576.62,0.9844596546974436
8576.63,0.9859846625702252
8576.640000000001,0.9880874268485739
8576.65,0.9903170096089219
8576.66,0.9922945791545726
8576.67,0.9938094258896047
8576.68,0.9948268292033662
8576.69,0.9954303805344725
8576.7,0.9957777846652537
8576.710000000001,0.9959024941395509
8576.720000000001,0.9959501669888075
8576.73,0.9958916575561849
8576.740000000002,0.9957393006893451
8576.75,0.9954063906631915
8576.76,0.9947409391069528
8576.77,0.9935462584677959
8576.779999999999,0.9916430923657883
8576.79,0.98897683209365
8576.8,0.9857431768222195
8576.81,0.9824553847166905
8576.82,0.9796986425383511
8576.83,0.9780309782028989
8576.84,0.9776196126050494
8576.85,0.9781450975272897
8576.86,0.9789374322879325
8576.87,0.9794216298222475
8576.88,0.9792977165003232
8576.890000000001,0.9789290667709125
8576.9,0.9789858482935214
8576.91,0.9799604586815798
8576.92,0.9819948854368185
8576.93,0.9848116694768584
8576.94,0.9877770858341025
8576.95,0.9903810899364552
8576.96,0.9923388416944295
8576.970000000001,0.9936053745081961
8576.98,0.9943294276173272
8576.990000000002,0.9947100722517506
8577.0,0.9949174176447675
8577.01,0.995069800414765
8577.02,0.9952245171473734
8577.03,0.9953939259164807
8577.04,0.995562854831842
8577.050000000001,0.9957159613228325
8577.06,0.9958389741374233
8577.07,0.9959279681406779
8577.08,0.9959873022210975
8577.09,0.996042774835603
8577.1,0.9960563278578975
8577.109999999999,0.9960679327083392
8577.12,0.9960779720630982
8577.13,0.9960867609324671
8577.140000000001,0.9960945115339974
8577.15,0.9960369666885475
8577.16,0.9959512765075382
8577.17,0.995704934171467
8577.18,0.9952866373396367
8577.19,0.9945873820529082
8577.2,0.9935570709723271
8577.21,0.9922305853766215
8577.220000000001,0.9907261473735972
8577.23,0.989333123548235
8577.24,0.9883159241857821
8577.25,0.9878717975019976
8577.26,0.9880323350840893
8577.27,0.9886566728923311
8577.28,0.9894634122722784
8577.29,0.9902681912599374
8577.300000000001,0.990918979973686
8577.31,0.9913851618768326
8577.320000000002,0.9916915799185974
8577.33,0.9918688799562042
8577.34,0.991876859823357
8577.35,0.991759237587266
8577.36,0.9915428709930162
8577.37,0.9911478966654159
8577.38,0.990508806234327
8577.39,0.9894520979676842
8577.4,0.987842801280727
8577.41,0.9857561979887576
8577.42,0.9834817886459917
8577.43,0.981658907864467
8577.44,0.9808253672853827
8577.45,0.9813441260112225
8577.46,0.9831640792545217
8577.470000000001,0.9858046686239677
8577.48,0.9886678278694117
8577.49,0.9912256542184422
8577.5,0.9931594670223987
8577.51,0.9944053254626518
8577.52,0.9950639638233992
8577.53,0.9952912100619552
8577.539999999999,0.9951865581335293
8577.550000000001,0.9947541430767921
8577.56,0.9939115261956555
8577.57,0.9924529076968257
8577.58,0.9902335400755796
8577.59,0.987302466523951
8577.6,0.9839247752629895
8577.61,0.980663752808448
8577.62,0.9784280035083971
8577.630000000001,0.9777848570257482
8577.64,0.978955948746927
8577.650000000001,0.9815886673098442
8577.66,0.9849859272669567
8577.67,0.9882673711498755
8577.68,0.9910206555201915
8577.689999999999,0.992993710136201
8577.7,0.9942618820388005
8577.71,0.9950165375920451
8577.720000000001,0.9954003413849003
8577.73,0.9955617781820097
8577.74,0.9955028731807781
8577.75,0.9951572911239362
8577.76,0.994365105534912
8577.77,0.9929619946521042
8577.78,0.9908401058605457
8577.789999999999,0.9880829651618052
8577.800000000001,0.9850512395403703
8577.81,0.9823720768595909
8577.82,0.9806652395261362
8577.83,0.9804241667122279
8577.84,0.9817215910960753
8577.85,0.9841782920279615
8577.86,0.9872105632045255
8577.87,0.9901469187913853
8577.880000000001,0.9925389207345767
8577.89,0.9942213856760064
8577.900000000001,0.9951820648707832
8577.91,0.9955885746720371
8577.92,0.9953880732246159
8577.93,0.9944164824166295
8577.94,0.9921618968707582
8577.95,0.9877800335687841
8577.960000000001,0.9805315479735973
8577.97,0.9700196353769533
8577.980000000001,0.9569376520245099
8577.99,0.9431779245206272
8578.0,0.9314399872839405
8578.01,0.9243526151680952
8578.02,0.9235873883482313
8578.03,0.9293265378542387
8578.039999999999,0.9402079994915205
8578.050000000001,0.9537541473563268
8578.06,0.9671980840327619
8578.07,0.9784085723828487
8578.08,0.986408857734313
8578.09,0.9914020951579164
8578.1,0.9941314670496957
8578.11,0.9954527008106887
8578.119999999999,0.9960231866974553
8578.130000000001,0.9962717777966149
8578.14,0.9963553578750987
8578.15,0.9963577101667456
8578.16,0.9963600214290823
8578.17,0.9963622942425981
8578.18,0.9963645309431792
8578.19,0.9963667336234474
8578.2,0.9963689041619731
8578.210000000001,0.9963710442439175
8578.22,0.9963731554033692
8578.230000000001,0.9963752389727537
8578.24,0.9963772961679026
8578.25,0.9963793280600753
8578.26,0.9963813355673853
8578.27,0.9963509284475744
8578.28,0.9963013503288449
8578.29,0.9961906700588861
8578.300000000001,0.9959733937900018
8578.31,0.9955971777955694
8578.32,0.9950251131505845
8578.33,0.9942689627111969
8578.34,0.9934168538055882
8578.35,0.9925792791275491
8578.36,0.9919263165920648
8578.369999999999,0.9915712938341921
8578.380000000001,0.991440500145972
8578.39,0.9913362118222617
8578.4,0.991004563575586
8578.41,0.9902766025720481
8578.42,0.9891893929870187
8578.43,0.9880104983856535
8578.44,0.9871393508680949
8578.45,0.9869320946781353
8578.460000000001,0.9874765631540083
8578.47,0.9887078729079906
8578.480000000001,0.9901863846353515
8578.49,0.9915053162076302
8578.5,0.9922884944716472
8578.51,0.9923570121212989
8578.52,0.9917721651847081
8578.53,0.9907628165424096
8578.54,0.9897320312953719
8578.55,0.9890010700388375
8578.560000000001,0.988688451809769
8578.57,0.9886510121198852
8578.58,0.9885756927079671
8578.59,0.9880739705529016
8578.6,0.9869527564728952
8578.61,0.9853696413127263
8578.619999999999,0.9838101856422565
8578.630000000001,0.9829054461326525
8578.64,0.9830362817336092
8578.65,0.9843646507725075
8578.66,0.9866015198502938
8578.67,0.9891658293023001
8578.68,0.9915860160746537
8578.69,0.9935135780540021
8578.699999999999,0.9948393175013752
8578.710000000001,0.9956341725161214
8578.72,0.9960476815642015
8578.73,0.9962262721172602
8578.74,0.9962705728953266
8578.75,0.9962476086345381
8578.76,0.996128306286575
8578.77,0.995938881911177
8578.78,0.9956583947664983
8578.79,0.9952945804272433
8578.8,0.9948735519108067
8578.810000000001,0.9944593214292667
8578.82,0.9941204127301717
8578.83,0.9939807895695391
8578.84,0.9940649839586042
8578.85,0.9943333790034471
8578.86,0.994726647537881
8578.87,0.9951415830183251
8578.88,0.9955157748491572
8578.890000000001,0.9958214830562087
8578.9,0.996044398538252
8578.910000000002,0.9961984522704801
8578.92,0.9963006549192676
8578.93,0.9963663690299618
8578.94,0.9963570760317652
8578.949999999999,0.9962687283136663
8578.960000000001,0.9960380656973822
8578.97,0.9955570084735467
8578.98,0.9946899402143937
8578.99,0.9932623542516599
8579.0,0.9913134226685345
8579.01,0.9889748378630545
8579.02,0.9866083685797652
8579.03,0.984701132442603
8579.04,0.9836310902889033
8579.05,0.9836675511315943
8579.060000000001,0.9846696964263464
8579.07,0.9862524751495568
8579.08,0.9879218553730119
8579.09,0.9892674334876909
8579.1,0.9901002426610811
8579.11,0.9904839072404106
8579.12,0.990659425166763
8579.13,0.990812146697125
8579.140000000001,0.9911755902187591
8579.15,0.9916287353916479
8579.16,0.991915499054448
8579.17,0.9917020453718131
8579.18,0.9905641319241593
8579.19,0.988291174099977
8579.2,0.9848214112072429
8579.210000000001,0.9803462394032683
8579.220000000001,0.9751428284027129
8579.23,0.9698218989946734
8579.24,0.965144387580086
8579.25,0.9619364835510957
8579.26,0.9609801952434093
8579.27,0.9626702277316814
8579.279999999999,0.9667891796805946
8579.29,0.9725713696325711
8579.3,0.9788202615412215
8579.31,0.9843219707742045
8579.32,0.9882752316057007
8579.33,0.9903312541243546
8579.34,0.9905784579136556
8579.35,0.9894866671213702
8579.36,0.9877314749663475
8579.37,0.9860334025960628
8579.38,0.9850247611796015
8579.390000000001,0.9850948038263839
8579.4,0.9862124230529232
8579.41,0.9881401789018125
8579.42,0.9903768264369608
8579.43,0.9924642724782894
8579.44,0.9940829026921668
8579.45,0.9951622130343862
8579.46,0.9957494894287143
8579.470000000001,0.9958755723611884
8579.48,0.9955965482762895
8579.490000000002,0.9949686362222541
8579.5,0.9939828614769075
8579.51,0.9926930570504033
8579.52,0.9912427868362903
8579.53,0.9898177877133744
8579.54,0.9886268920467107
8579.55,0.987809029771622
8579.56,0.9874189977933335
8579.57,0.987416048152915
8579.58,0.9874934875157347
8579.59,0.9871135069648106
8579.6,0.9854881850745816
8579.609999999999,0.9818991641982034
8579.62,0.9757267646411519
8579.63,0.9674489955007962
8579.640000000001,0.9582634478498242
8579.65,0.9500194035090544
8579.66,0.9445757708503543
8579.67,0.943124099182448
8579.68,0.945796600767308
8579.69,0.9516464715282683
8579.7,0.9592571599595054
8579.71,0.9671737530849382
8579.720000000001,0.9743970939996845
8579.73,0.9805009073693521
8579.74,0.9853707670733216
8579.75,0.9891702720564368
8579.76,0.9919898124096821
8579.77,0.9939643929782092
8579.78,0.9951779788141776
8579.79,0.995898673828862
8579.800000000001,0.9961516585324542
8579.81,0.9961344552294169
8579.820000000002,0.9959030471845078
8579.83,0.9954519189952248
8579.84,0.9948361588101637
8579.85,0.9941121545279432
8579.859999999999,0.9933332193556584
8579.87,0.9925453034554396
8579.88,0.9917752289208023
8579.89,0.9910487718330897
8579.9,0.990428013005961
8579.91,0.9900303835170883
8579.92,0.9899971436172341
8579.93,0.990419848787072
8579.94,0.9912739823350183
8579.95,0.9924098840628199
8579.96,0.9936102616931278
8579.970000000001,0.9946964286475963
8579.98,0.9955007804657049
8579.99,0.9960434778045827
8580.0,0.9963655298749358
8580.01,0.9965351212917034
8580.02,0.9966150404234944
8580.03,0.9966672728195092
8580.039999999999,0.9966686055912238
8580.050000000001,0.9966699357467433
8580.06,0.9966712632605094
8580.070000000002,0.9966170314066709
8580.08,0.9965379973351094
8580.09,0.9963748558915564
8580.1,0.996077179867994
8580.11,0.9955985820830003
8580.12,0.9948799234740923
8580.130000000001,0.9939800813248414
8580.14,0.9929458060453633
8580.150000000001,0.99183453673714
8580.16,0.9906272315802792
8580.17,0.9891848762157476
8580.18,0.9872998866204531
8580.189999999999,0.9848570218238407
8580.2,0.9820446831058933
8580.21,0.9793334523009184
8580.220000000001,0.977473080906951
8580.23,0.9770958445943316
8580.24,0.9784448300038732
8580.25,0.9812544614719162
8580.26,0.984843754390115
8580.27,0.9884988379407912
8580.28,0.9915713982924305
8580.289999999999,0.9938087615502375
8580.300000000001,0.9952308466902756
8580.31,0.9960277503197724
8580.32,0.996424349850244
8580.33,0.996600773871072
8580.34,0.9967073263860233
8580.35,0.9967085733667641
8580.36,0.996709817417945
8580.37,0.9967110585221007
8580.380000000001,0.9967122966595963
8580.39,0.9967135318246695
8580.400000000001,0.9967147640138403
8580.41,0.996715993202385
8580.42,0.9967172193874663
8580.43,0.996718442545633
8580.44,0.996719662665345
8580.45,0.9967208797406282
8580.460000000001,0.9967220937616444
8580.47,0.9967233047132064
8580.48,0.9967245125650702
8580.49,0.996725717319681
8580.5,0.9967269189550432
8580.51,0.9966366047909135
8580.52,0.9965142999278599
8580.53,0.996273950213786
8580.539999999999,0.9958560622847693
8580.550000000001,0.9952167128390064
8580.56,0.9943647102962715
8580.57,0.9933939539752044
8580.58,0.9924840838149105
8580.59,0.9918527621987396
8580.6,0.9916728597085905
8580.61,0.9919966982559889
8580.619999999999,0.9927318843319342
8580.630000000001,0.9936836262739503
8580.64,0.9946376510249431
8580.650000000001,0.9954362859982053
8580.66,0.996012076612309
8580.67,0.996375398283991
8580.68,0.9965780935108388
8580.69,0.9966788916362417
8580.7,0.9967502747794605
8580.710000000001,0.9967514075018283
8580.72,0.9967525367566554
8580.730000000001,0.996753662528163
8580.74,0.9967483967311028
8580.75,0.9967495138784912
8580.76,0.9967506275007737
8580.77,0.9967517375559023
8580.78,0.9967528440365682
8580.789999999999,0.9967539469223236
8580.800000000001,0.9967550461905732
8580.81,0.9967561418080975
8580.82,0.9967572337782282
8580.83,0.9967583220734205
8580.84,0.9967064796606221
8580.85,0.9966435939901958
8580.86,0.9965283929186174
8580.869999999999,0.9963427487554595
8580.880000000001,0.9960813648668897
8580.89,0.9957644098348137
8580.9,0.9954429386694786
8580.91,0.9951890164906568
8580.92,0.99507051798185
8580.93,0.9951220396681342
8580.94,0.9953287754613541
8580.95,0.9956335083480926
8580.960000000001,0.9959622608107775
8580.97,0.9962530507704965
8580.980000000001,0.99647279979383
8580.99,0.9966175770727773
8581.0,0.9967017851276714
8581.01,0.996745487781605
8581.02,0.9967782714772202
8581.03,0.9967792814737231
8581.04,0.9967802872860672
8581.05,0.9967812888955511
8581.060000000001,0.9967822862920436
8581.07,0.9967832794105028
8581.08,0.9967842682475861
8581.09,0.9967852527808672
8581.1,0.9967862329668201
8581.11,0.9967872087824797
8581.119999999999,0.996788180199198
8581.130000000001,0.996789147175503
8581.14,0.9967901096923578
8581.15,0.9967910677122253
8581.16,0.9967920212143705
8581.17,0.9967929701637436
8581.18,0.9967939145179266
8581.19,0.9967948542596031
8581.199999999999,0.9967957893392502
8581.210000000001,0.9967967197362345
8581.22,0.9967976454025927
8581.230000000001,0.9967985663307727
8581.24,0.9967994824563053
8581.25,0.9968003937664067
8581.26,0.9968013002020982
8581.27,0.996802201749496
8581.28,0.9968030983683457
8581.29,0.9968039900051741
8581.3,0.9968048766467895
8581.310000000001,0.9968057582401145
8581.32,0.9968066347370809
8581.33,0.996807506124589
8581.34,0.9968083723343191
8581.35,0.9968066117510653
8581.36,0.9968022862090737
8581.37,0.9968022191322865
8581.380000000001,0.9967474742915864
8581.39,0.9966363577936808
8581.4,0.9963476505606977
8581.41,0.9956749039472202
8581.42,0.9942769059559521
8581.43,0.9917006535334345
8581.44,0.9875185689128012
8581.449999999999,0.9816155099288186
8581.460000000001,0.9743845378491036
8581.47,0.9669674491566965
8581.48,0.9609221293752834
8581.49,0.9577228416693779
8581.5,0.9582045453811114
8581.51,0.9622401169432508
8581.52,0.968745172899275
8581.53,0.9761825398684806
8581.54,0.9830028150643304
8581.55,0.9881617923829707
8581.560000000001,0.9913457150650181
8581.57,0.9927209820233089
8581.58,0.9927606397901894
8581.59,0.9920286190845108
8581.6,0.9910718863491642
8581.61,0.9903518179336919
8581.62,0.990186378870955
8581.63,0.9905675446011482
8581.640000000001,0.991407058831007
8581.65,0.9922937476237391
8581.660000000002,0.9926982873985892
8581.67,0.9920191984679081
8581.68,0.9896694317639226
8581.69,0.9852385948996099
8581.699999999999,0.9787737668539566
8581.710000000001,0.9709311264118164
8581.72,0.9631166304842251
8581.73,0.9570017819679064
8581.74,0.9540707096365544
8581.75,0.954884957381198
8581.76,0.9588464566492807
8581.77,0.9643341059829786
8581.779999999999,0.9692906454847121
8581.79,0.9720703380738076
8581.8,0.9721464280028553
8581.810000000001,0.9702729488556057
8581.82,0.9680233670261937
8581.83,0.9670151524500757
8581.84,0.9682445260394141
8581.85,0.9717907616333397
8581.86,0.9769291106424969
8581.87,0.9825456777734969
8581.88,0.9875548787626908
8581.890000000001,0.9914158709495571
8581.9,0.9939857214337087
8581.91,0.9954866386249392
8581.92,0.9962620044588387
8581.93,0.996618429744604
8581.94,0.9967649463325644
8581.95,0.9968440881892012
8581.960000000001,0.9968444493013788
8581.970000000001,0.9968447994444198
8581.98,0.9968451384520021
8581.990000000002,0.9968442187418687
8582.0,0.996844449445281
8582.01,0.9968446593752062
8582.02,0.9968448470055704
8582.029999999999,0.9967933964817501
8582.04,0.9967408251600568
8582.05,0.9966548903211352
8582.06,0.9965318368427145
8582.07,0.9963796023708814
8582.08,0.9962211873823341
8582.09,0.9960909386956809
8582.1,0.9960230179494031
8582.11,0.9960369673714116
8582.12,0.9961286166741871
8582.13,0.9962720568692309
8582.140000000001,0.9964314131509822
8582.15,0.9965751595642925
8582.16,0.9966852951192884
8582.17,0.9967583516130674
8582.18,0.9968005174730835
8582.19,0.9968384609857741
8582.2,0.9968357994289773
8582.21,0.9968321124533861
8582.220000000001,0.996826700408443
8582.23,0.9968184214255488
8582.24,0.9968065751796157
8582.25,0.9967905913440179
8582.26,0.9967388500807693
8582.27,0.9967003400052126
8582.28,0.9966591400588886
8582.29,0.9966260425418387
8582.300000000001,0.9966076997314615
8582.31,0.9966098742645587
8582.32,0.9966091086907737
8582.33,0.9966401442324282
8582.34,0.9966773016382335
8582.35,0.9967149912860658
8582.359999999999,0.9967745106738453
8582.37,0.9967916631218992
8582.38,0.9968231894563819
8582.390000000001,0.9968288181750565
8582.4,0.9968323614195579
8582.41,0.996834866002107
8582.42,0.9968365926141278
8582.43,0.996837671745965
8582.44,0.9968383840115929
8582.45,0.9968388287830389
8582.46,0.9968390690294211
8582.470000000001,0.9968391480112045
8582.48,0.996811011976037
8582.49,0.9967926761183484
8582.5,0.9967699266638231
8582.51,0.9967461589727696
8582.52,0.9967264528180441
8582.53,0.9967158747669543
8582.54,0.9967173423917398
8582.550000000001,0.9967302680660519
8582.56,0.9967508407559186
8582.570000000002,0.9967737639608635
8582.58,0.9967943747905362
8582.59,0.9968100058650612
8582.6,0.9967752583640681
8582.61,0.9967199987130785
8582.62,0.9966354110157156
8582.63,0.9964825872968585
8582.64,0.9962868341718318
8582.65,0.9960217467390975
8582.66,0.9956594927449047
8582.67,0.9951545225531635
8582.68,0.9944581210699764
8582.69,0.9935571489814192
8582.7,0.9925214388130722
8582.71,0.9915243090119991
8582.720000000001,0.9908049814314857
8582.73,0.9905772175495857
8582.74,0.9909309067120324
8582.75,0.9918120249504109
8582.76,0.9929385033230653
8582.77,0.9941036199425307
8582.78,0.9951020035668622
8582.789999999999,0.9958355345119676
8582.800000000001,0.9963054482036757
8582.81,0.9965702808508574
8582.82,0.9967020241702974
8582.83,0.9967595761811983
8582.84,0.9967935566798948
8582.85,0.9967907887810599
8582.86,0.9967878861486449
8582.87,0.9967848395572729
8582.880000000001,0.9967816388411687
8582.89,0.9967782726941586
8582.900000000001,0.9967747286403562
8582.91,0.996770992780281
8582.92,0.9967670496400106
8582.93,0.9967628818983384
8582.939999999999,0.9967584701787667
8582.95,0.9967537926049249
8582.96,0.9967488245474806
8582.970000000001,0.9967435381288878
8582.98,0.9967129512516589
8582.99,0.9967010270472634
8583.0,0.9966910189911437
8583.01,0.9966838897681359
8583.02,0.9966796441520694
8583.03,0.9966213237500808
8583.039999999999,0.9965666520692583
8583.050000000001,0.9964218533625137
8583.06,0.9961850903176257
8583.07,0.9958407582985066
8583.08,0.9954031823563101
8583.09,0.9949289934732848
8583.1,0.9945113852333275
8583.11,0.9941788340395563
8583.12,0.9940510714437806
8583.130000000001,0.9940689577076184
8583.14,0.9941331962626836
8583.150000000001,0.9941217517947882
8583.16,0.9939553220795759
8583.17,0.9936459139575088
8583.18,0.9932977396529733
8583.19,0.9930580745735912
8583.2,0.993043804108365
8583.210000000001,0.9933093651319523
8583.22,0.9937210660818943
8583.230000000001,0.9941959625659962
8583.24,0.994569563229069
8583.25,0.9947478656417174
8583.26,0.9946416926771127
8583.27,0.9941670612834229
8583.28,0.9932270414490953
8583.289999999999,0.991708417389656
8583.300000000001,0.9895178732628276
8583.31,0.9866863341009272
8583.32,0.9834572168732562
8583.33,0.9801685587867845
8583.34,0.9776263419832896
8583.35,0.976426301891398
8583.36,0.9767850454287509
8583.369999999999,0.9785852827888537
8583.380000000001,0.9815572527776465
8583.39,0.984890612100319
8583.4,0.9879488490294155
8583.41,0.990539539766196
8583.42,0.9924522953736532
8583.43,0.9937621443831641
8583.44,0.9946166429920223
8583.45,0.9951538224068059
8583.460000000001,0.995501653035937
8583.47,0.9957383110651388
8583.480000000001,0.9959056679812405
8583.49,0.9960182714564914
8583.5,0.9961037984618232
8583.51,0.996169989088909
8583.52,0.9962219408502005
8583.53,0.9962631571871055
8583.54,0.9962961217641395
8583.55,0.9963226387393913
8583.56,0.9963439784596405
8583.57,0.9963609962422413
8583.58,0.9963745112151007
8583.59,0.9963850983725043
8583.6,0.9963932086398624
8583.61,0.9963991993088582
8583.619999999999,0.9964033561011373
8583.630000000001,0.9964059093032583
8583.64,0.996407045749854
8583.65,0.9964069178426981
8583.66,0.996405650452981
8583.67,0.9964033461611732
8583.68,0.9964000893666323
8583.69,0.9963959495256328
8583.7,0.9963909836014445
8583.710000000001,0.9963852381748131
8583.72,0.9963787509603916
8583.730000000001,0.9963715521262431
8583.74,0.9963636653539315
8583.75,0.9963551086306304
8583.76,0.9963458949359919
8583.77,0.9963360327902612
8583.78,0.9962895357900963
8583.79,0.9962005296281372
8583.8,0.995976141195278
8583.810000000001,0.9954434202635033
8583.82,0.9942932020823387
8583.83,0.9920702592824275
8583.84,0.9882642830644167
8583.85,0.9825705598962288
8583.86,0.9751253498934519
8583.869999999999,0.9668513385210438
8583.880000000001,0.9593416440688357
8583.89,0.9543070454975419
8583.9,0.9530177909063472
8583.91,0.9558069500784298
8583.92,0.9619437359643765
8583.93,0.9699267576891089
8583.94,0.9779867210561541
8583.949999999999,0.9847719714145552
8583.960000000001,0.9897004250852178
8583.97,0.9927564008537565
8583.98,0.9943766491237279
8583.99,0.9949800928613846
8584.0,0.9948292144247695
8584.01,0.9939605679647584
8584.02,0.9922683879405868
8584.03,0.9895480106559776
8584.04,0.9858872075901097
8584.05,0.9816855069799422
8584.060000000001,0.9776433729645225
8584.07,0.9747066945121958
8584.08,0.9736353765324738
8584.09,0.9747143015548352
8584.1,0.9776312636702603
8584.11,0.9816104348049316
8584.12,0.9857068023034833
8584.13,0.9892340142377579
8584.140000000001,0.9918108472612848
8584.15,0.9934367074383446
8584.160000000002,0.9943210915246381
8584.17,0.994692517369523
8584.18,0.9947821716177719
8584.19,0.9946955478749928
8584.199999999999,0.9944958437672765
8584.210000000001,0.9941607563407217
8584.22,0.9937329362650538
8584.23,0.993243449591535
8584.24,0.99275825848182
8584.25,0.9923620490977523
8584.26,0.9921262552457495
8584.27,0.9920770842412044
8584.279999999999,0.9921825663306577
8584.29,0.9923668234116283
8584.3,0.9925425036615743
8584.310000000001,0.9926421551886866
8584.32,0.9926332475431265
8584.33,0.9925144474980258
8584.34,0.9922749257785213
8584.35,0.9919450817607979
8584.36,0.9915163092010143
8584.37,0.9909303395493949
8584.38,0.9901710668780034
8584.390000000001,0.9892049366091491
8584.4,0.9880580290634808
8584.41,0.9867391087318295
8584.42,0.9853686694887298
8584.43,0.9840681111592332
8584.44,0.9829034116546466
8584.45,0.9818354932424679
8584.460000000001,0.98071589218327
8584.470000000001,0.9793142051020683
8584.48,0.9773582495069292
8584.49,0.9745439950451154
8584.5,0.9699368210807437
8584.51,0.9632919965205914
8584.52,0.9527347374645669
8584.529999999999,0.935804268825841
8584.54,0.9088918829565819
8584.55,0.8692817092819733
8584.56,0.8173824586947348
8584.57,0.7585466882509612
8584.58,0.702060321361379
8584.59,0.6547900019253258
8584.6,0.6217501094064131
8584.61,0.6049573452961785
8584.62,0.6046210489100434
8584.63,0.6207500326817178
8584.640000000001,0.6531431826260532
8584.65,0.699900144640445
8584.66,0.75606035240531
8584.67,0.8148741994053494
8584.68,0.8670338693891504
8584.69,0.907034720415343
8584.7,0.9343411966049332
8584.71,0.9516069735065079
8584.720000000001,0.9624693436649505
8584.73,0.9694564415226076
8584.740000000002,0.974489271030995
8584.75,0.9778259032042897
8584.76,0.9803430552997296
8584.77,0.9823172361901057
8584.78,0.9838020552598888
8584.79,0.9848887170949063
8584.8,0.9855514137225058
8584.81,0.985674710119141
8584.82,0.9850551629138509
8584.83,0.9834611181885466
8584.84,0.9808004017353975
8584.85,0.9772656090277407
8584.859999999999,0.9734417001416396
8584.87,0.9702172276489235
8584.88,0.9684988581065433
8584.890000000001,0.9688560981332057
8584.9,0.9713007795404233
8584.91,0.9752067936566505
8584.92,0.9797024113695363
8584.93,0.9839068370356414
8584.94,0.9872305665108603
8584.95,0.989549402715991
8584.96,0.9909709185497785
8584.970000000001,0.991754590735689
8584.98,0.9921517468569979
8584.99,0.9923430267784307
8585.0,0.9924599869636268
8585.01,0.9924868691594407
8585.02,0.9925026647546027
8585.03,0.99250790264683
8585.04,0.9925030031971301
8585.050000000001,0.9924882862429938
8585.06,0.9924639762247683
8585.070000000002,0.9924301980876762
8585.08,0.9923869946034781
8585.09,0.9923342943872454
8585.1,0.9922719071653416
8585.109999999999,0.9921995001231924
8585.12,0.9921165573803401
8585.13,0.9920223122123615
8585.14,0.9919156292530151
8585.15,0.991707966597582
8585.16,0.9913227464623126
8585.17,0.99062012650632
8585.18,0.9892079226733538
8585.19,0.9865224523785816
8585.2,0.9817551689239205
8585.21,0.9742100208737284
8585.220000000001,0.9636186949762398
8585.23,0.9506356968868837
8585.24,0.9369388280566628
8585.25,0.9249785306038019
8585.26,0.9172006083611643
8585.27,0.9152891906628521
8585.28,0.91954828124603
8585.289999999999,0.9291072537534819
8585.300000000001,0.9417531770873144
8585.31,0.9548208314055051
8585.320000000002,0.96604812154057
8585.33,0.9741642156234438
8585.34,0.9790913160645635
8585.35,0.9815442053955652
8585.36,0.9824877282598427
8585.37,0.9827603509100624
8585.380000000001,0.9827809243791078
8585.39,0.9827917060026501
8585.400000000001,0.9827966071666391
8585.41,0.9826786698002042
8585.42,0.9823995147537312
8585.43,0.9819244025657266
8585.439999999999,0.9812595150226722
8585.45,0.9804295997588603
8585.46,0.979458917243391
8585.470000000001,0.9783736035632884
8585.48,0.9771440074316258
8585.49,0.9757885226351175
8585.5,0.9742895872647372
8585.51,0.9726263198159881
8585.52,0.970773625939916
8585.53,0.9686602567839102
8585.539999999999,0.9662873898787685
8585.550000000001,0.9635821360808788
8585.56,0.9604608368462282
8585.57,0.9568474459991736
8585.58,0.9527699827726609
8585.59,0.9480843181709979
8585.6,0.9428329930872204
8585.61,0.9359982447970533
8585.62,0.9284053524854482
8585.630000000001,0.9200368303147439
8585.64,0.9126927358620283
8585.650000000001,0.9050221612771838
8585.66,0.8973033630178228
8585.67,0.8927547970347096
8585.68,0.8899608040443979
8585.69,0.8920241779554163
8585.7,0.8958934515102845
8585.710000000001,0.9032033289598882
8585.72,0.9108071957999428
8585.73,0.9183392836387332
8585.74,0.9271025965027448
8585.75,0.9352098184832467
8585.76,0.9425127241127489
8585.77,0.9481042543981648
8585.78,0.9529683671754065
8585.789999999999,0.9571014309986378
8585.800000000001,0.9607018608337841
8585.81,0.9637875419997646
8585.82,0.9664746603840034
8585.83,0.9688243203834072
8585.84,0.9709163389462581
8585.85,0.9727883014407782
8585.86,0.974470823147189
8585.869999999999,0.9759534067367468
8585.880000000001,0.9772514845960163
8585.89,0.9782917511622536
8585.900000000001,0.9789214392811602
8585.91,0.9788574659092445
8585.92,0.9776822389410237
8585.93,0.9749375406406527
8585.94,0.9703536242039095
8585.95,0.9641552958802293
8585.960000000001,0.9572521451596878
8585.97,0.9511221061591727
8585.980000000001,0.9473576456055864
8585.99,0.9470813805225451
8586.0,0.9505155282778257
8586.01,0.9568974190454138
8586.02,0.9647276428972419
8586.03,0.9724495772483976
8586.039999999999,0.9787391198832344
8586.050000000001,0.9831038729750355
8586.06,0.9854967099884937
8586.07,0.9861992851413285
8586.08,0.985540613109532
8586.09,0.9838041759729427
8586.1,0.9812794127936287
8586.11,0.9783841175879952
8586.119999999999,0.9756334884971043
8586.130000000001,0.9737193822902177
8586.14,0.9731894472732371
8586.15,0.9742650619078508
8586.16,0.976801347515828
8586.17,0.980235126981493
8586.18,0.983814632358396
8586.19,0.9869472070732049
8586.2,0.9893415597626836
8586.210000000001,0.99080033201976
8586.22,0.9915308192694107
8586.230000000001,0.9917213896410251
8586.24,0.9916236054321645
8586.25,0.9914461065995054
8586.26,0.9913226095091001
8586.27,0.991332590599509
8586.28,0.9914683007307108
8586.29,0.9916034952194261
8586.3,0.9915605789469434
8586.310000000001,0.9911836689624753
8586.32,0.9904221433441517
8586.330000000002,0.9893863816834266
8586.34,0.9883393280552846
8586.35,0.9876119414634154
8586.36,0.9874972104451184
8586.369999999999,0.9880228912583484
8586.380000000001,0.9891213026064738
8586.39,0.9905199372056166
8586.4,0.9919186567893934
8586.41,0.9930966592372191
8586.42,0.9939599374896952
8586.43,0.9945238028493911
8586.44,0.9948615161369389
8586.449999999999,0.9950555858214156
8586.460000000001,0.9951706442306106
8586.47,0.9952592501892378
8586.480000000001,0.9953102724791083
8586.49,0.9953595900532562
8586.5,0.9954072760314884
8586.51,0.9954533995233222
8586.52,0.9954980257825797
8586.53,0.9955412165601544
8586.54,0.9955830301927715
8586.55,0.995623521879442
8586.560000000001,0.9956627438088523
8586.57,0.995701651446801
8586.58,0.9956798954711672
8586.59,0.9956128055148792
8586.6,0.9954069366961991
8586.61,0.9949383675824065
8586.62,0.9940392974745755
8586.630000000001,0.9925442875843169
8586.640000000001,0.9903847085468441
8586.65,0.9877006605214954
8586.66,0.9848979528836483
8586.67,0.9826019326560179
8586.68,0.9813644096551648
8586.69,0.9815609933295358
8586.699999999999,0.9831199177243376
8586.710000000001,0.9856600225526828
8586.72,0.988537043499962
8586.73,0.9911802114480448
8586.74,0.99324393997788
8586.75,0.9945953626593202
8586.76,0.9953426765359564
8586.77,0.9955075369425552
8586.78,0.9951283751615975
8586.79,0.9940113368584468
8586.8,0.9918494938181933
8586.810000000001,0.9882408569578761
8586.82,0.9830380893253879
8586.83,0.9763846567106588
8586.84,0.9690405933288381
8586.85,0.9622112657620949
8586.86,0.9572602600024298
8586.87,0.9552853682867132
8586.88,0.9567577023644744
8586.890000000001,0.9613599201367061
8586.9,0.968081051561442
8586.910000000002,0.9755451951818034
8586.92,0.982455906718187
8586.93,0.9879417391775521
8586.94,0.9917813981187235
8586.95,0.9941424305892573
8586.960000000001,0.9954308938391585
8586.97,0.9960856946048335
8586.98,0.9963342977832294
8586.99,0.9964260454297451
8587.0,0.9964638165542005
8587.01,0.9963759161854411
8587.02,0.9962358915160832
8587.029999999999,0.9959481128772812
8587.04,0.9953943977015356
8587.05,0.9943765805723106
8587.060000000001,0.9927798990782725
8587.07,0.9904399721259839
8587.08,0.9872869560613382
8587.09,0.9833516835237441
8587.1,0.9785891220157921
8587.11,0.9730301114046832
8587.12,0.9667559185704341
8587.13,0.9600795441652635
8587.140000000001,0.9539536763334352
8587.15,0.9496012197302129
8587.16,0.948237243189065
8587.17,0.9505093558331893
8587.18,0.9562748837343046
8587.19,0.9643313989208909
8587.2,0.9730805751951824
8587.210000000001,0.981072542492145
8587.220000000001,0.9872966206632852
8587.23,0.9915224108116075
8587.240000000002,0.9940664680909842
8587.25,0.9954403615797965
8587.26,0.9961256709286054
8587.27,0.9964544311266881
8587.279999999999,0.9966112214704049
8587.29,0.9967071513686426
8587.3,0.9967521189319758
8587.31,0.9967895791184087
8587.32,0.9968213820951808
8587.33,0.9968488350321864
8587.34,0.9968728838104219
8587.35,0.9968942263610985
8587.36,0.996913353988923
8587.37,0.9969306750030683
8587.38,0.9969464979260018
8587.390000000001,0.9969610640076105
8587.4,0.9969745650498382
8587.41,0.9969871552043689
8587.42,0.9969387140027868
8587.43,0.9968519762627447
8587.44,0.9967133744974283
8587.45,0.9964879356140268
8587.46,0.9961701455222867
8587.470000000001,0.9957849019382937
8587.48,0.9953939548774177
8587.49,0.9950845339302075
8587.5,0.9949397478319139
8587.51,0.995003672005553
8587.52,0.9952609242406464
8587.53,0.995664977705662
8587.54,0.9960728907042811
8587.550000000001,0.996440909996507
8587.56,0.9967247058192157
8587.57,0.9969161380184559
8587.58,0.9970310722532989
8587.59,0.9970937883339152
8587.6,0.9971428634182171
8587.609999999999,0.9971487738296566
8587.62,0.9971545529198412
8587.63,0.9971602072983365
8587.640000000001,0.9971657429690405
8587.65,0.9971463006346736
8587.66,0.9971282697995617
8587.67,0.9970972963008751
8587.68,0.9970534624915804
8587.69,0.9970017318102044
8587.7,0.9969522893968169
8587.71,0.9969180281921836
8587.720000000001,0.996909696144645
8587.73,0.9969311287600018
8587.74,0.9969774363533231
8587.75,0.9970373085557451
8587.76,0.9970979640845867
8587.77,0.9971498091553456
8587.78,0.9971885743318573
8587.79,0.997214673181512
8587.800000000001,0.9972415191073657
8587.81,0.9972455986729293
8587.820000000002,0.9972149005531012
8587.83,0.9971725352374566
8587.84,0.9970864717421596
8587.85,0.9968710120869704
8587.86,0.9965399655334135
8587.87,0.9960190401445448
8587.88,0.9952213738526682
8587.89,0.9941058559294995
8587.9,0.9927292386940877
8587.91,0.9911454223107415
8587.92,0.9895363776385783
8587.93,0.9881759459097675
8587.94,0.9873657758268297
8587.95,0.9873290367840926
8587.96,0.9881120717415537
8587.970000000001,0.9895521596653465
8587.98,0.9913106889705492
8587.99,0.9930867435390573
8588.0,0.9946222718638439
8588.01,0.9957306877351302
8588.02,0.9964649154373488
8588.03,0.9969181060928104
8588.039999999999,0.9971572933205909
8588.050000000001,0.9972581884373176
8588.06,0.9973276852330574
8588.07,0.9973301455290031
8588.08,0.9973325292791392
8588.09,0.9973348330163787
8588.1,0.9973370527842497
8588.11,0.9973391840584317
8588.12,0.9973412216382056
8588.130000000001,0.9973431596185947
8588.14,0.9973449912164912
8588.150000000001,0.9973467085932982
8588.16,0.9973483027899267
8588.17,0.9973497634495234
8588.18,0.9973510785595654
8588.189999999999,0.9973522341736489
8588.2,0.9973532140249732
8588.21,0.9973539990353146
8588.22,0.9973545667260889
8588.23,0.997354890429347
8588.24,0.997354938353912
8588.25,0.9973546723190102
8588.26,0.9973310426680534
8588.27,0.9973115606302732
8588.28,0.997284112533995
8588.289999999999,0.9972506179974202
8588.300000000001,0.9972160436253973
8588.31,0.9971874031031454
8588.32,0.9971690650103847
8588.33,0.997168422478751
8588.34,0.997181483552634
8588.35,0.9971483037912956
8588.36,0.9971007873124037
8588.37,0.9969866484056039
8588.380000000001,0.9967783073005579
8588.39,0.9964772570446876
8588.400000000001,0.9960585735212287
8588.41,0.9955984132793392
8588.42,0.9951813300551836
8588.43,0.9948928739439304
8588.44,0.994803141359846
8588.45,0.9949048739888154
8588.460000000001,0.9951479100222487
8588.47,0.9954778032524215
8588.480000000001,0.9958043612365979
8588.49,0.9960846059358569
8588.5,0.9962163622406871
8588.51,0.9962180042965791
8588.52,0.995931419781233
8588.53,0.9952232861431999
8588.539999999999,0.9938066977241249
8588.550000000001,0.9914333761751315
8588.56,0.9880313608968971
8588.57,0.9837061941097898
8588.58,0.9790778908782474
8588.59,0.9748952309138542
8588.6,0.9720967267826982
8588.61,0.9712338770911766
8588.619999999999,0.9724557185179588
8588.630000000001,0.9753441355379407
8588.64,0.9792542677942172
8588.65,0.9834444561760514
8588.66,0.9873574126635676
8588.67,0.9906172420153823
8588.68,0.9930949456651174
8588.69,0.9948363529444969
8588.7,0.9959660709118312
8588.710000000001,0.9966413373543248
8588.72,0.9970395086407108
8588.730000000001,0.9972138461273126
8588.74,0.9973030749769471
8588.75,0.9973637504361489
8588.76,0.9973311681617306
8588.77,0.9972983136106451
8588.78,0.9972378440804924
8588.79,0.997079540908587
8588.8,0.99688284676171
8588.81,0.9965791960108602
8588.82,0.9960907698802842
8588.83,0.9952845667681668
8588.84,0.9939657981689138
8588.85,0.9920411347559205
8588.86,0.9895119664054065
8588.869999999999,0.986631824046257
8588.880000000001,0.9839822019375825
8588.89,0.9822278454192684
8588.9,0.9818136750388795
8588.91,0.9828834966876236
8588.92,0.9851565588945704
8588.93,0.988060661267239
8588.94,0.9909382270649146
8588.95,0.9933177323854738
8588.960000000001,0.9949422706379499
8588.97,0.9958643531543021
8588.980000000001,0.9962370505992345
8588.99,0.9962687097172191
8589.0,0.996107277664558
8589.01,0.9959269692060069
8589.02,0.9957871572311867
8589.03,0.9957778718870598
8589.04,0.995902480024506
8589.05,0.9961489538417725
8589.060000000001,0.996444314439175
8589.07,0.9967172775825118
8589.08,0.9969585398102794
8589.09,0.9971383703387299
8589.1,0.9972647357909364
8589.11,0.9973484576633292
8589.119999999999,0.9974024176258333
8589.130000000001,0.9974390288011661
8589.14,0.9974368297209539
8589.15,0.9974118846495207
8589.16,0.9973319641535379
8589.17,0.9971645223354996
8589.18,0.9968730816102859
8589.19,0.9964364347192318
8589.199999999999,0.9958732108726951
8589.210000000001,0.9952591538291733
8589.22,0.994720017787679
8589.23,0.9943932139938987
8589.24,0.9943723757024122
8589.25,0.9946649384069183
8589.26,0.9951886846696856
8589.27,0.9958094431128596
8589.28,0.996396689310138
8589.29,0.9968660146990691
8589.3,0.9971910763020618
8589.310000000001,0.9973890859733265
8589.32,0.997496368599253
8589.33,0.9975487519770968
8589.34,0.9975844443087827
8589.35,0.9975866732699299
8589.36,0.9975888278977028
8589.37,0.9975909158460828
8589.38,0.9975939085232147
8589.390000000001,0.997595873424884
8589.4,0.9975977890038835
8589.410000000002,0.9975996596245669
8589.42,0.9976014890648158
8589.43,0.997603280690563
8589.44,0.9976050374650532
8589.449999999999,0.9976067620315446
8589.460000000001,0.9976084567033656
8589.47,0.997610123589743
8589.48,0.9976117645897609
8589.49,0.9975810604033696
8589.5,0.9975310512631441
8589.51,0.9974196022813402
8589.52,0.9972006536085507
8589.529999999999,0.9968208851880718
8589.54,0.9962421330283966
8589.55,0.9954751525899014
8589.560000000001,0.9946072421429533
8589.57,0.9937624186990881
8589.58,0.9931594405754444
8589.59,0.9929044778182846
8589.6,0.9929988668002394
8589.61,0.9933167920151599
8589.62,0.9936689647251785
8589.63,0.9939053471715872
8589.640000000001,0.9939892060215045
8589.65,0.9940053374798667
8589.66,0.9940961182326327
8589.67,0.9943726802149493
8589.68,0.9948556708350966
8589.69,0.9954951810043653
8589.7,0.9961193464405461
8589.710000000001,0.9966683872206039
8589.720000000001,0.9970812482435992
8589.73,0.9973518846393895
8589.74,0.9975105021536051
8589.75,0.9975910176246964
8589.76,0.9976508857823414
8589.77,0.9976520101560901
8589.779999999999,0.9976531248278588
8589.79,0.9976542295009309
8589.8,0.9976558191385929
8589.81,0.9976568954076064
8589.82,0.9976579607521625
8589.83,0.9976590146618826
8589.84,0.9976600566434279
8589.85,0.9976610860556349
8589.86,0.997662102224743
8589.87,0.9976631043813232
8589.88,0.9976640916347547
8589.890000000001,0.9976650630166021
8589.9,0.9976660173602707
8589.91,0.9976669534196657
8589.92,0.9976678696667504
8589.93,0.9976687644686602
8589.94,0.9976696358526359
8589.95,0.9975943448837925
8589.96,0.9974722783641475
8589.970000000001,0.9972014599268145
8589.98,0.9966669416544215
8589.990000000002,0.9957317080698346
8590.0,0.994290403360717
8590.01,0.9923300131427253
8590.02,0.9900692304732843
8590.03,0.9878860504622167
8590.04,0.9862598061370628
8590.05,0.9855849177722966
8590.06,0.986008249942795
8590.07,0.9873730093341556
8590.08,0.989299921473997
8590.09,0.9913539076172029
8590.1,0.9931994104252758
8590.109999999999,0.9946701195993474
8590.12,0.9957464602517688
8590.13,0.9964886866782394
8590.140000000001,0.9969776120106499
8590.15,0.9972848818710701
8590.16,0.9974897188288991
8590.17,0.9975716019608558
8590.18,0.997610558640242
8590.19,0.9976370959011194
8590.2,0.9976168541355562
8590.21,0.9975839032472053
8590.220000000001,0.9975301668465067
8590.23,0.997445705705385
8590.24,0.9973212547956455
8590.25,0.9971303208497425
8590.26,0.9969194917402386
8590.27,0.996694869927301
8590.28,0.9965015076882391
8590.29,0.9964025702465016
8590.300000000001,0.9964111761215273
8590.31,0.9965248729284923
8590.320000000002,0.9967222161557425
8590.33,0.9969483704439566
8590.34,0.997156179910281
8590.35,0.9972695137461125
8590.359999999999,0.9973048551632085
8590.37,0.9972421570176768
8590.38,0.997078261395481
8590.39,0.9968266686061423
8590.4,0.9965263807539569
8590.41,0.9962410404906102
8590.42,0.9960439317561433
8590.43,0.9959915713044708
8590.44,0.9961021257107487
8590.45,0.9963456211734377
8590.46,0.9966588205963804
8590.470000000001,0.99697213761362
8590.48,0.9972341548752548
8590.49,0.9974224473824369
8590.5,0.9975629937517156
8590.51,0.9976119924842987
8590.52,0.9976522565556307
8590.53,0.9976417272800825
8590.539999999999,0.9976267582769279
8590.550000000001,0.9976057091965427
8590.56,0.9975758181653975
8590.570000000002,0.9975387870210798
8590.58,0.9974938753042853
8590.59,0.9974497532691824
8590.6,0.9974003136936072
8590.61,0.9973200427170519
8590.62,0.9971854248911768
8590.630000000001,0.9969612030133976
8590.64,0.9965111722308144
8590.650000000001,0.995662108910096
8590.66,0.9941652244268103
8590.67,0.991796023740925
8590.68,0.9884590908118036
8590.689999999999,0.9843033119087905
8590.7,0.9798436063175131
8590.71,0.9757913132678657
8590.720000000001,0.9729723510053155
8590.73,0.9719135575869332
8590.74,0.9727487649745142
8590.75,0.9750689795635651
8590.76,0.9782314441476789
8590.77,0.9815136638402384
8590.78,0.9843349644431187
8590.789999999999,0.9864376930579662
8590.800000000001,0.9878127823264506
8590.81,0.98858336145539
8590.82,0.9891084476175542
8590.83,0.9897398875575256
8590.84,0.9906637069722036
8590.85,0.9919123535553872
8590.86,0.9933092158004424
8590.87,0.9946601766734117
8590.880000000001,0.9957850008050003
8590.89,0.9966027221870151
8590.900000000001,0.9971274444985109
8590.91,0.9974269725043222
8590.92,0.9975823745513867
8590.93,0.9976571746910029
8590.94,0.997705183891055
8590.95,0.9977135507021935
8590.960000000001,0.997720669357495
8590.97,0.9977268394781021
8590.98,0.9976693258530778
8590.99,0.9975564900505681
8591.0,0.9972721054293983
8591.01,0.9966422556370621
8591.02,0.9953672811119274
8591.03,0.9931454981745769
8591.039999999999,0.9896794683562539
8591.050000000001,0.984893202661765
8591.06,0.9790821647164337
8591.07,0.9727923014172539
8591.08,0.9668443177588877
8591.09,0.9619183407488038
8591.1,0.9584731764004014
8591.11,0.9567582140657906
8591.119999999999,0.9569279970816623
8591.130000000001,0.9590885967723041
8591.14,0.963196764632206
8591.150000000001,0.9688955447016844
8591.16,0.9754618745129433
8591.17,0.9819652871945499
8591.18,0.9875480972997502
8591.19,0.9917823880773701
8591.2,0.9945985618987193
8591.210000000001,0.9962867883610653
8591.22,0.9971335920836432
8591.230000000001,0.9975305284281413
8591.24,0.9976971196451261
8591.25,0.9977902259309931
8591.26,0.9977913528975219
8591.27,0.9977988891348873
8591.28,0.9977997239141123
8591.289999999999,0.9978005556973115
8591.300000000001,0.997801384581395
8591.31,0.9978022106528956
8591.32,0.9978030339950427
8591.33,0.9978038546929886
8591.34,0.9978046728165315
8591.35,0.997804519512053
8591.36,0.997805327763928
8591.369999999999,0.9977700272499095
8591.380000000001,0.9977243086311639
8591.39,0.9976368999754375
8591.4,0.997489573495136
8591.41,0.9972717838784749
8591.42,0.9969926459687442
8591.43,0.9966893540037616
8591.44,0.9964236539841987
8591.45,0.9962629499774727
8591.460000000001,0.9962529581596085
8591.47,0.9963968466367541
8591.480000000001,0.9965805149250705
8591.49,0.996801640298827
8591.5,0.9969164465063001
8591.51,0.9968158413828239
8591.52,0.9964069317364731
8591.53,0.9956388497508446
8591.54,0.9945592963167984
8591.55,0.9932868490121004
8591.560000000001,0.9920594075359799
8591.57,0.9912095738399477
8591.580000000002,0.9909684806564746
8591.59,0.9914055253403908
8591.6,0.9923966586018264
8591.61,0.9936387560150218
8591.619999999999,0.9948386006051169
8591.630000000001,0.9956337224353707
8591.64,0.995780375658278
8591.65,0.9949320846399935
8591.66,0.9926844293007692
8591.67,0.9886315587270099
8591.68,0.982636502543752
8591.69,0.9750052255084686
8591.699999999999,0.9668535552208863
8591.710000000001,0.95982288556506
8591.72,0.9555680797921483
8591.730000000001,0.9551743670816958
8591.74,0.958747098448932
8591.75,0.9653707239560204
8591.76,0.9734539586644001
8591.77,0.9813198535616153
8591.78,0.9876817045632355
8591.79,0.9921340344761648
8591.8,0.9947258227701705
8591.810000000001,0.9958550927414966
8591.82,0.9958555570150038
8591.83,0.995064580159446
8591.84,0.9937155074401474
8591.85,0.9920975000254573
8591.86,0.9905191776707803
8591.87,0.9894113450451231
8591.880000000001,0.9890729649335065
8591.890000000001,0.9896007419516085
8591.9,0.9908453810028385
8591.91,0.992428414155655
8591.92,0.9940412553292267
8591.93,0.9953797775726223
8591.94,0.9963241744066881
8591.949999999999,0.996897772366331
8591.960000000001,0.9972034827885359
8591.97,0.9973577040906295
8591.98,0.9974490288283896
8591.99,0.9975041605463233
8592.0,0.997527232068644
8592.01,0.997523224256395
8592.02,0.9974704593208313
8592.03,0.9973628003161011
8592.04,0.9972158903638195
8592.05,0.997081659516873
8592.060000000001,0.9969632423679702
8592.07,0.9969276571987976
8592.08,0.9969855278283645
8592.09,0.9971202362596945
8592.1,0.9972957118011768
8592.11,0.9974720825017742
8592.12,0.9976199926761312
8592.13,0.9977268555947485
8592.140000000001,0.9977945157903096
8592.15,0.9978325042413957
8592.16,0.9978646732212144
8592.17,0.9978653556531129
8592.18,0.9977866183602684
8592.19,0.9976671309337302
8592.2,0.9974138926969875
8592.210000000001,0.9969370060689208
8592.22,0.9961426144207024
8592.23,0.9949809851300268
8592.24,0.993508498140077
8592.25,0.9919272477270231
8592.26,0.990560327587864
8592.27,0.9897507157823486
8592.279999999999,0.9897289559559904
8592.29,0.9904926894392955
8592.3,0.991833912121037
8592.310000000001,0.9934131962545301
8592.32,0.9949022361179604
8592.33,0.9960892071194224
8592.34,0.9969087310721492
8592.35,0.9974053848614544
8592.36,0.9976718576719793
8592.37,0.9977992710482755
8592.38,0.9978846364756329
8592.390000000001,0.9978852817033628
8592.4,0.9978859259263932
8592.41,0.997886569130926
8592.42,0.9978586543959725
8592.43,0.9978372977884472
8592.44,0.9978076873835057
8592.45,0.9977725533159871
8592.460000000001,0.9976985401337046
8592.470000000001,0.9976044517016492
8592.48,0.9974364310687289
8592.490000000002,0.9970511581704543
8592.5,0.9963583968682403
8592.51,0.9951443179448625
8592.52,0.9932250191872346
8592.529999999999,0.9905039953858941
8592.54,0.9870575939648137
8592.55,0.9832027611172188
8592.56,0.9794372589484505
8592.57,0.9763778759983678
8592.58,0.9746518433238265
8592.59,0.9746597252896675
8592.6,0.9764568016127941
8592.61,0.9797053251662494
8592.62,0.9837380344948835
8592.63,0.9878550400420707
8592.640000000001,0.9914204608422166
8592.65,0.9941079517018817
8592.66,0.9958898257463538
8592.67,0.996961792771988
8592.68,0.9974911835942623
8592.69,0.9977408564115554
8592.7,0.9978462702650082
8592.71,0.9979053978002306
8592.720000000001,0.9979060098630306
8592.73,0.9979066209200997
8592.74,0.9979072309785088
8592.75,0.9977952637878013
8592.76,0.9976121632273285
8592.77,0.997203500809907
8592.78,0.9963910883418049
8592.79,0.9949588403395957
8592.800000000001,0.9927346512033255
8592.81,0.9897225305409938
8592.820000000002,0.986223492079656
8592.83,0.9828719167246737
8592.84,0.9803889410482818
8592.85,0.9794449491003576
8592.859999999999,0.980300932373325
8592.87,0.9827202147870913
8592.88,0.9860464423202687
8592.89,0.9895573327312375
8592.9,0.9926054569505559
8592.91,0.9948730606579386
8592.92,0.9963434636375029
8592.93,0.9971832689659283
8592.94,0.9976088342730824
8592.95,0.9978012763564149
8592.96,0.9978793772092298
8592.970000000001,0.997920980800303
8592.98,0.9979215661850689
8592.99,0.9979221505009368
8593.0,0.9978327351092406
8593.01,0.9977083959172136
8593.02,0.9974589868146986
8593.03,0.9970140093887638
8593.04,0.9963116661142716
8593.050000000001,0.9953396844750229
8593.06,0.9941781201369336
8593.070000000002,0.9930143260201638
8593.08,0.9921044591610827
8593.09,0.9916849314755474
8593.1,0.9918079970337051
8593.11,0.9924540286223383
8593.12,0.9933465967087373
8593.130000000001,0.9941529170089937
8593.14,0.9945778396045726
8593.15,0.9944646900409355
8593.16,0.9938193582782702
8593.17,0.9929023657868957
8593.18,0.9920447595431916
8593.19,0.9915270362852059
8593.2,0.9916079404238003
8593.21,0.9922565268183929
8593.220000000001,0.9933335588403046
8593.23,0.994569473223564
8593.24,0.9957136751897059
8593.25,0.9966012243532933
8593.26,0.9971678486348738
8593.27,0.9974636965538005
8593.28,0.9975538120217318
8593.289999999999,0.9975069542566767
8593.300000000001,0.9974066452621323
8593.31,0.997252961497194
8593.32,0.997140988118358
8593.33,0.9971013235954839
8593.34,0.997145652544396
8593.35,0.9972612692348146
8593.36,0.9974170243982227
8593.37,0.9975475760208925
8593.380000000001,0.9976729229539911
8593.39,0.9977632149854674
8593.400000000001,0.9978214438959869
8593.41,0.997857410843295
8593.42,0.9978941492959102
8593.43,0.9979038881792831
8593.44,0.9979154268446434
8593.45,0.9979264217133536
8593.46,0.9979481752208702
8593.47,0.997948700810863
8593.48,0.9978635536287106
8593.49,0.9977355621078634
8593.5,0.9974660256055473
8593.51,0.9969614284641631
8593.52,0.996125723449147
8593.53,0.9949108733035142
8593.539999999999,0.9933805629523283
8593.550000000001,0.9917489717188914
8593.56,0.9903520931718287
8593.57,0.9895412470040771
8593.58,0.9895419413875148
8593.59,0.9903541228382817
8593.6,0.991752200610696
8593.61,0.993384830940128
8593.62,0.9948584099408203
8593.630000000001,0.9959847458400036
8593.64,0.9966297706018175
8593.650000000001,0.996770141955866
8593.66,0.9964245243391597
8593.67,0.9956399638618733
8593.68,0.9945494721669916
8593.69,0.9932629964589109
8593.7,0.9921212599150017
8593.710000000001,0.9914073333577033
8593.72,0.9913194927809043
8593.730000000001,0.9918832514598949
8593.74,0.9929396183693009
8593.75,0.9942167486627819
8593.76,0.9954420123985475
8593.77,0.9964324409581792
8593.78,0.997124751884352
8593.789999999999,0.9975491278558655
8593.800000000001,0.9977792805849438
8593.81,0.9978904371951824
8593.82,0.9979660211203685
8593.83,0.9979664789728442
8593.84,0.9979669343083836
8593.85,0.9979673870609137
8593.86,0.9979678371929774
8593.869999999999,0.9979682846354213
8593.880000000001,0.997968729327773
8593.89,0.9979691712346601
8593.9,0.9979696102628821
8593.91,0.9979700463807094
8593.92,0.9979704794864684
8593.93,0.997970909558645
8593.94,0.997949891574591
8593.95,0.9979069027744695
8593.960000000001,0.9978633285008403
8593.97,0.9977981211471202
8593.980000000001,0.9977089024750109
8593.99,0.9976004912128844
8594.0,0.9974878505481399
8594.01,0.9973944983424212
8594.02,0.9973596890544747
8594.03,0.9973637427706367
8594.04,0.9974275382765434
8594.05,0.99753303068703
8594.06,0.9976535011092532
8594.07,0.997764457550333
8594.08,0.9978511556814348
8594.09,0.9979099908476136
8594.1,0.9979451454161964
8594.11,0.9979780320070604
8594.119999999999,0.9979783868146039
8594.130000000001,0.997978736480615
8594.14,0.9979790808486436
8594.15,0.9979794197474179
8594.16,0.9979797530190847
8594.17,0.9979800804814838
8594.18,0.9979804019475784
8594.19,0.9979807172272246
8594.199999999999,0.9979810261211656
8594.210000000001,0.9979813284157315
8594.22,0.9979816238895847
8594.230000000001,0.9979819123028313
8594.24,0.997982193429821
8594.25,0.9979824670120586
8594.26,0.997982732772595
8594.27,0.9979829904529838
8594.28,0.9979832397396319
8594.29,0.9979834803406253
8594.3,0.997983711922202
8594.310000000001,0.9979823614029761
8594.32,0.9979825693487175
8594.33,0.9979827671789335
8594.34,0.9979829545223177
8594.35,0.9979164449436448
8594.36,0.9978256899710762
8594.369999999999,0.9976467044116
8594.380000000001,0.9973334835632074
8594.39,0.9968502101279945
8594.4,0.9961732452074954
8594.41,0.9954089526264503
8594.42,0.9946782163328992
8594.43,0.9941525458979573
8594.44,0.993974384558653
8594.449999999999,0.9941951103674068
8594.460000000001,0.994751297877935
8594.47,0.995493936721437
8594.48,0.9962525654693569
8594.49,0.9968971556360573
8594.5,0.9973838372764351
8594.51,0.9976771789588765
8594.52,0.9978421882883179
8594.53,0.9979246082655537
8594.54,0.9979836512228627
8594.55,0.9979834745392006
8594.560000000001,0.9979492851392548
8594.57,0.9978750524237986
8594.58,0.9976716077886578
8594.59,0.9971710644333723
8594.6,0.9960701607942252
8594.61,0.9939160747228654
8594.62,0.9901896006209148
8594.63,0.9845355584604863
8594.640000000001,0.9771160365621316
8594.65,0.9687620149336619
8594.660000000002,0.9610373285681376
8594.67,0.955696501389277
8594.68,0.9540797898279229
8594.69,0.9566084498903713
8594.699999999999,0.9626260620160482
8594.710000000001,0.9706098027060741
8594.72,0.9788406501807403
8594.73,0.985857084609707
8594.74,0.9910047925483213
8594.75,0.9942701390240735
8594.76,0.9960863413606409
8594.77,0.996986183645399
8594.779999999999,0.9973997321701463
8594.79,0.9975954228066319
8594.8,0.9977330058193763
8594.810000000001,0.9977939999758748
8594.82,0.9978496055363453
8594.83,0.997892286494342
8594.84,0.9979202672438009
8594.85,0.9979057572442189
8594.86,0.99782226316392
8594.87,0.9976325579890225
8594.88,0.9972436182700445
8594.890000000001,0.9965315568080129
8594.9,0.9953770985915854
8594.91,0.9937354660002747
8594.92,0.9917171472581816
8594.93,0.9895675881983907
8594.94,0.9877761279108203
8594.95,0.986729911674077
8594.960000000001,0.9866519425847466
8594.970000000001,0.9874800332181184
8594.98,0.9889061643979331
8594.99,0.9905302976399042
8595.0,0.9920344337099853
8595.01,0.9932764428398896
8595.02,0.9942687471558881
8595.029999999999,0.995088194383867
8595.04,0.9957938528788521
8595.05,0.9963978863965051
8595.06,0.9968860953451384
8595.07,0.9971670393465508
8595.08,0.9972812623996709
8595.09,0.9972060398976
8595.1,0.9969297135614716
8595.11,0.9964808435850809
8595.12,0.9958350409307642
8595.13,0.995133123424523
8595.140000000001,0.9944810814919048
8595.15,0.9940562651637985
8595.16,0.9939378054608204
8595.17,0.9941282216685267
8595.18,0.9945351907898521
8595.19,0.9950094662597951
8595.2,0.9953864602903627
8595.21,0.9955575267621627
8595.220000000001,0.9954755757690492
8595.23,0.9950163113394402
8595.240000000002,0.9941219535826129
8595.25,0.9926560811783651
8595.26,0.9905295130412418
8595.27,0.9876278913293494
8595.28,0.9840205742517577
8595.29,0.9795209511490937
8595.3,0.9747142770800926
8595.31,0.9698235295717549
8595.32,0.9651680680339293
8595.33,0.9608049917153734
8595.34,0.9571063240551398
8595.35,0.9539809358893048
8595.359999999999,0.9519338122099736
8595.37,0.9517811420088779
8595.38,0.9539341731722937
8595.390000000001,0.9585913445946871
8595.4,0.9652589194923008
8595.41,0.972938136885167
8595.42,0.9804194487302432
8595.43,0.9866442297182355
8595.44,0.9911773591374641
8595.45,0.9940284024219977
8595.46,0.9954380184670748
8595.470000000001,0.9958138070295347
8595.48,0.9954335386715023
8595.49,0.9945123492280656
8595.5,0.9932945140405008
8595.51,0.9920006759498005
8595.52,0.9910087771879377
8595.53,0.990593704335808
8595.54,0.9908846538771839
8595.550000000001,0.9918067314936272
8595.56,0.9931157769223754
8595.570000000002,0.9944696359411236
8595.58,0.9956060170895146
8595.59,0.9962364745109614
8595.6,0.9961642673767628
8595.609999999999,0.9949911853635739
8595.62,0.9921105681269137
8595.63,0.9867532788943724
8595.64,0.9783512127282796
8595.65,0.9669016554077834
8595.66,0.9536728947435894
8595.67,0.9409388458023594
8595.68,0.9314018596833805
8595.69,0.9272787091244548
8595.7,0.9295610863574443
8595.71,0.9377012438268708
8595.720000000001,0.9497836099846096
8595.73,0.9631536566520731
8595.74,0.9753218064901747
8595.75,0.9847144656576337
8595.76,0.9910109208534325
8595.77,0.9946913414543173
8595.78,0.9965887842799547
8595.789999999999,0.9974582787665991
8595.800000000001,0.9978279633462124
8595.81,0.9979170364555962
8595.820000000002,0.9979284188841151
8595.83,0.9978373778560433
8595.84,0.997674867874707
8595.85,0.9974208456244752
8595.86,0.9970752100491862
8595.87,0.9966723083913235
8595.880000000001,0.9962088343120314
8595.89,0.9957938588477604
8595.900000000001,0.9953833540661645
8595.91,0.9948429902512121
8595.92,0.9939151183536875
8595.93,0.9922928433548024
8595.939999999999,0.9897802730002675
8595.95,0.9864791747669733
8595.96,0.9828873911266447
8595.970000000001,0.9797908505453932
8595.98,0.978007307593712
8595.99,0.9780511917203124
8596.0,0.9799121807454647
8596.01,0.9830019376601428
8596.02,0.9865876578609478
8596.03,0.9899024932131755
8596.039999999999,0.9924786920786348
8596.050000000001,0.9942269471217519
8596.06,0.9953271736018481
8596.07,0.9959679578380924
8596.08,0.9963147959253991
8596.09,0.9964656782097353
8596.1,0.9965039211182861
8596.11,0.9964312390217647
8596.12,0.996337013303181
8596.130000000001,0.9963241912845571
8596.14,0.9964142338808267
8596.150000000001,0.9966178252043877
8596.16,0.996867291626102
8596.17,0.9971489697426839
8596.18,0.9973922892052248
8596.19,0.9975940706067349
8596.2,0.9977227236097186
8596.210000000001,0.9978336069400008
8596.22,0.9979416996221491
8596.23,0.9979816372705815
8596.24,0.9980332516567422
8596.25,0.9980699290131786
8596.26,0.9980706996382702
8596.27,0.9980714582838911
8596.28,0.9980722054341218
8596.289999999999,0.9980729415128564
8596.300000000001,0.9980736669512278
8596.31,0.9980743821376652
8596.32,0.9980750874605018
8596.33,0.9980757832709068
8596.34,0.9980764698931746
8596.35,0.9980771476895434
8596.36,0.9980778169309319
8596.369999999999,0.998078477942946
8596.380000000001,0.9980791309776459
8596.39,0.9980797763251675
8596.400000000001,0.9980804142174
8596.41,0.9980810449198865
8596.42,0.9980816686508427
8596.43,0.9980404038594882
8596.44,0.9980031557577567
8596.45,0.9979464394520754
8596.460000000001,0.997871490602532
8596.47,0.9977871430827358
8596.480000000001,0.9977096485138811
8596.49,0.9976580128786521
8596.5,0.9976470977248381
8596.51,0.9976801310940271
8596.52,0.9977477139712578
8596.53,0.9978320607335301
8596.539999999999,0.9979146061042091
8596.550000000001,0.9979824209461116
8596.56,0.9980305838538458
8596.57,0.9980606516133778
8596.58,0.9980906903968194
8596.59,0.9980912214964913
8596.6,0.9980917484056323
8596.61,0.9980922712226749
8596.619999999999,0.9980927900413266
8596.630000000001,0.9980933049542992
8596.64,0.9980938160459427
8596.65,0.9980943233994455
8596.66,0.9980948271061632
8596.67,0.9980648278655587
8596.68,0.9980222081220691
8596.69,0.9979357549849408
8596.7,0.997780522044311
8596.710000000001,0.9975348547312992
8596.72,0.9971952299406903
8596.730000000001,0.9967916458687675
8596.74,0.9963924924279417
8596.75,0.9960895115336337
8596.76,0.9959645817254809
8596.77,0.9960541441821291
8596.78,0.9963321609218118
8596.79,0.9967223578248599
8596.8,0.9971319882184283
8596.810000000001,0.9974869140849294
8596.82,0.9977503456331591
8596.83,0.9979209542369413
8596.84,0.9980184401061822
8596.85,0.9980679896012972
8596.86,0.998104230621964
8596.869999999999,0.9981046710227064
8596.880000000001,0.9981051088572833
8596.89,0.9981055441394305
8596.9,0.9981059769064665
8596.91,0.9981064071638899
8596.92,0.998106834955537
8596.93,0.9980632608294107
8596.94,0.9980182723760143
8596.949999999999,0.9979440030166871
8596.960000000001,0.9978366033570868
8596.97,0.997702271115446
8596.980000000001,0.9975605579572699
8596.99,0.997441597847494
8597.0,0.9973762904398629
8597.01,0.997383434658498
8597.02,0.9974610498347566
8597.03,0.9975873145766103
8597.04,0.9977305210462126
8597.05,0.997861888858959
8597.060000000001,0.9979642671431336
8597.07,0.9980336213777131
8597.08,0.9980750119109746
8597.09,0.9981137401280002
8597.1,0.9981141249772079
8597.11,0.9981145074263367
8597.12,0.9981148874727015
8597.130000000001,0.998115265095235
8597.140000000001,0.9981156402875617
8597.15,0.9981160130252685
8597.16,0.9981163833001827
8597.17,0.9981167510691287
8597.18,0.998117116324296
8597.19,0.998117479035268
8597.199999999999,0.9980285644586646
8597.210000000001,0.9978714427134159
8597.22,0.9975015508438851
8597.23,0.9967246388764078
8597.24,0.9952746231251756
8597.25,0.9928453409258309
8597.26,0.9893129930406009
8597.27,0.984790764011132
8597.28,0.9797633972078121
8597.29,0.9748438581851445
8597.3,0.9705990169240847
8597.310000000001,0.967155858431331
8597.32,0.9641774425566217
8597.33,0.9611780410689896
8597.34,0.9580355021845773
8597.35,0.9553158506491376
8597.36,0.954108767240096
8597.37,0.9554540561838213
8597.38,0.9597417144115602
8597.390000000001,0.9664480606437811
8597.4,0.9743296155740933
8597.41,0.9819437021100055
8597.42,0.9882011500204952
8597.43,0.992624999556329
8597.44,0.9953789658757762
8597.45,0.9968888130576344
8597.460000000001,0.9976229851409628
8597.47,0.9979413542190179
8597.48,0.9980650349069815
8597.49,0.9981269306495183
8597.5,0.9981002825629217
8597.51,0.9980778098341853
8597.52,0.9980450027219303
8597.529999999999,0.9980035510158063
8597.54,0.9979314370410125
8597.55,0.9978546277564246
8597.560000000001,0.9977548583898571
8597.57,0.9976165370000875
8597.58,0.9974209716849891
8597.59,0.9971594823318526
8597.6,0.9968495992993132
8597.61,0.9965428288463186
8597.62,0.9963138102998792
8597.63,0.996231693798698
8597.640000000001,0.9963409372430644
8597.65,0.9965874924780791
8597.66,0.9969300617733107
8597.67,0.9972878045330082
8597.68,0.9975966810055656
8597.69,0.9978253215791107
8597.7,0.9979730526456351
8597.710000000001,0.9980572422488716
8597.720000000001,0.9980998455236814
8597.73,0.9981309128166692
8597.740000000002,0.9981309380813469
8597.75,0.998130946020921
8597.76,0.9980888668808718
8597.77,0.9980469533597425
8597.779999999999,0.997979511428794
8597.79,0.9978844097581528
8597.8,0.9977404356116161
8597.81,0.9976087376906136
8597.82,0.9975001839608995
8597.83,0.9974427439857861
8597.84,0.9974526070913741
8597.85,0.9975267865215811
8597.86,0.9976445445329655
8597.87,0.9977767172311166
8597.88,0.9978972538833767
8597.890000000001,0.9979908351838611
8597.9,0.9980677856718385
8597.91,0.9980987673915835
8597.92,0.9981268385471885
8597.93,0.998126196748978
8597.94,0.9981254836228941
8597.95,0.9981246923206539
8597.96,0.9981238152265303
8597.970000000001,0.9981228437562282
8597.98,0.9981217682146337
8597.99,0.9981205776812369
8598.0,0.9981192597680693
8598.01,0.9981178004101064
8598.02,0.9981161835950749
8598.03,0.9981143910235373
8598.04,0.9981124017379948
8598.050000000001,0.9981101916469999
8598.06,0.9981077329829126
8598.070000000002,0.9980701904654711
8598.08,0.997992413910031
8598.09,0.9977859596496068
8598.1,0.9972874492189678
8598.109999999999,0.9962062792480897
8598.12,0.9941165536217753
8598.13,0.9905431010895343
8598.14,0.9851830741268589
8598.15,0.9782337141702214
8598.16,0.9705101569742577
8598.17,0.9634919326187669
8598.18,0.9587950036135872
8598.19,0.9576089113833078
8598.2,0.9602422736612506
8598.21,0.9660047043021541
8598.220000000001,0.973470658529854
8598.23,0.9810195461109359
8598.24,0.9873646050729453
8598.25,0.9919362380541924
8598.26,0.9947769196609133
8598.27,0.9961044963485293
8598.28,0.9964113982554946
8598.29,0.9957889294861514
8598.300000000001,0.9941345700497255
8598.31,0.9911398082274578
8598.320000000002,0.9862876976490476
8598.33,0.9793507328304312
8598.34,0.9704253270977932
8598.35,0.9604522155660016
8598.36,0.9510529205272918
8598.37,0.9441769446414008
8598.380000000001,0.9414751034093702
8598.39,0.9437005883776861
8598.4,0.9504215344848763
8598.41,0.9600887719153695
8598.42,0.9706567959140174
8598.43,0.9802134373693447
8598.44,0.9875707468412608
8598.45,0.9925354385765008
8598.46,0.9954257318695546
8598.470000000001,0.9969300652278437
8598.48,0.9976283401039167
8598.49,0.9979205101649252
8598.5,0.9980816821453851
8598.51,0.9980886325482914
8598.52,0.9980948283297922
8598.53,0.9981003724240272
8598.539999999999,0.9981053515965689
8598.550000000001,0.9981098391717621
8598.56,0.9980895933262408
8598.57,0.9980798122776278
8598.58,0.9980679420968875
8598.59,0.9980568791969244
8598.6,0.9980500754042751
8598.61,0.998050217716028
8598.62,0.9980580402416205
8598.630000000001,0.9980719900787671
8598.64,0.9980889616160459
8598.650000000001,0.9981056349244577
8598.66,0.9981395181394898
8598.67,0.9981411309903152
8598.68,0.9981426339575844
8598.69,0.9981440369136771
8598.7,0.9981453485728696
8598.71,0.9981465766303801
8598.72,0.9981477279449329
8598.73,0.9981488086005462
8598.74,0.9981498239849497
8598.75,0.9980940329862513
8598.76,0.9980265553831771
8598.77,0.9979031474878073
8598.78,0.9977042634738766
8598.789999999999,0.9973722378603451
8598.800000000001,0.99692449090131
8598.81,0.9962954863523482
8598.82,0.9953538633218191
8598.83,0.9938198046281621
8598.84,0.9912448720945939
8598.85,0.9871232523291708
8598.86,0.9811964048066047
8598.869999999999,0.9737141139100262
8598.880000000001,0.9657316540238253
8598.89,0.9589024918199434
8598.900000000001,0.9548600971360766
8598.91,0.9546401666340459
8598.92,0.9582633529990107
8598.93,0.9647439044903119
8598.94,0.9724299361645344
8598.95,0.9797428945715899
8598.960000000001,0.9856134904282956
8598.97,0.9897985095282585
8598.980000000001,0.9925467302089223
8598.99,0.9943315445294472
8599.0,0.9955522777579772
8599.01,0.9964392493241205
8599.02,0.9970609377826736
8599.03,0.9975120644803884
8599.039999999999,0.9977650600432588
8599.050000000001,0.9979005821967526
8599.06,0.9979600680744198
8599.07,0.997982789433358
8599.08,0.9980056758499134
8599.09,0.9980176734988158
8599.1,0.9980414681345209
8599.11,0.9980707108884309
8599.119999999999,0.9980989311875856
8599.130000000001,0.9981217174030678
8599.14,0.9981577974555472
8599.15,0.9981569209985731
8599.16,0.9981075087435684
8599.17,0.9980411896088569
8599.18,0.9979126159701357
8599.19,0.9976906488893696
8599.2,0.9973524463282054
8599.210000000001,0.9969029496401071
8599.22,0.996391841167714
8599.230000000001,0.9959138293652825
8599.24,0.9955833617606568
8599.25,0.9954906625386823
8599.26,0.995661650548264
8599.27,0.9960457488560135
8599.28,0.996539258207816
8599.29,0.9970307702912077
8599.3,0.9974371946387416
8599.310000000001,0.997725430814215
8599.32,0.9979022778939994
8599.33,0.9979923389558737
8599.34,0.9980287564884287
8599.35,0.9980241744993703
8599.36,0.9980097322462146
8599.369999999999,0.9979977498245016
8599.380000000001,0.9979600178988576
8599.39,0.9979347864441729
8599.4,0.9979161904182702
8599.41,0.9979024632105482
8599.42,0.9979000718657237
8599.43,0.9979043495139995
8599.44,0.9979220985666875
8599.449999999999,0.9979467867607437
8599.460000000001,0.9979704129525978
8599.47,0.9980130661715307
8599.480000000001,0.9980285855760589
8599.49,0.998042857391014
8599.5,0.9980561684400455
8599.51,0.9980667926067829
8599.52,0.9980228818480462
8599.53,0.9979617544665512
8599.54,0.997838117702026
8599.55,0.9975901320981626
8599.560000000001,0.9972232263214296
8599.57,0.9967187173861706
8599.58,0.9961111499457123
8599.59,0.9954797147289168
8599.6,0.994933076312628
8599.61,0.9945779833257504
8599.62,0.9944853779640377
8599.630000000001,0.9946691943062692
8599.64,0.9950853750401518
8599.65,0.9956486498575533
8599.66,0.9962587051423668
8599.67,0.9968264003662928
8599.68,0.9972923540626746
8599.69,0.997633394877011
8599.699999999999,0.9978570124638166
8599.710000000001,0.9979985392799936
8599.72,0.9980612747689303
8599.73,0.9981133577245981
8599.74,0.9981125123644391
8599.75,0.9980406141179401
8599.76,0.9979147061605802
8599.77,0.9976203904316332
8599.78,0.9970042530554208
8599.79,0.9958559532358413
8599.8,0.99396321646226
8599.810000000001,0.9912278892372777
8599.82,0.9878070814262983
8599.83,0.9841902777578423
8599.84,0.9811453376147086
8599.85,0.9793865909803232
8599.86,0.9794145516473225
8599.87,0.9812207832625529
8599.88,0.9842915279791036
8599.890000000001,0.9879082077641225
8599.9,0.9913081532195941
8599.910000000002,0.9940123789654844
8599.92,0.9958738420315546
8599.93,0.9969966377608963
8599.94,0.9975944854306792
8599.949999999999,0.9978764059502585
8599.960000000001,0.9979936813473106
8599.97,0.9980580573024016
8599.98,0.9980536669638689
8599.99,0.9980490236627273
8600.0,0.998044110007977
8600.01,0.9980389068444935
8600.02,0.9980333931164994
8600.029999999999,0.9980275455558987
8600.04,0.998021338502154
8600.05,0.9980147435187922
8600.060000000001,0.998007729113597
8600.07,0.9980002603109165
8600.08,0.9979570252225272
8600.09,0.997910256504715
8600.1,0.9978361811561729
8600.11,0.997729315466804
8600.12,0.9975925969759029
8600.13,0.997441586293702
8600.140000000001,0.9973035901859457
8600.15,0.9972097334940029
8600.16,0.9971825709860469
8600.17,0.9972258410097127
8600.18,0.9973226408025424
8600.19,0.9974431899987355
8600.2,0.997557307839931
8600.210000000001,0.9976444927626724
8600.220000000001,0.9976972885403665
8600.23,0.9977184707947397
8600.240000000002,0.9977364788857681
8600.25,0.9977050253143152
8600.26,0.9976700376325562
8600.27,0.9976309486461182
8600.279999999999,0.99758706986028
8600.29,0.9975375585441796
8600.3,0.9974813735773841
8600.31,0.9974172156703921
8600.32,0.9973434452702858
8600.33,0.997257518367474
8600.34,0.9971570219150017
8600.35,0.9970391806488924
8600.36,0.9968987460045502
8600.37,0.9967285737650642
8600.38,0.9965187258282423
8600.390000000001,0.9962548977767178
8600.4,0.9959153886413418
8600.41,0.9954442105278227
8600.42,0.9947363753772082
8600.43,0.9936941998269795
8600.44,0.9920090189105509
8600.45,0.9891768706066824
8600.46,0.9844628107390194
8600.470000000001,0.97685247976368
8600.48,0.9655710438473081
8600.490000000002,0.9503796271071779
8600.5,0.9327471332042823
8600.51,0.9146615104018354
8600.52,0.8995358721862081
8600.53,0.8904382951215805
8600.54,0.8886409596100555
8600.55,0.8941668400826154
8600.56,0.9057760169279756
8600.57,0.9207583669933079
8600.58,0.9359984142924479
8600.59,0.9498227941125982
8600.6,0.9609379453461724
8600.609999999999,0.9692881952639336
8600.62,0.9753386177044074
8600.63,0.9797440989003986
8600.640000000001,0.9831231480173174
8600.65,0.9859326037605289
8600.66,0.9884859890229264
8600.67,0.9907635094989384
8600.68,0.9927015933766091
8600.69,0.9942384923223219
8600.7,0.995344875990879
8600.71,0.9960565366793049
8600.720000000001,0.9964955810327825
8600.73,0.9967554278178579
8600.74,0.9969121574309924
8600.75,0.9970294651013324
8600.76,0.9970914773705676
8600.77,0.9971436137976001
8600.78,0.9972011547267834
8600.79,0.9972270588974094
8600.800000000001,0.9972455211250136
8600.81,0.997257205348825
8600.820000000002,0.9972625907425543
8600.83,0.9972620011125853
8600.84,0.9972556248538167
8600.85,0.9972435278661992
8600.859999999999,0.9971894812705341
8600.87,0.9970967173125966
8600.88,0.9968608480774971
8600.89,0.9963691112652959
8600.9,0.995369559210482
8600.91,0.9935050739067617
8600.92,0.9903439462764467
8600.93,0.9855034648676788
8600.94,0.9788719583340352
8600.95,0.9707240261394235
8600.96,0.9619586786580965
8600.970000000001,0.953906145923239
8600.98,0.947966269190315
8600.99,0.9453858313259508
8601.0,0.9466091283951571
8601.01,0.9511722351475962
8601.02,0.9577031231450523
8601.03,0.9643033766927844
8601.039999999999,0.9692175208520172
8601.050000000001,0.9715140518135593
8601.06,0.9713960773621274
8601.070000000002,0.9699399222970919
8601.08,0.9683709875383583
8601.09,0.967627408654214
8601.1,0.9677017182182929
8601.11,0.9676047279020085
8601.12,0.965778528130205
8601.130000000001,0.960656684061973
8601.14,0.9511933134361236
8601.150000000001,0.9380877729446416
8601.16,0.922573918970532
8601.17,0.9069391248682676
8601.18,0.895139404282026
8601.189999999999,0.888968406602551
8601.2,0.8903003585268274
8601.21,0.8983396433183602
8601.220000000001,0.9123137883174302
8601.23,0.9288624306667292
8601.24,0.9453962712900592
8601.25,0.9602584175613463
8601.26,0.9716250714010943
8601.27,0.97951697290679
8601.28,0.9844706386557136
8601.289999999999,0.9872342821951418
8601.300000000001,0.9887238933795013
8601.31,0.9894158835508641
8601.32,0.9893651301992614
8601.33,0.9884424894756366
8601.34,0.9861466647677368
8601.35,0.9818082506330145
8601.36,0.9746348195335229
8601.37,0.964626476421326
8601.380000000001,0.9526629198574479
8601.39,0.9406397986682864
8601.400000000001,0.9309271045266021
8601.41,0.9255069472041658
8601.42,0.925439241883264
8601.43,0.9305120835920893
8601.44,0.939552011014639
8601.45,0.9505988209826005
8601.460000000001,0.9616983980454322
8601.47,0.9711912105468372
8601.48,0.9780155326447805
8601.49,0.9817831903417077
8601.5,0.9827558656499535
8601.51,0.9817508888230468
8601.52,0.9798799265109915
8601.53,0.9783559203334422
8601.539999999999,0.9779677822556523
8601.550000000001,0.9788557781805755
8601.56,0.9804522358481547
8601.57,0.9817103320494941
8601.58,0.981609879648193
8601.59,0.9794858177623297
8601.6,0.9756517809079136
8601.61,0.9710815423936724
8601.619999999999,0.9671396918148085
8601.630000000001,0.964973895712127
8601.64,0.9650771451470438
8601.650000000001,0.9672153642474058
8601.66,0.9705463715059989
8601.67,0.9742805334380918
8601.68,0.9779246892664246
8601.69,0.9813256899998583
8601.7,0.9845314425136051
8601.710000000001,0.9875808325016646
8601.72,0.9903744302831949
8601.730000000001,0.9926871455152557
8601.74,0.9942469382813459
8601.75,0.9949275797692616
8601.76,0.9947057339983078
8601.77,0.9937283189829261
8601.78,0.9922330898967323
8601.789999999999,0.9905770579499468
8601.800000000001,0.9891399690252132
8601.81,0.9882350126261923
8601.82,0.988051002963581
8601.83,0.9884828189250229
8601.84,0.9892243385582076
8601.85,0.9899012050417547
8601.86,0.9902419467539161
8601.869999999999,0.9902029138035157
8601.880000000001,0.9899801089771519
8601.89,0.9898997359681557
8601.9,0.990247628257996
8601.91,0.9911310001353383
8601.92,0.9924584803874523
8601.93,0.9939340478417529
8601.94,0.9953336348894584
8601.95,0.9964398599550126
8601.960000000001,0.9972128431054457
8601.97,0.9976873578676773
8601.980000000001,0.9979458590508384
8601.99,0.9980720725475988
8602.0,0.9981587830103346
8602.01,0.9981608828965783
8602.02,0.9981637488258427
8602.03,0.9981665191308677
8602.04,0.9981691982428146
8602.05,0.9981717903460169
8602.060000000001,0.9981742994168445
8602.07,0.998176729157268
8602.08,0.9981790830964801
8602.09,0.99818136455297
8602.1,0.9981835766548882
8602.11,0.998185722373118
8602.119999999999,0.9981878045213914
8602.130000000001,0.9981898257476264
8602.14,0.9981917885699623
8602.15,0.998167563339575
8602.16,0.9981546690819441
8602.17,0.9980953378194225
8602.18,0.9980305571610216
8602.19,0.9979320918649855
8602.199999999999,0.9977550531284443
8602.210000000001,0.9975379407436963
8602.22,0.9972749691494895
8602.230000000001,0.9969994549445356
8602.24,0.9967630713199122
8602.25,0.9966206779736679
8602.26,0.9966223496199758
8602.27,0.9967052362183486
8602.28,0.9969110577923977
8602.29,0.9971684040540165
8602.3,0.9974261995223689
8602.310000000001,0.9976492270864977
8602.32,0.9978232880291074
8602.33,0.9979506329925495
8602.34,0.9980594355437904
8602.35,0.9981373936165879
8602.36,0.9981640252474011
8602.37,0.9981871310132963
8602.380000000001,0.9982044866204202
8602.390000000001,0.9982273065737759
8602.4,0.9982283233171056
8602.41,0.9982293177625976
8602.42,0.9982302905562751
8602.43,0.9982312422992973
8602.44,0.998232173576757
8602.449999999999,0.9982330849529103
8602.460000000001,0.9982339769412122
8602.47,0.9982348500532356
8602.48,0.9982357047586384
8602.49,0.9982365415229997
8602.5,0.9982373607781175
8602.51,0.9982381629220315
8602.52,0.9981922197252376
8602.53,0.9981153723451647
8602.54,0.9979410414110799
8602.55,0.997588741402844
8602.560000000001,0.9969585330776731
8602.57,0.9959622716242563
8602.58,0.9945850380871937
8602.59,0.9929459264342718
8602.6,0.9913168056148294
8602.61,0.9900627971454368
8602.62,0.9895131488956742
8602.63,0.989823241568994
8602.640000000001,0.9909049230982724
8602.65,0.9924663376940008
8602.66,0.9941375685171243
8602.67,0.9956102174675068
8602.68,0.9967202972958419
8602.69,0.9974496238474286
8602.7,0.997871872403579
8602.710000000001,0.9980889005292446
8602.72,0.9981885169932178
8602.73,0.9982514922771705
8602.74,0.9982519617265696
8602.75,0.9982524177385784
8602.76,0.9982528601773728
8602.77,0.9982532888866018
8602.779999999999,0.9982537036566309
8602.79,0.9982541042593682
8602.8,0.998167009050447
8602.81,0.9979219887382401
8602.82,0.9973884911090846
8602.83,0.9962140538564919
8602.84,0.993912136673936
8602.85,0.989918995557286
8602.86,0.9838367224858454
8602.87,0.975810264712649
8602.88,0.9667047796391205
8602.890000000001,0.958176941119061
8602.9,0.952117706027901
8602.91,0.9500128015457748
8602.92,0.9524004592907414
8602.93,0.9586746151338796
8602.94,0.9673047206681035
8602.95,0.9763938264925234
8602.960000000001,0.9843173944227136
8602.970000000001,0.9902617243871731
8602.98,0.9941266259241994
8602.990000000002,0.9963333735251902
8603.0,0.997468085826651
8603.01,0.997935514573536
8603.02,0.998087466714876
8603.029999999999,0.9981311830953722
8603.04,0.9980553210673412
8603.05,0.997965539297592
8603.06,0.9978769701297817
8603.07,0.9978097839101593
8603.08,0.9977819005449329
8603.09,0.9978012130398508
8603.1,0.9978618945304379
8603.11,0.9979178876785165
8603.12,0.9979659279303009
8603.13,0.9979596699683618
8603.140000000001,0.9978667437491009
8603.15,0.9976653576141279
8603.16,0.9973745128703292
8603.17,0.9969780492883809
8603.18,0.996581823533382
8603.19,0.9962746026507623
8603.2,0.9960826735355001
8603.21,0.996079094868133
8603.220000000001,0.9961891064634111
8603.23,0.9963023423949247
8603.24,0.9962985170669318
8603.25,0.9961055462751701
8603.26,0.995740704181126
8603.27,0.995312298730913
8603.28,0.9949480959988565
8603.29,0.9948342656145125
8603.300000000001,0.9950202354402525
8603.31,0.9954244134612401
8603.320000000002,0.9959485561464764
8603.33,0.9964337750553928
8603.34,0.9967505703686597
8603.35,0.9968416126892509
8603.359999999999,0.9966418304665646
8603.37,0.9962404666542245
8603.38,0.9956823186665558
8603.39,0.9951290844764564
8603.4,0.9947004305788795
8603.41,0.9945103469416492
8603.42,0.9946218266364051
8603.43,0.9949816123900147
8603.44,0.9955204821855405
8603.45,0.9960925295937871
8603.46,0.996627550941651
8603.470000000001,0.9970870123914759
8603.48,0.9974111360588136
8603.49,0.9976152634355023
8603.5,0.9976620970699381
8603.51,0.9974891964159562
8603.52,0.9969944017509973
8603.53,0.9960662566166253
8603.539999999999,0.9945731371837856
8603.550000000001,0.9925761609901409
8603.56,0.9903045763255693
8603.570000000002,0.9881848308860857
8603.58,0.9867254902312513
8603.59,0.986324803025031
8603.6,0.9870996134989245
8603.61,0.9888329701625446
8603.62,0.9910711684873087
8603.630000000001,0.9933137364230141
8603.64,0.9951905043186703
8603.65,0.9965423590889555
8603.66,0.9973937911454691
8603.67,0.9978673895869727
8603.68,0.9981018307185063
8603.69,0.9982059225787151
8603.7,0.9982683503330108
8603.71,0.9982699366490332
8603.720000000001,0.9982713817752448
8603.73,0.9982727031387268
8603.74,0.9982739154359584
8603.75,0.9982750311292182
8603.76,0.9982760608311979
8603.77,0.9982770136374063
8603.78,0.998234683641927
8603.789999999999,0.998185021404463
8603.800000000001,0.9980958218365414
8603.81,0.9979548764177785
8603.82,0.9977603247901565
8603.83,0.99752929453669
8603.84,0.9972644539304598
8603.85,0.997023248583492
8603.86,0.996787006279704
8603.87,0.9964806132212147
8603.880000000001,0.9959472513102446
8603.89,0.9949808861486
8603.900000000001,0.9934160464301057
8603.91,0.9912516166843601
8603.92,0.9887200547679285
8603.93,0.986371310410673
8603.94,0.9847820567730943
8603.95,0.9844324338590993
8603.96,0.9854102682422871
8603.97,0.9874568563660968
8603.98,0.990062375532159
8603.99,0.9926510709351194
8604.0,0.9948035026004166
8604.01,0.9963449444250648
8604.02,0.9972670601696128
8604.03,0.9977299546555134
8604.039999999999,0.9978347104310321
8604.050000000001,0.9976375212493981
8604.06,0.9971556929191177
8604.07,0.9963021962568683
8604.08,0.9951452292315777
8604.09,0.9938001714192084
8604.1,0.9925049799012292
8604.11,0.9915615927876287
8604.119999999999,0.991224233493689
8604.130000000001,0.9915596681263328
8604.14,0.9924996437577439
8604.150000000001,0.9937697864702626
8604.16,0.9950715977782363
8604.17,0.9961781275007068
8604.18,0.9969883018525717
8604.19,0.9975134687188636
8604.2,0.9978252378559057
8604.210000000001,0.9980037321647667
8604.22,0.9981087950179276
8604.230000000001,0.9981889614382867
8604.24,0.9982222620130663
8604.25,0.9982466018568653
8604.26,0.9982794294957844
8604.27,0.9982781087928285
8604.28,0.9982766150212343
8604.289999999999,0.9982491523054671
8604.300000000001,0.9982252826649451
8604.31,0.9981909942003313
8604.32,0.998147743247162
8604.33,0.9980596563718293
8604.34,0.9979505379551705
8604.35,0.997772640380914
8604.36,0.9974652415439851
8604.369999999999,0.9969458959579142
8604.380000000001,0.9961400035458796
8604.39,0.9950333289756512
8604.4,0.9937245772566626
8604.41,0.9924391233311595
8604.42,0.991475172217061
8604.43,0.9911061212124778
8604.44,0.9914091615100984
8604.45,0.9923175902652046
8604.460000000001,0.993580054874911
8604.47,0.9948922793285784
8604.480000000001,0.9960045615481329
8604.49,0.9968039879005787
8604.5,0.9972871779984754
8604.51,0.99753855804315
8604.52,0.9976253846781417
8604.53,0.9976279054057466
8604.54,0.9976427161096543
8604.55,0.9976374387356376
8604.560000000001,0.9976596992246602
8604.57,0.9977207136137373
8604.58,0.9977981371324811
8604.59,0.9978660674153166
8604.6,0.9979435820170777
8604.61,0.9980102754705853
8604.619999999999,0.9980681796991936
8604.630000000001,0.9981112238683842
8604.64,0.9981145446603774
8604.65,0.9981310942125201
8604.66,0.9981450243115965
8604.67,0.9981115280375952
8604.68,0.9980588173344751
8604.69,0.9979376562305984
8604.699999999999,0.9977048307609631
8604.710000000001,0.9973197514857685
8604.72,0.9967843592928078
8604.730000000001,0.9961058541972391
8604.74,0.9954167317438867
8604.75,0.9948715620341241
8604.76,0.994615919695928
8604.77,0.9947245058248705
8604.78,0.9951667021709799
8604.79,0.995820931463287
8604.8,0.9965288100446739
8604.810000000001,0.9971566199368407
8604.82,0.9976330250922983
8604.83,0.9979468694247651
8604.84,0.9981295273070782
8604.85,0.9982241298324189
8604.86,0.9982681671125736
8604.87,0.9982695259745397
8604.880000000001,0.9982439130568342
8604.89,0.9982018158281174
8604.9,0.9981417493166566
8604.91,0.9980385271445206
8604.92,0.9979374661677552
8604.93,0.997839319567198
8604.94,0.9977165014670297
8604.949999999999,0.9976295190637205
8604.960000000001,0.9975579028962009
8604.97,0.9974968827490006
8604.98,0.997443362936978
8604.99,0.9974021682624831
8605.0,0.9973870607750556
8605.01,0.9974146460648808
8605.02,0.9975136189495285
8605.03,0.9976294479765692
8605.04,0.9977786298189505
8605.05,0.9978910024545434
8605.060000000001,0.9979295958111236
8605.07,0.9978395080314719
8605.08,0.9975454782426645
8605.09,0.9969723791666515
8605.1,0.9960915352713223
8605.11,0.9948961450222177
8605.12,0.9935668862375641
8605.13,0.9923590882047204
8605.140000000001,0.9915657216748819
8605.15,0.9914039969060165
8605.160000000002,0.9919203586169757
8605.17,0.9929294339309733
8605.18,0.9941775500819171
8605.19,0.9952822144189044
8605.199999999999,0.9959974206507995
8605.210000000001,0.9960977434854996
8605.22,0.9954291477259313
8605.23,0.9938665311880925
8605.24,0.9913242565959292
8605.25,0.9878559794782356
8605.26,0.9836117783138874
8605.27,0.9792037357623763
8605.279999999999,0.97535508670745
8605.29,0.9728857475998436
8605.3,0.9724581443158382
8605.310000000001,0.9741808526715658
8605.32,0.9776022137977031
8605.33,0.9818234893629049
8605.34,0.9859057534305375
8605.35,0.9891313378701455
8605.36,0.9912709963780835
8605.37,0.9925382184444481
8605.38,0.9932919779551028
8605.390000000001,0.9939389060793963
8605.4,0.994672145975016
8605.41,0.9955024933273221
8605.42,0.996347578114261
8605.43,0.9970524553717648
8605.44,0.9975859431038693
8605.45,0.997937582711352
8605.460000000001,0.9981417171993794
8605.470000000001,0.9982468583898965
8605.48,0.9982951725316785
8605.490000000002,0.9983257401196712
8605.5,0.9983258896872551
8605.51,0.9983260374076294
8605.52,0.998326183344375
8605.529999999999,0.9983263275368472
8605.54,0.9983264700537503
8605.55,0.9983266109077448
8605.56,0.998271428835591
8605.57,0.9981983665973206
8605.58,0.9980571450514818
8605.59,0.9978151780341468
8605.6,0.9974502106268299
8605.61,0.9969710310063755
8605.62,0.996434317130826
8605.63,0.9959427893287254
8605.640000000001,0.995616452936207
8605.65,0.995545804274509
8605.66,0.995751459300033
8605.67,0.9961745061114508
8605.68,0.9967036551633685
8605.69,0.9972223335641881
8605.7,0.9976488243977935
8605.71,0.9979515341960079
8605.720000000001,0.9981397932614265
8605.73,0.9982433210038434
8605.740000000002,0.9982939823013411
8605.75,0.9983291399108404
8605.76,0.9983292541233959
8605.77,0.998329367337535
8605.78,0.998329479567266
8605.79,0.9983295908086548
8605.800000000001,0.9983297011059062
8605.81,0.9983298104599012
8605.82,0.9983299188774682
8605.83,0.9983300264035525
8605.84,0.9983301330038522
8605.85,0.9983302387328161
8605.859999999999,0.9983303435829244
8605.87,0.9983304475789149
8605.88,0.9983305506954268
8605.890000000001,0.9983306530048399
8605.9,0.9983307544695813
8605.91,0.9983308551157138
8605.92,0.9983309549456263
8605.93,0.9983310539860403
8605.94,0.9983311522237097
8605.95,0.9983312496761831
8605.96,0.9983313463598953
8605.970000000001,0.998331442280681
8605.98,0.9983315374323284
8605.99,0.9983316318377065
8606.0,0.9983317254940663
8606.01,0.9983318184123049
8606.02,0.9983319106185916
8606.03,0.998332002086323
8606.04,0.998332092845786
8606.050000000001,0.9983321828854924
8606.06,0.998208941930955
8606.070000000002,0.9980481523539898
8606.08,0.9977274366418991
8606.09,0.9971482413475992
8606.1,0.9962100561488756
8606.11,0.9948622921914104
8606.12,0.9931710821568887
8606.13,0.9913625698958247
8606.14,0.9897972424854871
8606.15,0.9888606536059674
8606.16,0.9888119531376085
8606.17,0.9896699400869624
8606.18,0.9912028214011904
8606.19,0.9930493113129916
8606.2,0.9947782670987473
8606.21,0.9961741676882236
8606.220000000001,0.9971493927469226
8606.23,0.997747052546518
8606.24,0.9980504928114644
8606.25,0.9982026775715153
8606.26,0.9982680146173641
8606.27,0.9983076406644357
8606.28,0.9983107795770715
8606.289999999999,0.9983341432816202
8606.300000000001,0.9983342170277916
8606.31,0.998334290162975
8606.320000000002,0.9983343626932991
8606.33,0.9983344346165453
8606.34,0.9983345059404247
8606.35,0.9983345766634125
8606.36,0.9983346467856681
8606.37,0.998334716317491
8606.380000000001,0.9983347852518807
8606.39,0.9983348536017244
8606.400000000001,0.9983349213534565
8606.41,0.998334988525934
8606.42,0.9983350551103939
8606.43,0.9983351210992105
8606.439999999999,0.9983351865042775
8606.45,0.9982369607899071
8606.46,0.9980625711269963
8606.470000000001,0.9976499687266958
8606.48,0.9967778066602702
8606.49,0.995138132957734
8606.5,0.9924131518878138
8606.51,0.9884431990644234
8606.52,0.9834350856017305
8606.53,0.9781021268693295
8606.539999999999,0.973469235216452
8606.550000000001,0.9706725670260898
8606.56,0.970447123830935
8606.57,0.972853203692
8606.58,0.9771813474626593
8606.59,0.9823738163768037
8606.6,0.9871919031403847
8606.61,0.9907792446684324
8606.62,0.9926606933186789
8606.630000000001,0.9928072179301084
8606.64,0.9915094919055597
8606.650000000001,0.9892947674063736
8606.66,0.9868570593942722
8606.67,0.9849367146289434
8606.68,0.9841423137572088
8606.69,0.9846675044612856
8606.7,0.9864294517928462
8606.710000000001,0.9889186007096449
8606.72,0.9915301312065875
8606.730000000001,0.9937754902054341
8606.74,0.9954168752324276
8606.75,0.996462729391412
8606.76,0.9970673553990815
8606.77,0.997414534813473
8606.78,0.9976425788842148
8606.789999999999,0.9978236408520804
8606.800000000001,0.9979896516803756
8606.81,0.9981105279906531
8606.82,0.9982038481738321
8606.83,0.9982664874417668
8606.84,0.9983034884894366
8606.85,0.9983377293277931
8606.86,0.9983377679106021
8606.869999999999,0.9983378059601461
8606.880000000001,0.9983378435061799
8606.89,0.9983378805108092
8606.900000000001,0.9983379170101623
8606.91,0.99833795296473
8606.92,0.998337988399812
8606.93,0.998338023321221
8606.94,0.9983051780661425
8606.95,0.9982633125650812
8606.960000000001,0.9981843284635656
8606.97,0.9980522487628969
8606.980000000001,0.9978579542849096
8606.99,0.9976096137984192
8607.0,0.9973399642515041
8607.01,0.9971032128417175
8607.02,0.9968964379676574
8607.03,0.9968010550497317
8607.039999999999,0.9967623451333287
8607.050000000001,0.9967050790166839
8607.06,0.9965418140396206
8607.07,0.9962217696384534
8607.08,0.99577107977588
8607.09,0.9952987662087075
8607.1,0.9949586702150259
8607.11,0.9948830818819102
8607.119999999999,0.9951381266363856
8607.130000000001,0.9956327879899755
8607.14,0.9962733500500818
8607.15,0.9969155549439104
8607.16,0.9974533563887489
8607.17,0.9978413352695503
8607.18,0.9980863053448099
8607.19,0.9982229628606545
8607.2,0.9982907392430757
8607.210000000001,0.9983387823216796
8607.22,0.9983388014739676
8607.230000000001,0.9983388200682493
8607.24,0.9983388380932213
8607.25,0.9983388555612744
8607.26,0.9983388724643253
8607.27,0.9983388887956394
8607.28,0.998338904570111
8607.29,0.9983389197711269
8607.3,0.9983389344065714
8607.310000000001,0.9983389484655463
8607.32,0.9983389619495981
8607.33,0.998306073752473
8607.34,0.9982754455413395
8607.35,0.9982272577807135
8607.36,0.998160920926076
8607.369999999999,0.9980823164969863
8607.380000000001,0.9980047033345177
8607.39,0.9979458140234518
8607.4,0.997921464505112
8607.41,0.9979387001226585
8607.42,0.9979922382458489
8607.43,0.9980678834309982
8607.44,0.9981474516051597
8607.449999999999,0.9982165705739274
8607.460000000001,0.9982680385969378
8607.47,0.9983014954770453
8607.48,0.9983376808061939
8607.49,0.9983376660494664
8607.5,0.9983376502861477
8607.51,0.9983376334941144
8607.52,0.9983376156378739
8607.53,0.9983375967388246
8607.54,0.9983368871731358
8607.55,0.9983368544187186
8607.560000000001,0.9983368202436348
8607.57,0.9983367846192056
8607.58,0.9983367475203324
8607.59,0.9983367088903717
8607.6,0.9983366687087867
8607.61,0.9983366269301235
8607.62,0.9983167879463931
8607.630000000001,0.9982446319334691
8607.640000000001,0.998114479090068
8607.65,0.9978514297229046
8607.66,0.9973787392782392
8607.67,0.9966282395836447
8607.68,0.9955851937356188
8607.69,0.9943357329342745
8607.699999999999,0.9930835806123669
8607.710000000001,0.9921074725648729
8607.72,0.9916634677361106
8607.73,0.991877372412764
8607.74,0.9926878744672389
8607.75,0.9938525555083105
8607.76,0.9951079637940397
8607.77,0.9962006127908242
8607.78,0.9969984690521378
8607.79,0.9974870865997928
8607.8,0.9977313586501352
8607.810000000001,0.9978258865429531
8607.82,0.9978570954948378
8607.83,0.9979011666579714
8607.84,0.9979387081923654
8607.85,0.998008345184372
8607.86,0.9980919796752106
8607.87,0.9981717452516893
8607.88,0.9982358818380349
8607.890000000001,0.9982804978987284
8607.9,0.9983077107373103
8607.91,0.9983343060849064
8607.92,0.9983341741236188
8607.93,0.9983340364521488
8607.94,0.9983338927053139
8607.95,0.9983337424526159
8607.960000000001,0.9983335852672762
8607.97,0.9983334206216091
8607.98,0.9983332479837845
8607.99,0.9983330667454059
8608.0,0.9983328761800474
8608.01,0.9983326755170379
8608.02,0.9983324639100748
8608.029999999999,0.9983322403684861
8608.04,0.9983320037730762
8608.05,0.998331752870444
8608.06,0.9982460810963348
8608.07,0.9980832932130651
8608.08,0.9976810048683985
8608.09,0.9967844017853962
8608.1,0.9950114786457036
8608.11,0.9919072293204066
8608.12,0.9871311439382315
8608.13,0.9807644527810083
8608.140000000001,0.9734511185526283
8608.15,0.9665178964574123
8608.16,0.9615217910065231
8608.17,0.9597191924952939
8608.18,0.9615848287054457
8608.19,0.9666271841479035
8608.2,0.973579579131406
8608.210000000001,0.9808848620213552
8608.220000000001,0.9872249956332603
8608.23,0.9919682042215296
8608.240000000002,0.9950428782804897
8608.25,0.9967939059424662
8608.26,0.9976762583200492
8608.27,0.9980714272109095
8608.279999999999,0.9982283446783468
8608.29,0.9983084383362321
8608.3,0.9983043220236377
8608.31,0.9982999557365732
8608.32,0.9982949953203025
8608.33,0.9982909473565454
8608.34,0.9982865694252249
8608.35,0.9982817972805621
8608.36,0.9982781979200692
8608.37,0.9982764772005017
8608.38,0.9982756605164186
8608.390000000001,0.9982761740705444
8608.4,0.9982782210137556
8608.41,0.9982817561478401
8608.42,0.9982850888734934
8608.43,0.9982878893676201
8608.44,0.9982913523269317
8608.45,0.9982945797959397
8608.46,0.9982973723252138
8608.470000000001,0.9982995919325018
8608.48,0.9983008956307271
8608.49,0.9983014614716234
8608.5,0.9983016722267346
8608.51,0.9983014302992335
8608.52,0.9983006836912719
8608.53,0.9982994249186469
8608.54,0.998297640953424
8608.550000000001,0.9982952781524671
8608.56,0.9982922586525905
8608.570000000002,0.9982884579045012
8608.58,0.9982836966480638
8608.59,0.9982777189350526
8608.6,0.9982701562366705
8608.609999999999,0.9982332846154232
8608.62,0.9981762394994173
8608.63,0.9981017419093247
8608.64,0.9979772301464422
8608.65,0.997776415560296
8608.66,0.997469080862603
8608.67,0.9970438188380184
8608.68,0.9965274614512676
8608.69,0.9960055634103933
8608.7,0.9955427842443231
8608.71,0.9952516536290112
8608.720000000001,0.9951938125098064
8608.73,0.9953970776817641
8608.74,0.995782153850969
8608.75,0.9962620872537871
8608.76,0.9967567210735804
8608.77,0.9971979119840001
8608.78,0.9975334020117728
8608.789999999999,0.9977844690539912
8608.800000000001,0.9979548692336894
8608.81,0.9980826746035671
8608.820000000002,0.9981446635304233
8608.83,0.9981852150751966
8608.84,0.9982130110040264
8608.85,0.9982337569829354
8608.86,0.9982486569758248
8608.87,0.9982593436811117
8608.880000000001,0.9982675449222579
8608.89,0.9982739340104387
8608.9,0.9982789665093672
8608.91,0.9982829600949004
8608.92,0.9982861417342533
8608.93,0.9982886767653202
8608.94,0.9982906844310948
8608.95,0.998292253782609
8608.96,0.9982934553453202
8608.970000000001,0.9982943417512962
8608.98,0.998294953329758
8608.99,0.9982953209674454
8609.0,0.9982954681219673
8609.01,0.9982954123209847
8609.02,0.9982951662022964
8609.03,0.9982947382764836
8609.039999999999,0.9982941335001149
8609.050000000001,0.9982933536116737
8609.06,0.9982923974054552
8609.07,0.9982912607865793
8609.08,0.9982899368087274
8609.09,0.9982884155853167
8609.1,0.9982866840305294
8609.11,0.9982847256510329
8609.12,0.9982825200006678
8609.130000000001,0.9982800421948685
8609.14,0.9982772621066904
8609.150000000001,0.9982741434330652
8609.16,0.9982448242829561
8609.17,0.9981340707791956
8609.18,0.9979357435934751
8609.19,0.9974620974090436
8609.2,0.9964244830166931
8609.21,0.9943833717310635
8609.22,0.9908207728278329
8609.23,0.9853750133023572
8609.24,0.9781092330270635
8609.25,0.9698082221734683
8609.26,0.9619353932148048
8609.27,0.9562439969424026
8609.28,0.9540395371841686
8609.289999999999,0.955696108853653
8609.300000000001,0.9604246325490573
8609.31,0.9665001542012597
8609.32,0.9719017432273765
8609.33,0.9751278275107799
8609.34,0.9757936569570113
8609.35,0.974671972001157
8609.36,0.9731778063929305
8609.369999999999,0.97265384499906
8609.380000000001,0.9738390128864117
8609.39,0.9766874809006254
8609.400000000001,0.9805347958428386
8609.41,0.9844465091442195
8609.42,0.9877245247075758
8609.43,0.9900689499202163
8609.44,0.991636594356859
8609.45,0.9925446697572571
8609.460000000001,0.9929207952633152
8609.47,0.9927527219456206
8609.480000000001,0.9916024551917633
8609.49,0.9889648743899624
8609.5,0.9845681455972727
8609.51,0.9785476651505615
8609.519999999999,0.9716707958974897
8609.53,0.9653378982936833
8609.539999999999,0.9610753647024622
8609.550000000001,0.9600625810145798
8609.56,0.9625925022280336
8609.57,0.968014387638143
8609.58,0.974994951585525
8609.59,0.9820075169533772
8609.6,0.9879083177504887
8609.61,0.9921729685812015
8609.619999999999,0.994817827912115
8609.630000000001,0.9961794578928577
8609.64,0.9966476084850406
8609.65,0.9965382971792783
8609.66,0.9960887733669836
8609.67,0.9955225709999447
8609.68,0.9949819249279894
8609.69,0.9946997725600475
8609.7,0.9946999077171896
8609.710000000001,0.9950251421427223
8609.72,0.9955383801532576
8609.730000000001,0.9960582237195956
8609.74,0.9964170140743036
8609.75,0.9965204582324133
8609.76,0.996375474386707
8609.77,0.9960398544104859
8609.78,0.9956975185524977
8609.79,0.9954619759374089
8609.8,0.9954184424367001
8609.810000000001,0.9955333831309322
8609.82,0.9957730800456496
8609.83,0.9960231562640993
8609.84,0.9962832359247126
8609.85,0.9965218516741661
8609.86,0.9967519273811348
8609.869999999999,0.9969873962414085
8609.880000000001,0.9972289913158651
8609.89,0.997486251593052
8609.9,0.9976872830829729
8609.91,0.9978643139891425
8609.92,0.9980072975114894
8609.93,0.9981147199638543
8609.94,0.9981812728769383
8609.949999999999,0.9981855520017723
8609.960000000001,0.9981535376853979
8609.97,0.9980942269798424
8609.980000000001,0.9979792791427062
8609.99,0.9978478073776031
8610.0,0.9976437111930244
8610.01,0.9974280486894687
8610.02,0.9971179533107218
8610.03,0.9966014649085633
8610.04,0.9957246768787087
8610.05,0.9943539926559071
8610.060000000001,0.9924755737124791
8610.07,0.9902832150641547
8610.08,0.9881857805019364
8610.09,0.9866955102109928
8610.1,0.986254896052446
8610.11,0.9869525079322994
8610.12,0.9886408423819607
8610.130000000001,0.9908749972579212
8610.14,0.9931485395648504
8610.15,0.995075206699313
8610.16,0.9964784841566542
8610.17,0.9973712395664768
8610.18,0.9978722047436667
8610.19,0.9981217725165183
8610.199999999999,0.9982326411310678
8610.210000000001,0.9982995125697324
8610.22,0.9982993649510868
8610.23,0.9982992073484663
8610.24,0.9982990401137756
8610.25,0.9982988635495036
8610.26,0.9982986779464351
8610.27,0.9982984835888066
8610.28,0.9982982806988598
8610.29,0.9982980695527423
8610.3,0.9982978503445834
8610.310000000001,0.9982976232888927
8610.32,0.9982973885785398
8610.33,0.9982971463889924
8610.34,0.9982968968985143
8610.35,0.9982387602758928
8610.36,0.9981743411212541
8610.37,0.998063590401252
8610.38,0.9978956584987624
8610.390000000001,0.9976736501229543
8610.4,0.9974227610330547
8610.410000000002,0.9971900765579723
8610.42,0.9970318224811571
8610.43,0.9969916534718732
8610.44,0.9970811936639395
8610.449999999999,0.9971816345439333
8610.460000000001,0.9972635398302886
8610.47,0.9971211533137124
8610.48,0.996512008507637
8610.49,0.9951410062318865
8610.5,0.9927294616697808
8610.51,0.989159757263386
8610.52,0.9846697161488346
8610.529999999999,0.9798937169996698
8610.54,0.9758034286596179
8610.55,0.9734201279789596
8610.560000000001,0.9733785590152442
8610.57,0.9756899908604452
8610.58,0.9797375193633044
8610.59,0.9845060011751213
8610.6,0.9890577911522216
8610.61,0.9927126089275183
8610.62,0.9952504213711623
8610.63,0.9967941419479727
8610.640000000001,0.9976237800362819
8610.65,0.9980200750621867
8610.66,0.99818900249495
8610.67,0.9982851887043082
8610.68,0.998284737808072
8610.69,0.9982842814187283
8610.7,0.9982838194956359
8610.710000000001,0.9982833520529473
8610.720000000001,0.9982828790467081
8610.73,0.9982824004728137
8610.740000000002,0.9982819162923806
8610.75,0.9982814265229693
8610.76,0.9982809311084033
8610.77,0.9982804300249334
8610.779999999999,0.9982799232393696
8610.79,0.9982794107559159
8610.8,0.9982788925073536
8610.81,0.9982404990834232
8610.82,0.9982051270778797
8610.83,0.9981511372174883
8610.84,0.9980789936901461
8610.85,0.99797377572383
8610.86,0.9978685217397988
8610.87,0.9977644876904117
8610.88,0.997669556081956
8610.890000000001,0.9975869257533067
8610.9,0.9975177915015351
8610.91,0.997466820748198
8610.92,0.9974450469898136
8610.93,0.9974661206384987
8610.94,0.9975375422320418
8610.95,0.9976533995962773
8610.96,0.9978096240147643
8610.970000000001,0.9979420145174414
8610.98,0.9980585936520497
8610.990000000002,0.9981462576279233
8611.0,0.9982035993214843
8611.01,0.9981180308385335
8611.02,0.9979579188504915
8611.03,0.9975283733520509
8611.04,0.996646061544101
8611.050000000001,0.9950087911518777
8611.06,0.9922855585576933
8611.07,0.9882155697368445
8611.08,0.9829067592405057
8611.09,0.9769865038046577
8611.1,0.9713987906600609
8611.109999999999,0.9673426634505253
8611.12,0.9657445630261897
8611.13,0.9669322898466995
8611.140000000001,0.9705226954339504
8611.15,0.9755962816567225
8611.16,0.9810658454444242
8611.17,0.9859742663655504
8611.18,0.9899239135491552
8611.19,0.9927399035712166
8611.2,0.9945345286967138
8611.21,0.9955063743352409
8611.220000000001,0.9958588977062989
8611.23,0.9958532031954872
8611.24,0.9955554498513063
8611.25,0.9952104333259814
8611.26,0.994911479343861
8611.27,0.9945767613650766
8611.28,0.9938353432361555
8611.29,0.9923961079991923
8611.300000000001,0.9898912210183559
8611.31,0.9862587378923175
8611.320000000002,0.9818890727569665
8611.33,0.9776401201962747
8611.34,0.9745062305115474
8611.35,0.9733718507120461
8611.36,0.9745933454318302
8611.37,0.9778247336536342
8611.38,0.982253178136938
8611.39,0.9869234144726986
8611.4,0.9909950865242224
8611.41,0.994044421682338
8611.42,0.9960395750648036
8611.43,0.9971920306807899
8611.44,0.9977839388207885
8611.45,0.998055542315483
8611.46,0.9981858330203817
8611.470000000001,0.998227941958103
8611.48,0.9982268686610112
8611.49,0.9982257832460045
8611.5,0.9982246855427458
8611.51,0.9982235753725024
8611.52,0.9982224525570218
8611.53,0.9982213169121428
8611.539999999999,0.9981654498774981
8611.550000000001,0.9981150162802861
8611.56,0.9980392261716649
8611.570000000002,0.997940454227458
8611.58,0.9978279739892371
8611.59,0.9977235815611206
8611.6,0.9976521516771533
8611.61,0.9976105611935027
8611.62,0.9976455992816057
8611.630000000001,0.997705157984847
8611.64,0.9978108272853029
8611.650000000001,0.997920299138621
8611.66,0.9980315947324956
8611.67,0.9980987906074158
8611.68,0.9980831052241336
8611.689999999999,0.9980059360117424
8611.7,0.9977007974350582
8611.71,0.997137005306976
8611.720000000001,0.9961300850321346
8611.73,0.9944992299851471
8611.74,0.9921046973506509
8611.75,0.988924173558226
8611.76,0.9851259119752966
8611.77,0.9811293675743249
8611.78,0.9774838074933745
8611.789999999999,0.9748549308309068
8611.800000000001,0.9738119944043345
8611.81,0.9746038989168756
8611.82,0.9769870385417553
8611.83,0.9802783543680738
8611.84,0.9835166522715769
8611.85,0.9858297194841156
8611.86,0.9867042120196965
8611.87,0.9860986494658148
8611.880000000001,0.9844554982791202
8611.89,0.9823519834187382
8611.900000000001,0.9804802128684466
8611.91,0.9791851938402929
8611.92,0.9786538434418183
8611.93,0.978777193954239
8611.94,0.9795593766564661
8611.95,0.9809820595456606
8611.960000000001,0.9830172243296544
8611.97,0.9856107787104035
8611.980000000001,0.9884639016405814
8611.99,0.9912055399128094
8612.0,0.9934799759516796
8612.01,0.995080781388276
8612.02,0.9959576129108856
8612.03,0.9961275921134513
8612.039999999999,0.9957559560250032
8612.050000000001,0.9949695845386931
8612.06,0.9938996825853118
8612.07,0.992715511836371
8612.08,0.9915825563112743
8612.09,0.9907674830732525
8612.1,0.9904800047732312
8612.11,0.9908278032994648
8612.119999999999,0.9917576313103208
8612.130000000001,0.9930650085307952
8612.14,0.9944726008890197
8612.15,0.995733585095513
8612.16,0.9967188898388635
8612.17,0.9973614394194524
8612.18,0.9977435603583639
8612.19,0.9979441010420802
8612.2,0.998036940468041
8612.210000000001,0.998096764401451
8612.22,0.9980938971715213
8612.230000000001,0.9980909842767123
8612.24,0.9980880246840685
8612.25,0.9980850173165202
8612.26,0.9980819610499909
8612.27,0.9980788547165734
8612.28,0.9980756971449133
8612.29,0.99807248708047
8612.300000000001,0.9980692232345048
8612.31,0.9980305350166958
8612.32,0.9979651524553338
8612.33,0.9978164249810498
8612.34,0.9975086088343859
8612.35,0.9969376202805347
8612.36,0.9959974435929995
8612.369999999999,0.9946366016339833
8612.380000000001,0.992928529232749
8612.39,0.9911133226363136
8612.4,0.9895643215525062
8612.41,0.9886693571697774
8612.42,0.9886752679148798
8612.43,0.9895792158655221
8612.44,0.991129967658557
8612.45,0.9929383813778987
8612.460000000001,0.9946329445060051
8612.47,0.9959770349655652
8612.480000000001,0.9969004612503218
8612.49,0.9974067683095375
8612.5,0.9976586100531218
8612.51,0.9977347736526359
8612.52,0.9976504451127649
8612.53,0.9974915121084185
8612.54,0.9971758681901852
8612.55,0.9966433448883456
8612.560000000001,0.9957593121032812
8612.57,0.9943892891714198
8612.58,0.9924834607946159
8612.59,0.990174277814586
8612.6,0.9878203336699245
8612.61,0.985936921399357
8612.619999999999,0.9850176367475444
8612.630000000001,0.9853298787160848
8612.64,0.9868067692146012
8612.65,0.9890318659916237
8612.66,0.9914930213609428
8612.67,0.9936947062033974
8612.68,0.995401824726649
8612.69,0.996543893394751
8612.699999999999,0.9972156966206285
8612.710000000001,0.997586465424786
8612.72,0.9977427952697857
8612.73,0.9978403982344655
8612.74,0.9978308891370254
8612.75,0.9978208723760505
8612.76,0.9978102707583508
8612.77,0.9977989872580451
8612.78,0.9977868924463011
8612.79,0.9977738340459029
8612.8,0.9977596054557639
8612.810000000001,0.9977439195959008
8612.82,0.9977263842785448
8612.83,0.9977064507204911
8612.84,0.9976833286018866
8612.85,0.9975850369986976
8612.86,0.9974019210054954
8612.87,0.9969630538863536
8612.880000000001,0.9959666788372787
8612.890000000001,0.9938906202533688
8612.9,0.9899675642596963
8612.910000000002,0.9834836934267369
8612.92,0.9740760415032437
8612.93,0.9621790347468211
8612.94,0.949401033213224
8612.949999999999,0.9380424071880018
8612.960000000001,0.9304848940882223
8612.97,0.9283452666341084
8612.98,0.931951978652178
8612.99,0.9403508621688762
8613.0,0.9516611261689614
8613.01,0.9636327951484212
8613.02,0.9743878487577553
8613.03,0.9828973359451005
8613.04,0.9888878701568091
8613.05,0.992749448112953
8613.060000000001,0.995022297739086
8613.07,0.9962552426635086
8613.08,0.9968748287372524
8613.09,0.9971920062707692
8613.1,0.997293274917109
8613.11,0.9972705277240268
8613.12,0.9971221317338546
8613.13,0.99677329899313
8613.140000000001,0.9960471190974728
8613.15,0.9946960231513611
8613.16,0.9924695854786059
8613.17,0.9892495442421695
8613.18,0.9852158509381467
8613.19,0.9809609066620127
8613.2,0.9773086164630821
8613.210000000001,0.9751751085415022
8613.22,0.9751286848600227
8613.23,0.9771764198841599
8613.24,0.9807611662372715
8613.25,0.9848445891404776
8613.26,0.9886714650292572
8613.27,0.9915092856036902
8613.279999999999,0.9930611840873975
8613.29,0.9933087558553109
8613.3,0.9925135113920326
8613.31,0.991008165367737
8613.32,0.9891612808111895
8613.33,0.9875005418706096
8613.34,0.9862301182902923
8613.35,0.9854038616600936
8613.36,0.9845884506825417
8613.37,0.9830237531507424
8613.38,0.9798311828955633
8613.390000000001,0.9746291840446735
8613.4,0.9678689001497699
8613.41,0.9608314056396315
8613.42,0.9553495444915717
8613.43,0.953021173098638
8613.44,0.9545777202243411
8613.45,0.9597444136823752
8613.46,0.9672688516862528
8613.470000000001,0.9754233407691912
8613.48,0.9827193673195044
8613.490000000002,0.9882547882623403
8613.5,0.9919203406143132
8613.51,0.9940280070127181
8613.52,0.9950819190298708
8613.529999999999,0.9955272390178643
8613.54,0.9956773190194217
8613.55,0.995670672090329
8613.56,0.9956191747998474
8613.57,0.9955281742944816
8613.58,0.9954325429644032
8613.59,0.9953319638874792
8613.6,0.9952260924418415
8613.61,0.9950227248239011
8613.62,0.994732697185635
8613.63,0.9942356192535812
8613.640000000001,0.9934141447999548
8613.65,0.9921022443392201
8613.66,0.9901484480041545
8613.67,0.9876252046837795
8613.68,0.984767481575221
8613.69,0.9819505351017154
8613.7,0.9796491979153907
8613.71,0.9782828333411031
8613.720000000001,0.9779589579260796
8613.73,0.9785367615085147
8613.74,0.9797156939985077
8613.75,0.9811859033126089
8613.76,0.9827292632794132
8613.77,0.9842294545403216
8613.78,0.9856218425546958
8613.79,0.9868458224867441
8613.800000000001,0.9878226221683372
8613.81,0.9885090029189596
8613.820000000002,0.9889118283470114
8613.83,0.9889738174884575
8613.84,0.9888192862769914
8613.85,0.9884090117651494
8613.859999999999,0.9878050061470142
8613.87,0.9869918847293837
8613.88,0.985805128141224
8613.89,0.9841102404248815
8613.9,0.981615346044097
8613.91,0.9779351310439166
8613.92,0.9727605643372652
8613.93,0.96606899880706
8613.94,0.9583392362773837
8613.95,0.9506009922351013
8613.96,0.9441375469817339
8613.970000000001,0.9400928466606617
8613.98,0.9389529620156865
8613.99,0.940351721857704
8614.0,0.9431245197233887
8614.01,0.9457475655402249
8614.02,0.9468537597965385
8614.03,0.9454939803447332
8614.039999999999,0.9413189733501847
8614.050000000001,0.9334396654276866
8614.06,0.9212280917451173
8614.070000000002,0.9034559322110286
8614.08,0.8770041243055473
8614.09,0.8378078157128287
8614.1,0.7837376537093204
8614.11,0.7172593599847622
8614.12,0.6465068837546872
8614.130000000001,0.5820907810128916
8614.14,0.5303922368445461
8614.15,0.4941215201626999
8614.16,0.473549728629406
8614.17,0.4678218549755578
8614.18,0.4767131841606992
8614.189999999999,0.5005561785694952
8614.2,0.539957555494055
8614.21,0.5938678404462424
8614.220000000001,0.6583922482752457
8614.23,0.7248336804964097
8614.24,0.7829706695030181
8614.25,0.8270646892998168
8614.26,0.8580696414893768
8614.27,0.8805434188351494
8614.28,0.8987076473089318
8614.289999999999,0.9151810981242524
8614.300000000001,0.9293068896678385
8614.31,0.9412872802140716
8614.32,0.9509551571779973
8614.33,0.9583144615594925
8614.34,0.9637729547513737
8614.35,0.9678820804008553
8614.36,0.9711285749290616
8614.37,0.9738417053320576
8614.380000000001,0.9761638409382487
8614.39,0.9781990770956092
8614.400000000001,0.979958371542061
8614.41,0.9814909126829112
8614.42,0.9828230526554249
8614.43,0.9839862508026681
8614.44,0.9850279171180509
8614.45,0.9859285234967321
8614.46,0.9867414976266509
8614.47,0.9874777954134405
8614.48,0.9881467161744902
8614.49,0.9886741863474345
8614.5,0.9890822056253541
8614.51,0.9893254168764322
8614.52,0.9892881385263315
8614.53,0.9888703952833067
8614.539999999999,0.988015439328181
8614.550000000001,0.9868010850302115
8614.56,0.9853208690807614
8614.57,0.983978942845883
8614.58,0.9830658325480961
8614.59,0.9827473300470403
8614.6,0.9829386736592416
8614.61,0.983337816159119
8614.619999999999,0.9835953260345135
8614.630000000001,0.9835308678872593
8614.64,0.9832565377779264
8614.650000000001,0.9831201787497983
8614.66,0.9835045349925245
8614.67,0.9846127985884348
8614.68,0.9863171777979987
8614.69,0.988402816938612
8614.7,0.9904676522865685
8614.710000000001,0.9921886713818062
8614.72,0.9934673145990719
8614.730000000001,0.9943207464765259
8614.74,0.9948491880423753
8614.75,0.9951131682819471
8614.76,0.9952463808928238
8614.769999999999,0.9952092203477169
8614.78,0.9949384906431264
8614.789999999999,0.99440460995566
8614.800000000001,0.9935489311419425
8614.81,0.9923916297091033
8614.82,0.9910754375152445
8614.83,0.9898329009450328
8614.84,0.9890116638565694
8614.85,0.988834086765865
8614.86,0.9893664378338527
8614.869999999999,0.9904738741982002
8614.880000000001,0.9918820876824421
8614.89,0.9932923477184086
8614.9,0.9944853229828113
8614.91,0.9953662039370379
8614.92,0.9959472848506861
8614.93,0.9962983714985985
8614.94,0.9964998283773593
8614.95,0.9966299500990015
8614.960000000001,0.9966641484013892
8614.97,0.9966220131297606
8614.980000000001,0.9964589521787239
8614.99,0.9960170286115986
8615.0,0.9951394060452896
8615.01,0.9935809911774245
8615.02,0.9911677482990963
8615.03,0.9879046299153924
8615.04,0.9841713952070367
8615.05,0.9806518683413323
8615.060000000001,0.9781211131283012
8615.07,0.977222459944311
8615.08,0.9782470106579415
8615.09,0.9808762073202363
8615.1,0.9843882768338641
8615.11,0.9880181920884283
8615.119999999999,0.9911327983451459
8615.130000000001,0.993407090205842
8615.14,0.994895809732749
8615.15,0.9957993095703519
8615.16,0.9963417128211155
8615.17,0.9967016411014439
8615.18,0.9969331521429122
8615.19,0.9971151987550616
8615.199999999999,0.997230200318245
8615.210000000001,0.9973121851031157
8615.22,0.997367057557776
8615.230000000001,0.9974182221424125
8615.24,0.9974346241533597
8615.25,0.9974505603640175
8615.26,0.99746604731473
8615.27,0.9974811008153087
8615.28,0.9974957359248823
8615.29,0.9975099670384651
8615.3,0.9975238078795693
8615.310000000001,0.9974284441962444
8615.32,0.9972467416905274
8615.33,0.9967957186358789
8615.34,0.9957826325078766
8615.35,0.9938753022081034
8615.36,0.9906617913225298
8615.37,0.9859174129562087
8615.380000000001,0.9798676529263438
8615.39,0.9732543517216568
8615.4,0.967370182399829
8615.41,0.9635802663323673
8615.42,0.9628482803438135
8615.43,0.9653664938427149
8615.44,0.9704821699936833
8615.449999999999,0.9769515618539928
8615.460000000001,0.9833843316958203
8615.47,0.9887962055039562
8615.48,0.992708923899251
8615.49,0.9951840006370085
8615.5,0.9965679485478423
8615.51,0.9972580498812076
8615.52,0.9975680821456853
8615.53,0.9977075928967256
8615.54,0.9977657930591455
8615.55,0.9977729488332576
8615.560000000001,0.99777991835695
8615.57,0.9977867053596543
8615.58,0.9977933133543466
8615.59,0.9977997455841465
8615.6,0.9978060050722423
8615.61,0.9978120946043096
8615.62,0.9978180167398532
8615.63,0.9978237737850868
8615.640000000001,0.9978293677863911
8615.65,0.997834800558072
8615.660000000002,0.9978400736550495
8615.67,0.9978451883516648
8615.68,0.997850145646999
8615.69,0.9978549462742778
8615.699999999999,0.9978595906337288
8615.710000000001,0.9978640788181845
8615.72,0.9978052045515821
8615.73,0.9977273182949349
8615.74,0.9975746623869848
8615.75,0.9972306744693092
8615.76,0.9966843343515385
8615.77,0.9957960001907172
8615.779999999999,0.994402198059191
8615.79,0.9922746421347254
8615.8,0.9891467786977761
8615.810000000001,0.9848298848048724
8615.82,0.979441156664221
8615.83,0.9734806093957931
8615.84,0.9680541320970281
8615.85,0.9644023745136577
8615.86,0.9635242735244953
8615.87,0.965747329897313
8615.88,0.9705718400913126
8615.890000000001,0.9768568042240852
8615.9,0.9832104878958381
8615.91,0.9886549628100317
8615.92,0.9926031838165975
8615.93,0.9951093467384896
8615.94,0.9964730653537505
8615.95,0.9971210096101791
8615.960000000001,0.997359576679875
8615.970000000001,0.997443949633567
8615.98,0.997494046556484
8615.990000000002,0.9975036181067504
8616.0,0.9975311598522322
8616.01,0.9975694659490163
8616.02,0.9976133547590075
8616.029999999999,0.9976595088714694
8616.04,0.9976520861545607
8616.05,0.9976340384842329
8616.06,0.9975153200515289
8616.07,0.9972813191655459
8616.08,0.9968991951425541
8616.09,0.9963832871775549
8616.1,0.9957520064692829
8616.11,0.9951403909665033
8616.12,0.994685138761005
8616.13,0.9945009563984354
8616.140000000001,0.9946299625004786
8616.15,0.9950213414068104
8616.16,0.9955537087278266
8616.17,0.9960861035520213
8616.18,0.9965075014743248
8616.19,0.9967563946967527
8616.2,0.9967702467094783
8616.21,0.996575082151549
8616.220000000001,0.9960982334711669
8616.23,0.9951654172469129
8616.240000000002,0.9935150709973216
8616.25,0.9909547592186031
8616.26,0.9873137445865405
8616.27,0.9828775229121356
8616.28,0.9779155206365927
8616.29,0.9734186086791063
8616.300000000001,0.9705473958163852
8616.31,0.9698461256557306
8616.32,0.9715087730290553
8616.33,0.9752692124602403
8616.34,0.9800901379959083
8616.35,0.9848631574288862
8616.359999999999,0.9889826858182941
8616.37,0.991953356340443
8616.38,0.9937696184773189
8616.390000000001,0.9946097581126758
8616.4,0.9947657913250288
8616.41,0.9945788009494645
8616.42,0.9943349017566125
8616.43,0.9942439900898866
8616.44,0.9943950597853826
8616.45,0.9948235341797915
8616.46,0.9954387866165644
8616.470000000001,0.9961085990555599
8616.48,0.9967140217370948
8616.49,0.9971858191214481
8616.5,0.9975100787045093
8616.51,0.9977106453961948
8616.52,0.9978253173394314
8616.53,0.9978886198151574
8616.54,0.9979345182321249
8616.550000000001,0.9979045926593193
8616.56,0.9978504991868471
8616.570000000002,0.9977204257405917
8616.58,0.997466484446589
8616.59,0.9970404694119982
8616.6,0.9964201949964931
8616.61,0.9956419749921224
8616.62,0.9947582163122102
8616.63,0.9939678082317641
8616.64,0.9933684043245544
8616.65,0.9929782185850783
8616.66,0.9926780944039952
8616.67,0.9922584617689834
8616.68,0.9915438534826332
8616.69,0.9905293617628067
8616.7,0.9894376562910356
8616.71,0.9886443100643516
8616.720000000001,0.9885038756949167
8616.73,0.9891465396350186
8616.74,0.9904934638144317
8616.75,0.9922236181876484
8616.76,0.9939203318552913
8616.77,0.995327875349127
8616.78,0.9963242477171074
8616.789999999999,0.9969409517147986
8616.800000000001,0.9972907202741021
8616.81,0.9974938912110161
8616.820000000002,0.9976352391739894
8616.83,0.99771166089621
8616.84,0.9977189625931681
8616.85,0.9976256098704729
8616.86,0.9973369574023692
8616.87,0.9968276237183159
8616.880000000001,0.9960671703519071
8616.89,0.9951236043992067
8616.900000000001,0.994119910341299
8616.91,0.9932920287039908
8616.92,0.9928500501348367
8616.93,0.9929161154206794
8616.939999999999,0.9934703921697363
8616.95,0.9943607456576354
8616.96,0.9953698208805865
8616.970000000001,0.9962998893292646
8616.98,0.9970310720869829
8616.99,0.9975324287969072
8617.0,0.9978361182910984
8617.01,0.9980000363724044
8617.02,0.9980978961675088
8617.03,0.9981343318438872
8617.039999999999,0.998135033696134
8617.050000000001,0.9981356887674351
8617.06,0.9981362973321266
8617.07,0.9981368595064505
8617.08,0.9981373752899374
8617.09,0.998137844500723
8617.1,0.9981382668071517
8617.11,0.9981386417625276
8617.12,0.9981389686910556
8617.130000000001,0.998119373524295
8617.14,0.9981186098155438
8617.150000000001,0.9981198764999016
8617.16,0.9981397771305428
8617.17,0.9981398478960165
8617.18,0.9981398627037427
8617.19,0.9981398194312908
8617.2,0.9981397156054284
8617.210000000001,0.9981395484720134
8617.22,0.9981393148830742
8617.230000000001,0.9981390113003036
8617.24,0.9981386337321688
8617.25,0.998138177665058
8617.26,0.9980861818623934
8617.27,0.9979821394889503
8617.28,0.9977140408028078
8617.289999999999,0.9970939875713876
8617.300000000001,0.9958133323685351
8617.31,0.993464129960552
8617.32,0.9896631068636822
8617.33,0.9842881043006674
8617.34,0.9777572260786901
8617.35,0.9710318437383304
8617.36,0.9655440558130243
8617.369999999999,0.9626334968852788
8617.380000000001,0.9630623551379248
8617.39,0.9667156543809504
8617.4,0.9726467057301661
8617.41,0.9794476116862347
8617.42,0.9856669448806533
8617.43,0.990482665936905
8617.44,0.9934260244129801
8617.45,0.9943880418023896
8617.460000000001,0.9932177573023956
8617.47,0.9895673997328913
8617.480000000001,0.983018276350345
8617.49,0.9735328226415232
8617.5,0.9618663286605873
8617.51,0.9498238523321437
8617.52,0.9398707140981104
8617.53,0.9342902018489105
8617.54,0.934430243709566
8617.550000000001,0.9402513773329603
8617.56,0.9503392045774874
8617.57,0.9623323113623139
8617.58,0.973859964898594
8617.59,0.9831412272752267
8617.6,0.9895476809253825
8617.61,0.9933052650633301
8617.619999999999,0.9950927247908886
8617.630000000001,0.9957031111412129
8617.64,0.9957174923532855
8617.65,0.9954637513036921
8617.66,0.9951473579367661
8617.67,0.9948404124779211
8617.68,0.9946161973340337
8617.69,0.9944927071481571
8617.7,0.9945325509359398
8617.710000000001,0.9947627506806822
8617.72,0.9951437411979185
8617.730000000001,0.9956674273784455
8617.74,0.9962339581384203
8617.75,0.996783439553021
8617.76,0.9972051754871627
8617.77,0.997507542371541
8617.78,0.9977085179532652
8617.79,0.9978320513579958
8617.8,0.9979040491652678
8617.810000000001,0.9979576487171047
8617.82,0.9979767191385348
8617.83,0.9979925134866806
8617.84,0.9979992171694343
8617.85,0.9980102117167473
8617.86,0.9979709984168645
8617.869999999999,0.997919979367464
8617.880000000001,0.9978192480058773
8617.89,0.9976150681628128
8617.9,0.9972429412511707
8617.91,0.9966820501564876
8617.92,0.9957760918610555
8617.93,0.9942869144260189
8617.94,0.9918434907799367
8617.949999999999,0.9880039565702711
8617.960000000001,0.9824631161437597
8617.97,0.9753876800536946
8617.98,0.9675623681983514
8617.99,0.9604614982697587
8618.0,0.955711619436368
8618.01,0.9545892067739347
8618.02,0.957433181697368
8618.03,0.9635657548480222
8618.04,0.9715395543322989
8618.05,0.9796452710226168
8618.060000000001,0.9865166559623493
8618.07,0.9915323342465183
8618.08,0.9947270056068176
8618.09,0.9965161129837019
8618.1,0.997402866555557
8618.11,0.9977930515949998
8618.12,0.9979448583165612
8618.13,0.9980204470109302
8618.140000000001,0.9980152791834247
8618.15,0.9980096925544694
8618.160000000002,0.9980036600531217
8618.17,0.9979971509556252
8618.18,0.9979901304804276
8618.19,0.9979579820178
8618.199999999999,0.9979475150108373
8618.210000000001,0.9979390410603968
8618.22,0.9979324053524169
8618.23,0.9979457917620226
8618.24,0.9979346761722718
8618.25,0.9979226409047781
8618.26,0.9979095927013981
8618.27,0.9978954253298647
8618.28,0.9978800173213062
8618.29,0.9978147382623848
8618.3,0.9976986084986158
8618.310000000001,0.9974249888693956
8618.32,0.9968140281503104
8618.33,0.9955688525337897
8618.34,0.993294190347278
8618.35,0.9896133121618914
8618.36,0.9843952032764093
8618.37,0.9779964938638369
8618.38,0.9713788924890914
8618.390000000001,0.9659143938635174
8618.4,0.9629207100901401
8618.41,0.9631667865902063
8618.42,0.966569548308417
8618.43,0.9722265318758451
8618.44,0.9787695968344037
8618.45,0.9848516152045947
8618.460000000001,0.989634095015162
8618.470000000001,0.9928511131543165
8618.48,0.9946789106295548
8618.49,0.9955172370996077
8618.5,0.9957037758154489
8618.51,0.9955347712264274
8618.52,0.9951631090673062
8618.529999999999,0.9946474598885843
8618.54,0.9939224437156813
8618.55,0.9929858551457583
8618.56,0.9916804283667555
8618.57,0.9897156264044102
8618.58,0.9868467625815173
8618.59,0.9828876406971022
8618.6,0.9777372833354169
8618.61,0.9721969294783779
8618.62,0.9662224277126279
8618.63,0.9609202788625488
8618.640000000001,0.957945932380734
8618.65,0.9573387670502433
8618.66,0.9593065529647962
8618.67,0.9637431208002946
8618.68,0.969656477390615
8618.69,0.975436137949413
8618.7,0.9809347680580355
8618.71,0.9854023596274155
8618.720000000001,0.9887996534506029
8618.73,0.9911928497184109
8618.740000000002,0.9928074262278478
8618.75,0.9939181592608549
8618.76,0.994742236747992
8618.77,0.9953515133937562
8618.78,0.9957878251686546
8618.79,0.9961291627214756
8618.8,0.9964014645506396
8618.81,0.9966223179844457
8618.82,0.9968040412625458
8618.83,0.9969554860574185
8618.84,0.9970831510346815
8618.85,0.9971918068551284
8618.859999999999,0.9972849262600433
8618.87,0.9973654242379028
8618.88,0.997435493846589
8618.890000000001,0.997496869404305
8618.9,0.9975509373408444
8618.91,0.9975988170657554
8618.92,0.9976414205490718
8618.93,0.997679497053792
8618.94,0.9977136667618707
8618.95,0.9977444467833729
8618.96,0.997772271019817
8618.970000000001,0.9977975058568297
8618.98,0.9978204623773892
8618.99,0.9978414061385932
8619.0,0.9978595228684486
8619.01,0.9978770787665843
8619.02,0.9978932157527584
8619.03,0.9979080816002167
8619.04,0.9978698393832154
8619.050000000001,0.9978373811227765
8619.06,0.9977822478907722
8619.070000000002,0.9977069598477363
8619.08,0.9976225703792437
8619.09,0.9975000209744457
8619.1,0.9973888506598066
8619.109999999999,0.9972553812810974
8619.12,0.99706316271714
8619.13,0.9967668468233003
8619.14,0.9963402207460074
8619.15,0.9958082400138492
8619.16,0.9952615670404613
8619.17,0.9948364857433439
8619.18,0.9946629219855287
8619.19,0.9948201649413482
8619.2,0.9952428466168615
8619.21,0.995847715708084
8619.220000000001,0.9964919194254003
8619.23,0.9969641059259656
8619.24,0.9972638389852433
8619.25,0.9972861846891926
8619.26,0.9969678590926322
8619.27,0.9962365829713472
8619.28,0.9950544766883065
8619.289999999999,0.9933651650351816
8619.300000000001,0.9913591624784657
8619.31,0.98933957281783
8619.320000000002,0.9877294389675497
8619.33,0.9869349412979544
8619.34,0.987182521757923
8619.35,0.9884169407022831
8619.36,0.9902866214400807
8619.37,0.9923547034546064
8619.380000000001,0.9941651405678565
8619.39,0.9954345236987644
8619.400000000001,0.995974186418627
8619.41,0.995833047202312
8619.42,0.9951215802678202
8619.43,0.9940444897646281
8619.439999999999,0.9928883806112319
8619.45,0.9919876780297345
8619.46,0.9915833239152556
8619.470000000001,0.991826057049825
8619.48,0.9926464539385657
8619.49,0.9938227994018511
8619.5,0.9950741810366266
8619.51,0.9961717639263546
8619.52,0.9969956826237631
8619.53,0.997535015892126
8619.539999999999,0.997846299128212
8619.550000000001,0.9980067183694723
8619.56,0.9980799397583594
8619.57,0.9981260992568275
8619.58,0.9981268005855486
8619.59,0.9981274670099132
8619.6,0.9981280997895928
8619.61,0.998128700072134
8619.62,0.9981292689318874
8619.630000000001,0.998129807399592
8619.64,0.9981303164297564
8619.650000000001,0.9981307969191735
8619.66,0.9981126691476605
8619.67,0.9980902476481612
8619.68,0.9980486018782357
8619.69,0.99798052637389
8619.7,0.9978831383522447
8619.71,0.997762794313442
8619.72,0.9976377040341053
8619.73,0.9975349762675401
8619.74,0.9974815439610705
8619.75,0.9974928253740935
8619.76,0.9975655771518556
8619.77,0.9976559500530016
8619.78,0.9977585661956316
8619.789999999999,0.9978337289704575
8619.800000000001,0.9978652176789973
8619.81,0.9978535733029339
8619.82,0.9978139959321197
8619.83,0.9977838297231958
8619.84,0.9977498106215039
8619.85,0.9977537436943302
8619.86,0.9977944827010269
8619.869999999999,0.9978196786967816
8619.880000000001,0.9978592028339927
8619.89,0.9978756779705602
8619.900000000001,0.9978622471275304
8619.91,0.9978255201669375
8619.92,0.9977827177760963
8619.93,0.997763205424332
8619.94,0.9977592479630628
8619.95,0.9977921265572725
8619.960000000001,0.997852426517931
8619.97,0.9979245403426203
8619.980000000001,0.9979931457870123
8619.99,0.9980481991813729
8620.0,0.9980339931505935
8620.01,0.9980066563323573
8620.019999999999,0.9978582757153749
8620.03,0.9975289108143492
8620.039999999999,0.9970086500904488
8620.050000000001,0.9962079016300646
8620.06,0.9950856202351722
8620.07,0.9936496343513824
8620.08,0.9919741007697628
8620.09,0.9902092533053833
8620.1,0.9885797687298644
8620.11,0.9873604364414459
8620.119999999999,0.9868164905226497
8620.130000000001,0.9870655357021078
8620.14,0.9881320158291627
8620.15,0.9897545235697479
8620.16,0.9915418093977725
8620.17,0.993080336751252
8620.18,0.9940695149410798
8620.19,0.9944311248935374
8620.2,0.9942054409301975
8620.210000000001,0.9937017248546929
8620.22,0.993230177760418
8620.230000000001,0.9930557989932768
8620.24,0.9933303362682231
8620.25,0.9939758235970092
8620.26,0.9948751255850479
8620.27,0.9958308971011387
8620.28,0.9966031971916973
8620.29,0.997164900118472
8620.3,0.9974795380674745
8620.310000000001,0.9975820250595372
8620.32,0.9975315042928065
8620.33,0.9973943053966647
8620.34,0.9972477928212641
8620.35,0.9971187828829727
8620.36,0.9970720106049831
8620.369999999999,0.9971157247264013
8620.380000000001,0.9972306639587123
8620.39,0.9973775198657103
8620.4,0.9974796057939972
8620.41,0.9975216105328485
8620.42,0.9974453700668707
8620.43,0.9971999242304386
8620.44,0.9967386062132475
8620.449999999999,0.9960551937054496
8620.460000000001,0.995132209387295
8620.47,0.9941292669173173
8620.480000000001,0.99317290146029
8620.49,0.9924601335249683
8620.5,0.9922137703620584
8620.51,0.9924439567070598
8620.52,0.9931000304495446
8620.53,0.9940210963162492
8620.54,0.995022358264147
8620.55,0.9958929161935414
8620.560000000001,0.9965895609290365
8620.57,0.9970643731027361
8620.58,0.9973523502722086
8620.59,0.9974624408831689
8620.6,0.9974100169383653
8620.61,0.9971587909582801
8620.62,0.9967362983906678
8620.630000000001,0.9961701112379947
8620.64,0.9955139848230198
8620.65,0.9949224483066234
8620.66,0.9945064568395509
8620.67,0.9943316445390388
8620.68,0.9943721410426387
8620.69,0.994525905720117
8620.699999999999,0.9946745527062227
8620.710000000001,0.9947564536699985
8620.72,0.9947114909775879
8620.73,0.9946433328215823
8620.74,0.9944566427429349
8620.75,0.9939180554252814
8620.76,0.9926721419873089
8620.77,0.9901824926428272
8620.78,0.9860065814670972
8620.79,0.9801941546896127
8620.8,0.9733242220869666
8620.810000000001,0.9666456602818394
8620.82,0.9616397088921077
8620.83,0.9595595101385617
8620.84,0.9608832532156218
8620.85,0.9653220066333398
8620.86,0.971799553284739
8620.87,0.9789209999141417
8620.88,0.9853601604170622
8620.890000000001,0.9904249173129864
8620.9,0.9939006672223861
8620.910000000002,0.9960122503016506
8620.92,0.9971568058541849
8620.93,0.997713549899995
8620.94,0.9979576163562339
8620.949999999999,0.9979902932167085
8620.960000000001,0.9978564157933018
8620.97,0.9974933083401699
8620.98,0.9967359034179848
8620.99,0.9953242480108663
8621.0,0.99298969712329
8621.01,0.9895948289537058
8621.02,0.9853096858933538
8621.029999999999,0.9807395785304132
8621.04,0.976752520507058
8621.05,0.9743345832428905
8621.060000000001,0.974059146400552
8621.07,0.9760156801802824
8621.08,0.9795627685464466
8621.09,0.9836448076256175
8621.1,0.9872521773071066
8621.11,0.9896039540868898
8621.12,0.9905129815394402
8621.13,0.9902739278336924
8621.140000000001,0.9894928548602252
8621.15,0.9888320078910916
8621.16,0.9887816874066221
8621.17,0.9895259419919045
8621.18,0.9909462446250805
8621.19,0.99265517454642
8621.2,0.9943319141521225
8621.210000000001,0.9956853037485119
8621.220000000001,0.9966001862204817
8621.23,0.9971038073360784
8621.240000000002,0.997304932576834
8621.25,0.9973342598339493
8621.26,0.9973054503211972
8621.27,0.99731124422723
8621.279999999999,0.9973472895451866
8621.29,0.9974460621106015
8621.3,0.9975789685046004
8621.31,0.9977128133722408
8621.32,0.9977747218988254
8621.33,0.9977958464815934
8621.34,0.9977462801147237
8621.35,0.9976264530275887
8621.36,0.9974666342701513
8621.37,0.9972611793213019
8621.38,0.9970789069606989
8621.390000000001,0.9969633840273215
8621.4,0.9969382575040757
8621.41,0.9970041539224457
8621.42,0.9971361326219176
8621.43,0.9972885727399399
8621.44,0.9974198423876665
8621.45,0.9974867400015048
8621.46,0.9975168964905369
8621.470000000001,0.9974978644394754
8621.48,0.9974925971454499
8621.490000000002,0.997455549554375
8621.5,0.9974586700661647
8621.51,0.9974471496538754
8621.52,0.9974411028448879
8621.53,0.9973376413612652
8621.54,0.9970339656740309
8621.550000000001,0.9964021407546768
8621.56,0.9953054425478992
8621.57,0.9937130304450216
8621.58,0.9916881012574573
8621.59,0.9895706392501803
8621.6,0.9878135773635308
8621.609999999999,0.9868636228899277
8621.62,0.9869863195778932
8621.63,0.9881077501543402
8621.640000000001,0.9899124026712954
8621.65,0.9918451929594535
8621.66,0.993321042936002
8621.67,0.9937586700769045
8621.68,0.992733249426651
8621.69,0.9899249151942573
8621.7,0.9852032660514999
8621.71,0.9788331786010442
8621.720000000001,0.9714473056072864
8621.73,0.9640825377842449
8621.74,0.9577485700311867
8621.75,0.95324792280934
8621.76,0.950953875743962
8621.77,0.9509104291741364
8621.78,0.9529959277188103
8621.79,0.9570200235467903
8621.800000000001,0.9626790925812704
8621.81,0.9694485562927373
8621.820000000002,0.9765678170742526
8621.83,0.9831712573217259
8621.84,0.9886338528015448
8621.85,0.9926250654119658
8621.86,0.9952469870908
8621.87,0.9967169604901381
8621.88,0.9974917585844721
8621.89,0.9978347318284868
8621.9,0.9979774141946341
8621.91,0.9980316903172679
8621.92,0.9979986740730807
8621.93,0.9979351334085662
8621.94,0.9978260637133131
8621.95,0.9976606962655752
8621.96,0.9974419122475191
8621.970000000001,0.9971943024968456
8621.98,0.9969640807742773
8621.99,0.9968072174120476
8622.0,0.9967658004169608
8622.01,0.9968522492520004
8622.02,0.9970424583903642
8622.03,0.9972839019732209
8622.039999999999,0.9975234607499722
8622.050000000001,0.9977222253311032
8622.06,0.9978642881331058
8622.07,0.9979530238602695
8622.08,0.9980017753243179
8622.09,0.998042532143193
8622.1,0.9980415179665549
8622.11,0.9980404879969584
8622.12,0.9980394422006831
8622.130000000001,0.998038380512079
8622.14,0.9980359204289714
8622.150000000001,0.9980347278382048
8622.16,0.9980335079823962
8622.17,0.9980322589909617
8622.18,0.9980309786279672
8622.189999999999,0.9980296642241925
8622.2,0.9980283124920443
8622.21,0.9980269194418451
8622.220000000001,0.9980254801470632
8622.23,0.9980239884515649
8622.24,0.9980224366247255
8622.25,0.9980208143100194
8622.26,0.9980191092502553
8622.27,0.998017304303612
8622.28,0.9980153764245095
8622.289999999999,0.9980132940315583
8622.300000000001,0.9980110129727755
8622.31,0.9980084696540681
8622.32,0.9980055611647015
8622.33,0.9980020179169411
8622.34,0.9979977423999159
8622.35,0.9979923964637033
8622.36,0.9979852242496313
8622.37,0.9979751486063863
8622.380000000001,0.9979617799351925
8622.39,0.9979444863202689
8622.400000000001,0.9978687338428733
8622.41,0.9977765672044241
8622.42,0.997622557495106
8622.43,0.9973873564193485
8622.44,0.9970573579255949
8622.45,0.9966497582759849
8622.460000000001,0.9962183709988869
8622.47,0.9958507512311404
8622.480000000001,0.9956372436327576
8622.49,0.9956417681037523
8622.5,0.9958658297703853
8622.51,0.996249243406454
8622.52,0.996697283447825
8622.53,0.9971183004345577
8622.539999999999,0.9974539057418068
8622.550000000001,0.9976861694902398
8622.56,0.9978271715175803
8622.57,0.9979026601981662
8622.58,0.9979631096587812
8622.59,0.9979618005659316
8622.6,0.9979602851188006
8622.61,0.9979586022067157
8622.619999999999,0.9979567793060388
8622.630000000001,0.9978888045772846
8622.64,0.9977686341779467
8622.65,0.997485631804362
8622.66,0.9968863041964667
8622.67,0.9957537895255163
8622.68,0.9938575967469444
8622.69,0.991068315327107
8622.7,0.9875074522356998
8622.710000000001,0.9836447469168569
8622.72,0.9802635124727921
8622.730000000001,0.9781397340802195
8622.74,0.9778645353815089
8622.75,0.9795111025487496
8622.76,0.9826100620042841
8622.77,0.9863606825295681
8622.78,0.989953599682019
8622.79,0.9927330520357135
8622.8,0.9943764042873473
8622.81,0.9948233736224762
8622.82,0.9941788997684544
8622.83,0.9926639267156921
8622.84,0.9906262617862382
8622.85,0.9885743602183767
8622.86,0.9869706657107076
8622.869999999999,0.9863236931238138
8622.880000000001,0.9868147809281016
8622.89,0.9883037382135068
8622.9,0.990314087499731
8622.91,0.9924136109040322
8622.92,0.9941158155978131
8622.93,0.9952191131297677
8622.94,0.9956412028056628
8622.95,0.9955407597336547
8622.960000000001,0.9951074250463697
8622.97,0.994575358842178
8622.980000000001,0.9941835061560325
8622.99,0.9940088862057573
8623.0,0.9941609151640344
8623.01,0.9946051917640866
8623.02,0.9951998583195889
8623.03,0.9958438650037787
8623.04,0.9964352022682155
8623.05,0.9969136577451934
8623.060000000001,0.9972609889976666
8623.07,0.9975082847590535
8623.08,0.9976314261078602
8623.09,0.9977085843630452
8623.1,0.9976896497479032
8623.11,0.9976552497199305
8623.119999999999,0.99755023515283
8623.130000000001,0.9973536028778679
8623.14,0.9970825797669823
8623.15,0.9967299221802036
8623.16,0.9963313743405764
8623.17,0.9959524969198359
8623.18,0.9956721661563838
8623.19,0.9955551559083262
8623.199999999999,0.9956269002091723
8623.210000000001,0.9958638726968162
8623.22,0.9962043765878902
8623.23,0.9965730570086496
8623.24,0.9969060931021628
8623.25,0.997166164661949
8623.26,0.9973438986302707
8623.27,0.9974496875846001
8623.28,0.9975186722329997
8623.29,0.9975479114453583
8623.3,0.9975319150064585
8623.310000000001,0.9975152024699231
8623.32,0.9974547350190858
8623.33,0.9973460803065337
8623.34,0.9970851677939764
8623.35,0.9964851116841537
8623.36,0.9952209077136278
8623.37,0.992829472095912
8623.38,0.9888163019986055
8623.390000000001,0.9829046921988293
8623.4,0.975378405903951
8623.410000000002,0.967182697344903
8623.42,0.9599179616071736
8623.43,0.9552620923599705
8623.44,0.9543841640567557
8623.449999999999,0.9575044856676725
8623.460000000001,0.9638113765754233
8623.47,0.9717670527611205
8623.48,0.979679500443746
8623.49,0.986251303960772
8623.5,0.9909721807342009
8623.51,0.9939098244579385
8623.52,0.9955057785951754
8623.53,0.9962569468304502
8623.54,0.9965497941309259
8623.55,0.9966239524988275
8623.560000000001,0.9966252957607816
8623.57,0.9965519825655363
8623.58,0.9964729211478791
8623.59,0.9963874886168261
8623.6,0.9962949750310277
8623.61,0.9961945683595038
8623.62,0.9960853362840418
8623.63,0.9959662040071665
8623.640000000001,0.9958359272519142
8623.65,0.9956930589307648
8623.66,0.9954324680195824
8623.67,0.9950864007170066
8623.68,0.9945032392971976
8623.69,0.9934987083494586
8623.7,0.9918389135308701
8623.710000000001,0.9893171444081374
8623.720000000001,0.9858105631487326
8623.73,0.9816260158575039
8623.74,0.9772037966445734
8623.75,0.9732340233456243
8623.76,0.9702601813177335
8623.77,0.9684497923319468
8623.779999999999,0.9675460785978081
8623.79,0.9670697082530656
8623.8,0.9666379596694558
8623.81,0.9662028854708822
8623.82,0.9659994575656107
8623.83,0.966254991823582
8623.84,0.966876008005949
8623.85,0.967095019693261
8623.86,0.9658297953491879
8623.87,0.9616236512190243
8623.88,0.9522825319271069
8623.890000000001,0.9348123013067224
8623.9,0.9063085465312671
8623.91,0.8654190376795747
8623.92,0.814440081666714
8623.93,0.7607500015954353
8623.94,0.7117344807152165
8623.95,0.673828658907214
8623.96,0.6510231656237594
8623.970000000001,0.6443642397532886
8623.98,0.6542947743305616
8623.990000000002,0.6802856545546065
8624.0,0.7208391244280175
8624.01,0.7713459089840701
8624.02,0.8252778148288288
8624.03,0.8747242522982512
8624.04,0.9135274484351205
8624.05,0.9404076093551558
8624.06,0.9574163852990332
8624.07,0.9677754183401942
8624.08,0.9742199803427991
8624.09,0.9786262897140161
8624.1,0.9816993345378103
8624.109999999999,0.9840555850401298
8624.12,0.9860251019247384
8624.13,0.98768774175927
8624.140000000001,0.9890094776068773
8624.15,0.9900900219550746
8624.16,0.9908932791355975
8624.17,0.9914218652448062
8624.18,0.9916703965676302
8624.19,0.991683236745792
8624.2,0.991489455190751
8624.21,0.9912403590337945
8624.220000000001,0.9910848487963184
8624.23,0.9911587109614235
8624.24,0.9914764730642368
8624.25,0.9920685681263416
8624.26,0.9927958495671965
8624.27,0.9935196089016862
8624.28,0.9941348066847693
8624.29,0.9946021515050765
8624.300000000001,0.9949427271398394
8624.31,0.9952066220533552
8624.320000000002,0.9954202267136356
8624.33,0.9956695663371635
8624.34,0.9958243070390929
8624.35,0.9959235633512514
8624.359999999999,0.9958382501765808
8624.37,0.9953774110836853
8624.38,0.9942635266079286
8624.39,0.9921008586975076
8624.4,0.9885205522934718
8624.41,0.9834848006879805
8624.42,0.977371397859942
8624.43,0.9711285013939237
8624.44,0.966024174698959
8624.45,0.9631818594658639
8624.46,0.9631160067562452
8624.470000000001,0.9655029489256546
8624.48,0.9693305511853636
8624.49,0.9733774615919533
8624.5,0.9767730700816175
8624.51,0.9793099401708958
8624.52,0.9813383192288125
8624.53,0.9833522435318839
8624.539999999999,0.9857076272506039
8624.550000000001,0.9883403654621717
8624.56,0.9909589609992965
8624.570000000002,0.9932320089182646
8624.58,0.994966008245212
8624.59,0.9961106094942568
8624.6,0.9967913724483142
8624.61,0.9971544943869429
8624.62,0.9973319417119283
8624.630000000001,0.9973766438775931
8624.64,0.9973814224697402
8624.650000000001,0.9973086474646694
8624.66,0.9971793215642505
8624.67,0.996986466128799
8624.68,0.9967422575060495
8624.689999999999,0.9964841001495386
8624.7,0.9962691893511694
8624.71,0.9960322203735859
8624.720000000001,0.9958665653358856
8624.73,0.9956179554945577
8624.74,0.9950910932076101
8624.75,0.9940536375551345
8624.76,0.9923365474648914
8624.77,0.9899587880553868
8624.78,0.987213603953023
8624.789999999999,0.9846450227289685
8624.800000000001,0.982889744033494
8624.81,0.9824709776308357
8624.82,0.9834318288712172
8624.83,0.9856066633883245
8624.84,0.9884209364570491
8624.85,0.9911965295563357
8624.86,0.9934574473457978
8624.87,0.9949176816535714
8624.880000000001,0.995436990882908
8624.89,0.9949498169587772
8624.900000000001,0.993398340885079
8624.91,0.9906629174876852
8624.92,0.9868578229114069
8624.93,0.9822332025655987
8624.94,0.9774244309954824
8624.95,0.9733201828221255
8624.960000000001,0.9708108976938251
8624.97,0.9705145523348069
8624.98,0.9725428613261532
8624.99,0.9764413454196584
8625.0,0.9813424762401459
8625.01,0.9862490581272643
8625.02,0.9904465988414646
8625.03,0.9935436698848256
8625.039999999999,0.9955470244688093
8625.050000000001,0.9966909752170352
8625.06,0.9972804786321388
8625.07,0.9975318945713321
8625.08,0.997631320365005
8625.09,0.9976804281411237
8625.1,0.9976751533939081
8625.11,0.9976511278805218
8625.119999999999,0.9976448935289969
8625.130000000001,0.9976418474443433
8625.14,0.9976460060535416
8625.150000000001,0.9976541761116478
8625.16,0.9976471315388419
8625.17,0.9976534084737045
8625.18,0.9976579316653177
8625.19,0.9976604117415023
8625.2,0.9976615148375761
8625.210000000001,0.9976777015710914
8625.22,0.997682926709632
8625.230000000001,0.9976973478952085
8625.24,0.9977185078037057
8625.25,0.997742317470478
8625.26,0.9977647163027981
8625.27,0.9977830637970007
8625.28,0.9978091577963206
8625.289999999999,0.9978119351149696
8625.300000000001,0.9978144950778187
8625.31,0.9978168670329495
8625.32,0.9978190747635425
8625.33,0.9978211379138354
8625.34,0.9978230727068781
8625.35,0.997824892709258
8625.36,0.9978266092966427
8625.369999999999,0.9978282321415323
8625.380000000001,0.9978297695003606
8625.39,0.9978312284745116
8625.4,0.9978326152123858
8625.41,0.9978339350476385
8625.42,0.9978351926711351
8625.43,0.9978363922336507
8625.44,0.9978375373781786
8625.45,0.9978386313657694
8625.460000000001,0.9978396771113875
8625.47,0.99784067724861
8625.480000000001,0.9978416341580296
8625.49,0.9978425499680972
8625.5,0.9978434266558288
8625.51,0.9978442659832726
8625.52,0.9978450696331569
8625.53,0.9978458391141806
8625.54,0.9978465757906438
8625.55,0.9978472810021058
8625.560000000001,0.9978479559422322
8625.57,0.9978486017090532
8625.580000000002,0.9978492194073643
8625.59,0.9978498099783895
8625.6,0.9978503743621426
8625.61,0.9978509134207136
8625.619999999999,0.9978514279934618
8625.630000000001,0.9978519188334009
8625.64,0.9978523866948755
8625.65,0.9978528322469244
8625.66,0.9978532561760594
8625.67,0.9978536591144295
8625.68,0.9978540416258247
8625.69,0.9978544043180623
8625.699999999999,0.9978547477075781
8625.710000000001,0.99785507234292
8625.72,0.9978553786948661
8625.730000000001,0.9978556672584031
8625.74,0.9978559384855255
8625.75,0.9978561928323213
8625.76,0.9978564306816253
8625.77,0.99785665247242
8625.78,0.9978568585899167
8625.79,0.9978570493926278
8625.8,0.9978572252717263
8625.810000000001,0.9978573865457508
8625.82,0.9978575335700156
8625.83,0.9978576666652786
8625.84,0.9978577861425553
8625.85,0.9978578923143839
8625.86,0.9978579854569474
8625.87,0.997858065869692
8625.880000000001,0.9978581338296131
8625.890000000001,0.9978581895890154
8625.9,0.9978582334135927
8625.91,0.9978479533012072
8625.92,0.9978479686240804
8625.93,0.9978486546756521
8625.94,0.9978486315688191
8625.949999999999,0.9978485982748257
8625.960000000001,0.9977961125919577
8625.97,0.9977100557358777
8625.98,0.9975177533318464
8625.99,0.9971342114037535
8626.0,0.996454689958467
8626.01,0.9953922921123886
8626.02,0.9939409636084072
8626.03,0.9922370560194538
8626.04,0.9904868436381057
8626.05,0.9890909002139633
8626.060000000001,0.9882385970119042
8626.07,0.9878178658738789
8626.08,0.987474225293846
8626.09,0.9865399139073314
8626.1,0.9843861975053402
8626.11,0.9808841411663057
8626.12,0.9764040918786868
8626.13,0.9719658189831184
8626.140000000001,0.9687797287945488
8626.15,0.9678063355759856
8626.160000000002,0.9694011435695757
8626.17,0.9732330253379647
8626.18,0.9783686515615264
8626.19,0.9837592664026108
8626.199999999999,0.9885270565369416
8626.210000000001,0.9921874559505686
8626.22,0.9946388155598125
8626.23,0.996068885129138
8626.24,0.9967738022368265
8626.25,0.9970388915722317
8626.26,0.9971103337573087
8626.27,0.997107395485903
8626.279999999999,0.997080292358412
8626.29,0.9971286861805356
8626.3,0.9972386214711643
8626.310000000001,0.9973808813737333
8626.32,0.9975234760714508
8626.33,0.9976429335441653
8626.34,0.9977291840840458
8626.35,0.997763687180516
8626.36,0.9978183947495335
8626.37,0.9978182964863375
8626.38,0.997769965480144
8626.390000000001,0.9976582822373564
8626.4,0.9973174187155984
8626.41,0.9966294130315545
8626.42,0.9952765698437319
8626.43,0.9928850633065552
8626.44,0.9891076885342288
8626.45,0.9838199157695997
8626.460000000001,0.9773582789243606
8626.470000000001,0.9705285142408165
8626.48,0.9646073848659639
8626.490000000002,0.9608886441485435
8626.5,0.9602671068715423
8626.51,0.96291512499243
8626.52,0.9682113266948325
8626.529999999999,0.9749558353901855
8626.54,0.9818112244640413
8626.55,0.9876272692169991
8626.56,0.991956605644024
8626.57,0.9947705202638305
8626.58,0.9963279571222875
8626.59,0.9970845803391893
8626.6,0.9973528613408933
8626.61,0.9972992058978851
8626.62,0.9971055472831526
8626.63,0.9967806476361467
8626.640000000001,0.9964573013976782
8626.65,0.9962081395831511
8626.66,0.9960991094168825
8626.67,0.9961613037078828
8626.68,0.9963766181359344
8626.69,0.9966861740092056
8626.7,0.9969271784154626
8626.71,0.9970562404302468
8626.720000000001,0.9968896333128217
8626.73,0.9962106666089569
8626.74,0.9947302349872601
8626.75,0.9921430776165228
8626.76,0.9882925948855783
8626.77,0.9833226677880594
8626.78,0.9779369127845495
8626.79,0.9731450409450662
8626.800000000001,0.9701100078118366
8626.81,0.9696274923185048
8626.82,0.9718283138359713
8626.83,0.9761246568363928
8626.84,0.98144961802076
8626.85,0.9866481413564112
8626.859999999999,0.9909525907945387
8626.87,0.9940124276145027
8626.88,0.9959143236319956
8626.890000000001,0.9969574134884323
8626.9,0.9974654292876255
8626.91,0.9976860997065137
8626.92,0.997771766111997
8626.93,0.9978145744391294
8626.94,0.9978140267416841
8626.95,0.9978134763411733
8626.96,0.9978129232394074
8626.970000000001,0.9978123674843402
8626.98,0.9978118090876925
8626.99,0.9978112480764155
8627.0,0.997810684460809
8627.01,0.9978101182550109
8627.02,0.9978095495049988
8627.03,0.9978089782084401
8627.04,0.9978084044040595
8627.050000000001,0.9977485588654279
8627.06,0.9976741560222588
8627.070000000002,0.9975363061146958
8627.08,0.997309498202618
8627.09,0.9969811041997078
8627.1,0.9965682688615384
8627.11,0.9960837868608269
8627.12,0.9956415747765538
8627.13,0.9952867988878671
8627.14,0.9950349141598759
8627.15,0.9948396372216466
8627.16,0.9946181331444082
8627.17,0.9943098337630202
8627.18,0.9939330367763123
8627.19,0.9935972547600076
8627.2,0.9934558054013313
8627.21,0.9935932029965703
8627.220000000001,0.9940404007287428
8627.23,0.9946896355096584
8627.24,0.995287346525288
8627.25,0.9956934975390622
8627.26,0.9957901189654115
8627.27,0.9955740380220598
8627.28,0.9951527430023085
8627.289999999999,0.9947050766265144
8627.300000000001,0.9944177314053286
8627.31,0.9944316515333769
8627.32,0.9947355219568305
8627.33,0.9952811339950647
8627.34,0.9959289893956337
8627.35,0.996543134698304
8627.36,0.9970408474701484
8627.37,0.9973821466615184
8627.380000000001,0.9975899762120674
8627.39,0.9977018784718931
8627.400000000001,0.9977553321497039
8627.41,0.9977350003494628
8627.42,0.9976660398976264
8627.43,0.9975406206342751
8627.439999999999,0.9973381964436809
8627.45,0.9970511152883296
8627.46,0.9966985830779923
8627.470000000001,0.9963337368164737
8627.48,0.9960347464654361
8627.49,0.9958787625223161
8627.5,0.9959098163918855
8627.51,0.9961187133005553
8627.52,0.9964473195180152
8627.53,0.9968145468453394
8627.539999999999,0.9971483346645482
8627.550000000001,0.99740667369001
8627.56,0.9975805550725819
8627.57,0.9976834745059474
8627.58,0.9977033724964762
8627.59,0.9977179614226485
8627.6,0.9976790683285193
8627.61,0.997631858851597
8627.62,0.9975320217035526
8627.630000000001,0.9974042666243227
8627.64,0.9971793251134172
8627.650000000001,0.9967603450285997
8627.66,0.9960093424938876
8627.67,0.9947869705290827
8627.68,0.9930330612423545
8627.69,0.9908599056198264
8627.7,0.9885978525034923
8627.710000000001,0.9867605034775974
8627.72,0.9857695564464893
8627.730000000001,0.9859470124349711
8627.74,0.9872421622395172
8627.75,0.9893004022290978
8627.76,0.9916171414539938
8627.77,0.9937349737088114
8627.78,0.9953808172966621
8627.789999999999,0.9964914395493997
8627.800000000001,0.99714999221744
8627.81,0.9974956873290187
8627.82,0.9976570706846397
8627.83,0.9977241699058681
8627.84,0.9977610374431499
8627.85,0.9977602950222435
8627.86,0.9977595509676607
8627.869999999999,0.9977588052683385
8627.880000000001,0.9977580579505927
8627.89,0.9977092922709494
8627.9,0.9976426634108386
8627.91,0.9975114314821442
8627.92,0.9972810051080656
8627.93,0.9969232892005351
8627.94,0.9964375442365462
8627.95,0.995870542594083
8627.960000000001,0.9953207687201383
8627.97,0.9949151056327734
8627.980000000001,0.9947623661717099
8627.99,0.9949062394112251
8628.0,0.9953051120820863
8628.01,0.9958513031590046
8628.02,0.9964177514822492
8628.03,0.9969048391295277
8628.04,0.9972644320304206
8628.05,0.9974962801311773
8628.06,0.9976280656154611
8628.07,0.9976944137831396
8628.08,0.9977427757436769
8628.09,0.9977419951096416
8628.1,0.9977412129245017
8628.11,0.9977404291892701
8628.119999999999,0.9977396439143054
8628.130000000001,0.9977388570875231
8628.14,0.9977380687197916
8628.15,0.9977372788189706
8628.16,0.9977364873819832
8628.17,0.9977356944046959
8628.18,0.9977348998938446
8628.19,0.9977341038646658
8628.2,0.9977333063032603
8628.210000000001,0.9977325072133002
8628.22,0.9977317065856748
8628.230000000001,0.997730904442203
8628.24,0.997710399863686
8628.25,0.9976915022380622
8628.26,0.9976629914425728
8628.27,0.997625172415193
8628.28,0.9975820289938105
8628.29,0.9975413299605644
8628.3,0.9975126181205625
8628.310000000001,0.997503574040374
8628.32,0.9975166008416994
8628.33,0.997547691083751
8628.34,0.9975883005830191
8628.35,0.9976290402120382
8628.36,0.9976630230039432
8628.369999999999,0.9976873081219542
8628.380000000001,0.9977186908016126
8628.39,0.9977178645124835
8628.4,0.9977170367206296
8628.41,0.997716207438939
8628.42,0.9977153766507246
8628.43,0.997714544373807
8628.44,0.9977137105957892
8628.449999999999,0.997712875335206
8628.460000000001,0.9977120385658008
8628.47,0.997711200305229
8628.48,0.9977103605597875
8628.49,0.9977095193192198
8628.5,0.9977086765758673
8628.51,0.9977078323467276
8628.52,0.9977069866324207
8628.53,0.9977061394176845
8628.54,0.9977052907203121
8628.55,0.9977044405284666
8628.560000000001,0.997703588842424
8628.57,0.9977027356759688
8628.58,0.9977018810104107
8628.59,0.9977010248614611
8628.6,0.9977001672131625
8628.61,0.9976993080771981
8628.62,0.997698447470856
8628.63,0.997652082154021
8628.640000000001,0.9975672088594997
8628.65,0.9973621039501283
8628.660000000002,0.9969169514894091
8628.67,0.9960547160990039
8628.68,0.9945733050935376
8628.69,0.9923329185437494
8628.699999999999,0.9893835503064559
8628.710000000001,0.9860664425998256
8628.72,0.9829996870077875
8628.73,0.9809288581847506
8628.74,0.9803642172612074
8628.75,0.9814862458773198
8628.76,0.9839613615853544
8628.77,0.9871920541199702
8628.779999999999,0.990440282046728
8628.79,0.9931701725775087
8628.8,0.9951450214846045
8628.810000000001,0.9963936887776559
8628.82,0.9970902289622258
8628.83,0.9974351269922581
8628.84,0.9975872578293128
8628.85,0.997624895494783
8628.86,0.9976429692707167
8628.87,0.9976282054923711
8628.88,0.9976143982996455
8628.890000000001,0.9976046464731081
8628.9,0.9976013825490686
8628.91,0.9976052925390915
8628.92,0.9976149939230224
8628.93,0.9976276772526169
8628.94,0.9975896626364728
8628.95,0.9975332335546077
8628.960000000001,0.9973379341062175
8628.970000000001,0.9969415063591733
8628.98,0.9962250697255398
8628.99,0.9950803182708111
8629.0,0.9934782984503688
8629.01,0.9915439490118327
8629.02,0.9895850386962713
8629.029999999999,0.9880303993787689
8629.04,0.9872822483777285
8629.05,0.9875500162992147
8629.06,0.9887572978561514
8629.07,0.9905762231615738
8629.08,0.9925690171904961
8629.09,0.9943558681366942
8629.1,0.9956839013217588
8629.11,0.9965410912996822
8629.12,0.9969709189894161
8629.13,0.9970684035363773
8629.140000000001,0.9969216904270325
8629.15,0.9966071547206681
8629.16,0.9961529450624164
8629.17,0.9956567997643478
8629.18,0.9951627312080328
8629.19,0.9946613652286378
8629.2,0.9940774071580836
8629.21,0.9932984116694631
8629.220000000001,0.9922547959291331
8629.23,0.9910103625821111
8629.240000000002,0.9897970471307337
8629.25,0.9889506245431369
8629.26,0.9887686676479195
8629.27,0.9893693844323834
8629.28,0.9906337820563628
8629.29,0.9922738823009651
8629.3,0.9939087328199891
8629.31,0.995294998119441
8629.32,0.9963068848807799
8629.33,0.9969293979177885
8629.34,0.9972788204933688
8629.35,0.9974431689299887
8629.359999999999,0.99750608645234
8629.37,0.997540848473995
8629.38,0.997532807651397
8629.390000000001,0.9975342495146327
8629.4,0.9975444689642147
8629.41,0.9975603632538496
8629.42,0.9975778210738948
8629.43,0.9975933243553322
8629.44,0.9976227227167691
8629.45,0.9976217344767268
8629.46,0.9976207446135013
8629.470000000001,0.99761975311633
8629.48,0.9975585012910544
8629.49,0.9974401810703553
8629.5,0.9971419482687564
8629.51,0.9964662495988182
8629.52,0.9950985319419414
8629.53,0.9926398420074284
8629.54,0.9887427258666527
8629.550000000001,0.9833482085972814
8629.56,0.9769419051337479
8629.570000000002,0.9705175755334198
8629.58,0.9654702630645681
8629.59,0.9630375043144852
8629.6,0.9637516046705981
8629.609999999999,0.9674292340951324
8629.62,0.9729212033765064
8629.63,0.9786176030074175
8629.64,0.9828882414551442
8629.65,0.9844485086505274
8629.66,0.982776848582117
8629.67,0.9778767389371118
8629.68,0.9705108925031228
8629.69,0.9619060347380258
8629.7,0.9534207906168433
8629.71,0.9461020652277721
8629.720000000001,0.9402029029624981
8629.73,0.9354690608133452
8629.74,0.9314185014371712
8629.75,0.9280763615927432
8629.76,0.9262456765593204
8629.77,0.9272435399413064
8629.78,0.9320789065268883
8629.789999999999,0.9407712498598478
8629.800000000001,0.9521277180566121
8629.81,0.9642436827668454
8629.820000000002,0.9751244976855038
8629.83,0.983492227049214
8629.84,0.9890753132125424
8629.85,0.9921793572975656
8629.86,0.9934779405275275
8629.87,0.9935449138515384
8629.880000000001,0.9928233827439508
8629.89,0.9916933044807826
8629.900000000001,0.9905613812100958
8629.91,0.989760532089566
8629.92,0.9896152007936369
8629.93,0.9902046171718529
8629.939999999999,0.9914015003542063
8629.95,0.992881314055819
8629.96,0.9943497682151201
8629.970000000001,0.9955713588871808
8629.98,0.9964481634610158
8629.99,0.9969992948730652
8630.0,0.9973053227950806
8630.01,0.997456179472267
8630.02,0.9975222612063313
8630.03,0.9975615121175896
8630.039999999999,0.9975262154824809
8630.050000000001,0.9974928200546012
8630.06,0.9974413045183533
8630.07,0.9973713181156073
8630.08,0.9972891940004779
8630.09,0.9972087281348309
8630.1,0.9971480702933857
8630.11,0.9970968938335286
8630.12,0.997107943468772
8630.130000000001,0.997158466900847
8630.14,0.9972344922751234
8630.150000000001,0.9973179869978048
8630.16,0.997393551256976
8630.17,0.9974744977249127
8630.18,0.9975076917767537
8630.19,0.9974790884081688
8630.2,0.9973733105995298
8630.210000000001,0.9972063009277818
8630.22,0.9969311386440016
8630.23,0.9965209999827829
8630.24,0.9959712106602343
8630.25,0.9953154864873185
8630.26,0.9946341083068927
8630.27,0.9940451197766823
8630.28,0.9936751139801521
8630.289999999999,0.9936169711387601
8630.300000000001,0.9938282151876231
8630.31,0.9942970555568792
8630.32,0.9948483311140727
8630.33,0.9953174366274967
8630.34,0.9955847081114758
8630.35,0.9956176057604988
8630.36,0.9954900882436785
8630.369999999999,0.9952931313792034
8630.380000000001,0.995186340075109
8630.39,0.99528234695437
8630.400000000001,0.9955254106649997
8630.41,0.9958656123486418
8630.42,0.9962070939406106
8630.43,0.996360599887795
8630.44,0.9961057426315608
8630.45,0.995156588632215
8630.460000000001,0.9931719229767783
8630.47,0.9898508559542035
8630.480000000001,0.9851477564607897
8630.49,0.979418169018659
8630.5,0.9735654924180425
8630.51,0.9688566316675573
8630.52,0.9664429853984712
8630.53,0.9669671604865342
8630.539999999999,0.9702397630767
8630.550000000001,0.975424968406243
8630.56,0.9812283717859032
8630.57,0.9864237922689104
8630.58,0.9902990502548517
8630.59,0.9926363690705886
8630.6,0.9936866298609366
8630.61,0.9939218525342821
8630.619999999999,0.9938305021306152
8630.630000000001,0.9937858794807768
8630.64,0.9940195766114666
8630.65,0.9944726464867997
8630.66,0.9951204853443054
8630.67,0.9957325872127145
8630.68,0.9961931436936105
8630.69,0.9962957785764129
8630.7,0.9957854545857969
8630.710000000001,0.9943976009153702
8630.72,0.9917643436013539
8630.730000000001,0.987639862814338
8630.74,0.9820236211789671
8630.75,0.9754768772931925
8630.76,0.9690947245319411
8630.77,0.9642034292793432
8630.78,0.9619360402121584
8630.79,0.9628236860131171
8630.8,0.9666106008641266
8630.810000000001,0.9723658158878559
8630.82,0.9788305273066767
8630.830000000002,0.984823099813074
8630.84,0.9896495867162937
8630.85,0.9930543196596524
8630.86,0.9951906681004992
8630.869999999999,0.9963924798933769
8630.880000000001,0.9970019099299663
8630.89,0.9972813436172985
8630.9,0.9974156616851017
8630.91,0.9974624474702007
8630.92,0.9974611490897471
8630.93,0.9974317268950584
8630.94,0.9973927493156673
8630.949999999999,0.9973180138999643
8630.960000000001,0.9971896215956355
8630.97,0.9969943455513621
8630.980000000001,0.9967347503879014
8630.99,0.996438985748861
8631.0,0.9961072822410386
8631.01,0.9958635378941638
8631.02,0.9956846395634183
8631.03,0.9956130980169371
8631.04,0.9955850952486085
8631.05,0.9955251627152494
8631.060000000001,0.9953616028190164
8631.07,0.995061128374877
8631.08,0.9946522405702812
8631.09,0.9942266454583433
8631.1,0.9939135011747215
8631.11,0.9938534505995814
8631.12,0.9940489321308628
8631.130000000001,0.9945151993218019
8631.140000000001,0.99514534855808
8631.15,0.9958293993040672
8631.16,0.996392670122641
8631.17,0.996821490259331
8631.18,0.9971058502269443
8631.19,0.9972717850163257
8631.199999999999,0.9973573904847717
8631.210000000001,0.9974223321578382
8631.22,0.9974209513466354
8631.23,0.997419567552719
8631.24,0.9974181807754658
8631.25,0.9973468486682495
8631.26,0.9972081317347404
8631.27,0.9969726232449989
8631.28,0.9965585758370743
8631.29,0.9959099344608501
8631.3,0.9950123217545624
8631.310000000001,0.9938972911037806
8631.32,0.9927132825723538
8631.33,0.9916693256346373
8631.34,0.9909074430812693
8631.35,0.990471425665324
8631.36,0.9902597779943494
8631.37,0.9900955497709107
8631.38,0.9897811887280447
8631.390000000001,0.9893293477240478
8631.4,0.9889173853752418
8631.41,0.9888211877516798
8631.42,0.9892607263350375
8631.43,0.9903070667901352
8631.44,0.9917135806081575
8631.45,0.9932850148752903
8631.460000000001,0.994679741958341
8631.47,0.9957057555394285
8631.48,0.9963263985211688
8631.49,0.9964736884071212
8631.5,0.9960657776193539
8631.51,0.9949370756870419
8631.52,0.9928945115256586
8631.529999999999,0.9897211564200625
8631.54,0.9855844035039918
8631.55,0.981008516020786
8631.560000000001,0.9768172412098085
8631.57,0.9740212373439419
8631.58,0.9733170663143726
8631.59,0.9749258642530999
8631.6,0.9783762730129607
8631.61,0.9827525558859476
8631.62,0.9871277881351127
8631.63,0.9907674015441176
8631.640000000001,0.9933797729769206
8631.65,0.9950366341560012
8631.66,0.9959951821716473
8631.67,0.996454182089854
8631.68,0.996650820032333
8631.69,0.9966130728017538
8631.7,0.9963273252315399
8631.710000000001,0.9957027603427281
8631.720000000001,0.9947429061920918
8631.73,0.9935365447787945
8631.740000000002,0.9922013033817227
8631.75,0.9910711946105448
8631.76,0.9904318037367995
8631.77,0.9904612264973076
8631.779999999999,0.9911506293434014
8631.79,0.9922257682683835
8631.8,0.9934304991078322
8631.81,0.9943853418465887
8631.82,0.994802837090111
8631.83,0.994498733043345
8631.84,0.9934150753486397
8631.85,0.9916532641068626
8631.86,0.9894790661620142
8631.87,0.9873544236375901
8631.88,0.9857868708018793
8631.890000000001,0.9852069840803697
8631.9,0.9857502511696405
8631.91,0.9872440390892497
8631.92,0.9892905559101823
8631.93,0.9914351383356781
8631.94,0.9933253529083549
8631.95,0.9947867755773186
8631.96,0.9958051849966798
8631.970000000001,0.9964585755848775
8631.98,0.9968508077992174
8631.99,0.9970730969036264
8632.0,0.9971181216081473
8632.01,0.996960309867963
8632.02,0.9965723748734682
8632.03,0.9956488989107086
8632.04,0.9940026049965537
8632.050000000001,0.9913443892911032
8632.06,0.9875742675815711
8632.070000000002,0.9829370069292807
8632.08,0.9780676486229428
8632.09,0.9738471095022723
8632.1,0.9711738495557384
8632.109999999999,0.9703939882225708
8632.12,0.9711160656732831
8632.13,0.9722240464527551
8632.140000000001,0.9722858602334723
8632.15,0.9702339482169948
8632.16,0.965992467824139
8632.17,0.960653765788754
8632.18,0.9559959787876183
8632.19,0.9538391068443581
8632.2,0.9551242703875725
8632.21,0.959780793947623
8632.220000000001,0.9665748680186279
8632.23,0.973854362866413
8632.24,0.9802063632046312
8632.25,0.9847152348854835
8632.26,0.9872566660534733
8632.27,0.9880555199490848
8632.28,0.9874214144003552
8632.29,0.985572073251571
8632.300000000001,0.982682858987721
8632.31,0.9792257551127868
8632.320000000002,0.9758646584967482
8632.33,0.973488454750535
8632.34,0.972801663038432
8632.35,0.9739547150960965
8632.36,0.9763240714771966
8632.37,0.9786729915632857
8632.380000000001,0.9794158416760371
8632.39,0.9771923411493463
8632.4,0.971331895001875
8632.41,0.9621893366422081
8632.42,0.9512389775331109
8632.43,0.940753673354394
8632.44,0.9331663423859032
8632.45,0.9303541702642687
8632.46,0.9331132290509467
8632.470000000001,0.9408919380666492
8632.48,0.9520506675423547
8632.49,0.9643047283896516
8632.5,0.975504275479727
8632.51,0.98425464451491
8632.52,0.9902417654816522
8632.53,0.9938123538534306
8632.539999999999,0.9956611991337572
8632.550000000001,0.9965025996093688
8632.56,0.9968123997687566
8632.57,0.9967898586249351
8632.58,0.9966480735299785
8632.59,0.9964043305838257
8632.6,0.9961608191515265
8632.61,0.9959423780505715
8632.62,0.9958046393832468
8632.630000000001,0.9957601603895045
8632.64,0.9957433104821374
8632.650000000001,0.9956334137610694
8632.66,0.9952582477340447
8632.67,0.9944321981658634
8632.68,0.9930247143853551
8632.689999999999,0.9910481602530132
8632.7,0.9887379555406354
8632.71,0.9865591523316167
8632.72,0.9849871488018663
8632.73,0.9845014650851649
8632.74,0.985184434627454
8632.75,0.986765969071819
8632.76,0.9887292204609098
8632.77,0.9903421237601402
8632.78,0.9909409576645727
8632.789999999999,0.9900572974028797
8632.800000000001,0.9875175499215444
8632.81,0.9835175774486316
8632.82,0.9786803366600986
8632.83,0.9739004114914558
8632.84,0.9702952016117659
8632.85,0.9686985764655905
8632.86,0.9695833768754796
8632.87,0.9727502364804266
8632.880000000001,0.9774586666336874
8632.89,0.982624810062247
8632.900000000001,0.9872861729296516
8632.91,0.9908566890279653
8632.92,0.9930477410912008
8632.93,0.9939222195816331
8632.94,0.9937062143228859
8632.95,0.992702804085431
8632.960000000001,0.9911927666405089
8632.97,0.989529444330793
8632.980000000001,0.9881064308307869
8632.99,0.9870421465026842
8633.0,0.9864581608316261
8633.01,0.9859570615347023
8633.02,0.9848483980484768
8633.03,0.982346810694522
8633.039999999999,0.9778780217755283
8633.050000000001,0.9716459723715563
8633.06,0.9646687033612568
8633.07,0.9586511881227133
8633.08,0.9551990933602261
8633.09,0.9554292571172127
8633.1,0.959388796854256
8633.11,0.9661408336667093
8633.119999999999,0.9740969521243048
8633.130000000001,0.9816550353183839
8633.14,0.9877237873409929
8633.15,0.9919652252809615
8633.16,0.9945481705949384
8633.17,0.9959357571668512
8633.18,0.9965972214004925
8633.19,0.9968778192793941
8633.2,0.9969941837878766
8633.210000000001,0.9970337312840852
8633.22,0.9969818949564547
8633.230000000001,0.9969205054179805
8633.24,0.9968116491791327
8633.25,0.9965975697018084
8633.26,0.9963340265916092
8633.27,0.9960168834102302
8633.28,0.9956960771491591
8633.29,0.9954415301155974
8633.3,0.9953190654768248
8633.31,0.9953053401041206
8633.32,0.9954081626675156
8633.33,0.9954940179222179
8633.34,0.9953993353679684
8633.35,0.9949496421261875
8633.36,0.9940337101790262
8633.369999999999,0.9925959561553677
8633.380000000001,0.9908233786790075
8633.39,0.9889625675928854
8633.4,0.9874995679457855
8633.41,0.9866768156963198
8633.42,0.9865926957473412
8633.43,0.9870245926630223
8633.44,0.9875500838195984
8633.449999999999,0.9877558114439428
8633.460000000001,0.9874582055855239
8633.47,0.9867337671596402
8633.480000000001,0.9860030088900955
8633.49,0.9855729262921926
8633.5,0.9854711647132832
8633.51,0.9852402851993144
8633.52,0.9839804991335257
8633.53,0.9805354937546581
8633.54,0.9741069152300766
8633.55,0.9647611835248178
8633.560000000001,0.9537611856024141
8633.57,0.9433291111115515
8633.58,0.9359214834125164
8633.59,0.9333847978777009
8633.6,0.9363661353468319
8633.61,0.9440486806818986
8633.619999999999,0.9546288386688532
8633.630000000001,0.9658422179693383
8633.64,0.9758110664859676
8633.65,0.9834743580015236
8633.66,0.9887947996430012
8633.67,0.9921895469885768
8633.68,0.9942435773885041
8633.69,0.9954467304836638
8633.699999999999,0.99613233066728
8633.710000000001,0.9965079879406633
8633.72,0.9967136809540573
8633.73,0.9967966293919474
8633.74,0.9968328023627678
8633.75,0.9968544587254909
8633.76,0.9968503992316845
8633.77,0.9968463039991029
8633.78,0.9968421723681649
8633.79,0.996838003668501
8633.8,0.9968337972103575
8633.810000000001,0.9968295522703103
8633.82,0.9968252681150424
8633.83,0.9967742798196542
8633.84,0.9967086822144342
8633.85,0.9965865676386427
8633.86,0.9963813537347531
8633.87,0.9960752214695996
8633.88,0.9956760099586915
8633.890000000001,0.9952307618397647
8633.9,0.9947763046016798
8633.910000000002,0.9944538129995346
8633.92,0.9942551050220969
8633.93,0.9942339669757972
8633.94,0.9943120063718958
8633.949999999999,0.994411797992761
8633.960000000001,0.9944805588977856
8633.97,0.9945175685527713
8633.98,0.9945674469328871
8633.99,0.9946866979556994
8634.0,0.9949071516428994
8634.01,0.9952181630759508
8634.02,0.9955849244717436
8634.029999999999,0.9959217791456727
8634.04,0.9962064525064999
8634.05,0.9964155438157348
8634.060000000001,0.9965503646448698
8634.07,0.9966400726932746
8634.08,0.9966970007615905
8634.09,0.9966912606590834
8634.1,0.9966854451422335
8634.11,0.9966795519035111
8634.12,0.996673578524562
8634.13,0.9966675224424048
8634.140000000001,0.9966613809441466
8634.15,0.9966551511642255
8634.16,0.9966488300512251
8634.17,0.9966424143765507
8634.18,0.9966359006842154
8634.19,0.9965699811225901
8634.2,0.9964757450560447
8634.210000000001,0.9962869383231571
8634.220000000001,0.9959431218634394
8634.23,0.9953840037188004
8634.24,0.9945825890235204
8634.25,0.9935856067532216
8634.26,0.9925364379635041
8634.27,0.9915517706403225
8634.279999999999,0.9909045535630564
8634.29,0.9906101411214947
8634.3,0.9905365193789174
8634.31,0.9903986278795592
8634.32,0.9898899856134533
8634.33,0.9888593402444681
8634.34,0.9874346414357377
8634.35,0.9859857254875917
8634.36,0.9850573648295285
8634.37,0.9850267870110404
8634.38,0.9860024357959809
8634.390000000001,0.9877917684766425
8634.4,0.9899275237562514
8634.41,0.9920034753381899
8634.42,0.9937023845139682
8634.43,0.9949034655068962
8634.44,0.995664536987051
8634.45,0.9960603558806921
8634.46,0.9962466149484116
8634.470000000001,0.9963199169466048
8634.48,0.9963568649140828
8634.490000000002,0.9963417415292212
8634.5,0.9962917020086971
8634.51,0.9962329132531472
8634.52,0.9961377548997173
8634.53,0.9959925271810387
8634.54,0.9957910547588527
8634.55,0.9955032950555224
8634.56,0.9951825549310792
8634.57,0.9948327080355461
8634.58,0.9944623096705126
8634.59,0.9940596097871639
8634.6,0.9936011443171111
8634.609999999999,0.993010539763939
8634.62,0.9923678076099794
8634.63,0.9916936999038987
8634.640000000001,0.9910354881834126
8634.65,0.990397435821816
8634.66,0.9897303146517467
8634.67,0.9889606407198229
8634.68,0.9880453673272552
8634.69,0.9871148521401968
8634.7,0.9862828615675234
8634.71,0.9855359460414963
8634.720000000001,0.9848355251273593
8634.73,0.9838414964292147
8634.74,0.9822959603321658
8634.75,0.9802106868982843
8634.76,0.9775200572289958
8634.77,0.9747929097958897
8634.78,0.9726875564577964
8634.79,0.971554574929273
8634.800000000001,0.9717176458180263
8634.81,0.9733909944332182
8634.820000000002,0.9761958235167599
8634.83,0.9796458484089486
8634.84,0.9833855765059057
8634.85,0.986753336317085
8634.859999999999,0.9895321512352934
8634.87,0.9915884983182802
8634.88,0.9928853731196732
8634.89,0.993696897271337
8634.9,0.9941541259865269
8634.91,0.99435562796102
8634.92,0.9944086611663869
8634.93,0.9942780671220252
8634.94,0.994110345838347
8634.95,0.9939882728106554
8634.96,0.9939704922096076
8634.970000000001,0.9940516256185457
8634.98,0.9942663730817917
8634.99,0.994560099167995
8635.0,0.9948656115598002
8635.01,0.9951287482401072
8635.02,0.9953221762016038
8635.03,0.9953966579890194
8635.039999999999,0.9954111065853515
8635.050000000001,0.9953809952989584
8635.06,0.9952413115149957
8635.070000000002,0.995007828185714
8635.08,0.9947476245954006
8635.09,0.9944547766997097
8635.1,0.99415318833428
8635.11,0.9938683002691276
8635.12,0.9936255255843479
8635.130000000001,0.9934522153441985
8635.14,0.9933775092995702
8635.150000000001,0.9934245142386338
8635.16,0.9935967800714618
8635.17,0.9938689127427366
8635.18,0.9941905643728647
8635.189999999999,0.9945035115100865
8635.2,0.9947729568355441
8635.21,0.9949478085093222
8635.220000000001,0.9950521974626143
8635.23,0.9950995552586064
8635.24,0.9951083759418273
8635.25,0.9951063445781416
8635.26,0.9950531330080006
8635.27,0.9950163630713308
8635.28,0.9949319556914157
8635.289999999999,0.9948644481678909
8635.300000000001,0.9948061044367622
8635.31,0.994721627910215
8635.32,0.9946091132757866
8635.33,0.9945331124585428
8635.34,0.9944805811556524
8635.35,0.9944542903229766
8635.36,0.9944493687368332
8635.37,0.9944555040592545
8635.380000000001,0.9944612097379781
8635.39,0.9944577572015004
8635.400000000001,0.9944577549945578
8635.41,0.9944356813484013
8635.42,0.9943819349081678
8635.43,0.9943264751994413
8635.44,0.9942692333878683
8635.45,0.9942098406647856
8635.460000000001,0.9941487883355022
8635.47,0.9940857196812664
8635.48,0.99402056132864
8635.49,0.9939532272500287
8635.5,0.9938836135724135
8635.51,0.9938116192259586
8635.52,0.993737144477056
8635.53,0.9936223690882567
8635.539999999999,0.9934893523149644
8635.550000000001,0.9932994540914204
8635.56,0.9930204495179245
8635.57,0.9926240412826651
8635.58,0.9921028397195543
8635.59,0.9914903343571763
8635.6,0.9908687688365769
8635.61,0.9903529859985887
8635.619999999999,0.9900507215310039
8635.630000000001,0.9900172203039931
8635.64,0.9902299307184328
8635.650000000001,0.990598823840579
8635.66,0.9910059219153968
8635.67,0.9913505623261578
8635.68,0.9915770687849201
8635.69,0.9916764584512654
8635.7,0.9916701095691641
8635.710000000001,0.9915896312064484
8635.72,0.9914849957708953
8635.730000000001,0.9913170232079375
8635.74,0.9911414227351415
8635.75,0.9909577329910821
8635.76,0.9907654577160532
8635.77,0.9905640625110615
8635.78,0.9903529714023916
8635.789999999999,0.9901315628570615
8635.800000000001,0.9898991655134474
8635.81,0.9895856158377078
8635.82,0.9892359908685902
8635.83,0.9887028792982201
8635.84,0.9878858409646568
8635.85,0.9866270546883844
8635.86,0.9847851645768348
8635.869999999999,0.9823265763762006
8635.880000000001,0.9794216643364246
8635.89,0.9764784290232009
8635.9,0.9740564638492365
8635.91,0.9726739598840523
8635.92,0.97259592890456
8635.93,0.9737181387159075
8635.94,0.9755839538899941
8635.95,0.977627153279647
8635.960000000001,0.9793020821697028
8635.97,0.98026263045072
8635.980000000001,0.980373519138135
8635.99,0.9796554776985508
8636.0,0.9782286846960915
8636.01,0.9762945820539498
8636.02,0.9741370646330917
8636.03,0.9721070821111832
8636.04,0.9704139512465333
8636.05,0.9692840128448612
8636.060000000001,0.9685796077789682
8636.07,0.967940993928324
8636.080000000002,0.9668612607294295
8636.09,0.9648615313788158
8636.1,0.9616861581365267
8636.11,0.9574468235042448
8636.119999999999,0.952641731007199
8636.130000000001,0.9480156428283237
8636.14,0.9442862529532026
8636.15,0.9418819550089762
8636.16,0.9406728853313413
8636.17,0.9401839692529255
8636.18,0.9396388696794733
8636.19,0.9382589122080244
8636.199999999999,0.9356323359870866
8636.210000000001,0.9316561602879249
8636.22,0.9258797480792007
8636.230000000001,0.9179630841999761
8636.24,0.9076838379693868
8636.25,0.895497322861427
8636.26,0.8817868199385921
8636.27,0.8669900930950128
8636.28,0.8489790458980695
8636.29,0.8309644399977196
8636.3,0.8163018862579291
8636.310000000001,0.804984289364055
8636.32,0.7990400508919493
8636.33,0.8016146091087843
8636.34,0.8116620883464083
8636.35,0.826776561314732
8636.36,0.8472418687920967
8636.37,0.8700168768620616
8636.380000000001,0.8918748764651964
8636.390000000001,0.9101960620571133
8636.4,0.9241036855663997
8636.41,0.9341909554684764
8636.42,0.941625553982781
8636.43,0.9471690433363062
8636.44,0.9514773301988821
8636.449999999999,0.9550973302864179
8636.460000000001,0.9581942452861132
8636.47,0.9608939179150893
8636.48,0.9633180442741163
8636.49,0.9654556940969936
8636.5,0.9672899449387198
8636.51,0.968870316567574
8636.52,0.970238981634234
8636.53,0.971424546160593
8636.54,0.9725413958452053
8636.55,0.9736693774109972
8636.560000000001,0.9748580742199761
8636.57,0.9761096130973085
8636.58,0.9773826843006438
8636.59,0.9786153529477901
8636.6,0.9797528691833286
8636.61,0.9807230218432855
8636.62,0.9815367264245463
8636.63,0.9820861089076484
8636.640000000001,0.9822271781515204
8636.65,0.981788637796862
8636.66,0.9803979417908696
8636.67,0.9777768335105237
8636.68,0.9738256579912552
8636.69,0.9688652118371716
8636.7,0.9637191828748473
8636.710000000001,0.9595505876295464
8636.72,0.9574787317257728
8636.73,0.9581535322171583
8636.74,0.9614707902264663
8636.75,0.9666510373522558
8636.76,0.9725005331058714
8636.77,0.9778875856824172
8636.779999999999,0.9820708519349655
8636.79,0.9847647691960809
8636.8,0.9862103860063143
8636.810000000001,0.986733261478707
8636.82,0.9866741912538879
8636.83,0.9862364022397356
8636.84,0.9856059791005158
8636.85,0.9847481264104657
8636.86,0.983825961084949
8636.87,0.9829522802702342
8636.88,0.9823222981724525
8636.890000000001,0.9820740262460194
8636.9,0.9822766602231086
8636.91,0.982816549582484
8636.92,0.9836259591760222
8636.93,0.9845249384523107
8636.94,0.9852445398578843
8636.95,0.9855562317630705
8636.960000000001,0.985168960682624
8636.970000000001,0.9838579188497761
8636.98,0.9816070266950438
8636.990000000002,0.9787606890973001
8637.0,0.9759080034072106
8637.01,0.9739155121629699
8637.02,0.9733614398391911
8637.029999999999,0.9745162631316068
8637.04,0.9769076385363221
8637.05,0.9796406813903366
8637.06,0.9815309527070751
8637.07,0.9814518368068328
8637.08,0.9787499679068479
8637.09,0.9734806551523935
8637.1,0.9665494315468526
8637.11,0.9595546564733278
8637.12,0.9543301811873627
8637.13,0.9523440585032837
8637.140000000001,0.95413871061828
8637.15,0.9592882295350093
8637.16,0.9664363534927939
8637.17,0.9738484818427173
8637.18,0.980025761111632
8637.19,0.9841427101054547
8637.2,0.9861721643758498
8637.21,0.9867077579525857
8637.220000000001,0.98652402770334
8637.23,0.9863485994013673
8637.24,0.986643134672467
8637.25,0.9875694630382709
8637.26,0.9888998441690645
8637.27,0.9904132455837741
8637.28,0.9917621835755626
8637.29,0.9928053415666521
8637.300000000001,0.9934503705190978
8637.31,0.9937216737841582
8637.320000000002,0.993694739542266
8637.33,0.9934361369015243
8637.34,0.9930950719009175
8637.35,0.9926717854119098
8637.359999999999,0.992272263538027
8637.37,0.991883635025368
8637.38,0.9914012119261439
8637.39,0.9907567848562826
8637.4,0.9899079100159774
8637.41,0.988881791974322
8637.42,0.9877982489736399
8637.43,0.986805529645089
8637.44,0.9860184339082358
8637.45,0.9854972244120059
8637.46,0.9852443008400387
8637.470000000001,0.9852430823602966
8637.48,0.9855620870074655
8637.49,0.9861273412201161
8637.5,0.9867746958701256
8637.51,0.9872476572971303
8637.52,0.9872927986280846
8637.53,0.9867947126758541
8637.54,0.9858843957478669
8637.550000000001,0.9848631054563932
8637.56,0.9842216155067113
8637.570000000002,0.9842460541473067
8637.58,0.9851502684722849
8637.59,0.986777073422353
8637.6,0.9887518099608638
8637.61,0.9907364148690475
8637.62,0.9924238802650397
8637.630000000001,0.993670047945767
8637.64,0.9944812270478472
8637.65,0.9949660878946045
8637.66,0.9952036888775386
8637.67,0.9953201227004829
8637.68,0.9953987425145827
8637.69,0.9954111903455225
8637.7,0.9954233021704105
8637.71,0.9954350855975563
8637.720000000001,0.9954465479068588
8637.73,0.9954576960655775
8637.74,0.9954685366790202
8637.75,0.9954790760899609
8637.76,0.9954414981437494
8637.77,0.9953865781512552
8637.78,0.9953273064253052
8637.789999999999,0.9952533100680174
8637.800000000001,0.9951774818735393
8637.81,0.9951181366210387
8637.82,0.9950928572788208
8637.83,0.9951111921921714
8637.84,0.9951703098573552
8637.85,0.9952562951641983
8637.86,0.9953502831311066
8637.87,0.9954497974181714
8637.880000000001,0.9955107866601134
8637.89,0.9955544428267801
8637.900000000001,0.9956043820781245
8637.91,0.9956107120852636
8637.92,0.9956168012275902
8637.93,0.995622650069259
8637.94,0.9956282587487988
8637.95,0.995633626986855
8637.96,0.9956387540633096
8637.97,0.9956436387364554
8637.98,0.9956482792937148
8637.99,0.9956526734357859
8638.0,0.9956568182897729
8638.01,0.9956607103038686
8638.02,0.9956643452701854
8638.03,0.9956677181984092
8638.039999999999,0.9956708232765832
8638.050000000001,0.9956736537582976
8638.06,0.9956760755647138
8638.07,0.9956783323438275
8638.08,0.9956802878781338
8638.09,0.9956819307356596
8638.1,0.9956832479397496
8638.11,0.9956842248361898
8638.12,0.9956296944396639
8638.130000000001,0.9955277261316461
8638.14,0.9953691701449802
8638.150000000001,0.9951056500592126
8638.16,0.9947142863585597
8638.17,0.9941989125647424
8638.18,0.9936058217502156
8638.19,0.9930264931241239
8638.2,0.9925768681510123
8638.210000000001,0.9923683860811622
8638.22,0.9924539271101555
8638.230000000001,0.9928125433417675
8638.24,0.993354813344086
8638.25,0.993958212203713
8638.26,0.9945114434541936
8638.27,0.9949457648868486
8638.28,0.9951068236115057
8638.289999999999,0.9951349322150937
8638.300000000001,0.9948993010622494
8638.31,0.9943745721312895
8638.32,0.9935078513925382
8638.33,0.9922444864151233
8638.34,0.9906911669760525
8638.35,0.9890649165957569
8638.36,0.9876940934509407
8638.369999999999,0.9869139991729079
8638.380000000001,0.9869321397648538
8638.39,0.9877355229279613
8638.4,0.9891105969105586
8638.41,0.9906677973081633
8638.42,0.9921067524797074
8638.43,0.9932148172210404
8638.44,0.9939070776651399
8638.45,0.9942535270705203
8638.460000000001,0.9943266454478934
8638.47,0.9942020652892657
8638.480000000001,0.9939119382785425
8638.49,0.9933716209012512
8638.5,0.9925116350118744
8638.51,0.9910658702494005
8638.52,0.9885628935638905
8638.53,0.9843181763842505
8638.54,0.9774931965296779
8638.55,0.9674839958463598
8638.560000000001,0.9547127228001454
8638.57,0.9403623070379297
8638.58,0.9268061147458626
8638.59,0.9171439400947917
8638.6,0.9133656474882231
8638.61,0.9165176032768028
8638.619999999999,0.9256200475557262
8638.630000000001,0.9388529419095009
8638.64,0.9531119668120729
8638.65,0.965938417351752
8638.66,0.9761389422344263
8638.67,0.9832062822492872
8638.68,0.9877257221320289
8638.69,0.9904590599740434
8638.699999999999,0.9921139627544393
8638.710000000001,0.9931391587090068
8638.72,0.9937975568810287
8638.730000000001,0.9942493756176651
8638.74,0.9945434164066379
8638.75,0.9947729863649282
8638.76,0.9948980435249857
8638.77,0.994990303451912
8638.78,0.9950387129010471
8638.79,0.9950448209164682
8638.8,0.9950152413244497
8638.810000000001,0.9949649246893376
8638.82,0.9949163248968923
8638.83,0.994896010236742
8638.84,0.9949228260249509
8638.85,0.9950009061434304
8638.86,0.9951181968613197
8638.87,0.9952523817313378
8638.880000000001,0.9953804995462302
8638.89,0.9954868380111518
8638.9,0.9955657304137218
8638.91,0.9956195533101145
8638.92,0.9956720032236107
8638.93,0.9956846503604238
8638.94,0.9956959621073597
8638.949999999999,0.9957060761246803
8638.960000000001,0.995715108569083
8638.97,0.995723157431667
8638.98,0.9957303051498503
8638.99,0.9957366206562501
8639.0,0.9957421610534948
8639.01,0.9957469727962998
8639.02,0.9957510926510322
8639.03,0.9957545483172442
8639.04,0.9957573587818193
8639.05,0.9957595344399006
8639.060000000001,0.9957610768865635
8639.07,0.9957619784517577
8639.08,0.9957622213941233
8639.09,0.9957617766698919
8639.1,0.9957606021940938
8639.11,0.9957586403390544
8639.12,0.9957558147843979
8639.13,0.9957520259194172
8639.140000000001,0.9957471447944237
8639.15,0.9957410046163089
8639.160000000002,0.9957333860226718
8639.17,0.9957240070024516
8639.18,0.9957124877056077
8639.19,0.9956983524373694
8639.199999999999,0.9956809238965377
8639.210000000001,0.9956592493734422
8639.22,0.9956119259160768
8639.23,0.995575280775441
8639.24,0.9955293152601938
8639.25,0.9954689176370113
8639.26,0.9953970495903581
8639.27,0.9952664118808355
8639.279999999999,0.995069643296698
8639.29,0.9947667709924376
8639.3,0.994308075023038
8639.310000000001,0.9936134712756715
8639.32,0.9926784607076952
8639.33,0.9914445355565189
8639.34,0.9899024470916642
8639.35,0.987962766286762
8639.36,0.9855508373843958
8639.37,0.9823773440451026
8639.38,0.9783179104807257
8639.390000000001,0.9734163168557326
8639.4,0.9682734704808897
8639.41,0.9638569196261303
8639.42,0.9613256384829905
8639.43,0.9615547134620823
8639.44,0.9646489283686979
8639.45,0.9699731133694321
8639.460000000001,0.976349672652706
8639.470000000001,0.9825194062031202
8639.48,0.9875588931037164
8639.49,0.9911555618132124
8639.5,0.9933950466992135
8639.51,0.9946327933780772
8639.52,0.9952466469951681
8639.529999999999,0.9955242425869362
8639.54,0.9955682513877976
8639.55,0.9955334595975318
8639.56,0.9953495818310956
8639.57,0.9950167389028333
8639.58,0.9944960308584627
8639.59,0.9937898914854976
8639.6,0.9929703305649373
8639.61,0.9921768773460843
8639.62,0.9916056111333439
8639.63,0.9914046126512425
8639.640000000001,0.991632446763361
8639.65,0.9922252685097366
8639.66,0.9930259974793194
8639.67,0.9938515520120639
8639.68,0.9945594453015425
8639.69,0.9950815618436131
8639.7,0.995418490532563
8639.71,0.9956106668143989
8639.720000000001,0.9957082263184776
8639.73,0.9957797495627038
8639.740000000002,0.9957800772330713
8639.75,0.9957802500699469
8639.76,0.9957802822467477
8639.77,0.9957801861852773
8639.78,0.9957799728199846
8639.79,0.9957796518058214
8639.8,0.9957792317198779
8639.81,0.995778720139117
8639.82,0.995778123900772
8639.83,0.9957774490614559
8639.84,0.9957482998454334
8639.85,0.9957243730811538
8639.859999999999,0.995690528014628
8639.87,0.9956488370350672
8639.88,0.9956053057048058
8639.890000000001,0.995568947334106
8639.9,0.9955235172763006
8639.91,0.9955076268813882
8639.92,0.9955075453488569
8639.93,0.9955195262974645
8639.94,0.995539002024496
8639.95,0.9955629206166331
8639.96,0.9955901199416153
8639.970000000001,0.9956442870741009
8639.98,0.9956629056410204
8639.99,0.9956859049530958
8640.0,0.9957080472748656
8640.01,0.9957257767194396
8640.02,0.9957658057382581
8640.03,0.9957416561053403
8640.04,0.9957222657372176
8640.050000000001,0.9956958652103904
8640.06,0.995666722590246
8640.070000000002,0.9956348731683129
8640.08,0.9956093736662891
8640.09,0.995548993582223
8640.1,0.99550989147634
8640.109999999999,0.995464261334928
8640.12,0.995408521273393
8640.13,0.9953456481613849
8640.14,0.9952874176346875
8640.15,0.9952510460253049
8640.16,0.9952664213602054
8640.17,0.9952999828663489
8640.18,0.9953702489262635
8640.19,0.9954583055121827
8640.2,0.995544459290256
8640.21,0.9956149513759873
8640.220000000001,0.9956644635797698
8640.23,0.9956945519301137
8640.24,0.995725076764693
8640.25,0.9957229468353539
8640.26,0.9957208050882055
8640.27,0.9957186516972379
8640.28,0.9957164868395891
8640.289999999999,0.9957143106882481
8640.300000000001,0.9957121234040236
8640.31,0.9957099251195258
8640.320000000002,0.9957077159902445
8640.33,0.9957054961524748
8640.34,0.9957032657550371
8640.35,0.9956393808406325
8640.36,0.9955380149110574
8640.37,0.9953171874809681
8640.380000000001,0.9948849417126253
8640.39,0.9941317102069712
8640.400000000001,0.9929730089381841
8640.41,0.9914167958358245
8640.42,0.9896243908165446
8640.43,0.9879160577237406
8640.439999999999,0.9866895207362472
8640.45,0.9862726257073069
8640.46,0.9867832141544943
8640.470000000001,0.9880759620861331
8640.48,0.9898077493310097
8640.49,0.9915828284200554
8640.5,0.9930958749730937
8640.51,0.994203912788725
8640.52,0.9949124986433261
8640.53,0.9953118285439195
8640.539999999999,0.9955110601209748
8640.550000000001,0.9955666694376228
8640.56,0.9955960118590821
8640.57,0.9955167907975099
8640.58,0.9954250457962017
8640.59,0.9952986974707259
8640.6,0.9950569004616625
8640.61,0.9947524480209166
8640.62,0.9943152638089936
8640.630000000001,0.9936925688454076
8640.64,0.992832926040286
8640.650000000001,0.9917195235756572
8640.66,0.9904157835344742
8640.67,0.9890964252991529
8640.68,0.9880517098706761
8640.69,0.9875026420598112
8640.7,0.9876643368710758
8640.710000000001,0.9885210177344167
8640.72,0.9898677042614085
8640.73,0.9913946136397728
8640.74,0.9928235254196597
8640.75,0.993930048427883
8640.76,0.9946920666608755
8640.77,0.995152690930027
8640.78,0.9953986990784832
8640.789999999999,0.9955149455986548
8640.800000000001,0.9955922657920085
8640.81,0.9955896095360565
8640.82,0.9955869462896695
8640.83,0.9955842760583732
8640.84,0.9955815988632967
8640.85,0.9955570803800784
8640.86,0.9955762236774145
8640.869999999999,0.9955735257110105
8640.880000000001,0.9955708208794579
8640.89,0.9955681091719719
8640.900000000001,0.9955653906285891
8640.91,0.9955626652562135
8640.92,0.9955599330670892
8640.93,0.9955571940883284
8640.94,0.9955544483329372
8640.95,0.9955516958022925
8640.960000000001,0.9955489365545239
8640.97,0.995510090944582
8640.980000000001,0.9954925180501677
8640.99,0.995436734068189
8641.0,0.9953471622653621
8641.01,0.9951450804555773
8641.02,0.9946983822197821
8641.03,0.9936917123107143
8641.039999999999,0.9919019805882994
8641.050000000001,0.9889708065638031
8641.06,0.9847677888518934
8641.07,0.979486383194752
8641.08,0.9738053369568838
8641.09,0.9688037184247021
8641.1,0.9655836259609063
8641.11,0.9649045123736629
8641.119999999999,0.9669087076740881
8641.130000000001,0.9710805545387047
8641.14,0.9764483217150046
8641.15,0.9819330398777603
8641.16,0.9866637627827037
8641.17,0.9902553450348974
8641.18,0.9926549094499016
8641.19,0.9940850892828157
8641.2,0.9948498476299124
8641.210000000001,0.9951864778606474
8641.22,0.9952716767129486
8641.230000000001,0.9952130870649518
8641.24,0.9949983990318841
8641.25,0.9946895859996611
8641.26,0.9943009563277249
8641.27,0.993882921234985
8641.28,0.9935168095809803
8641.29,0.9932908820930507
8641.3,0.9932659956676702
8641.310000000001,0.9934488536846755
8641.32,0.9937887205024775
8641.33,0.9941997651523308
8641.34,0.9945957275530537
8641.35,0.9949179365362081
8641.36,0.9951449624765604
8641.369999999999,0.9952991239742115
8641.380000000001,0.9953667192943587
8641.39,0.9953989027477617
8641.4,0.9953710547239525
8641.41,0.9953153859378162
8641.42,0.995224512784576
8641.43,0.995092454572041
8641.44,0.9949246632313892
8641.449999999999,0.9947428109384514
8641.460000000001,0.9945827442677114
8641.47,0.994483662283721
8641.480000000001,0.9944724083531478
8641.49,0.9945513547817249
8641.5,0.9946972907421064
8641.51,0.9948720194690719
8641.52,0.9950381087207764
8641.53,0.9951710196286666
8641.54,0.9952626833414544
8641.55,0.9953175863970314
8641.560000000001,0.9953459268038524
8641.57,0.9953683886188042
8641.58,0.9953652346757376
8641.59,0.9953620746183967
8641.6,0.9953589084565265
8641.61,0.9953557361836085
8641.62,0.9953525578142869
8641.630000000001,0.995349373343519
8641.640000000001,0.9952660088092097
8641.65,0.9951500028287001
8641.66,0.9949079244828825
8641.67,0.9944433029409611
8641.68,0.9935964994994447
8641.69,0.9922818028424728
8641.699999999999,0.9904351981036664
8641.710000000001,0.9881577998848502
8641.72,0.9857400223580667
8641.73,0.9836392720462288
8641.74,0.9822199372133755
8641.75,0.9818066353745455
8641.76,0.9823620235100627
8641.77,0.9835448467367144
8641.78,0.9846580045910207
8641.79,0.9848396183529583
8641.8,0.9834727607745408
8641.810000000001,0.9799729582623748
8641.82,0.9744105213322906
8641.83,0.9674749006215343
8641.84,0.9603681498926758
8641.85,0.9544728498850762
8641.86,0.9507523463727466
8641.87,0.9498736420368321
8641.88,0.9516531227982286
8641.890000000001,0.9555263257608912
8641.9,0.9604913005107616
8641.91,0.9653188721442888
8641.92,0.9688757786808255
8641.93,0.9703758453077684
8641.94,0.9697602734933196
8641.95,0.967745742862821
8641.960000000001,0.9656216686305652
8641.97,0.964621175355159
8641.98,0.9654971460966533
8641.99,0.9682361857871614
8642.0,0.9722893472487777
8642.01,0.9768329688988675
8642.02,0.9810732618228292
8642.029999999999,0.9846161839574314
8642.04,0.9874142812555904
8642.05,0.9895547461905395
8642.06,0.9911982490286769
8642.07,0.9924670649617807
8642.08,0.9933962972607322
8642.09,0.9940874768692005
8642.1,0.9945072609321578
8642.11,0.9947744789975304
8642.12,0.9948797199891095
8642.13,0.9949256859095877
8642.140000000001,0.9949717936503172
8642.15,0.9949792576211309
8642.16,0.9950039477098916
8642.17,0.9950382482314285
8642.18,0.9950734315967718
8642.19,0.9951028358328763
8642.2,0.9951233844430255
8642.210000000001,0.995151627217827
8642.220000000001,0.9951479470466927
8642.23,0.9951442498574616
8642.240000000002,0.9951405344954894
8642.25,0.9951367996156311
8642.26,0.9951330437349961
8642.27,0.9951292651108218
8642.279999999999,0.995125461792048
8642.29,0.9951216314769893
8642.3,0.9951177715569198
8642.31,0.995113878988191
8642.32,0.9951099502375019
8642.33,0.9951059811937831
8642.34,0.9951019669757522
8642.35,0.9950979018789511
8642.36,0.995093779111045
8642.37,0.9950895905587572
8642.38,0.9950853265264179
8642.390000000001,0.9950809752751801
8642.4,0.9950765225505512
8642.41,0.9949824108707189
8642.42,0.9948549782078935
8642.43,0.9946069227458428
8642.44,0.9941733017723933
8642.45,0.993500649367727
8642.46,0.9925856949720565
8642.470000000001,0.9915131426870396
8642.48,0.9904643465176717
8642.49,0.9896754351550813
8642.5,0.9893526377908405
8642.51,0.9895850142066898
8642.52,0.9903039310928101
8642.53,0.99131307379725
8642.54,0.9923756286634832
8642.550000000001,0.9932990617535293
8642.56,0.993987608273424
8642.570000000002,0.9944322794010757
8642.58,0.9946830417157957
8642.59,0.9948101993681073
8642.6,0.9948673602272514
8642.609999999999,0.9949059410900768
8642.62,0.9949103978384918
8642.63,0.9949173327677262
8642.64,0.9949229723998062
8642.65,0.9949300797832097
8642.66,0.994936125374881
8642.67,0.9949411372493437
8642.68,0.9949188232475418
8642.69,0.9949044403556576
8642.7,0.9948859893110316
8642.71,0.9948664816140942
8642.720000000001,0.9948501848390812
8642.73,0.9948413106946588
8642.74,0.9948421207618651
8642.75,0.9948519421685125
8642.76,0.9948675434759305
8642.77,0.9948846079836081
8642.78,0.9948994320806932
8642.79,0.9949290748956536
8642.800000000001,0.994926027415027
8642.81,0.9949228713991741
8642.820000000002,0.9949196223674145
8642.83,0.9949162930362325
8642.84,0.9949128938864705
8642.85,0.994909433657989
8642.86,0.9949059196492878
8642.87,0.9949023579950808
8642.880000000001,0.9948987538780496
8642.89,0.9948951117011611
8642.9,0.9948914352360625
8642.91,0.9948877277318594
8642.92,0.9948839919221932
8642.93,0.9948802302475008
8642.94,0.9948764447643469
8642.95,0.994872637313191
8642.96,0.9948688094640357
8642.970000000001,0.994864962621507
8642.98,0.9948610979879543
8642.99,0.9948572166611763
8643.0,0.994853319587673
8643.01,0.9948494076084355
8643.02,0.9948454814923108
8643.03,0.9948415418854211
8643.039999999999,0.9948375894140726
8643.050000000001,0.9948336245885213
8643.06,0.9948296479035226
8643.07,0.9948256598015537
8643.08,0.9948216606562208
8643.09,0.9947486745775157
8643.1,0.9946201640215494
8643.11,0.9943181428924498
8643.12,0.9936760028012667
8643.130000000001,0.9924547337088196
8643.14,0.9903938721458679
8643.150000000001,0.9873350808122578
8643.16,0.9834123378162692
8643.17,0.9790749770984101
8643.18,0.9751791078775063
8643.19,0.9726473513363154
8643.2,0.9720953446649973
8643.21,0.9736720504827437
8643.22,0.9768437945213178
8643.23,0.9806478827982567
8643.24,0.9840145231905015
8643.25,0.9860962068953879
8643.26,0.9865839628839506
8643.27,0.9856418976034891
8643.28,0.9838817772875467
8643.289999999999,0.9820617592942666
8643.300000000001,0.9809611755192842
8643.31,0.9809636913586899
8643.32,0.982149274154126
8643.33,0.9839926485048895
8643.34,0.9856995942124446
8643.35,0.986404321284665
8643.36,0.9853033322428095
8643.369999999999,0.9820100869776897
8643.380000000001,0.9766508333342478
8643.39,0.9701081015882558
8643.400000000001,0.9637956378748592
8643.41,0.9592868010577599
8643.42,0.9577847377881933
8643.43,0.959703988369502
8643.44,0.9645725691220973
8643.45,0.9711783521701349
8643.460000000001,0.9780637499122375
8643.47,0.9840365399965473
8643.480000000001,0.9884619932327425
8643.49,0.9913575764042831
8643.5,0.9930274474422207
8643.51,0.9938928433424872
8643.52,0.9943029002160622
8643.53,0.9944843827531014
8643.539999999999,0.9945863957665753
8643.550000000001,0.9945990915127053
8643.56,0.9946138919117368
8643.57,0.9946094906834063
8643.58,0.9946050826720455
8643.59,0.9946006678157288
8643.6,0.9945962461435329
8643.61,0.994591817620495
8643.619999999999,0.9945873822571608
8643.630000000001,0.9945517694468534
8643.64,0.9945097060448028
8643.65,0.9944039651076623
8643.66,0.9942434084544045
8643.67,0.9939587821727307
8643.68,0.9935518768980228
8643.69,0.9929890173823365
8643.7,0.9922961331053651
8643.710000000001,0.9914590488317163
8643.72,0.9904790045727497
8643.730000000001,0.9893577215970977
8643.74,0.9881187147108427
8643.75,0.9868448110051186
8643.76,0.9856748250834683
8643.77,0.9848385637316907
8643.78,0.9845392047195656
8643.79,0.9848445319714981
8643.8,0.98565251210958
8643.810000000001,0.9866250905786563
8643.82,0.987523041576554
8643.83,0.9881037902286731
8643.84,0.9884652954892023
8643.85,0.9887124487229337
8643.86,0.9891270744610408
8643.869999999999,0.9898020977996088
8643.880000000001,0.9907039915130287
8643.89,0.9916927994646226
8643.9,0.9926287102561533
8643.91,0.9933420965072921
8643.92,0.9938365241331527
8643.93,0.9941363682545229
8643.94,0.994296127073766
8643.949999999999,0.994370443407328
8643.960000000001,0.9944192344944224
8643.97,0.9944143674369675
8643.980000000001,0.994409489200538
8643.99,0.9944045996668418
8644.0,0.9943541480043199
8644.01,0.9942212425338107
8644.02,0.9939982688445167
8644.03,0.9935798481398747
8644.04,0.992872436558184
8644.05,0.9918048110640624
8644.060000000001,0.9903817189865634
8644.07,0.9887333184036214
8644.08,0.9870968787602822
8644.09,0.985851810694175
8644.1,0.985288224255291
8644.11,0.9855556788659657
8644.12,0.9865839850595992
8644.130000000001,0.9881116938828768
8644.14,0.9897919170680274
8644.15,0.9913184263633789
8644.16,0.9925099775576735
8644.17,0.9933241652433182
8644.18,0.9938161561701734
8644.19,0.9941142455357238
8644.199999999999,0.9942220082205965
8644.210000000001,0.9942938566349396
8644.22,0.994288660565789
8644.23,0.9942566739504634
8644.24,0.9942378600809011
8644.25,0.9942180086623131
8644.26,0.994200092768624
8644.27,0.9941217969116226
8644.28,0.9940254756643596
8644.29,0.9938460267311796
8644.3,0.993531207205436
8644.310000000001,0.9930348112977411
8644.32,0.9923474740721845
8644.33,0.9915443010084163
8644.34,0.990720672307171
8644.35,0.9900870785945916
8644.36,0.9897683631162786
8644.37,0.989859581327506
8644.38,0.9902651281262651
8644.390000000001,0.9907847520402803
8644.4,0.9911110488948999
8644.410000000002,0.9910620771383507
8644.42,0.9904682083164067
8644.43,0.9892784624110237
8644.44,0.9875083545277801
8644.449999999999,0.9851986079834328
8644.460000000001,0.9824681186062852
8644.47,0.9793411557577602
8644.48,0.9762042281596021
8644.49,0.9735847872916531
8644.5,0.9719965334864663
8644.51,0.9717745795468617
8644.52,0.9727019574078622
8644.529999999999,0.9739646198351549
8644.54,0.974350141514721
8644.55,0.9727523923274448
8644.560000000001,0.9687635720081934
8644.57,0.9630139949258711
8644.58,0.9571089754744347
8644.59,0.9528995671763006
8644.6,0.9518606063055884
8644.61,0.9544170604490535
8644.62,0.9599804396915729
8644.63,0.9669374874916361
8644.640000000001,0.9734857883865607
8644.65,0.9779993088479384
8644.66,0.9795291922105857
8644.67,0.9779390759209224
8644.68,0.9738321112852976
8644.69,0.9683830743923003
8644.7,0.9630964979149723
8644.710000000001,0.9594799411139112
8644.720000000001,0.9586079785494853
8644.73,0.9608033182347109
8644.740000000002,0.9656387481201938
8644.75,0.9719924046412093
8644.76,0.9785302361142361
8644.77,0.984166381265195
8644.779999999999,0.9883242636844937
8644.79,0.9910485787979506
8644.8,0.9925799089755969
8644.81,0.9933527461426012
8644.82,0.9936986314697217
8644.83,0.993833781971246
8644.84,0.9939014551971481
8644.85,0.9938645477359482
8644.86,0.9938221832182625
8644.87,0.9937527957021368
8644.88,0.9936473878805842
8644.890000000001,0.9935035445994734
8644.9,0.9933316585776713
8644.91,0.9931575175868695
8644.92,0.9930173231383139
8644.93,0.9929451584045695
8644.94,0.9929585259855833
8644.95,0.993019056733118
8644.96,0.9930985978230468
8644.970000000001,0.9930935917580608
8644.98,0.9928625901582029
8644.990000000002,0.9922090336698072
8645.0,0.9908944228702261
8645.01,0.9887038059258879
8645.02,0.9855911140048336
8645.03,0.9817692158547769
8645.04,0.9778177114055645
8645.050000000001,0.9745934491995053
8645.06,0.9728991709889867
8645.07,0.973188573150584
8645.08,0.9753400865438948
8645.09,0.9787973175117033
8645.1,0.9826887591381636
8645.109999999999,0.9862041949631185
8645.12,0.9889144172537302
8645.13,0.9906911685506375
8645.140000000001,0.9916963165525984
8645.15,0.9921584732799259
8645.16,0.9923450693219102
8645.17,0.9923799091375872
8645.18,0.9923364366130619
8645.19,0.9921568787482685
8645.2,0.9918869172238328
8645.21,0.9915446135956167
8645.220000000001,0.9911862338595515
8645.23,0.9908845693555268
8645.24,0.9907107550692231
8645.25,0.9906246962191366
8645.26,0.9906061588577468
8645.27,0.9905242958226875
8645.28,0.9902298514684544
8645.29,0.9895432224167952
8645.300000000001,0.9881700635202592
8645.31,0.9855483782534232
8645.320000000002,0.9809567079943222
8645.33,0.9734968592128803
8645.34,0.9623622744207082
8645.35,0.9478199273727466
8645.359999999999,0.9312087588336013
8645.37,0.9150687389513816
8645.38,0.9028508033294311
8645.39,0.897147757462522
8645.4,0.8991119885640366
8645.41,0.9081735937808157
8645.42,0.9225460114357269
8645.43,0.9388692265146781
8645.44,0.9541504446522938
8645.45,0.966743401475895
8645.46,0.9756555826990497
8645.470000000001,0.9812494196014566
8645.48,0.9842506213747804
8645.49,0.9853811946893384
8645.5,0.98530048749896
8645.51,0.984588873095356
8645.52,0.9838339815140376
8645.53,0.9834518395747212
8645.539999999999,0.9837940104838027
8645.550000000001,0.9848054745858211
8645.56,0.9863202429863338
8645.570000000002,0.9880262530930708
8645.58,0.9895804081690106
8645.59,0.9907881599508724
8645.6,0.9915998093670709
8645.61,0.9920695092722477
8645.62,0.9922466972742559
8645.630000000001,0.992225526804512
8645.64,0.9920183478893637
8645.650000000001,0.9914565821508264
8645.66,0.990437921662533
8645.67,0.9887887224517284
8645.68,0.9863707048029446
8645.689999999999,0.9832826304357553
8645.7,0.9797990700847783
8645.71,0.9766146414855162
8645.720000000001,0.9744608954705047
8645.73,0.9739283714925543
8645.74,0.9752033942604844
8645.75,0.9779582388889813
8645.76,0.9815158692009632
8645.77,0.9851062800355626
8645.78,0.9881192395584627
8645.789999999999,0.9903337747738503
8645.800000000001,0.9917481582825464
8645.81,0.9925463391920784
8645.82,0.9929482292644898
8645.83,0.9931303678487884
8645.84,0.9932056050797498
8645.85,0.9932459317617707
8645.86,0.9932486491701753
8645.87,0.9932504404747814
8645.880000000001,0.9932514547444061
8645.89,0.9932518021235093
8645.900000000001,0.9932222662419018
8645.91,0.99316679780387
8645.92,0.9930314173269121
8645.93,0.9927352581571909
8645.94,0.992156547796114
8645.95,0.9911519937559875
8645.960000000001,0.9896143547038375
8645.97,0.987517114182823
8645.98,0.9850965448025317
8645.99,0.9826169558618846
8646.0,0.9804069424012167
8646.01,0.9784962707978782
8646.02,0.9764320057332828
8646.03,0.9733064991316303
8646.039999999999,0.9681445895989573
8646.050000000001,0.9605533713194273
8646.06,0.9512613872459076
8646.07,0.9421189428784278
8646.08,0.9354693045551946
8646.09,0.9332437851643232
8646.1,0.9362475577629374
8646.11,0.9438971670066609
8646.119999999999,0.9544755656628812
8646.130000000001,0.9656702520559014
8646.14,0.9754731509322115
8646.150000000001,0.9827700655575132
8646.16,0.9872218775900752
8646.17,0.9891045690150767
8646.18,0.9886831861811655
8646.19,0.98605871025954
8646.2,0.9812531458885061
8646.210000000001,0.9744453303722616
8646.22,0.9664528693864443
8646.230000000001,0.9586506500192633
8646.24,0.9527733171419165
8646.25,0.9502579750489372
8646.26,0.951750675835972
8646.27,0.9568636433661247
8646.28,0.9643210194893646
8646.289999999999,0.972435958823564
8646.300000000001,0.9797116686429811
8646.31,0.985278494574013
8646.32,0.9889522827294435
8646.33,0.9911066578519269
8646.34,0.9922160205986569
8646.35,0.9927226589210445
8646.36,0.9929273262894577
8646.369999999999,0.99299893691615
8646.380000000001,0.9929757564532623
8646.39,0.9928925704052147
8646.4,0.9927285730113817
8646.41,0.9924342526545696
8646.42,0.9919620697178321
8646.43,0.991293969719594
8646.44,0.990473431083833
8646.45,0.9896217856852739
8646.460000000001,0.988918107126016
8646.47,0.9885081820804342
8646.480000000001,0.9885502163140356
8646.49,0.9890074517521596
8646.5,0.9897211123424929
8646.51,0.9905054043778677
8646.52,0.9910470176648036
8646.53,0.9911616624599473
8646.54,0.9905378718050365
8646.55,0.9888703647681363
8646.560000000001,0.9858497402446382
8646.57,0.9813546191384794
8646.58,0.9757393803824217
8646.59,0.9698023809362163
8646.6,0.9647901238638994
8646.61,0.961910139827705
8646.619999999999,0.9619143003458558
8646.630000000001,0.9647998044848023
8646.64,0.9698102249854338
8646.65,0.9757361965461715
8646.66,0.9813724968828393
8646.67,0.9858759660526447
8646.68,0.9889748931295278
8646.69,0.9908452706293243
8646.699999999999,0.9917563290629204
8646.710000000001,0.9920980213032761
8646.72,0.9921202201252828
8646.730000000001,0.9919075072735998
8646.74,0.991601080518592
8646.75,0.9912238047271298
8646.76,0.9908543188181206
8646.77,0.990560405398832
8646.78,0.9904133318501027
8646.79,0.9904594448648297
8646.8,0.9906966367514963
8646.810000000001,0.9910713329286096
8646.82,0.9914994282006281
8646.83,0.9919084313662733
8646.84,0.9922204366840632
8646.85,0.9924369717572313
8646.86,0.9925013784338969
8646.87,0.9924557123443317
8646.880000000001,0.9922026417517322
8646.890000000001,0.9915978158546548
8646.9,0.9904916613601848
8646.91,0.9886965008677733
8646.92,0.9861607107369933
8646.93,0.9830004347383721
8646.94,0.9797019021100659
8646.949999999999,0.976947493932235
8646.960000000001,0.9754179777914566
8646.97,0.9755346172790071
8646.98,0.9772459998212693
8646.99,0.9801011108469629
8647.0,0.9834029359134612
8647.01,0.9864882119918602
8647.02,0.9889097942889249
8647.03,0.9905894728193985
8647.04,0.9916015555506792
8647.05,0.9921022730690819
8647.060000000001,0.9923423929717438
8647.07,0.9923981680860956
8647.08,0.9924045401199874
8647.09,0.9923548802439305
8647.1,0.9923166367619332
8647.11,0.9922980706878882
8647.12,0.9923023189178091
8647.13,0.9923259306402947
8647.140000000001,0.9923604747305382
8647.15,0.9923628813250414
8647.16,0.992273676812075
8647.17,0.9920397465292988
8647.18,0.991450302134736
8647.19,0.9902097048727421
8647.2,0.9879536327881685
8647.210000000001,0.9843097101749817
8647.22,0.97908713826565
8647.23,0.9726746550186214
8647.24,0.9659526579577205
8647.25,0.960235214374632
8647.26,0.956838522271127
8647.27,0.9566065896863908
8647.279999999999,0.959595068039611
8647.29,0.9650510183686012
8647.3,0.9716964453089896
8647.31,0.97819252996933
8647.32,0.9835337193962561
8647.33,0.9873501398997204
8647.34,0.9897259729738509
8647.35,0.9910419204767145
8647.36,0.9916391131436915
8647.37,0.9919026142780514
8647.38,0.9919888589626221
8647.390000000001,0.992018178300549
8647.4,0.9920404995465582
8647.41,0.992081883735551
8647.42,0.9920953920042542
8647.43,0.9921175965978738
8647.44,0.9921240232876383
8647.45,0.9921170785088846
8647.460000000001,0.99212023444547
8647.470000000001,0.9921019382557625
8647.48,0.9920974261525696
8647.490000000002,0.9921056240933213
8647.5,0.9921219967419163
8647.51,0.9921405718209767
8647.52,0.9921269865492413
8647.529999999999,0.992088074239927
8647.54,0.9919947765663365
8647.55,0.9917621740443883
8647.56,0.9913500259573103
8647.57,0.9906989367309703
8647.58,0.9897944372293518
8647.59,0.9887081561031975
8647.6,0.9876135114743959
8647.61,0.9867507065224754
8647.62,0.9863432786215613
8647.63,0.9865042993610355
8647.640000000001,0.987185131044715
8647.65,0.9881977307236277
8647.66,0.9892968768384857
8647.67,0.990274127394781
8647.68,0.9910152519289949
8647.69,0.9915034691932938
8647.7,0.9917849681225953
8647.71,0.9919267070025499
8647.720000000001,0.9919876018655851
8647.73,0.9920234556242002
8647.74,0.9920148702636733
8647.75,0.9920062698299069
8647.76,0.9919976542896245
8647.77,0.9919890235976028
8647.78,0.9919803777204885
8647.79,0.9919717165949667
8647.800000000001,0.9919630401949164
8647.81,0.9919543484592058
8647.820000000002,0.9919456413584922
8647.83,0.9919369188411508
8647.84,0.9919281808484351
8647.85,0.9919194273539857
8647.859999999999,0.9919106582997548
8647.87,0.9919018736293372
8647.88,0.9918930732981164
8647.89,0.9918436266171607
8647.9,0.9917939376504773
8647.91,0.9917187608973432
8647.92,0.9916152817616379
8647.93,0.9914894447969586
8647.94,0.9913584843762813
8647.95,0.9912482567060522
8647.96,0.9911847792791771
8647.970000000001,0.9911834738411243
8647.98,0.9912421267357754
8647.99,0.9913419240564725
8648.0,0.9914559056429919
8648.01,0.9914740968017255
8648.02,0.9914356528314141
8648.03,0.9912273160251662
8648.039999999999,0.9908266726768729
8648.050000000001,0.9901912345915502
8648.06,0.9892890638532362
8648.070000000002,0.988239886685168
8648.08,0.9872223160529174
8648.09,0.9864306972338492
8648.1,0.9860294494912483
8648.11,0.9860273831081168
8648.12,0.9862206652179935
8648.130000000001,0.9862296965854461
8648.14,0.9856247448163112
8648.15,0.9841240861543259
8648.16,0.9817147850831979
8648.17,0.9788272351975196
8648.18,0.9761716440973754
8648.19,0.9745173899218817
8648.2,0.9743947303514041
8648.21,0.9758978638962119
8648.220000000001,0.9786094098892338
8648.23,0.98188372726108
8648.24,0.9850321719236067
8648.25,0.9875614955932801
8648.26,0.9893120697045734
8648.27,0.9903594253116773
8648.28,0.990823912201361
8648.289999999999,0.9909074190425077
8648.300000000001,0.9907164054852036
8648.31,0.9903601515798439
8648.32,0.9898533126467244
8648.33,0.9893467250128805
8648.34,0.988945527986277
8648.35,0.9887467170477556
8648.36,0.9888005306549862
8648.37,0.9890889495464502
8648.380000000001,0.9895339223367361
8648.39,0.9900302106862381
8648.400000000001,0.9904842345215148
8648.41,0.9908397943464518
8648.42,0.9910822698934362
8648.43,0.9912269209598679
8648.44,0.9913227952432065
8648.45,0.991362388794305
8648.46,0.9912957603174858
8648.47,0.9912325945849747
8648.48,0.9911398016942032
8648.49,0.9910169392257622
8648.5,0.990874464591961
8648.51,0.9907349233909285
8648.52,0.9906278326313079
8648.53,0.9905790230393405
8648.539999999999,0.9905995144647485
8648.550000000001,0.9906804164568179
8648.56,0.9907970496255147
8648.57,0.9909196961051042
8648.58,0.991024626765127
8648.59,0.9910734125784352
8648.6,0.9910827214681716
8648.61,0.9910625124161881
8648.619999999999,0.9909287586215242
8648.630000000001,0.9907290874328423
8648.64,0.9904647744453603
8648.650000000001,0.9901616393435374
8648.66,0.9898715411609894
8648.67,0.9896595767648187
8648.68,0.9895800916059558
8648.69,0.9896519088166067
8648.7,0.9898517550864439
8648.710000000001,0.9901216673299397
8648.72,0.9903968670947171
8648.730000000001,0.9906295983284644
8648.74,0.9907978789061346
8648.75,0.9908220402555232
8648.76,0.9907908537006497
8648.769999999999,0.9906914381109634
8648.78,0.9904624658787599
8648.789999999999,0.9901623431619861
8648.800000000001,0.9898222756821164
8648.81,0.989503006485716
8648.82,0.9892759150654518
8648.83,0.9891993505706657
8648.84,0.9892925870667346
8648.85,0.9895273623700991
8648.86,0.989840586523615
8648.869999999999,0.9901605817367232
8648.880000000001,0.9904322382300731
8648.89,0.9906298298154435
8648.9,0.990754081525935
8648.91,0.9908362164573495
8648.92,0.9908793086898346
8648.93,0.9908694233875287
8648.94,0.9908594316977833
8648.95,0.9908493457746519
8648.960000000001,0.9908391757691885
8648.97,0.9908289302018587
8648.980000000001,0.9908186162808814
8648.99,0.9907658763296089
8649.0,0.9906967117173384
8649.01,0.990568841167318
8649.02,0.9903498783607546
8649.03,0.9900117333721808
8649.04,0.9895501018626885
8649.05,0.9890040029399497
8649.060000000001,0.9884619788658378
8649.07,0.9880431082291012
8649.08,0.9878782805034834
8649.09,0.9879478833337966
8649.1,0.9882461107614935
8649.11,0.9886803629444182
8649.119999999999,0.9890821510523443
8649.130000000001,0.9892975622011654
8649.14,0.9892684156463128
8649.15,0.9889646557192883
8649.16,0.9884509684319933
8649.17,0.9878847640790883
8649.18,0.9874105445280484
8649.19,0.9871499489746897
8649.199999999999,0.9872268719891911
8649.210000000001,0.9876160520908231
8649.22,0.9881848285586969
8649.230000000001,0.9887999674037259
8649.24,0.989310216881046
8649.25,0.9894836424922194
8649.26,0.9892675970722478
8649.27,0.9884035761636195
8649.28,0.9866222720035271
8649.29,0.9836012307229599
8649.3,0.9791471105576617
8649.310000000001,0.973557833180871
8649.32,0.9675829521602025
8649.33,0.9623880917417025
8649.34,0.9591973488533478
8649.35,0.9587846332213986
8649.36,0.9612463709152164
8649.37,0.9657785258172489
8649.380000000001,0.9709318433697193
8649.39,0.9749450020553171
8649.4,0.9762829480209295
8649.41,0.9738417820580801
8649.42,0.9673038417930431
8649.43,0.957382119264119
8649.44,0.9458607176948705
8649.449999999999,0.9352458393962119
8649.460000000001,0.9280615328656272
8649.47,0.9260928138359661
8649.48,0.929812955281364
8649.49,0.9383322632393325
8649.5,0.9496837653232838
8649.51,0.9614360698863336
8649.52,0.9715203876821148
8649.53,0.9787763818037091
8649.54,0.9829831900991817
8649.55,0.9846917328646746
8649.560000000001,0.9846641397988831
8649.57,0.9836969616427459
8649.58,0.9824543666048522
8649.59,0.9815138096749515
8649.6,0.9811499323156019
8649.61,0.9814792248476794
8649.62,0.9823914349930177
8649.63,0.9836981226943395
8649.640000000001,0.9851260948510115
8649.65,0.986460545547643
8649.660000000002,0.9875686314311287
8649.67,0.9884028035741228
8649.68,0.9889571722121657
8649.69,0.9893316347118626
8649.699999999999,0.989602402297814
8649.710000000001,0.9897201341957553
8649.72,0.9897960493673964
8649.73,0.989854210590316
8649.74,0.9898721354369238
8649.75,0.9899033660512649
8649.76,0.9898558054501972
8649.77,0.9898067277584955
8649.779999999999,0.9897338090632755
8649.79,0.989633347456649
8649.8,0.989479750600172
8649.810000000001,0.9892840793768792
8649.82,0.9889959935814583
8649.83,0.9885275102352714
8649.84,0.9876044213087019
8649.85,0.9858908455550116
8649.86,0.9829642017198291
8649.87,0.9785285303100664
8649.88,0.9726831298038838
8649.890000000001,0.9661188494492577
8649.9,0.9600215478183726
8649.91,0.9557949029813474
8649.92,0.9544004079282606
8649.93,0.9559538146034019
8649.94,0.9596398163029226
8649.95,0.963791464073035
8649.960000000001,0.9665489142276869
8649.970000000001,0.9665896272823171
8649.98,0.9637101877486509
8649.990000000002,0.9589082947654488
8650.0,0.9540154061013709
8650.01,0.9508853038374112
8650.02,0.9506429634630921
8650.029999999999,0.9533923303780137
8650.04,0.9581520520252775
8650.05,0.9632276048268197
8650.06,0.9670851900859364
8650.07,0.9688930163039188
8650.08,0.9688782819799246
8650.09,0.9680317704860676
8650.1,0.9676190930048072
8650.11,0.9685270703635904
8650.12,0.9709826361033165
8650.13,0.9745832862042503
8650.140000000001,0.9785931521158754
8650.15,0.9822287296211025
8650.16,0.9850616096992325
8650.17,0.9869700927848564
8650.18,0.9880889279280292
8650.19,0.9886603925033584
8650.2,0.9889031580804376
8650.21,0.9889616677260721
8650.220000000001,0.9889545283269222
8650.23,0.9888469307676306
8650.240000000002,0.9885669461107919
8650.25,0.9879378839049944
8650.26,0.9866551052784531
8650.27,0.9842278121360194
8650.28,0.9801840281892037
8650.29,0.9741966392361602
8650.300000000001,0.9665476762261106
8650.31,0.9581620843677855
8650.32,0.9506374383700749
8650.33,0.9456006656460296
8650.34,0.944204267283594
8650.35,0.9467013626748344
8650.359999999999,0.952253125460966
8650.37,0.9594200914097608
8650.38,0.9665973712645447
8650.390000000001,0.9725435575383691
8650.4,0.9766808471818673
8650.41,0.9789837556269041
8650.42,0.9796817553597275
8650.43,0.9790858210093916
8650.44,0.9775109778792692
8650.45,0.9754687482454952
8650.46,0.9734939141445228
8650.470000000001,0.9722510490222861
8650.48,0.9722470003529695
8650.49,0.9736034624443912
8650.5,0.9760550721253901
8650.51,0.9790731702779694
8650.52,0.9819981863877982
8650.53,0.984429189627971
8650.54,0.9861370352907651
8650.550000000001,0.98712956083388
8650.56,0.9875644605950012
8650.570000000002,0.987577079440962
8650.58,0.9873790831471227
8650.59,0.9870978946690637
8650.6,0.9868976437522914
8650.61,0.9868292492056249
8650.62,0.9868844207134794
8650.63,0.9870833016480305
8650.64,0.9873618417366027
8650.65,0.9876186453634958
8650.66,0.9878201238194355
8650.67,0.9879449863634533
8650.68,0.9879961758248265
8650.69,0.9879892293189115
8650.7,0.9879036499723317
8650.71,0.9877603565431684
8650.720000000001,0.9874398051375506
8650.73,0.9868689096588317
8650.74,0.9858015770708882
8650.75,0.9839317192909468
8650.76,0.9809610751715866
8650.77,0.976800195364296
8650.78,0.9717132907076197
8650.789999999999,0.9664616306483242
8650.800000000001,0.9621033132746307
8650.81,0.9595829254673541
8650.820000000002,0.9595810653768327
8650.83,0.9620817857536249
8650.84,0.9663423410547374
8650.85,0.971343970308747
8650.86,0.9758893235823974
8650.87,0.9792779284391204
8650.880000000001,0.981129149255823
8650.89,0.9814370992845666
8650.900000000001,0.9805708413744004
8650.91,0.9791104324835281
8650.92,0.977542275908086
8650.93,0.9763777405702351
8650.939999999999,0.9759506382858212
8650.95,0.9763434782749858
8650.96,0.9774556283836945
8650.970000000001,0.9790232513260088
8650.98,0.9807548731986324
8650.99,0.9824258701441917
8651.0,0.9839008067879533
8651.01,0.9851151678810264
8651.02,0.9859705905848093
8651.03,0.9864938559953209
8651.039999999999,0.9865777610812263
8651.050000000001,0.9860906594319251
8651.06,0.9846991509354504
8651.07,0.9821520656192827
8651.08,0.978252989345219
8651.09,0.9730680747669476
8651.1,0.9672447361265407
8651.11,0.9618488107085399
8651.12,0.9581100035652571
8651.130000000001,0.9569779275261431
8651.14,0.95872824963062
8651.150000000001,0.9629282781871371
8651.16,0.9685118599007799
8651.17,0.974191488220395
8651.18,0.9789679869194813
8651.19,0.9823208129265496
8651.2,0.9841257215101635
8651.210000000001,0.9845511098537595
8651.22,0.9838770337150364
8651.230000000001,0.9824499527353528
8651.24,0.9805980296196207
8651.25,0.9788415630859969
8651.26,0.977511288036432
8651.27,0.9769275281220017
8651.28,0.9770250110030386
8651.289999999999,0.9774701726958626
8651.300000000001,0.9777615953995825
8651.31,0.9774933499210627
8651.32,0.9765725704140229
8651.33,0.9750990916261949
8651.34,0.9732617982156337
8651.35,0.971102428888804
8651.36,0.9683701053993568
8651.369999999999,0.9648275871895278
8651.380000000001,0.9604921704610794
8651.39,0.9559759531158915
8651.400000000001,0.9524283785871848
8651.41,0.9510416060378697
8651.42,0.9525330939836704
8651.43,0.9568005617426943
8651.44,0.9629515973450902
8651.45,0.9696742834104717
8651.460000000001,0.9757650471133847
8651.47,0.9804434303131118
8651.480000000001,0.983581921361916
8651.49,0.985425290850127
8651.5,0.9863774287418554
8651.51,0.9868081133555786
8651.52,0.9869739419356879
8651.53,0.9870546878182407
8651.54,0.9870316973773158
8651.550000000001,0.9870083767391655
8651.56,0.9869847146868025
8651.57,0.986960698903727
8651.58,0.9869363159868408
8651.59,0.986911551319112
8651.6,0.9868863890232537
8651.61,0.9868608118597844
8651.619999999999,0.986834801120934
8651.630000000001,0.9868083365252269
8651.64,0.9867813960831395
8651.65,0.9867539559727604
8651.66,0.9867259903552499
8651.67,0.9866974712303463
8651.68,0.9866683682187413
8651.69,0.9866386483558217
8651.7,0.9866082758338353
8651.710000000001,0.986577211724719
8651.72,0.986545413693969
8651.730000000001,0.9865128356463191
8651.74,0.9864794273219621
8651.75,0.9864451331839256
8651.76,0.9864098946588468
8651.77,0.9863736454951162
8651.78,0.9863363138621427
8651.79,0.9862702499286129
8651.8,0.9861799432140731
8651.810000000001,0.9860164668733541
8651.82,0.985708762766243
8651.83,0.9851523399243017
8651.84,0.9842283310022626
8651.85,0.9828546642319671
8651.86,0.9810608390151818
8651.869999999999,0.9790483670678275
8651.880000000001,0.9771839976264639
8651.89,0.9758983413780548
8651.9,0.9754973112644083
8651.91,0.9760695137579385
8651.92,0.9773806651658987
8651.93,0.9790499628407993
8651.94,0.9806134538134338
8651.949999999999,0.9817544654520487
8651.960000000001,0.982367624856373
8651.97,0.9824919996964773
8651.98,0.9823706951309277
8651.99,0.9820912810044823
8652.0,0.9818578462356832
8652.01,0.9816348151794858
8652.02,0.981286770837355
8652.03,0.9807400087193057
8652.04,0.9799149857120424
8652.05,0.9787958843648509
8652.060000000001,0.977517158488137
8652.07,0.9762695062104642
8652.08,0.9753766385511825
8652.09,0.9750215381985029
8652.1,0.9752307953365252
8652.11,0.9759173415924424
8652.12,0.9768176164716164
8652.130000000001,0.9776866555019589
8652.140000000001,0.9782229597670133
8652.15,0.9783216003878366
8652.16,0.9778305218546083
8652.17,0.9767899035681933
8652.18,0.9752191276828377
8652.19,0.9732104162936756
8652.199999999999,0.970704601227542
8652.210000000001,0.9677229334376208
8652.22,0.9642335091422052
8652.23,0.960274669816599
8652.24,0.9556307827811369
8652.25,0.9503771285903524
8652.26,0.9449543861219738
8652.27,0.9388810759980297
8652.28,0.9327693513431581
8652.29,0.9280963698669448
8652.3,0.9256119426249896
8652.310000000001,0.9247674420118103
8652.32,0.9262173975361632
8652.33,0.9293318233491357
8652.34,0.9341811473360978
8652.35,0.9393866047632491
8652.36,0.9439624655604281
8652.37,0.9479903384488126
8652.38,0.9516612560559828
8652.390000000001,0.9540471011636117
8652.4,0.9550164273303413
8652.41,0.9543278652743746
8652.42,0.9518957604133302
8652.43,0.9486428110758047
8652.44,0.9456057290719594
8652.45,0.9441131890436772
8652.460000000001,0.9450169304355729
8652.47,0.9485156263140841
8652.48,0.9540814596993529
8652.49,0.9606806180018339
8652.5,0.9669812297415213
8652.51,0.9722456926176006
8652.52,0.9760435900214552
8652.529999999999,0.9784337084117971
8652.54,0.9797268546738103
8652.55,0.9803068467724488
8652.56,0.9804806121700861
8652.57,0.9805329982025187
8652.58,0.980663928428383
8652.59,0.9809195631544125
8652.6,0.981351847956766
8652.61,0.9819099316446691
8652.62,0.9824630255082771
8652.63,0.9829585699936618
8652.640000000001,0.9833214430444924
8652.65,0.9835441556469555
8652.66,0.9836450652164598
8652.67,0.9835439203017972
8652.68,0.9832193246497986
8652.69,0.9825466159679171
8652.7,0.9814134260026336
8652.71,0.9798138093220512
8652.720000000001,0.9778638006271441
8652.73,0.9758576064205243
8652.740000000002,0.9742138315331581
8652.75,0.97333943847054
8652.76,0.9734702647168102
8652.77,0.9745717105726386
8652.779999999999,0.976354389830835
8652.79,0.9783955235202864
8652.8,0.9802992055237522
8652.81,0.9818143159137326
8652.82,0.9828652810810696
8652.83,0.9835077172102256
8652.84,0.9838555407058232
8652.85,0.98402193261982
8652.86,0.9841356557944926
8652.87,0.9841283958586984
8652.88,0.984120231186318
8652.890000000001,0.9841112188376292
8652.9,0.9840840475847381
8652.91,0.9840734515322594
8652.92,0.9840795983711039
8652.93,0.9840676781119639
8652.94,0.9840551330689519
8652.95,0.9840419979076025
8652.96,0.9840283046164034
8652.970000000001,0.9840140828436883
8652.98,0.9839993600591738
8652.99,0.9839841617193816
8653.0,0.9839685114744152
8653.01,0.9839524312787653
8653.02,0.9839359415853155
8653.03,0.9838765028903669
8653.04,0.9837915382497998
8653.050000000001,0.9836255515346072
8653.06,0.983317378192429
8653.070000000002,0.982794801123151
8653.08,0.9820030078395983
8653.09,0.9809489221466202
8653.1,0.9797409289912355
8653.109999999999,0.9785920662215881
8653.12,0.977765847558136
8653.13,0.9774785118756951
8653.14,0.9778061652811231
8653.15,0.9786502219323632
8653.16,0.9797820074087771
8653.17,0.980939685181064
8653.18,0.9819224196364319
8653.19,0.9826367602124669
8653.2,0.983086806279397
8653.21,0.9833320863103209
8653.220000000001,0.983444562856668
8653.23,0.9834597281305585
8653.24,0.9834611861462372
8653.25,0.9834231126881154
8653.26,0.9833853967648054
8653.27,0.9833515385880978
8653.28,0.9833245224878698
8653.289999999999,0.9833055177759444
8653.300000000001,0.9832933349039897
8653.31,0.9832849819650925
8653.320000000002,0.9832769687392491
8653.33,0.9832665881477263
8653.34,0.98326569887294
8653.35,0.9832416754273618
8653.36,0.9832175147874319
8653.37,0.9831915601461345
8653.380000000001,0.9831671105714384
8653.39,0.9831425305737587
8653.4,0.9831178223466489
8653.41,0.9830929878926485
8653.42,0.9830680292062333
8653.43,0.9830429481144235
8653.44,0.9830177463686601
8653.45,0.982992425656971
8653.46,0.9829669875639052
8653.470000000001,0.9829414335760058
8653.48,0.9829157651723726
8653.49,0.9828899836785691
8653.5,0.9828261453274791
8653.51,0.9827268138568548
8653.52,0.9825163049047844
8653.53,0.9820746063559679
8653.539999999999,0.9811528646049943
8653.550000000001,0.979548867229225
8653.56,0.9770638328621138
8653.57,0.9736078030243583
8653.58,0.9695058860988361
8653.59,0.9653698877627583
8653.6,0.9620428006187869
8653.61,0.9602931034839324
8653.62,0.960482856037661
8653.630000000001,0.9624271125085306
8653.64,0.9654854850558237
8653.650000000001,0.9687908724247158
8653.66,0.9716971021465548
8653.67,0.9738556335724753
8653.68,0.9752115900414547
8653.69,0.9758757390770786
8653.7,0.9759668627154484
8653.71,0.9755776181144072
8653.72,0.9747796223603528
8653.73,0.9737894499261338
8653.74,0.9728788145527024
8653.75,0.972351679523229
8653.76,0.9724937815029554
8653.77,0.9732961429399817
8653.78,0.9746344412698041
8653.789999999999,0.9761466605126198
8653.800000000001,0.9773979233220069
8653.81,0.9780755776654265
8653.82,0.9780032114575439
8653.83,0.9772173569153023
8653.84,0.975986189724501
8653.85,0.9746489064195972
8653.86,0.9736841037736237
8653.869999999999,0.9734317444417582
8653.880000000001,0.9739461489136485
8653.89,0.9751284313797893
8653.900000000001,0.9766637777290723
8653.91,0.9781732565967168
8653.92,0.9794468754819676
8653.93,0.9803550444817131
8653.94,0.9809155440852433
8653.95,0.9812155949055905
8653.960000000001,0.9813539764737141
8653.97,0.981407436391009
8653.980000000001,0.9814380529468024
8653.99,0.9814256000332586
8654.0,0.9814122212867148
8654.01,0.9813953831651353
8654.019999999999,0.9813861694851707
8654.03,0.9813551539139573
8654.039999999999,0.9813240443522813
8654.050000000001,0.9812928405596311
8654.06,0.9812615422502903
8654.07,0.981230149105954
8654.08,0.9811986608114159
8654.09,0.98114488550954
8654.1,0.981109725849205
8654.11,0.9810317654783289
8654.119999999999,0.9809386089509157
8654.130000000001,0.9807845143925714
8654.14,0.9805495268097265
8654.15,0.9801630435495584
8654.16,0.9796407387613072
8654.17,0.9790235744687008
8654.18,0.978406893686985
8654.19,0.9779205849372821
8654.2,0.9776836373866395
8654.210000000001,0.9777539625563672
8654.22,0.9781020252339931
8654.230000000001,0.9786244253150446
8654.24,0.9791890394871701
8654.25,0.979685160904278
8654.26,0.9800531663479628
8654.27,0.9802852615966753
8654.28,0.9804067093261448
8654.29,0.9804534315987399
8654.3,0.9804807586472699
8654.310000000001,0.9804469058981379
8654.32,0.9804129365553332
8654.33,0.9803181214107
8654.34,0.9801794008542052
8654.35,0.9799030864782428
8654.36,0.9793677082183417
8654.369999999999,0.9784100337781129
8654.380000000001,0.9768699498622652
8654.39,0.9746808835110592
8654.4,0.971976441430886
8654.41,0.9691452227475399
8654.42,0.9667668288695456
8654.43,0.9654242033543939
8654.44,0.9654730960069138
8654.449999999999,0.9668899363907909
8654.460000000001,0.9692821055664761
8654.47,0.9720548844517833
8654.480000000001,0.9746431668320158
8654.49,0.9766874069338138
8654.5,0.9780303088383213
8654.51,0.9787763473182229
8654.52,0.9790948531935321
8654.53,0.9790491769787326
8654.54,0.9788100115633138
8654.55,0.9783722475581526
8654.560000000001,0.9777344963651756
8654.57,0.9769582993848327
8654.58,0.9760809624802218
8654.59,0.9751816015760518
8654.6,0.9743859617762207
8654.61,0.973848055549122
8654.62,0.9737028765969544
8654.630000000001,0.974007552651195
8654.64,0.9746755185030175
8654.65,0.9755919515840199
8654.66,0.9765437621151863
8654.67,0.9773930146364714
8654.68,0.9779869754431795
8654.69,0.9783693847483687
8654.699999999999,0.9785782749532367
8654.710000000001,0.978668253408154
8654.72,0.9786852602729667
8654.73,0.9786725095141957
8654.74,0.9786010470579385
8654.75,0.9785208508664116
8654.76,0.9783782199458452
8654.77,0.9781830781317409
8654.78,0.9778995154446736
8654.79,0.9774898660983783
8654.8,0.9769174459153416
8654.810000000001,0.9761315407336911
8654.82,0.9751984947328093
8654.83,0.9741690960612451
8654.84,0.9731718087080503
8654.85,0.9724465682621072
8654.86,0.9719926419901487
8654.87,0.9718729032947458
8654.88,0.9721011669634073
8654.890000000001,0.972518861807966
8654.9,0.9729720251420058
8654.910000000002,0.9733941232841488
8654.92,0.9735063492278123
8654.93,0.9728956409673644
8654.94,0.9711960062287244
8654.949999999999,0.9679095766846595
8654.960000000001,0.9628218780599391
8654.97,0.9561189230829055
8654.98,0.9486357282748604
8654.99,0.9416814308950661
8655.0,0.936751249438105
8655.01,0.9349466278318904
8655.02,0.9367847488880552
8655.029999999999,0.9418665838431672
8655.04,0.949054894630665
8655.05,0.9568556676984951
8655.060000000001,0.963915721880927
8655.07,0.9694059114896575
8655.08,0.9731276336132976
8655.09,0.9753432217631616
8655.1,0.9765039592982645
8655.11,0.9770632903472788
8655.12,0.9772477990746429
8655.13,0.9772950733431305
8655.140000000001,0.9772986301948816
8655.15,0.9772594914474443
8655.16,0.9772199330958787
8655.17,0.9771799939739234
8655.18,0.9771397067007951
8655.19,0.9770990988631902
8655.2,0.977058193866002
8655.210000000001,0.9770170116724982
8655.220000000001,0.9769755694274366
8655.23,0.9769338818578931
8655.240000000002,0.9768919617125014
8655.25,0.9768498199998646
8655.26,0.976807466327562
8655.27,0.9767649090897835
8655.279999999999,0.9767221555753157
8655.29,0.9766792122037047
8655.3,0.9766360846208646
8655.31,0.9765927777810852
8655.32,0.9765492960293464
8655.33,0.9765056432594708
8655.34,0.9764618228593644
8655.35,0.9764178378378633
8655.36,0.9763736908812448
8655.37,0.9763293843241173
8655.38,0.9762849202796922
8655.390000000001,0.9762403005795656
8655.4,0.9761955268707015
8655.41,0.9761506005887672
8655.42,0.9761055229907825
8655.43,0.9760602952275318
8655.44,0.9760149182607307
8655.45,0.9759693929524211
8655.46,0.9759237200457532
8655.470000000001,0.9758779001917227
8655.48,0.9758319339406231
8655.490000000002,0.9757858217659
8655.5,0.9757525446104657
8655.51,0.9757052826644754
8655.52,0.9756586330027844
8655.53,0.9756118388852115
8655.54,0.9755649004528689
8655.550000000001,0.9755178177632308
8655.56,0.9754705908468413
8655.57,0.9754232197038013
8655.58,0.9753757042698044
8655.59,0.9753280444489484
8655.6,0.9752802401469565
8655.609999999999,0.9752322911832717
8655.62,0.9751841973802983
8655.63,0.9751359585415259
8655.640000000001,0.9750875744170188
8655.65,0.9750390447467723
8655.66,0.9749871234650419
8655.67,0.9749382454885808
8655.68,0.9748892195489529
8655.69,0.9748400452426386
8655.7,0.9747211370619475
8655.71,0.9745612677302091
8655.720000000001,0.9742487547954914
8655.73,0.9737013119892298
8655.74,0.9727856810425191
8655.75,0.9714068242422292
8655.76,0.9695746894198358
8655.77,0.9674744916222952
8655.78,0.9654683280037966
8655.79,0.964005509828825
8655.800000000001,0.9634580097868198
8655.81,0.9639646811520138
8655.820000000002,0.965369978614603
8655.83,0.9672924526968976
8655.84,0.9692836743630386
8655.85,0.9709899137985963
8655.86,0.9722389218041261
8655.87,0.9730274726353648
8655.88,0.9734550014340729
8655.89,0.9736615632513493
8655.9,0.973649737690114
8655.91,0.9735544637884319
8655.92,0.9732562600168561
8655.93,0.9726906597251047
8655.94,0.9716840324588144
8655.95,0.9700638278182806
8655.96,0.96775004072295
8655.970000000001,0.9648730423916558
8655.98,0.9618367279632402
8655.99,0.9592563062020161
8656.0,0.9577607312384808
8656.01,0.9577437855922377
8656.02,0.9591950106490189
8656.03,0.961704284138073
8656.039999999999,0.9646374847055399
8656.050000000001,0.9673859013849739
8656.06,0.9695585557599711
8656.070000000002,0.9710374054560447
8656.08,0.9718872255719873
8656.09,0.9723135048328654
8656.1,0.972476529284217
8656.11,0.9725031174718476
8656.12,0.9724893041263146
8656.130000000001,0.9724252368884124
8656.14,0.9723700755424977
8656.150000000001,0.9723233372205303
8656.16,0.9722821535576207
8656.17,0.9722425569891968
8656.18,0.972201044069689
8656.189999999999,0.9721555858351925
8656.2,0.9721154167307313
8656.21,0.9720568644126873
8656.220000000001,0.9719980060078374
8656.23,0.9719388183766842
8656.24,0.9718792730348608
8656.25,0.9718193345201239
8656.26,0.9717589573885764
8656.27,0.9716980835785228
8656.28,0.9716366420738919
8656.289999999999,0.9715395129502038
8656.300000000001,0.9714195347419364
8656.31,0.9712284752484956
8656.32,0.9709102402116633
8656.33,0.970395566493817
8656.34,0.9696260083048748
8656.35,0.9685961427453349
8656.36,0.96738964302604
8656.37,0.9661960524063066
8656.380000000001,0.965242324084848
8656.39,0.9647589810150601
8656.400000000001,0.9648261222509893
8656.41,0.9653644657259467
8656.42,0.9661803295042856
8656.43,0.9670299171079791
8656.44,0.9677130887447709
8656.45,0.9682262452423155
8656.460000000001,0.9685720536703942
8656.47,0.9688270972855664
8656.480000000001,0.969047557774956
8656.49,0.9692626997181152
8656.5,0.9694344999973017
8656.51,0.9695203840790968
8656.52,0.9694750056541407
8656.53,0.9691824692877102
8656.539999999999,0.9684839942983374
8656.550000000001,0.967192323899867
8656.56,0.965134097984256
8656.57,0.9622350945076982
8656.58,0.9588105461920285
8656.59,0.9553778680743407
8656.6,0.9526521532092862
8656.61,0.9512798556133086
8656.619999999999,0.9515854249076146
8656.630000000001,0.9534422507869714
8656.64,0.9563340005419312
8656.65,0.959569457084392
8656.66,0.9625350354611278
8656.67,0.9648608533272687
8656.68,0.9664352372458712
8656.69,0.9673441092343302
8656.7,0.9677227615356248
8656.710000000001,0.9676244777571418
8656.72,0.9671082000348553
8656.730000000001,0.9660790147070052
8656.74,0.9643616141470128
8656.75,0.9618173609602075
8656.76,0.9585910845869102
8656.77,0.9549468790487396
8656.78,0.9515271801813424
8656.79,0.9491542828060787
8656.800000000001,0.9483273920928964
8656.81,0.9492322630878812
8656.82,0.9516573101301207
8656.83,0.9549336828177541
8656.84,0.9583168542690919
8656.85,0.961326905026607
8656.86,0.9636268478865267
8656.869999999999,0.9652011976837951
8656.880000000001,0.9661784136365006
8656.89,0.9667316297477497
8656.9,0.9670185300424505
8656.91,0.9671100375845418
8656.92,0.967159704817535
8656.93,0.9670925709083464
8656.94,0.9670034793520786
8656.95,0.9669045440971468
8656.960000000001,0.9668102064727232
8656.97,0.9667337535438558
8656.980000000001,0.9666826920123517
8656.99,0.9666559621188788
8657.0,0.9666448471150545
8657.01,0.9666370754205162
8657.02,0.9666221847220579
8657.03,0.96657292000958
8657.04,0.9664890506626815
8657.05,0.9663940955482602
8657.060000000001,0.9661660565259906
8657.07,0.9657700592503378
8657.08,0.9651084666080529
8657.09,0.9639540275279037
8657.1,0.9620247078601902
8657.11,0.9590117736287986
8657.119999999999,0.9547044720938676
8657.130000000001,0.949195531509933
8657.14,0.9429781281619091
8657.15,0.9370759896107487
8657.16,0.9327200401657757
8657.17,0.9309888978375093
8657.18,0.9322939483454424
8657.19,0.9364036337171732
8657.199999999999,0.9423117606391807
8657.210000000001,0.9487132976571528
8657.22,0.954446102861186
8657.23,0.9588455774405539
8657.24,0.9617529035871397
8657.25,0.9634137500894594
8657.26,0.9642420496487292
8657.27,0.964584088671436
8657.28,0.9646794737447664
8657.29,0.964664781032723
8657.3,0.9646155919108029
8657.310000000001,0.9644966309595094
8657.32,0.9643377544099884
8657.33,0.9640531479744235
8657.34,0.9634961594981648
8657.35,0.9624216028018696
8657.36,0.960496775479314
8657.37,0.957392446372167
8657.380000000001,0.9529177959324842
8657.390000000001,0.9473526760759099
8657.4,0.9413926169681912
8657.410000000002,0.9360342447798329
8657.42,0.9322854180082474
8657.43,0.9306394048456257
8657.44,0.930853334104586
8657.449999999999,0.9322157914606883
8657.460000000001,0.9338782470749869
8657.47,0.9354434924424467
8657.48,0.9370093782232027
8657.49,0.9390404645479055
8657.5,0.9419212999964394
8657.51,0.9456444423201347
8657.52,0.9497891683024606
8657.53,0.9537467083032936
8657.54,0.9570091204359832
8657.55,0.9593562216276909
8657.560000000001,0.9607761652096403
8657.57,0.9615333124262112
8657.58,0.9618487214954065
8657.59,0.961940883125042
8657.6,0.961872418600847
8657.61,0.9617796045842317
8657.62,0.9616700072859317
8657.63,0.9615814777180127
8657.640000000001,0.9615135200463689
8657.65,0.9614598193775679
8657.66,0.9613440851716796
8657.67,0.9611760694765237
8657.68,0.9608467003888388
8657.69,0.9602196857910422
8657.7,0.9591274209042027
8657.710000000001,0.9573653386436983
8657.720000000001,0.9548874305581176
8657.73,0.9518469179432716
8657.74,0.9486791862967726
8657.75,0.946026875336854
8657.76,0.9444963827050612
8657.77,0.9444913353550606
8657.779999999999,0.9459412639772359
8657.79,0.9483793264149266
8657.8,0.951125782122065
8657.81,0.9535595320360929
8657.82,0.9553253995217803
8657.83,0.9563867404627937
8657.84,0.9568644871023821
8657.85,0.95703992665741
8657.86,0.957015677414111
8657.87,0.9567562263467703
8657.88,0.9561050482086507
8657.890000000001,0.9547753207215235
8657.9,0.9527315877908615
8657.91,0.9500926689837567
8657.92,0.9472880374332557
8657.93,0.9449484599827818
8657.94,0.9436888797773795
8657.95,0.9438668118336965
8657.96,0.9453742431452065
8657.970000000001,0.9478388680701886
8657.98,0.9506274094490385
8657.990000000002,0.9531749129443996
8658.0,0.9550780333991922
8658.01,0.956286561857431
8658.02,0.9568113037428808
8658.03,0.9567676349818165
8658.04,0.9562503611186932
8658.05,0.955339850765774
8658.06,0.9541810034471717
8658.07,0.9528919817321693
8658.08,0.9517873771488746
8658.09,0.9511185013991214
8658.1,0.9510418623831521
8658.11,0.951549611681238
8658.12,0.9524728228760807
8658.13,0.9535557952478683
8658.140000000001,0.9545577522407326
8658.15,0.9553372446263767
8658.16,0.9558263041530827
8658.17,0.9560787609824579
8658.18,0.9561234764174752
8658.19,0.956053410408852
8658.2,0.9559030771911955
8658.21,0.9556169706822131
8658.220000000001,0.9552399736363718
8658.23,0.9547299775601493
8658.24,0.9541606815756803
8658.25,0.9535656082563521
8658.26,0.9530092192559404
8658.27,0.9525163455397978
8658.28,0.9521284556223647
8658.29,0.951816147872547
8658.300000000001,0.9515214139827691
8658.31,0.951241391214748
8658.320000000002,0.9509422609253501
8658.33,0.9505906883207886
8658.34,0.9502220784090779
8658.35,0.9498339793959826
8658.359999999999,0.9494041164929321
8658.37,0.9488433601667832
8658.38,0.9479054225555138
8658.39,0.9463713255320646
8658.4,0.9441187450663483
8658.41,0.9412292899538857
8658.42,0.9382061020564105
8658.43,0.9356596436211686
8658.44,0.9342860621984851
8658.45,0.9344503266308456
8658.46,0.9360475429394982
8658.470000000001,0.9387016645217945
8658.48,0.9417258347239663
8658.49,0.944535934638667
8658.5,0.9467870571211743
8658.51,0.9483198168569766
8658.52,0.9492090562278824
8658.53,0.9496498453088795
8658.539999999999,0.949862220416549
8658.550000000001,0.9499932710887065
8658.56,0.9501614783329602
8658.570000000002,0.9503491170351435
8658.58,0.9504495898223106
8658.59,0.9504600997927242
8658.6,0.9503440235598162
8658.61,0.9501179146195989
8658.62,0.9498420475754972
8658.630000000001,0.9495947308775198
8658.64,0.9494563733936762
8658.65,0.9493624102565072
8658.66,0.9493634962512828
8658.67,0.9493640275815224
8658.68,0.9492812867343577
8658.689999999999,0.9490309345836684
8658.7,0.9486016594528124
8658.71,0.9479764460672407
8658.720000000001,0.9471236785557205
8658.73,0.9459381654229372
8658.74,0.9441201261797969
8658.75,0.9412326387459905
8658.76,0.9370024468075443
8658.77,0.9314030533761531
8658.78,0.9250096544858755
8658.789999999999,0.9189739593155174
8658.800000000001,0.9146894659737618
8658.81,0.9132749196166287
8658.82,0.9151272898452846
8658.83,0.9197074167594346
8658.84,0.925862773939673
8658.85,0.9320568550579957
8658.86,0.937003816433005
8658.87,0.9398836827115881
8658.880000000001,0.9404266615483298
8658.89,0.9387499773248221
8658.900000000001,0.9353928292292105
8658.91,0.9311830509937176
8658.92,0.9271754512468351
8658.93,0.9244477066323407
8658.94,0.9236911720210077
8658.95,0.9251411039406845
8658.96,0.9283208477971628
8658.97,0.9324026768824349
8658.98,0.9364014161358517
8658.99,0.9395719586367114
8659.0,0.9415616750631541
8659.01,0.942392568743608
8659.02,0.9423347878771158
8659.03,0.941768955740805
8659.039999999999,0.9410813976786693
8659.050000000001,0.9405870453203555
8659.06,0.9404831211532846
8659.07,0.9407653647547363
8659.08,0.9413512980320162
8659.09,0.9420553912463239
8659.1,0.9427023679061144
8659.11,0.9431819102318536
8659.119999999999,0.9434622095252413
8659.130000000001,0.9435690350003414
8659.14,0.9435526221962359
8659.150000000001,0.9434616839320984
8659.16,0.9433478455627992
8659.17,0.9431882847070243
8659.18,0.9430081708829171
8659.19,0.9428145837575027
8659.2,0.9426062002475568
8659.210000000001,0.9423560570970522
8659.22,0.9420346255865092
8659.230000000001,0.9416061944137358
8659.24,0.9410433108300464
8659.25,0.9403499445094936
8659.26,0.9395589572283376
8659.269999999999,0.9387764506460747
8659.28,0.9380648199522101
8659.289999999999,0.9373918998712352
8659.300000000001,0.9365611469084133
8659.31,0.9351440056394799
8659.32,0.9325774528714758
8659.33,0.9283973729337357
8659.34,0.9225630871410366
8659.35,0.9157028695708065
8659.36,0.9090811433931716
8659.369999999999,0.9042263422490194
8659.380000000001,0.902377439493282
8659.39,0.9040315815963734
8659.4,0.9086981569610978
8659.41,0.9152079443914537
8659.42,0.9220694989241177
8659.43,0.9280368566111713
8659.44,0.932450278492015
8659.45,0.9352555378751167
8659.460000000001,0.9367803729202185
8659.47,0.9374620952467497
8659.480000000001,0.9376856251556479
8659.49,0.9375859936400409
8659.5,0.9373398179546316
8659.51,0.9368993550934108
8659.52,0.9361079696737404
8659.53,0.9347551346849111
8659.54,0.9325808809363095
8659.55,0.9293887778721589
8659.560000000001,0.9252961740066747
8659.57,0.9207519229200999
8659.58,0.9165541041081571
8659.59,0.9136042705045364
8659.6,0.9125446964763103
8659.61,0.9135778602609751
8659.619999999999,0.9163053723189506
8659.630000000001,0.9199606991147089
8659.64,0.9237072933133165
8659.65,0.9269225861537091
8659.66,0.9293265997700275
8659.67,0.9309354672909639
8659.68,0.9319232881424862
8659.69,0.9324915734562441
8659.699999999999,0.9327977565469716
8659.710000000001,0.9329401541033198
8659.72,0.9329839261560978
8659.730000000001,0.9329290112054606
8659.74,0.9328320568195746
8659.75,0.9326770691511895
8659.76,0.9324673535818662
8659.77,0.9322452777939786
8659.78,0.9319419554799483
8659.79,0.9315920529623242
8659.8,0.9311755581924069
8659.810000000001,0.9307022970158704
8659.82,0.9302078128625518
8659.83,0.9297215075105288
8659.84,0.929327989418009
8659.85,0.9290475078281486
8659.86,0.9288742903975656
8659.87,0.9287693183997523
8659.880000000001,0.9285939590014992
8659.89,0.9283553453160649
8659.9,0.927940654568467
8659.91,0.9272572249246055
8659.92,0.9262036134208547
8659.93,0.9247083520237491
8659.94,0.9228214723714453
8659.949999999999,0.9207025343905042
8659.960000000001,0.9187600585105286
8659.97,0.9174028336524126
8659.98,0.91698469895594
8659.99,0.9175661464606911
8660.0,0.9189479517090963
8660.01,0.9206705891184884
8660.02,0.9223710697751986
8660.03,0.923738602730355
8660.04,0.9246612834041917
8660.05,0.9251764265982292
8660.060000000001,0.9253914931220865
8660.07,0.9254260989757168
8660.08,0.9253592213904249
8660.09,0.9252035384814443
8660.1,0.9250048272301494
8660.11,0.9247918100631093
8660.12,0.9245792438626187
8660.13,0.9243402186112141
8660.140000000001,0.9241001277135774
8660.15,0.9238589651191152
8660.160000000002,0.9236167247518066
8660.17,0.9233734004925432
8660.18,0.9231289861845869
8660.19,0.922883475639454
8660.199999999999,0.9226181349404714
8660.210000000001,0.9223379837256079
8660.22,0.9220139135740044
8660.23,0.9216080763674522
8660.24,0.9210697166383659
8660.25,0.9203492749650652
8660.26,0.9194267297050654
8660.27,0.9183452186889115
8660.279999999999,0.9172286397069319
8660.29,0.9162615105287846
8660.3,0.9156273893919791
8660.310000000001,0.9154329339860271
8660.32,0.9156594085519624
8660.33,0.9161713541217202
8660.34,0.9167770201031267
8660.35,0.9173043975585214
8660.36,0.9176523489446721
8660.37,0.9177986681446322
8660.38,0.9177753196842706
8660.390000000001,0.9176345577314515
8660.4,0.9174242903253332
8660.41,0.9171916942165769
8660.42,0.9169191494478796
8660.43,0.9166453455109497
8660.44,0.9163702750215232
8660.45,0.9160939305312915
8660.460000000001,0.9158163045471833
8660.470000000001,0.9155373895266429
8660.48,0.9152571778469113
8660.490000000002,0.9149756618878582
8660.5,0.9146928339443908
8660.51,0.9144086862353986
8660.52,0.9141232109669114
8660.529999999999,0.9138364002810465
8660.54,0.9135482462473118
8660.55,0.9132587408976361
8660.56,0.9129678762221304
8660.57,0.9126756441338046
8660.58,0.9123820295427371
8660.59,0.9120870359780044
8660.6,0.9117906502241353
8660.61,0.9114928639635402
8660.62,0.9111936687917528
8660.63,0.9108930562753915
8660.640000000001,0.9105910179092839
8660.65,0.9102875451461537
8660.66,0.9099826293534216
8660.67,0.9096762609658087
8660.68,0.90936843268822
8660.69,0.9090591351438309
8660.7,0.9087483594963686
8660.71,0.9084360968310032
8660.720000000001,0.9081223381792313
8660.73,0.9078070745222694
8660.740000000002,0.9074902967936378
8660.75,0.9071719958397942
8660.76,0.9068521624804966
8660.77,0.9065307874792312
8660.78,0.9062078615328277
8660.79,0.9058828007043943
8660.800000000001,0.9055790765019591
8660.81,0.9052512841876151
8660.82,0.9049219026450191
8660.83,0.9045909220741996
8660.84,0.9042583326445132
8660.85,0.9039241244193728
8660.859999999999,0.9035882874247587
8660.87,0.9032508116006985
8660.88,0.9029116608962137
8660.890000000001,0.9025708702421429
8660.9,0.9022284095125188
8660.91,0.9018842682836988
8660.92,0.9015384360523249
8660.93,0.9011909022497808
8660.94,0.9008416562229866
8660.95,0.9004906872421669
8660.96,0.9001379845294835
8660.970000000001,0.8997835372108755
8660.98,0.8994273343297737
8660.99,0.8990692655602537
8661.0,0.8987094988512008
8661.01,0.8983479416745371
8661.02,0.8979822788905337
8661.03,0.8976171020294178
8661.04,0.8972501000711627
8661.050000000001,0.8968812612884126
8661.06,0.8965105738833465
8661.070000000002,0.8961380259524764
8661.08,0.8957398542163484
8661.09,0.8953396219713167
8661.1,0.8949226367989391
8661.11,0.8944873905563268
8661.12,0.8940375900695873
8661.13,0.8935835555565967
8661.14,0.8931404716073046
8661.15,0.8927232795353445
8661.16,0.8923403773845653
8661.17,0.8919897255453341
8661.18,0.8916598014806055
8661.19,0.8913347939928284
8661.2,0.8910008161388977
8661.21,0.8906500551926908
8661.220000000001,0.8902809634588369
8661.23,0.8898962858339283
8661.24,0.8895079873815473
8661.25,0.8890997979166407
8661.26,0.888689502164624
8661.27,0.8882770861219424
8661.28,0.8878625356642043
8661.289999999999,0.8874458365358511
8661.300000000001,0.8870269743833861
8661.31,0.8866059347132574
8661.32,0.8861827029212357
8661.33,0.8857572642979209
8661.34,0.8853296039785322
8661.35,0.8848997070020473
8661.36,0.8844675582810544
8661.37,0.8840331425819788
8661.380000000001,0.8835964445909521
8661.39,0.883157448818784
8661.400000000001,0.8827161396930172
8661.41,0.8822725015021782
8661.42,0.8818265184235072
8661.43,0.8813781744866589
8661.439999999999,0.8809274536322488
8661.45,0.8804743327103505
8661.46,0.8800188060069998
8661.470000000001,0.8795608529006939
8661.48,0.8790986508703693
8661.49,0.8786357999379912
8661.5,0.8781704720691376
8661.51,0.8777026501429868
8661.52,0.8772323169123789
8661.53,0.87675945498396
8661.539999999999,0.8762840468715195
8661.550000000001,0.8757832347919752
8661.56,0.8752630865841654
8661.57,0.8746880779458077
8661.58,0.8740121068198942
8661.59,0.8731736314330502
8661.6,0.8721131841776801
8661.61,0.8708081027846207
8661.62,0.869313083076538
8661.630000000001,0.8677803701805867
8661.64,0.8664170550309568
8661.650000000001,0.8654613785554378
8661.66,0.8650083401161289
8661.67,0.8650383844716386
8661.68,0.8653606153233333
8661.69,0.8657167600916118
8661.7,0.8658682744067411
8661.710000000001,0.8656690289293598
8661.72,0.8650958289530597
8661.730000000001,0.864240287827474
8661.74,0.8632944982695718
8661.75,0.8623818414941165
8661.76,0.861711126095391
8661.77,0.8613363554293606
8661.78,0.8611922530995233
8661.789999999999,0.8611486881742098
8661.800000000001,0.8610357047707357
8661.81,0.8606485747847411
8661.82,0.8597440135078136
8661.83,0.8580100497420587
8661.84,0.8550720994628505
8661.85,0.850671316508816
8661.86,0.8448406999507921
8661.869999999999,0.8381559938385486
8661.880000000001,0.8317014539739144
8661.89,0.8268267077058925
8661.9,0.8246280027910001
8661.91,0.8255486494334131
8661.92,0.829182514778352
8661.93,0.8344740905888384
8661.94,0.8400922654021277
8661.95,0.844929469746687
8661.960000000001,0.8483737469501887
8661.97,0.8503909083203446
8661.980000000001,0.8512738508773053
8661.99,0.8514120514442141
8662.0,0.8511322432464218
8662.01,0.8506475170224234
8662.02,0.8500732395279039
8662.03,0.8494688471057658
8662.04,0.8488394288417306
8662.050000000001,0.84820631118662
8662.06,0.8475694653296837
8662.07,0.8469288539758811
8662.08,0.8462844584140473
8662.09,0.8456362456446248
8662.1,0.8449841850698213
8662.11,0.8443282461590661
8662.119999999999,0.8436683980749158
8662.130000000001,0.8430046097161341
8662.14,0.8423368497043573
8662.15,0.841665086391914
8662.16,0.8409770812698658
8662.17,0.8402883269501933
8662.18,0.8395925224343013
8662.19,0.8388909449311546
8662.2,0.8381860754275087
8662.210000000001,0.8374809321697017
8662.22,0.8367778939162885
8662.230000000001,0.8360776184169625
8662.24,0.8353786892140839
8662.25,0.8346783376539911
8662.26,0.8339735285985928
8662.27,0.8332614655944265
8662.28,0.8325521474022485
8662.29,0.8318207085288443
8662.3,0.8310847417839394
8662.310000000001,0.8303442094472763
8662.32,0.8295989873585846
8662.33,0.8288491700977435
8662.34,0.8280946654521574
8662.35,0.8273354328462587
8662.36,0.8265713908393634
8662.369999999999,0.8258025713498997
8662.380000000001,0.8250485710228489
8662.39,0.824269785101062
8662.4,0.8234860817414041
8662.41,0.8226974180014579
8662.42,0.8219037504689075
8662.43,0.8211050351955781
8662.44,0.820301227708192
8662.449999999999,0.8194922830073296
8662.460000000001,0.8186781555442959
8662.47,0.8178587992516787
8662.48,0.8170341674840267
8662.49,0.8162042130848943
8662.5,0.8153688883628724
8662.51,0.8145281450988804
8662.52,0.8136718121776185
8662.53,0.8128171270069695
8662.54,0.8119576827796868
8662.55,0.8110940172843136
8662.560000000001,0.8102262992393569
8662.57,0.8093542205742408
8662.58,0.8084771175419588
8662.59,0.807601071275772
8662.6,0.8067092706087667
8662.61,0.8058115323202607
8662.62,0.8049078014315788
8662.63,0.8039980225446077
8662.640000000001,0.8030810822898161
8662.65,0.8021590227275124
8662.660000000002,0.8012307467793317
8662.67,0.8002961691311689
8662.68,0.7993552727430395
8662.69,0.798407985831921
8662.699999999999,0.7974537514305254
8662.710000000001,0.7964933363170409
8662.72,0.7955263257129065
8662.73,0.7945526539926666
8662.74,0.7935721124812
8662.75,0.7925848643983505
8662.76,0.7915907434836059
8662.77,0.7905896789887268
8662.78,0.7895815991207747
8662.79,0.7885664310465393
8662.8,0.7875441008428916
8662.810000000001,0.7865335106355262
8662.82,0.7854963368581482
8662.83,0.7844518188146706
8662.84,0.7833998801623863
8662.85,0.7823404434731703
8662.86,0.7812734302310552
8662.87,0.7801987608961246
8662.88,0.7791163542887977
8662.890000000001,0.7780261199439908
8662.9,0.776927984466902
8662.91,0.7758218596357829
8662.92,0.7746928004172151
8662.93,0.7735391320776303
8662.94,0.7723250390117257
8662.95,0.770987049068843
8662.960000000001,0.7694167351233344
8662.970000000001,0.7674633668895222
8662.98,0.7649724464256102
8662.99,0.7618695910597806
8663.0,0.758264517118954
8663.01,0.7545087266352115
8663.02,0.7511416267025517
8663.029999999999,0.7487118927175486
8663.04,0.747558363266084
8663.05,0.7476628675759069
8663.06,0.7486580442991682
8663.07,0.7499856138098696
8663.08,0.7511176690421031
8663.09,0.7517243818632396
8663.1,0.7517173231958402
8663.11,0.7511834761802562
8663.12,0.7502804449839412
8663.13,0.7491561063000031
8663.140000000001,0.7479318446531521
8663.15,0.7466314574379256
8663.16,0.7452867397675992
8663.17,0.7439120029240321
8663.18,0.7425028231577325
8663.19,0.7410478397598114
8663.2,0.7395394586346
8663.21,0.7379811255123395
8663.220000000001,0.7363930717787431
8663.23,0.7348112762414163
8663.240000000002,0.7332769002891701
8663.25,0.7318196706869587
8663.26,0.730444164620915
8663.27,0.7291276151366478
8663.28,0.7278302977275606
8663.29,0.7265026563968728
8663.3,0.7251271827818656
8663.31,0.7236897072593251
8663.32,0.7221936247268126
8663.33,0.720650347939759
8663.34,0.7190730224265662
8663.35,0.7174594579434233
8663.359999999999,0.7158063833369822
8663.37,0.7140865086990308
8663.38,0.7122605760727182
8663.390000000001,0.7102207962813455
8663.4,0.7079231910020368
8663.41,0.7053739045767667
8663.42,0.702679583960821
8663.43,0.7000598893577168
8663.44,0.6977806044521788
8663.45,0.6960255070181953
8663.46,0.6948065879219428
8663.470000000001,0.6939569482036014
8663.48,0.6932196083754456
8663.49,0.6923290795586049
8663.5,0.691120857900548
8663.51,0.6895219868000309
8663.52,0.6875331990148726
8663.53,0.68519847489415
8663.54,0.6826080068169283
8663.550000000001,0.6799137817030885
8663.56,0.6773030285922866
8663.570000000002,0.6749917422430495
8663.58,0.6730658632027705
8663.59,0.6715358926491579
8663.6,0.6702761637616246
8663.609999999999,0.6690988128920073
8663.62,0.6678254315169994
8663.63,0.6663531882447989
8663.64,0.6646482195603076
8663.65,0.6627283949628411
8663.66,0.6606265215702936
8663.67,0.6583684418029233
8663.68,0.6559753306044589
8663.69,0.6534807133731964
8663.7,0.6509269510532705
8663.71,0.648397087324979
8663.720000000001,0.6459665244242544
8663.73,0.6436971148856766
8663.74,0.641549692122901
8663.75,0.6394914910947823
8663.76,0.6374411831936654
8663.77,0.6353271763171404
8663.78,0.6331081891531771
8663.789999999999,0.6307772744143886
8663.800000000001,0.6283512371018996
8663.81,0.6258546486126936
8663.820000000002,0.6233090572824117
8663.83,0.6207233327417002
8663.84,0.6181072724796283
8663.85,0.6154533654087181
8663.86,0.6127613572978481
8663.87,0.6100416781398199
8663.880000000001,0.6072652037357654
8663.89,0.6044456685570337
8663.900000000001,0.6015848045650787
8663.91,0.5986764810509345
8663.92,0.5957235722207733
8663.93,0.5927259862018424
8663.939999999999,0.5896784339893439
8663.95,0.5865816101987906
8663.96,0.5834335250048793
8663.970000000001,0.5802404531906253
8663.98,0.5769734884038232
8663.99,0.5736353016561491
8664.0,0.5702096526692997
8664.01,0.5666705040255281
8664.02,0.5629955757211492
8664.03,0.5591671668258049
8664.039999999999,0.5551913082722731
8664.050000000001,0.5511205759241787
8664.06,0.5469984306541162
8664.07,0.5429126983621753
8664.08,0.5389050721347498
8664.09,0.5349560398444053
8664.1,0.5310264838142825
8664.11,0.527011091412496
8664.12,0.5228160561083851
8664.130000000001,0.5183332403847878
8664.14,0.513505812308336
8664.150000000001,0.5082263413665006
8664.16,0.5022002512936443
8664.17,0.4945534989322415
8664.18,0.4829158808387308
8664.19,0.46284511412690216
8664.2,0.42905503833675623
8664.210000000001,0.38202162239619963
8664.22,0.33226921892138334
8664.23,0.2915808773869208
8664.24,0.26352265105185807
8664.25,0.24574936848107493
8664.26,0.23516552664986504
8664.27,0.2297295575190617
8664.28,0.22839579801797194
8664.289999999999,0.23090653953177454
8664.300000000001,0.2376925265942241
8664.31,0.24992327155104105
8664.32,0.2694275542109147
8664.33,0.2974614247739468
8664.34,0.33045556600375425
8664.35,0.35780746402976343
8664.36,0.3709708783821565
8664.369999999999,0.3711256835308166
8664.380000000001,0.36333283561528257
8664.39,0.3499499410735565
8664.400000000001,0.32955401997085254
8664.41,0.29967404596814456
8664.42,0.2636773621450259
8664.43,0.23109544962409376
8664.44,0.20772609412457943
8664.45,0.19305364019551485
8664.460000000001,0.1839606130439504
8664.47,0.1778694761447568
8664.480000000001,0.1735366420173078
8664.49,0.17049844111052986
8664.5,0.16854381136038207
8664.51,0.1675185304235079
8664.52,0.16732132952810594
8664.53,0.1679307663216714
8664.539999999999,0.16940246649208215
8664.550000000001,0.17185334731894547
8664.56,0.17542121094013027
8664.57,0.18028551445150512
8664.58,0.18678480637746758
8664.59,0.19523492996357328
8664.6,0.2045179275032911
8664.61,0.21156664471791053
8664.619999999999,0.2152064600049498
8664.630000000001,0.21754890253278358
8664.64,0.22093880354870543
8664.65,0.22690362487700513
8664.66,0.2366161419146202
8664.67,0.2511548800513039
8664.68,0.2709710489033285
8664.69,0.29420430086152877
8664.7,0.31514803793514246
8664.710000000001,0.32781918247317493
8664.72,0.332198780224959
8664.730000000001,0.3333580626978698
8664.74,0.33607565001165207
8664.75,0.34311039756219947
8664.76,0.355564516255122
8664.77,0.3733693689580683
8664.78,0.3951850741050532
8664.79,0.4185001349074479
8664.8,0.4402851940030335
8664.810000000001,0.4581907075648778
8664.82,0.47164457151491057
8664.83,0.48145991915979486
8664.84,0.488885364220786
8664.85,0.49497318002599994
8664.86,0.5003231558616026
8664.869999999999,0.505310661370683
8664.880000000001,0.5100762191552881
8664.89,0.5146818752718668
8664.9,0.5191545244678668
8664.91,0.5235089914974965
8664.92,0.5277425001778353
8664.93,0.5318878075275438
8664.94,0.5359386988709842
8664.949999999999,0.5398992819484373
8664.960000000001,0.5437644087584058
8664.97,0.5475134490464189
8664.980000000001,0.5511156085517432
8664.99,0.554495601446026
8665.0,0.5576013271191754
8665.01,0.5603523919125178
8665.02,0.5627489707733985
8665.03,0.5648977452676367
8665.04,0.5670249856517394
8665.05,0.5694193949014367
8665.060000000001,0.5723195534974479
8665.07,0.5758160557337768
8665.08,0.5797855418245688
8665.09,0.5840065427061572
8665.1,0.5881629149994555
8665.11,0.5920022378050152
8665.12,0.5953716415989715
8665.130000000001,0.5982218354037931
8665.14,0.6005849129751992
8665.15,0.6025835402705586
8665.16,0.6044111911472176
8665.17,0.6063119478655489
8665.18,0.6085248734438546
8665.19,0.6111809440405865
8665.199999999999,0.6143263092856682
8665.210000000001,0.6178107657351325
8665.22,0.621418766900572
8665.23,0.6249161068314559
8665.24,0.6281292251683015
8665.25,0.6309673006382605
8665.26,0.6334268121183141
8665.27,0.6355550552692821
8665.28,0.6374489416855509
8665.29,0.6392338033315887
8665.3,0.6410709431470419
8665.310000000001,0.6430980747409997
8665.32,0.6453803712789671
8665.33,0.6479353740191096
8665.34,0.6506460287276191
8665.35,0.6533533160371924
8665.36,0.6559036001380485
8665.37,0.658218240146213
8665.38,0.6602864523370969
8665.390000000001,0.6621930249556208
8665.4,0.6640525071216481
8665.410000000002,0.6659860138630014
8665.42,0.6680534058505961
8665.43,0.6702424435169998
8665.44,0.6724695545332458
8665.449999999999,0.6746375069613731
8665.460000000001,0.6766838279266124
8665.47,0.6785870628067643
8665.48,0.680433545813979
8665.49,0.6822815356750396
8665.5,0.6841951425495303
8665.51,0.6861840311458351
8665.52,0.6882050625127213
8665.529999999999,0.6901620869457067
8665.54,0.6919834811184963
8665.55,0.6936230251772265
8665.560000000001,0.6950984552281011
8665.57,0.6964901563599993
8665.58,0.6979167141631809
8665.59,0.6994907964360705
8665.6,0.7012786402887593
8665.61,0.7032556743505334
8665.62,0.7053553820378795
8665.63,0.7074742085208254
8665.640000000001,0.7095251230861362
8665.65,0.711461875444425
8665.66,0.7132622731291198
8665.67,0.714980813238969
8665.68,0.7166293300107617
8665.69,0.7182322315522955
8665.7,0.719811283198987
8665.710000000001,0.7213607259742548
8665.720000000001,0.7228967658104714
8665.73,0.7244195947530802
8665.740000000002,0.7259294191131708
8665.75,0.7274266694308509
8665.76,0.7289107539283094
8665.77,0.7303823861161365
8665.779999999999,0.7318417157375915
8665.79,0.7332888927948554
8665.8,0.7347240559963785
8665.81,0.7361473678322683
8665.82,0.737558973079151
8665.83,0.7389590141530422
8665.84,0.7403357802414923
8665.85,0.7416983888418011
8665.86,0.743030475127591
8665.87,0.7443225546218791
8665.88,0.7455782262461127
8665.890000000001,0.7467848475679452
8665.9,0.7479401439232237
8665.91,0.7490251591425602
8665.92,0.7501002408533206
8665.93,0.7511786864217633
8665.94,0.7522737952772618
8665.95,0.7534389132226729
8665.96,0.7547044077550364
8665.970000000001,0.7560761888980555
8665.98,0.7575288226835506
8665.990000000002,0.7590149168960195
8666.0,0.7604798532317635
8666.01,0.7618804895029427
8666.02,0.7631927690180775
8666.03,0.7644000071206678
8666.04,0.765506517933021
8666.050000000001,0.7664917592472611
8666.06,0.7673887525537016
8666.07,0.7681607708116691
8666.08,0.7688136361575622
8666.09,0.7692918820730869
8666.1,0.7695253305626332
8666.109999999999,0.7694132749842052
8666.12,0.7689325413850571
8666.13,0.7681949238451823
8666.140000000001,0.7674859950478647
8666.15,0.767217028436469
8666.16,0.7677425547734509
8666.17,0.7692364609830328
8666.18,0.7716104286413622
8666.19,0.7745601901626455
8666.2,0.7776910368247383
8666.21,0.7806544456845174
8666.220000000001,0.7832198527079252
8666.23,0.7853187312017177
8666.24,0.7869364190277575
8666.25,0.7881339052833821
8666.26,0.7888370955487646
8666.27,0.7889565060912617
8666.28,0.7882994313128334
8666.29,0.7867492639727326
8666.300000000001,0.7843182566211802
8666.31,0.7813154197698021
8666.320000000002,0.7782867285587928
8666.33,0.775923750946261
8666.34,0.774791310495916
8666.35,0.7752566673577264
8666.36,0.7774088366529402
8666.37,0.7809731310287714
8666.38,0.785466162052709
8666.39,0.7902961588345717
8666.4,0.7949014281291659
8666.41,0.7988783593880942
8666.42,0.8020367460205756
8666.43,0.804421425525063
8666.44,0.8061619430806943
8666.45,0.8074686784639704
8666.46,0.8085136522787295
8666.470000000001,0.8094046924235397
8666.48,0.8102307810666736
8666.49,0.8110458913547964
8666.5,0.8118683427785366
8666.51,0.8127259919965556
8666.52,0.813618279868038
8666.53,0.8145331853483059
8666.539999999999,0.81545281215362
8666.550000000001,0.8163607136497647
8666.56,0.8172469885575384
8666.57,0.8181092381582571
8666.58,0.818950315503285
8666.59,0.819763034441127
8666.6,0.8205273783929928
8666.61,0.821219445695476
8666.62,0.8217645023331268
8666.630000000001,0.8220429287355451
8666.64,0.8219022648117198
8666.650000000001,0.8212087218927093
8666.66,0.8199384624847956
8666.67,0.8182709304078211
8666.68,0.8166152914575336
8666.689999999999,0.8155173261464792
8666.7,0.8154649925731199
8666.71,0.8166859556791609
8666.720000000001,0.8190474541705535
8666.73,0.8220950974589626
8666.74,0.8253173499331866
8666.75,0.8282337946554041
8666.76,0.8305709653922281
8666.77,0.8323248797708499
8666.78,0.8335806712985513
8666.789999999999,0.8344715406502038
8666.800000000001,0.8351082578718512
8666.81,0.8355719377221654
8666.82,0.8359398452335612
8666.83,0.8362628562204857
8666.84,0.8366490348491258
8666.85,0.8371584350573296
8666.86,0.8378497052877121
8666.87,0.8387000329172792
8666.880000000001,0.8396421635959392
8666.89,0.8405868079040199
8666.900000000001,0.8414618089573874
8666.91,0.8422401057941846
8666.92,0.8429492815422933
8666.93,0.8436237050063949
8666.94,0.8443246498032184
8666.95,0.8450761560815918
8666.960000000001,0.8458787488021746
8666.97,0.846687479348018
8666.980000000001,0.8474690136645178
8666.99,0.8482116915504635
8667.0,0.8488940141358744
8667.01,0.8495128227664827
8667.02,0.850074114910937
8667.03,0.8506019547436867
8667.039999999999,0.8510951170262498
8667.050000000001,0.8516030354795762
8667.06,0.8521528780141802
8667.07,0.8527618453553112
8667.08,0.8534292964013246
8667.09,0.8541370706302062
8667.1,0.8548577972526686
8667.11,0.8555660493958369
8667.119999999999,0.8562462246372525
8667.130000000001,0.8568942074004824
8667.14,0.8575140796481617
8667.15,0.8581132514442885
8667.16,0.858704885095126
8667.17,0.8592778315093034
8667.18,0.8598267511102052
8667.19,0.8603525513851763
8667.2,0.8608127699681944
8667.210000000001,0.8611396030558143
8667.22,0.861226029054629
8667.230000000001,0.8609379683135459
8667.24,0.8601611501138031
8667.25,0.8588816463031109
8667.26,0.8572659903452552
8667.27,0.8556808542728576
8667.28,0.8545902835866477
8667.29,0.8544317203694101
8667.3,0.855380242116247
8667.31,0.8572998006473094
8667.32,0.8597975382762689
8667.33,0.8623684422543813
8667.34,0.8646063133403304
8667.35,0.8663111102649328
8667.36,0.8673241226333248
8667.369999999999,0.8675868170423866
8667.380000000001,0.8669208001704664
8667.39,0.8651027273660795
8667.4,0.8619765952937125
8667.41,0.8577733615685197
8667.42,0.8530517222346155
8667.43,0.8488733378695766
8667.44,0.8463398210257408
8667.45,0.8462309599985159
8667.460000000001,0.8487065146116549
8667.47,0.8532313473525421
8667.480000000001,0.8587623243323985
8667.49,0.8642650555801613
8667.5,0.8688311037842236
8667.51,0.8719720345082157
8667.52,0.873527519857425
8667.53,0.8735172635549696
8667.54,0.8720595159705364
8667.55,0.8694064606337188
8667.560000000001,0.8661054531001325
8667.57,0.8629071921065673
8667.58,0.8606883439781257
8667.59,0.8601947989904304
8667.6,0.8616869010292711
8667.61,0.8648791953717174
8667.619999999999,0.8690236177730708
8667.630000000001,0.8732549739091651
8667.64,0.8768154685299515
8667.65,0.8792293950591009
8667.66,0.8802812855806892
8667.67,0.8799169064373459
8667.68,0.8781966077108783
8667.69,0.8753563069685244
8667.699999999999,0.8718673413412041
8667.710000000001,0.8685424299055402
8667.72,0.8661802828527314
8667.73,0.8654243568196985
8667.74,0.8663874062578442
8667.75,0.8686191924813595
8667.76,0.8713077760256221
8667.77,0.873669778316951
8667.78,0.8753165958402886
8667.79,0.876378511638625
8667.8,0.8773284414604527
8667.810000000001,0.8786498682992135
8667.82,0.8805672491518111
8667.83,0.8829717924349233
8667.84,0.8855337639839383
8667.85,0.8879074585868422
8667.86,0.8898269028974527
8667.87,0.8912597757215244
8667.88,0.8922735296635661
8667.890000000001,0.8929926280162336
8667.9,0.8935354200298593
8667.910000000002,0.8939642326264925
8667.92,0.8943553833507797
8667.93,0.8947080780680797
8667.94,0.8950547220506546
8667.949999999999,0.8954013598267163
8667.960000000001,0.8957554065082951
8667.97,0.8961228315589529
8667.98,0.8965055136778441
8667.99,0.8969003629508697
8668.0,0.8973007702247742
8668.01,0.897699464541139
8668.02,0.8980911089087408
8668.03,0.8984816852252082
8668.04,0.8988594824445232
8668.05,0.8992186914859069
8668.060000000001,0.8995762027424585
8668.07,0.8999318542886638
8668.08,0.9002857532904431
8668.09,0.9006379106439948
8668.1,0.900988337202878
8668.11,0.901337043733007
8668.12,0.901684040931608
8668.13,0.9020293394281977
8668.140000000001,0.9023729497579295
8668.15,0.9027148824145645
8668.16,0.9030551477988656
8668.17,0.903393775053854
8668.18,0.9037307311805718
8668.19,0.9040660511908342
8668.2,0.9043997451039135
8668.210000000001,0.9047318228767173
8668.220000000001,0.9050622944301562
8668.23,0.9053911695769279
8668.24,0.9057184580866204
8668.25,0.9060216753454536
8668.26,0.9063462266933565
8668.27,0.9066686564983626
8668.279999999999,0.9069895378318481
8668.29,0.9073088799754592
8668.3,0.9076266921536149
8668.31,0.9079429835261235
8668.32,0.9082577632155547
8668.33,0.9085710402837255
8668.34,0.9088828237236407
8668.35,0.9091931224851473
8668.36,0.9095045045241706
8668.37,0.9098118544444064
8668.38,0.9101177467257573
8668.390000000001,0.9104221887262949
8668.4,0.9107251899672304
8668.41,0.9109924363839849
8668.42,0.9112123883367107
8668.43,0.9113565222384262
8668.44,0.9113488083716751
8668.45,0.9111079047964143
8668.46,0.9105654433625793
8668.470000000001,0.909713814029984
8668.48,0.9086541275701864
8668.490000000002,0.9076096603401671
8668.5,0.9068770760176112
8668.51,0.9067225385072173
8668.52,0.9072709472807947
8668.53,0.9084497972715333
8668.54,0.910021117295654
8668.55,0.9116828829688117
8668.56,0.9131822159525922
8668.57,0.9143832940906539
8668.58,0.9152791634705978
8668.59,0.915903856053511
8668.6,0.9163596191533296
8668.609999999999,0.9167172326009645
8668.62,0.9170434816410651
8668.63,0.9173156017876749
8668.640000000001,0.9175864719549806
8668.65,0.9178560993968284
8668.66,0.9181244913476663
8668.67,0.918391654976867
8668.68,0.9186575974105797
8668.69,0.9189223257066267
8668.7,0.9191344385585306
8668.71,0.9193064884925927
8668.720000000001,0.9193557306103369
8668.73,0.9191712581045409
8668.74,0.918600568509863
8668.75,0.917488810220863
8668.76,0.9157418104270149
8668.77,0.913486209999795
8668.78,0.9110603382633816
8668.79,0.9090037556755198
8668.800000000001,0.9078793546579879
8668.81,0.9080541324066358
8668.820000000002,0.9095447160877067
8668.83,0.9120117544336355
8668.84,0.9149058520076669
8668.85,0.9176834269008219
8668.859999999999,0.9199802389773946
8668.87,0.921651969589012
8668.88,0.9227634580672976
8668.89,0.9233860366516098
8668.9,0.9237104141262941
8668.91,0.9237878048632276
8668.92,0.9236878233348155
8668.93,0.9233873134464538
8668.94,0.9230111105884347
8668.95,0.9226668961659725
8668.96,0.9224883062285468
8668.970000000001,0.922586150380629
8668.98,0.9230132807969224
8668.99,0.9236896542039215
8669.0,0.9245179563601225
8669.01,0.9253622142621043
8669.02,0.926116941106991
8669.03,0.9267446166090033
8669.039999999999,0.9272136238571738
8669.050000000001,0.9275777507581052
8669.06,0.9278725833256425
8669.070000000002,0.9281278845986528
8669.08,0.9283700972095827
8669.09,0.9285915288729173
8669.1,0.9288119977845681
8669.11,0.9290315092317704
8669.12,0.9292500684811468
8669.130000000001,0.9294676807192983
8669.14,0.9296843511213115
8669.150000000001,0.9299000848411242
8669.16,0.9301148869696697
8669.17,0.9303111747518106
8669.18,0.9304953343538694
8669.189999999999,0.9306431238271633
8669.2,0.9307263411671693
8669.21,0.9307103636066377
8669.220000000001,0.9305618991800976
8669.23,0.9302885629321341
8669.24,0.9299314790616867
8669.25,0.9295883710529128
8669.26,0.929386147256115
8669.27,0.9294344989995371
8669.28,0.9297784381145174
8669.289999999999,0.9303521086256694
8669.300000000001,0.931087516139377
8669.31,0.931843526429943
8669.32,0.9325225641307916
8669.33,0.9330783799218121
8669.34,0.9335116183291825
8669.35,0.933849305267055
8669.36,0.9341240323979256
8669.37,0.9343618762506375
8669.380000000001,0.9345858600587498
8669.39,0.9347986047321211
8669.400000000001,0.9349918056031539
8669.41,0.9351841273839913
8669.42,0.9353755658493622
8669.43,0.9355661153021276
8669.44,0.9357557682751445
8669.45,0.9359445151828525
8669.460000000001,0.936132343828844
8669.47,0.9363192387676038
8669.48,0.9365051805582876
8669.49,0.9366901446814755
8669.5,0.9368741002432037
8669.51,0.9370570081278013
8669.52,0.9372388185392185
8669.53,0.9374194676646856
8669.539999999999,0.9375552650142175
8669.550000000001,0.9376573261816012
8669.56,0.9376569404141092
8669.57,0.9374635567419535
8669.58,0.9369544528849554
8669.59,0.9360076691011118
8669.6,0.9345695945538405
8669.61,0.9327361581024047
8669.619999999999,0.9307964675170052
8669.630000000001,0.9291477060726906
8669.64,0.9282416566273973
8669.650000000001,0.9282800925720258
8669.66,0.9291481477133267
8669.67,0.9304018969147987
8669.68,0.931376321053828
8669.69,0.9315586356734932
8669.7,0.9306515261935044
8669.710000000001,0.9288197216780921
8669.72,0.9265675644856602
8669.730000000001,0.9246402473337296
8669.74,0.9237487702872819
8669.75,0.924260773920112
8669.76,0.9261587016533379
8669.77,0.9290209696719876
8669.78,0.9322691956608439
8669.789999999999,0.9352851790212724
8669.800000000001,0.9377388413308072
8669.81,0.939431322550553
8669.82,0.9403105386235621
8669.83,0.9403550203180464
8669.84,0.9395467881504509
8669.85,0.9377668332550764
8669.86,0.9351179997995346
8669.869999999999,0.9319103114316373
8669.880000000001,0.9287028757880215
8669.89,0.9262094035244348
8669.9,0.9251219299832207
8669.91,0.9256972546187583
8669.92,0.9277287854630154
8669.93,0.9306082737603748
8669.94,0.9335851830240964
8669.95,0.9360688426626953
8669.960000000001,0.9378343793789767
8669.97,0.938966892426593
8669.980000000001,0.93978600345217
8669.99,0.9405774023022194
8670.0,0.9414861963468113
8670.01,0.9425163377565223
8670.02,0.9435284611636451
8670.03,0.9443636709505352
8670.04,0.9449706834222511
8670.05,0.9452706650926641
8670.060000000001,0.9452449377776841
8670.07,0.9448151848069108
8670.080000000002,0.9439198551256185
8670.09,0.9425617683390617
8670.1,0.9408281361519457
8670.11,0.9390264968097237
8670.119999999999,0.9375416156750771
8670.130000000001,0.9368096200459234
8670.14,0.9370603673308077
8670.15,0.9382679700072192
8670.16,0.9401574860633033
8670.17,0.9422840892628178
8670.18,0.9442651272016114
8670.19,0.9458394763834623
8670.199999999999,0.9469197869997706
8670.210000000001,0.947605141818337
8670.22,0.9479930903169628
8670.230000000001,0.9481752742064814
8670.24,0.9482627113019401
8670.25,0.9483380679085421
8670.26,0.9484179614701933
8670.27,0.9485363444930098
8670.28,0.9487039545906367
8670.29,0.94886494421472
8670.3,0.9489633932152068
8670.310000000001,0.9489271308699974
8670.32,0.9486946588289438
8670.33,0.9482440801298354
8670.34,0.9476219009303399
8670.35,0.9469533594127503
8670.36,0.9464291243660623
8670.37,0.9462107068431272
8670.380000000001,0.9464119691221118
8670.390000000001,0.9470125894034876
8670.4,0.9478822733791151
8670.41,0.9488387273646285
8670.42,0.9497195318497252
8670.43,0.9504298494926698
8670.44,0.9509222618465196
8670.449999999999,0.951248196853782
8670.460000000001,0.9514351968201329
8670.47,0.9515176110970927
8670.48,0.9515352689356479
8670.49,0.9514793753775828
8670.5,0.9514128604845485
8670.51,0.9513756722863664
8670.52,0.9514090030953803
8670.53,0.9515384430005107
8670.54,0.9517623695589089
8670.55,0.9520527081812552
8670.560000000001,0.9523675835327181
8670.57,0.9526681321665474
8670.58,0.952930398341923
8670.59,0.9531478835662153
8670.6,0.9533266375674343
8670.61,0.9534779033722379
8670.62,0.9536223914363345
8670.63,0.9537416886596274
8670.640000000001,0.9538409252500853
8670.65,0.9539424378646018
8670.660000000002,0.9539957034261993
8670.67,0.9540009508416571
8670.68,0.9538740922799066
8670.69,0.9534127959648823
8670.7,0.9524147539839782
8670.710000000001,0.9504929978965005
8670.72,0.9472167654707145
8670.73,0.9423850087964164
8670.74,0.9362424121676071
8670.75,0.9294072259485039
8670.76,0.9229341285892991
8670.77,0.9178209663701777
8670.779999999999,0.9146449676899538
8670.79,0.9133527383873948
8670.8,0.9135039192465174
8670.810000000001,0.9146073998744723
8670.82,0.9164873943530724
8670.83,0.9193281354842646
8670.84,0.9234011490775833
8670.85,0.9287092904398323
8670.86,0.9348157050807469
8670.87,0.9409409348085285
8670.88,0.9463798818533413
8670.890000000001,0.9505840458002809
8670.9,0.9534958157924293
8670.91,0.9552788179480542
8670.92,0.956287484970393
8670.93,0.956845161569547
8670.94,0.9571249133150189
8670.95,0.9572984451722367
8670.960000000001,0.9574379341427481
8670.970000000001,0.9575427496332235
8670.98,0.9576471220595151
8670.990000000002,0.9577510439436991
8671.0,0.9578371087084064
8671.01,0.9579295602959853
8671.02,0.9579858762456316
8671.029999999999,0.9580207068399728
8671.04,0.9579909435398093
8671.05,0.9578459495566906
8671.06,0.9575213278951816
8671.07,0.956913068943724
8671.08,0.9560581537063128
8671.09,0.9550041308731997
8671.1,0.9539221795782051
8671.11,0.9530641773723291
8671.12,0.9525923665581238
8671.13,0.9526698508739636
8671.140000000001,0.9532161643412607
8671.15,0.9539985585760922
8671.16,0.954693339657864
8671.17,0.9550002105687516
8671.18,0.9547540887199003
8671.19,0.9540012279390842
8671.2,0.9529949705161626
8671.21,0.9521095642499223
8671.220000000001,0.9516955347991537
8671.23,0.9519546599141621
8671.24,0.9528155385143834
8671.25,0.9540279143913252
8671.26,0.9553212115434903
8671.27,0.956424918341107
8671.28,0.9572594027462983
8671.29,0.9578837614208042
8671.300000000001,0.9583797012229446
8671.31,0.9588384763565466
8671.32,0.9593221979297782
8671.33,0.9598238406196066
8671.34,0.9602373973218099
8671.35,0.9606107088455174
8671.359999999999,0.96085552811328
8671.37,0.9610333533535182
8671.38,0.961120962863469
8671.390000000001,0.9611249087052895
8671.4,0.9610639707363215
8671.41,0.9609711595411358
8671.42,0.9608569900248546
8671.43,0.960793882186276
8671.44,0.9607872467973513
8671.45,0.9607703200995273
8671.46,0.9607480239627435
8671.470000000001,0.960640200416124
8671.48,0.9604181653866729
8671.49,0.9601078874855101
8671.5,0.9597903556251294
8671.51,0.9595749377177569
8671.52,0.9595580141973916
8671.53,0.9597997965528787
8671.54,0.9602051168368444
8671.550000000001,0.9607405818492746
8671.56,0.9612455811064609
8671.570000000002,0.9615588066343563
8671.58,0.9615356324127797
8671.59,0.961083247191989
8671.6,0.9602013273209743
8671.61,0.9590252820500766
8671.62,0.9577880568864653
8671.63,0.9568497662704318
8671.64,0.9564595085777302
8671.65,0.9567880426431347
8671.66,0.9577288118048124
8671.67,0.959115985837694
8671.68,0.9606042283646274
8671.69,0.9619335859373255
8671.7,0.9629615050866531
8671.71,0.9636704891797983
8671.720000000001,0.9641183240866287
8671.73,0.9643895616809133
8671.74,0.9645584648102193
8671.75,0.9646956152497036
8671.76,0.964775998698393
8671.77,0.9647934280268922
8671.78,0.9647498801554386
8671.789999999999,0.9645149941116506
8671.800000000001,0.9638762873013877
8671.81,0.96249222899662
8671.82,0.959924215075622
8671.83,0.9557401246283806
8671.84,0.9498731883520328
8671.85,0.9427556071392214
8671.86,0.9354287766843512
8671.87,0.9293630785175404
8671.880000000001,0.9258029514618423
8671.89,0.9254181247319186
8671.900000000001,0.9280883986398858
8671.91,0.9328680059208602
8671.92,0.9385581959447331
8671.93,0.9440334862683907
8671.939999999999,0.9486529891068899
8671.95,0.952274891128061
8671.96,0.9550391071320368
8671.97,0.9572339565658559
8671.98,0.9590242510067453
8671.99,0.9604546862408389
8672.0,0.9614556320577862
8672.01,0.9619259268437415
8672.02,0.9617762431367504
8672.03,0.9611201792957152
8672.039999999999,0.9602037329950747
8672.050000000001,0.9593587573335837
8672.06,0.9589267501734869
8672.07,0.958980064553446
8672.08,0.9593533985702659
8672.09,0.9595306117970527
8672.1,0.9590041187555502
8672.11,0.9573971869626652
8672.12,0.9547448642995802
8672.130000000001,0.951573356329076
8672.14,0.9487567106499463
8672.150000000001,0.9471942201739405
8672.16,0.9474562440548627
8672.17,0.9495862593113803
8672.18,0.953024194798491
8672.19,0.9570060147047335
8672.2,0.9607439595489298
8672.210000000001,0.963729787633333
8672.22,0.9658081545719353
8672.230000000001,0.9670927610481184
8672.24,0.9678121665995459
8672.25,0.9681920279108115
8672.26,0.9683454225254091
8672.27,0.9684227537966873
8672.28,0.9683536729984089
8672.289999999999,0.9681626026102798
8672.300000000001,0.9677875941083594
8672.31,0.9671447063408368
8672.32,0.9661420290411455
8672.33,0.9648144888040473
8672.34,0.9631015633579656
8672.35,0.9609079024724466
8672.36,0.9580085763092775
8672.369999999999,0.9540355416077467
8672.380000000001,0.9487267089865596
8672.39,0.9421408113526829
8672.4,0.9349526245400006
8672.41,0.9284053193949934
8672.42,0.9239633925434544
8672.43,0.9226172006111124
8672.44,0.9247246790250674
8672.45,0.9297188575615664
8672.460000000001,0.9365086103984257
8672.47,0.943813313607597
8672.480000000001,0.9505775510455243
8672.49,0.9562928267202011
8672.5,0.9608028099415337
8672.51,0.9641809377570696
8672.52,0.9665875033561201
8672.53,0.9681664791587762
8672.54,0.9691471001595667
8672.55,0.9697265156771431
8672.56,0.9699935267539705
8672.57,0.9701272779218862
8672.58,0.9702058942427536
8672.59,0.9702881368038551
8672.6,0.9703685631101434
8672.61,0.9704728378312937
8672.619999999999,0.9705415274675133
8672.630000000001,0.9706025894639326
8672.64,0.9706115949856835
8672.65,0.9705518543399256
8672.66,0.9704224342478843
8672.67,0.9702554927468331
8672.68,0.9700699121035021
8672.69,0.9699429821966715
8672.7,0.9699245107472624
8672.710000000001,0.9700366620754987
8672.72,0.9702639213569147
8672.730000000001,0.9705605354133638
8672.74,0.970847557502428
8672.75,0.9710882446427919
8672.76,0.9712286134661304
8672.77,0.9712318506240271
8672.78,0.9710667129973953
8672.79,0.9707138040400252
8672.8,0.9701943862598883
8672.810000000001,0.9695503238758577
8672.82,0.9689029389516236
8672.83,0.9684210591008197
8672.84,0.9682128585830905
8672.85,0.9683091988351243
8672.86,0.968635849113466
8672.869999999999,0.9690493982237564
8672.880000000001,0.9694105324797286
8672.89,0.9696517459233129
8672.9,0.9697999208295727
8672.91,0.9699443374091549
8672.92,0.9701403713430444
8672.93,0.9704733520659956
8672.94,0.9708200345533132
8672.949999999999,0.9711485827785656
8672.960000000001,0.9712055068860616
8672.97,0.9708386818574964
8672.98,0.9697818457412886
8672.99,0.9677730146869369
8673.0,0.9647356604110948
8673.01,0.9607992194791057
8673.02,0.9564063145663628
8673.03,0.9523568325988375
8673.04,0.949454191499437
8673.05,0.9481263797497169
8673.060000000001,0.9483293382159796
8673.07,0.9493932977307022
8673.08,0.9503200489030476
8673.09,0.9503038916127451
8673.1,0.9491482741336635
8673.11,0.947402133573353
8673.12,0.9461549518577663
8673.13,0.9464101690233135
8673.140000000001,0.9486046084318351
8673.15,0.9525259808617096
8673.160000000002,0.9574106217120608
8673.17,0.9622081176549205
8673.18,0.9661196530715458
8673.19,0.9687779472697367
8673.199999999999,0.9701585144053417
8673.210000000001,0.9704789113499832
8673.22,0.9701144186638345
8673.23,0.9693593095381695
8673.24,0.9685668637971137
8673.25,0.9680956815034226
8673.26,0.9680335071964306
8673.27,0.9684652292172583
8673.279999999999,0.9693199391769209
8673.29,0.9703993386316646
8673.3,0.9714493476311394
8673.310000000001,0.9723776454788691
8673.32,0.9731003855830481
8673.33,0.9736203613106955
8673.34,0.9739798130375624
8673.35,0.9742260219030706
8673.36,0.9743996238509761
8673.37,0.9745307326023762
8673.38,0.9746380109276084
8673.390000000001,0.9747249246024269
8673.4,0.9748019388461927
8673.41,0.9748723557688871
8673.42,0.9749379563871436
8673.43,0.9749999426002878
8673.44,0.9750591543063606
8673.45,0.9750402315586272
8673.460000000001,0.9750288631597299
8673.470000000001,0.9749826869024577
8673.48,0.9749040965252036
8673.49,0.9748079459414755
8673.5,0.9746811840462465
8673.51,0.9745917102570927
8673.52,0.9745366826680238
8673.529999999999,0.9745151635657534
8673.54,0.9745142158110937
8673.55,0.9745213794712351
8673.56,0.9745376180247332
8673.57,0.9745803487466946
8673.58,0.9746732197525435
8673.59,0.9748416204236536
8673.6,0.97507053626754
8673.61,0.9752953146264824
8673.62,0.9755237388744052
8673.63,0.9757255693901221
8673.640000000001,0.9758856783882803
8673.65,0.976004501986036
8673.66,0.9760911407023262
8673.67,0.9761724619095254
8673.68,0.9762164580013518
8673.69,0.9762602626761223
8673.7,0.9763038557108193
8673.71,0.9763472697784964
8673.720000000001,0.9763904817910829
8673.73,0.9764334727966585
8673.740000000002,0.9764762604278953
8673.75,0.9764762974209287
8673.76,0.9764515574684848
8673.77,0.9763488725231301
8673.78,0.9761117184503523
8673.79,0.9756757393852181
8673.8,0.9749960969736905
8673.81,0.9740876768017179
8673.82,0.9730583003129722
8673.83,0.9721065117606194
8673.84,0.9714678944484211
8673.85,0.9713259015056005
8673.859999999999,0.9717324272438014
8673.87,0.9725842020978629
8673.88,0.9736693076218541
8673.890000000001,0.974755868175864
8673.9,0.9756730456807677
8673.91,0.9763470016735577
8673.92,0.9767879915490184
8673.93,0.9770516544651259
8673.94,0.9772017887495048
8673.95,0.9772890974598971
8673.96,0.9773562802518729
8673.970000000001,0.9773924195643934
8673.98,0.9774279995568408
8673.99,0.9774629501491203
8674.0,0.9774971932677822
8674.01,0.9775306308872546
8674.02,0.977563142135976
8674.03,0.9775945762941437
8674.04,0.9776247443369753
8674.050000000001,0.977653393012189
8674.06,0.9776802253238898
8674.070000000002,0.9777048258845253
8674.08,0.9777266370610529
8674.09,0.9777448983387997
8674.1,0.9777585484491971
8674.109999999999,0.9777660653926522
8674.12,0.9777651074468743
8674.13,0.9777487302870236
8674.14,0.9777138544686131
8674.15,0.9776540101456738
8674.16,0.9775479835077551
8674.17,0.9773708002611938
8674.18,0.9771074530639965
8674.19,0.9767419822749652
8674.2,0.9762946134158014
8674.21,0.9758067452343403
8674.220000000001,0.9752688540176245
8674.23,0.9748545893188372
8674.24,0.9746010842559328
8674.25,0.9745020566495199
8674.26,0.9744798016541226
8674.27,0.9745001123181486
8674.28,0.9744121992607867
8674.289999999999,0.9741979852390279
8674.300000000001,0.973979626844937
8674.31,0.9738070035850229
8674.320000000002,0.973743607830344
8674.33,0.9737563850626866
8674.34,0.9737126183733695
8674.35,0.9734420772482707
8674.36,0.9728583979973041
8674.37,0.9719701564538663
8674.380000000001,0.9709262437433849
8674.39,0.970123788586659
8674.400000000001,0.969827496588278
8674.41,0.9702015067283937
8674.42,0.9711848358710969
8674.43,0.9726100939471245
8674.439999999999,0.9741334031522353
8674.45,0.975507580778419
8674.46,0.9766624576407372
8674.470000000001,0.9775025147609888
8674.48,0.9780829068949983
8674.49,0.9784719299165057
8674.5,0.9787310338985477
8674.51,0.9789120170363143
8674.52,0.97901755401947
8674.53,0.9790652706466323
8674.539999999999,0.9790107065734348
8674.550000000001,0.9787837641905022
8674.56,0.9782711113542506
8674.57,0.9773435038349586
8674.58,0.9759137884974395
8674.59,0.9739957128272341
8674.6,0.9718374955308274
8674.61,0.969829524564939
8674.62,0.968438644791552
8674.630000000001,0.9680225311455345
8674.64,0.9686810718655309
8674.650000000001,0.9702191059520439
8674.66,0.9722401773107913
8674.67,0.9743137514803889
8674.68,0.976121910263082
8674.69,0.9775195106089016
8674.7,0.9785067990386755
8674.710000000001,0.9791031612687483
8674.72,0.979406456287768
8674.73,0.9793554821441005
8674.74,0.9788814879969667
8674.75,0.9776551197168943
8674.76,0.9753897733815431
8674.77,0.9717082113471616
8674.78,0.9666035983980873
8674.789999999999,0.9605134052655973
8674.800000000001,0.954436107372648
8674.81,0.949645334303514
8674.82,0.9473492118057592
8674.83,0.9481532638930645
8674.84,0.9518538792432747
8674.85,0.9575133263549768
8674.86,0.9638243881160063
8674.869999999999,0.969556958461972
8674.880000000001,0.973983235439945
8674.89,0.9768570552217032
8674.900000000001,0.9782864080039932
8674.91,0.9784690673768006
8674.92,0.9775285933449522
8674.93,0.9755130005079151
8674.94,0.9725277758253379
8674.95,0.9689116354465602
8674.960000000001,0.9652628185747584
8674.97,0.9624118841856213
8674.980000000001,0.9610865045337736
8674.99,0.9616537596548742
8675.0,0.9639656531887633
8675.01,0.9674219252719125
8675.02,0.9712168910753254
8675.03,0.9746401921143605
8675.039999999999,0.9772807723325957
8675.050000000001,0.9790579862635792
8675.06,0.9801164059897864
8675.07,0.9806822714521747
8675.08,0.980960089611894
8675.09,0.9810594198764151
8675.1,0.9810765146315175
8675.11,0.9808971285455301
8675.119999999999,0.9804678313728818
8675.130000000001,0.9795283534750078
8675.14,0.9776872818684099
8675.15,0.9745627032174918
8675.16,0.9698543468459562
8675.17,0.9636336218004051
8675.18,0.95649902532261
8675.19,0.9495214420366233
8675.2,0.9439394158139098
8675.210000000001,0.940742347121627
8675.22,0.9403685085850425
8675.230000000001,0.9426461980967531
8675.24,0.9469608825816325
8675.25,0.9525300203463483
8675.26,0.958549258493582
8675.27,0.9644043810374681
8675.28,0.9696085921624528
8675.29,0.9738468417606517
8675.3,0.9769967764863107
8675.310000000001,0.9791231233627633
8675.32,0.9804235850312033
8675.330000000002,0.9811655659065919
8675.34,0.9815178334076406
8675.35,0.9816884559498081
8675.36,0.9817702746654976
8675.369999999999,0.9818236121063594
8675.380000000001,0.9818451760901744
8675.39,0.9818665506710877
8675.4,0.9818581982546075
8675.41,0.9818571443054495
8675.42,0.9818480798018312
8675.43,0.9818338941076427
8675.44,0.9818206292447013
8675.449999999999,0.9818160565472346
8675.460000000001,0.9818268306734128
8675.47,0.9818555989756481
8675.480000000001,0.9818997696737709
8675.49,0.9819527158380433
8675.5,0.9820066553705825
8675.51,0.9820555074796463
8675.52,0.9820963373195075
8675.53,0.9821445536824132
8675.54,0.9821627813208672
8675.55,0.9821807742728664
8675.560000000001,0.9821578350536574
8675.57,0.9820716297109524
8675.58,0.9819272509686472
8675.59,0.98164536041306
8675.6,0.9811536689474409
8675.61,0.9803466599162316
8675.62,0.9792252417330378
8675.630000000001,0.9777684523769998
8675.640000000001,0.9761929873687571
8675.65,0.9747450419420994
8675.66,0.9737370910696698
8675.67,0.9734152361081614
8675.68,0.9738612539914563
8675.69,0.9749600204682495
8675.699999999999,0.9764499344965588
8675.710000000001,0.978026398330012
8675.72,0.9794554526454143
8675.73,0.9805677097036549
8675.74,0.9813611246180589
8675.75,0.9818772487566055
8675.76,0.9821873098248007
8675.77,0.9823387388177978
8675.78,0.9823828832701604
8675.79,0.9823313879591692
8675.8,0.982153128504676
8675.810000000001,0.9818672372376599
8675.82,0.9814702741121485
8675.83,0.9809978624568831
8675.84,0.9805300188761393
8675.85,0.9800929649527924
8675.86,0.9798080882920682
8675.87,0.9795995009811667
8675.88,0.979287948257262
8675.890000000001,0.9785866903166907
8675.9,0.977198626617168
8675.91,0.9749706086096082
8675.92,0.9720020423676915
8675.93,0.9687973744198598
8675.94,0.9660277095893521
8675.95,0.9643410013231989
8675.960000000001,0.9640884732039976
8675.97,0.9650979749440967
8675.98,0.9668981846425447
8675.99,0.9688615067792824
8676.0,0.970549936179383
8676.01,0.9718720473236782
8676.02,0.9730167280536975
8676.029999999999,0.9742425831460204
8676.04,0.9756828707277186
8676.05,0.977278647479746
8676.060000000001,0.9788433082949897
8676.07,0.9802026707156755
8676.08,0.981190255556362
8676.09,0.9818432765326527
8676.1,0.9822206390209883
8676.11,0.9824095411597429
8676.12,0.9824292997609363
8676.13,0.9823820272671898
8676.140000000001,0.9821681681200287
8676.15,0.9817762515180531
8676.16,0.9811246309618122
8676.17,0.9801585511359494
8676.18,0.9789006640671811
8676.19,0.9774889400018361
8676.2,0.9761678033144525
8676.210000000001,0.9752272553603056
8676.220000000001,0.9748718560183406
8676.23,0.9751242388656379
8676.240000000002,0.9758078466563989
8676.25,0.976606281291137
8676.26,0.9771869025253415
8676.27,0.9773731699030033
8676.279999999999,0.9771352330803103
8676.29,0.9765472557119506
8676.3,0.9759647967383567
8676.31,0.9754963603782995
8676.32,0.9750955609172582
8676.33,0.9745592286717727
8676.34,0.9734956976382632
8676.35,0.9715253043849721
8676.36,0.968593079829176
8676.37,0.9651133709540799
8676.38,0.9617687639103023
8676.390000000001,0.9595138270993256
8676.4,0.959013891437214
8676.41,0.9604732630563747
8676.42,0.963508646997727
8676.43,0.967420586388931
8676.44,0.9713349887347289
8676.45,0.9745834212609005
8676.46,0.97684193176663
8676.470000000001,0.9781191957935964
8676.48,0.9786441251892521
8676.49,0.9787284682152001
8676.5,0.9786603776425336
8676.51,0.978693530352926
8676.52,0.9787676480377238
8676.53,0.9789798540499205
8676.54,0.9792645035568983
8676.550000000001,0.9795326750795694
8676.56,0.9797246931932041
8676.570000000002,0.9798210120687592
8676.58,0.9798329002525832
8676.59,0.9797841801021454
8676.6,0.9796961029589115
8676.609999999999,0.9795926062462668
8676.62,0.9794472963897347
8676.63,0.9792849380929248
8676.640000000001,0.9791025116424135
8676.65,0.9789123905114135
8676.66,0.978682578941648
8676.67,0.978437253369334
8676.68,0.9781751245147051
8676.69,0.977894757949004
8676.7,0.9775945550961339
8676.71,0.9772727309541013
8676.720000000001,0.9769272882331375
8676.73,0.9765559868587356
8676.74,0.9761563062551284
8676.75,0.9757254099713162
8676.76,0.9752600875051004
8676.77,0.974756699696424
8676.78,0.9742111073020724
8676.79,0.9735678272433002
8676.800000000001,0.9728356019963665
8676.81,0.9719293805301056
8676.820000000002,0.9707416972420494
8676.83,0.9691278135931635
8676.84,0.9669303166298242
8676.85,0.9641121465655169
8676.86,0.9607623960025783
8676.87,0.9572078098778636
8676.880000000001,0.9538865212486384
8676.89,0.9512380773282904
8676.9,0.9495599723278046
8676.91,0.9487524781093755
8676.92,0.9484154679203434
8676.93,0.9479749162876175
8676.94,0.9469263480375022
8676.95,0.9449647241069675
8676.96,0.9419853732884746
8676.970000000001,0.9379335286396397
8676.98,0.9328095265508809
8676.99,0.9264743005188067
8677.0,0.9185949717285153
8677.01,0.9076572326718609
8677.02,0.8929737717671736
8677.03,0.8720153193495228
8677.039999999999,0.8412628846799777
8677.050000000001,0.7965048597481806
8677.06,0.7366947287249729
8677.07,0.6663819752342375
8677.08,0.5951894525350211
8677.09,0.533221118150331
8677.1,0.4852242007864598
8677.11,0.4524719777888777
8677.12,0.4343267424152197
8677.130000000001,0.4296503483509288
8677.14,0.43809204367883614
8677.150000000001,0.4600312819517665
8677.16,0.49622650881508207
8677.17,0.5463490789375735
8677.18,0.6080053313269443
8677.19,0.6746504205950322
8677.2,0.7378199820684299
8677.21,0.7911149490113988
8677.22,0.8326578856138981
8677.23,0.8638241544167226
8677.24,0.8869657018396129
8677.25,0.9045275907430287
8677.26,0.9168526050994026
8677.27,0.9257966576357995
8677.28,0.932430007319223
8677.289999999999,0.9373219384828695
8677.300000000001,0.9407998885947634
8677.31,0.9430198414920358
8677.32,0.9440677856793422
8677.33,0.9441569344108145
8677.34,0.9436162449365174
8677.35,0.9430056693371723
8677.36,0.9428928215711488
8677.37,0.9437176878183419
8677.380000000001,0.9455430151478434
8677.39,0.9480725758466834
8677.400000000001,0.95077417487296
8677.41,0.9531063561079437
8677.42,0.9547220680915319
8677.43,0.9555552733084212
8677.44,0.9557706511781976
8677.45,0.9555990870216838
8677.460000000001,0.955307240635317
8677.47,0.954985760113111
8677.480000000001,0.9546376408913262
8677.49,0.9541142377868356
8677.5,0.9532942685957747
8677.51,0.9520954691828449
8677.52,0.9503805963480192
8677.53,0.9480060921889377
8677.539999999999,0.9447869003558215
8677.550000000001,0.9404960123861886
8677.56,0.9349864003562701
8677.57,0.9283421328657535
8677.58,0.9208268233307964
8677.59,0.9127921829456407
8677.6,0.9046650855007905
8677.61,0.8964539694744224
8677.619999999999,0.8876541781709334
8677.630000000001,0.8761265628953777
8677.64,0.8599504562132742
8677.65,0.8349538986531672
8677.66,0.7953397368055537
8677.67,0.73534702425723
8677.68,0.6548220440473543
8677.69,0.5638600797303928
8677.7,0.4785731395564157
8677.710000000001,0.4102425819692915
8677.72,0.36158021896554654
8677.730000000001,0.32966225290820134
8677.74,0.3108032693361226
8677.75,0.30214527208804276
8677.76,0.3022208603361504
8677.77,0.311062986424715
8677.78,0.3301415028592678
8677.79,0.3623462965620277
8677.8,0.411367950755029
8677.81,0.4801236434814452
8677.82,0.5658141511580409
8677.83,0.6570914644375504
8677.84,0.7380337099264752
8677.85,0.7989558405894309
8677.86,0.8403681556291286
8677.869999999999,0.8680185142865292
8677.880000000001,0.8873803553231102
8677.89,0.9018732556621804
8677.9,0.9127164731612475
8677.91,0.9215000369775991
8677.92,0.9287424359358083
8677.93,0.934788904222692
8677.94,0.939916849212616
8677.949999999999,0.9442977585377775
8677.960000000001,0.9481299717037425
8677.97,0.9514945142707494
8677.980000000001,0.9544155219683027
8677.99,0.9569989910419334
8678.0,0.9592389939434609
8678.01,0.9612023720450255
8678.02,0.9628576253640194
8678.03,0.9641668174158116
8678.04,0.9650811107078271
8678.05,0.9655752212046651
8678.060000000001,0.9656943789057314
8678.07,0.9655877429362081
8678.08,0.965502353603013
8678.09,0.9657106785763551
8678.1,0.9664094865852031
8678.11,0.9676397705776689
8678.119999999999,0.9692706368692094
8678.130000000001,0.9710569486549283
8678.14,0.9727619296303934
8678.15,0.9742071973682221
8678.16,0.9753546151693617
8678.17,0.9762551446523781
8678.18,0.9769767425935619
8678.19,0.9775926673338141
8678.199999999999,0.978193871760083
8678.210000000001,0.9786642601856901
8678.22,0.9791082971688908
8678.23,0.9795093141898128
8678.24,0.979855892058233
8678.25,0.9801595460016042
8678.26,0.9804375843439881
8678.27,0.9807097063573489
8678.28,0.980992826502906
8678.29,0.9812924192037475
8678.3,0.9816013952397687
8678.310000000001,0.9819076541429246
8678.32,0.9821987587813955
8678.33,0.9824663711942524
8678.34,0.982708138039334
8678.35,0.9829490590086466
8678.36,0.9831358294716027
8678.37,0.983314416464474
8678.38,0.9834853717157964
8678.390000000001,0.9836491922495777
8678.4,0.9838063312019982
8678.410000000002,0.9839572007549745
8678.42,0.9841021782837985
8678.43,0.9842416105696611
8678.44,0.9843758171942053
8678.449999999999,0.984505093449171
8678.460000000001,0.9846297133622224
8678.47,0.984749929293948
8678.48,0.9848659776993881
8678.49,0.9849780780815051
8678.5,0.985086435022559
8678.51,0.9851912395106225
8678.52,0.9852926700485063
8678.529999999999,0.9853908936793689
8678.54,0.9854860668626253
8678.55,0.9855783363227103
8678.560000000001,0.9856678398053937
8678.57,0.9857547067067486
8678.58,0.9858390587086522
8678.59,0.9859210103674286
8678.6,0.9860006695722674
8678.61,0.9860781380399336
8678.62,0.9861535117392368
8678.63,0.9862268812952858
8678.640000000001,0.9862690671157042
8678.65,0.9863082825029612
8678.66,0.9863256937052698
8678.67,0.9862548539249643
8678.68,0.9861058426467139
8678.69,0.9857700689745154
8678.7,0.985081259660748
8678.710000000001,0.9837731234254469
8678.720000000001,0.9815084291201925
8678.73,0.9780022782297355
8678.74,0.9732335590366387
8678.75,0.9676168000660901
8678.76,0.9621139676149734
8678.77,0.9579070221559591
8678.779999999999,0.9560322871611933
8678.79,0.9569659696064517
8678.8,0.9604516107952212
8678.81,0.96555384113715
8678.82,0.9710874624331437
8678.83,0.976023984738393
8678.84,0.9797337360174514
8678.85,0.9820673011082458
8678.86,0.9830979928641245
8678.87,0.9830360963002686
8678.88,0.9821372387026235
8678.890000000001,0.9807190680888341
8678.9,0.9792109648088684
8678.91,0.9779845254738766
8678.92,0.9774781631086752
8678.93,0.9778934284870764
8678.94,0.9791031481377579
8678.95,0.9808681450511699
8678.96,0.9828020443871271
8678.970000000001,0.9845631916890489
8678.98,0.9859656396460996
8678.990000000002,0.9869146211085333
8679.0,0.9875053414354014
8679.01,0.9877926693139143
8679.02,0.9879339475046507
8679.03,0.9879429435034541
8679.04,0.9878595987630712
8679.05,0.9877265814897628
8679.06,0.9875813556219913
8679.07,0.9874576837707972
8679.08,0.9873949468041244
8679.09,0.9874190713625042
8679.1,0.9875319151457566
8679.109999999999,0.9877104162719487
8679.12,0.9879169896276582
8679.13,0.9881148220541124
8679.140000000001,0.988193986804797
8679.15,0.9881832157020887
8679.16,0.9878951639995082
8679.17,0.9871141511199567
8679.18,0.9855250207706729
8679.19,0.982744985669108
8679.2,0.978434986829447
8679.21,0.972533222091383
8679.220000000001,0.9654444711434853
8679.23,0.9580375176255115
8679.24,0.9514775213054875
8679.25,0.9469416907661529
8679.26,0.9450972422855909
8679.27,0.9459783555238301
8679.28,0.9489386169286785
8679.29,0.9528625920964672
8679.300000000001,0.9565763434682861
8679.31,0.959318648989413
8679.320000000002,0.9610369598760845
8679.33,0.9623193911066598
8679.34,0.9639966545489927
8679.35,0.9666635759613287
8679.359999999999,0.9703912260749802
8679.37,0.974762001390253
8679.38,0.9790625260756566
8679.39,0.9827308816979141
8679.4,0.9853684226327543
8679.41,0.9869802870334495
8679.42,0.9876706119107939
8679.43,0.9874399133191919
8679.44,0.9863298117819441
8679.45,0.9842680866499811
8679.46,0.9812881216156674
8679.470000000001,0.9776115535685792
8679.48,0.9738590265878825
8679.49,0.9708269606068267
8679.5,0.9692731093337387
8679.51,0.9696195744177388
8679.52,0.9717771767319299
8679.53,0.9751830299178267
8679.539999999999,0.9790316524781817
8679.550000000001,0.9825789406800364
8679.56,0.9853658501710898
8679.570000000002,0.9872720440850054
8679.58,0.9884225633346991
8679.59,0.9890194719650274
8679.6,0.9893230434389341
8679.61,0.9894623689477463
8679.62,0.9895492800482253
8679.630000000001,0.9895674262734289
8679.64,0.9895854460470493
8679.650000000001,0.9896033414540896
8679.66,0.9896211145818032
8679.67,0.9896387674078263
8679.68,0.9896563019062109
8679.689999999999,0.9896737199811008
8679.7,0.9896910234998132
8679.71,0.9897082142879258
8679.720000000001,0.9897252941147894
8679.73,0.9897422647163767
8679.74,0.9897591277766482
8679.75,0.9897758849674038
8679.76,0.9897925378969287
8679.77,0.9898090881213178
8679.78,0.9898255372059653
8679.789999999999,0.98984188665517
8679.800000000001,0.9898581379330318
8679.81,0.9898742924668305
8679.82,0.9898524569874669
8679.83,0.9897917821398878
8679.84,0.9896082062881005
8679.85,0.989158202354204
8679.86,0.988224398344321
8679.87,0.9864313415396253
8679.880000000001,0.9834722125426681
8679.89,0.9791957393585043
8679.900000000001,0.9738458246737157
8679.91,0.9681741446197627
8679.92,0.9633176956517503
8679.93,0.9604397672601622
8679.94,0.9602931612879754
8679.95,0.9629210845049148
8679.960000000001,0.9676397522567236
8679.97,0.9733108894117596
8679.98,0.978773434198018
8679.99,0.9832017449868324
8680.0,0.9863345921657376
8680.01,0.9882374265752023
8680.02,0.9892859840822349
8680.03,0.9897947342477144
8680.039999999999,0.9900190021254068
8680.050000000001,0.9901150190974426
8680.06,0.9901760225100679
8680.07,0.9902004792537211
8680.08,0.9902287001269983
8680.09,0.9902573925563832
8680.1,0.9902110579117859
8680.11,0.9900596441777126
8680.119999999999,0.9897360934625953
8680.130000000001,0.9890721961948021
8680.14,0.9878779079587895
8680.150000000001,0.9858582047862858
8680.16,0.9829291401666257
8680.17,0.9791599154056443
8680.18,0.9748840426675552
8680.19,0.9705729334743108
8680.2,0.9665738869741494
8680.210000000001,0.9628559543213762
8680.22,0.9589990708950477
8680.230000000001,0.9544476170863225
8680.24,0.9491672036156792
8680.25,0.9439158728289351
8680.26,0.9401280235711656
8680.27,0.9392942611565777
8680.28,0.9422481105597739
8680.289999999999,0.9487544600290019
8680.300000000001,0.9575761797874704
8680.31,0.9669621958209481
8680.32,0.975343449987338
8680.33,0.9817022096311764
8680.34,0.985877611942053
8680.35,0.9882138973938579
8680.36,0.9893039154485952
8680.369999999999,0.9895638129161974
8680.380000000001,0.9893027656519303
8680.39,0.9887208114673071
8680.4,0.9879950969176485
8680.41,0.9872926094916685
8680.42,0.9867781592471253
8680.43,0.9866136776901276
8680.44,0.9868483400750407
8680.45,0.9874199062929884
8680.460000000001,0.9881592859509193
8680.47,0.9889447543203614
8680.480000000001,0.9896220393278019
8680.49,0.9901277226947821
8680.5,0.9904608515621501
8680.51,0.990657806651126
8680.52,0.9907646357999316
8680.53,0.9907883591771021
8680.54,0.9906599393017705
8680.55,0.9904503717460192
8680.560000000001,0.9900721226700755
8680.57,0.9894697330289817
8680.58,0.988625809359298
8680.59,0.9875989878267031
8680.6,0.9865646117177016
8680.61,0.9856976262561532
8680.619999999999,0.9852406076499162
8680.630000000001,0.9853232035465024
8680.64,0.9859279430852269
8680.65,0.986897062181324
8680.66,0.987976755470011
8680.67,0.9889846772010537
8680.68,0.9897482754200155
8680.69,0.9902290857003565
8680.699999999999,0.9904398434385557
8680.710000000001,0.9904279465066489
8680.72,0.9903133801725771
8680.730000000001,0.990014215074503
8680.74,0.989729369450907
8680.75,0.9895274079742025
8680.76,0.9894652905278422
8680.77,0.9895637679960845
8680.78,0.9897978456678331
8680.79,0.9901082368898435
8680.8,0.9904267136135534
8680.810000000001,0.9907006850426882
8680.82,0.9909053413422448
8680.83,0.9910410596266019
8680.84,0.9911229524195864
8680.85,0.9911692628376635
8680.86,0.9911575527861551
8680.87,0.9911365336784557
8680.880000000001,0.9911081831666347
8680.890000000001,0.9910781571915984
8680.9,0.9910549140147429
8680.91,0.9910469632621305
8680.92,0.9910113668003404
8680.93,0.9910432223916893
8680.94,0.9910886399480122
8680.949999999999,0.9911388171529497
8680.960000000001,0.9911857443985674
8680.97,0.9912245861902373
8680.98,0.9912181865719072
8680.99,0.9911160582900188
8681.0,0.9909321328552524
8681.01,0.9905960419554024
8681.02,0.9900542910305601
8681.03,0.9892867102975343
8681.04,0.9883425376786698
8681.05,0.9873598375764112
8681.060000000001,0.9865671283918916
8681.07,0.9861255620391393
8681.08,0.9861839807474831
8681.09,0.9867302652274462
8681.1,0.9876155497284674
8681.11,0.9886234373571792
8681.12,0.9895627015854389
8681.13,0.9903077865449793
8681.140000000001,0.9908230264161562
8681.15,0.9911384513418758
8681.16,0.9913119572897704
8681.17,0.9913996739849146
8681.18,0.9914618062446796
8681.19,0.9914706130031652
8681.2,0.9914793796173474
8681.210000000001,0.9914881056420957
8681.22,0.991496790661007
8681.23,0.9914787479561112
8681.24,0.9914664291576294
8681.25,0.9914457425899158
8681.26,0.9914188747589686
8681.27,0.9913913315345684
8681.279999999999,0.991370923060786
8681.29,0.9913651181448327
8681.3,0.9913779232516292
8681.310000000001,0.9914080529904684
8681.32,0.9914495265256622
8681.33,0.9914943138382613
8681.34,0.9915350716491649
8681.35,0.9915685448250843
8681.36,0.9916132935921219
8681.37,0.9916212690093066
8681.38,0.991629196566837
8681.390000000001,0.9916370712619457
8681.4,0.9916449020676837
8681.41,0.9916060294788099
8681.42,0.9915663076506211
8681.43,0.9914953811251154
8681.44,0.9913892268060368
8681.45,0.991253635605331
8681.460000000001,0.9911082265284602
8681.470000000001,0.9909840854191463
8681.48,0.990914129517663
8681.490000000002,0.990919855157558
8681.5,0.9910016678863627
8681.51,0.9911192137582129
8681.52,0.9912704061097328
8681.529999999999,0.9914129589026386
8681.54,0.9914957155861781
8681.55,0.9915436736042731
8681.56,0.9915388642057598
8681.57,0.9915046675424448
8681.58,0.9913937278951684
8681.59,0.9912376561133658
8681.6,0.9910827677613457
8681.61,0.990889850166882
8681.62,0.9906561119492612
8681.63,0.9903285472681083
8681.640000000001,0.9898390848424147
8681.65,0.989145596341257
8681.66,0.9882819860067825
8681.67,0.9873844943902174
8681.68,0.9866654791266547
8681.69,0.9863586384540969
8681.7,0.9865330968630721
8681.71,0.987165817903475
8681.720000000001,0.9881159947821263
8681.73,0.9891557924256635
8681.74,0.9900882673811159
8681.75,0.99080242615983
8681.76,0.9912784080485861
8681.77,0.9915567753638402
8681.78,0.9916993225677211
8681.79,0.9917614925495483
8681.800000000001,0.9917975149114113
8681.81,0.991786114710164
8681.820000000002,0.9917715990791797
8681.83,0.9917532667173087
8681.84,0.991730184399766
8681.85,0.9917010691235304
8681.859999999999,0.9916641746144169
8681.87,0.991571199190249
8681.88,0.9914487304114792
8681.89,0.9912484175172623
8681.9,0.99092608813802
8681.91,0.9904455998851132
8681.92,0.9897381505011167
8681.93,0.9888195081763507
8681.94,0.987638892713219
8681.95,0.9860821366188618
8681.96,0.9840499500261751
8681.970000000001,0.9813645690639651
8681.98,0.978071113477378
8681.99,0.9741408438908585
8682.0,0.9701743588251258
8682.01,0.9670352925723792
8682.02,0.965276748280668
8682.03,0.965283635882589
8682.04,0.9670394849491974
8682.050000000001,0.9698726019360747
8682.06,0.9729004241186486
8682.070000000002,0.9756490096285234
8682.08,0.9778441961687627
8682.09,0.9796740723367556
8682.1,0.9814167433480605
8682.11,0.983260352060766
8682.12,0.9852122624558807
8682.130000000001,0.9871122722216729
8682.14,0.9887564736648132
8682.15,0.9899889343390785
8682.16,0.990834361432874
8682.17,0.9913523743356931
8682.18,0.991639813686765
8682.19,0.9917863026839726
8682.2,0.991826606433482
8682.21,0.991720781614448
8682.220000000001,0.9914255550438397
8682.23,0.990739865157724
8682.24,0.989331118625903
8682.25,0.9867479073468788
8682.26,0.9825370848952483
8682.27,0.9765586359983325
8682.28,0.9691392811812403
8682.289999999999,0.9612487932126288
8682.300000000001,0.9543492842421178
8682.31,0.9498432163544885
8682.32,0.9487384017413589
8682.33,0.9512306527502619
8682.34,0.9565564842774683
8682.35,0.9635060166900138
8682.36,0.9705693342062894
8682.37,0.9766232563021702
8682.380000000001,0.9810714401742008
8682.39,0.9839851896197712
8682.400000000001,0.9857859238897032
8682.41,0.9869571513376514
8682.42,0.9879343593366104
8682.43,0.9888086002520975
8682.44,0.9895624138912117
8682.45,0.9900030943358475
8682.46,0.989920833211491
8682.47,0.9890325648351856
8682.48,0.9870952513026805
8682.49,0.984027737229756
8682.5,0.9799766183406735
8682.51,0.9755040894737342
8682.52,0.9714843005477767
8682.53,0.9688941662132652
8682.539999999999,0.968407384739453
8682.550000000001,0.9701756232142319
8682.56,0.9737024629624154
8682.57,0.978149597959445
8682.58,0.9825777129789594
8682.59,0.9862894058776696
8682.6,0.9889557522602609
8682.61,0.9906660095316253
8682.619999999999,0.9915672886541174
8682.630000000001,0.9919801056342644
8682.64,0.9920713222723475
8682.650000000001,0.9920043299126581
8682.66,0.9917266080035737
8682.67,0.991392622041512
8682.68,0.9910570138298233
8682.69,0.9907950244539344
8682.7,0.9906765241805345
8682.710000000001,0.9907367243062845
8682.72,0.9909255749325427
8682.730000000001,0.9912012227430245
8682.74,0.9914465486096554
8682.75,0.9915571142349539
8682.76,0.9914538841846429
8682.77,0.991109845090072
8682.78,0.9905586385551605
8682.789999999999,0.989870940082263
8682.800000000001,0.9892476343748599
8682.81,0.9887891418062494
8682.82,0.9886275318205339
8682.83,0.9887704317776
8682.84,0.9891409886766226
8682.85,0.9896220844599072
8682.86,0.990112634779701
8682.869999999999,0.9905608896539609
8682.880000000001,0.9909255744596398
8682.89,0.991221175409529
8682.9,0.9913837851155548
8682.91,0.9912947653475219
8682.92,0.9907813808109458
8682.93,0.9895710054976001
8682.94,0.9875072254416238
8682.95,0.984579525221933
8682.960000000001,0.9810333905838631
8682.97,0.9774109164822373
8682.980000000001,0.9745615124561186
8682.99,0.9731940714455746
8683.0,0.9736830143888172
8683.01,0.9758932743894345
8683.02,0.979242381133112
8683.03,0.9829400267430565
8683.04,0.9862596778934104
8683.05,0.9888336729760395
8683.060000000001,0.9905110302771728
8683.07,0.9914481101062032
8683.08,0.9918162924517143
8683.09,0.9917682011633069
8683.1,0.9913867507401812
8683.11,0.9907233907684401
8683.119999999999,0.9897543610472782
8683.130000000001,0.9885675008571306
8683.14,0.98737780937767
8683.15,0.986307744372057
8683.16,0.9856354014176751
8683.17,0.9855327931357339
8683.18,0.9860145509275813
8683.19,0.9869642988820482
8683.199999999999,0.9881692239618008
8683.210000000001,0.9894068453851766
8683.22,0.9904601463552873
8683.230000000001,0.9912748733299199
8683.24,0.9918419249627719
8683.25,0.9922020703452068
8683.26,0.9923972275791665
8683.27,0.9925147179395437
8683.28,0.9925872674882745
8683.29,0.9926343859169888
8683.3,0.992668294093132
8683.310000000001,0.9926912337965782
8683.32,0.9927093235030156
8683.33,0.9927240277784001
8683.34,0.9927362765047497
8683.35,0.9926989967510622
8683.36,0.9926639440011904
8683.37,0.9926038142618654
8683.380000000001,0.9925187912619201
8683.39,0.992385337173135
8683.4,0.9922405281472273
8683.41,0.9920738691744805
8683.42,0.9918766544063575
8683.43,0.9916033409246092
8683.44,0.9912120480232982
8683.449999999999,0.9907144537531426
8683.460000000001,0.9900847563196883
8683.47,0.9893263054761243
8683.48,0.9884311359546226
8683.49,0.9873704378475208
8683.5,0.986148368190315
8683.51,0.9847865266260584
8683.52,0.9834231489398886
8683.53,0.9824123324647815
8683.54,0.9819741508948442
8683.55,0.9822296927921575
8683.560000000001,0.9830534277360408
8683.57,0.9840910625446543
8683.58,0.9849149049084363
8683.59,0.9851167736334103
8683.6,0.9846478067420628
8683.61,0.9834873156307065
8683.62,0.9816822671507999
8683.63,0.9791494594645682
8683.640000000001,0.9757850956250497
8683.65,0.9713129511656539
8683.660000000002,0.965540340462787
8683.67,0.9586550882405314
8683.68,0.9513861379791544
8683.69,0.9449108956492059
8683.699999999999,0.9406173116245491
8683.710000000001,0.939550445275268
8683.72,0.9420440856486855
8683.73,0.9476269556630255
8683.74,0.9552105060287261
8683.75,0.963411642743164
8683.76,0.9709657000896537
8683.77,0.977019749400299
8683.779999999999,0.981192276899435
8683.79,0.9836256489974088
8683.8,0.984770442543044
8683.810000000001,0.9851832935632693
8683.82,0.9854447572882699
8683.83,0.9858509923073825
8683.84,0.9864308236397091
8683.85,0.9869839352090088
8683.86,0.9872046118354518
8683.87,0.9866581321414316
8683.88,0.9854349120321685
8683.890000000001,0.9837136469120766
8683.9,0.9817713999402684
8683.91,0.9799095652184687
8683.92,0.978211641348306
8683.93,0.9765820068089974
8683.94,0.9748315449873727
8683.95,0.9730602433487326
8683.960000000001,0.9716401095833239
8683.970000000001,0.9711027208607923
8683.98,0.9719553715755234
8683.99,0.9742431819068598
8684.0,0.9776240519089716
8684.01,0.9814129896190831
8684.02,0.9849150395461204
8684.029999999999,0.9876524696491088
8684.04,0.989501913816346
8684.05,0.9905891862822549
8684.06,0.9911338371869479
8684.07,0.9914042283489929
8684.08,0.9915569243230569
8684.09,0.9917027149484058
8684.1,0.9917868904524324
8684.11,0.9918826892720705
8684.12,0.9919315594564666
8684.13,0.9919494284133784
8684.140000000001,0.991963930125614
8684.15,0.9918563251249941
8684.16,0.9916684000964691
8684.17,0.9911382965454503
8684.18,0.9900665444293649
8684.19,0.9881387029009054
8684.2,0.9850696522543068
8684.21,0.9806459808639836
8684.220000000001,0.9750445590966468
8684.23,0.9688840940385406
8684.240000000002,0.9631727363073382
8684.25,0.9591384565844812
8684.26,0.9577857085232452
8684.27,0.9594159336440125
8684.28,0.9637275699287609
8684.29,0.9696770931658638
8684.3,0.9759557189456143
8684.31,0.9814313963018273
8684.32,0.985476694810885
8684.33,0.9879626836490597
8684.34,0.9892689035039772
8684.35,0.9897113590204917
8684.359999999999,0.9895257798893354
8684.37,0.9886443132838562
8684.38,0.9867539958158567
8684.390000000001,0.9833296977736485
8684.4,0.9780983983276018
8684.41,0.9712896217221291
8684.42,0.9638168747178828
8684.43,0.9571596065125395
8684.44,0.9528519990491157
8684.45,0.9520438793584778
8684.46,0.9548480113196973
8684.470000000001,0.9605017942414741
8684.48,0.9675226789307827
8684.49,0.9743152203810527
8684.5,0.9797359471443492
8684.51,0.9833587832643941
8684.52,0.985454163643642
8684.53,0.9865508410235244
8684.54,0.987230984696726
8684.550000000001,0.987792256904969
8684.56,0.9883286129200073
8684.570000000002,0.9888264337391353
8684.58,0.9891805364824338
8684.59,0.989443853875854
8684.6,0.989666323015937
8684.609999999999,0.9899111549397952
8684.62,0.9902087416862752
8684.63,0.9905101734956963
8684.64,0.9907814188734888
8684.65,0.9908675334237232
8684.66,0.9906451156835632
8684.67,0.9898968300007153
8684.68,0.9883428205466982
8684.69,0.9857237851658763
8684.7,0.9818715779756418
8684.71,0.9769789320779957
8684.720000000001,0.9717332276586838
8684.73,0.967152806170684
8684.74,0.964307896053332
8684.75,0.9639193611983322
8684.76,0.9660704505912979
8684.77,0.9701727482315479
8684.78,0.9752030797376229
8684.789999999999,0.9800953505006886
8684.800000000001,0.9840922500735481
8684.81,0.9868957773069995
8684.820000000002,0.988570499372103
8684.83,0.9894472341349869
8684.84,0.9898086348440642
8684.85,0.9898885413636431
8684.86,0.9897891616859231
8684.87,0.9896142369892402
8684.880000000001,0.9893050103234703
8684.89,0.9888109007077431
8684.900000000001,0.9880654804216847
8684.91,0.9869937033069567
8684.92,0.9855147683782804
8684.93,0.9837234398472634
8684.939999999999,0.9818239645889406
8684.95,0.9801214305545183
8684.96,0.9789305185529459
8684.970000000001,0.9784628490462958
8684.98,0.9787477045997687
8684.99,0.9796254139239032
8685.0,0.980812640365332
8685.01,0.9820039701942077
8685.02,0.9829612648043875
8685.03,0.9835582006696962
8685.039999999999,0.9837744405050645
8685.050000000001,0.9836090399591498
8685.06,0.9831659209984044
8685.07,0.9824816647316986
8685.08,0.9815192109593324
8685.09,0.9803194570463518
8685.1,0.9788485858631218
8685.11,0.977169969133809
8685.12,0.9753699625003324
8685.130000000001,0.9734574349280642
8685.14,0.9715515277591883
8685.150000000001,0.9694698705853949
8685.16,0.9668804970668532
8685.17,0.9632296002042237
8685.18,0.9579281179703283
8685.19,0.9505243208359911
8685.2,0.9410397196073136
8685.210000000001,0.9301549101303823
8685.22,0.9189607382099354
8685.23,0.9086694390485659
8685.24,0.8995649886177411
8685.25,0.8902259455663504
8685.26,0.8783928068659468
8685.27,0.8579014081219538
8685.28,0.8214867493579163
8685.289999999999,0.7627862444615802
8685.300000000001,0.6832386170884635
8685.31,0.594511484424066
8685.32,0.5124284036520915
8685.33,0.4475237071719649
8685.34,0.40147302574764576
8685.35,0.37223366124557483
8685.36,0.3569400293516328
8685.369999999999,0.3535930505410719
8685.380000000001,0.3617356009087233
8685.39,0.38242217335717316
8685.400000000001,0.4179775937619922
8685.41,0.4708641120115131
8685.42,0.5414874008693097
8685.43,0.6245128770502815
8685.44,0.7075185137214052
8685.45,0.778154029362206
8685.460000000001,0.8314032813503284
8685.47,0.8692879608410264
8685.480000000001,0.8966064332051807
8685.49,0.9165748661382493
8685.5,0.9318185523267691
8685.51,0.9425238673759408
8685.52,0.9504982585497849
8685.53,0.9564650913415894
8685.539999999999,0.9610376289051354
8685.550000000001,0.9646653567395891
8685.56,0.9676466631415258
8685.57,0.9701844790930464
8685.58,0.9723642387108052
8685.59,0.9742332771344678
8685.6,0.9758669437308168
8685.61,0.9773034650796595
8685.619999999999,0.9785733535027729
8685.630000000001,0.9797014313403274
8685.64,0.980708057373113
8685.65,0.9816100589052275
8685.66,0.9824214431881967
8685.67,0.9831539468474797
8685.68,0.9838174641635576
8685.69,0.9844203838546103
8685.7,0.9849698773764803
8685.710000000001,0.9854720215540856
8685.72,0.9859321152388482
8685.730000000001,0.9863547148352222
8685.74,0.9867437753710521
8685.75,0.9871027356718708
8685.76,0.9874346692511315
8685.77,0.9877421248633552
8685.78,0.9879713139619501
8685.79,0.9881358826170091
8685.8,0.9881425967659974
8685.810000000001,0.987859015591052
8685.82,0.9870940224758722
8685.83,0.9856367013753741
8685.84,0.9832717565077167
8685.85,0.9801055029338377
8685.86,0.9764086538911179
8685.869999999999,0.9727057381188298
8685.880000000001,0.9695632097475863
8685.89,0.9673222410364934
8685.9,0.9660091034797214
8685.91,0.9654383393037069
8685.92,0.9653150632274543
8685.93,0.9655429159018232
8685.94,0.9662402874796319
8685.949999999999,0.9675637740694607
8685.960000000001,0.9695473286612882
8685.97,0.9720179177136901
8685.980000000001,0.974700529112898
8685.99,0.977372199588989
8686.0,0.9799349502283643
8686.01,0.9823821555747266
8686.02,0.9846805343548681
8686.03,0.9867186007164371
8686.04,0.9884037698561172
8686.05,0.9897103288118438
8686.060000000001,0.9906380214679797
8686.07,0.9911957425490291
8686.08,0.991526440325957
8686.09,0.9916921495177357
8686.1,0.9917936840261059
8686.11,0.9918703048880707
8686.12,0.9919116268900054
8686.130000000001,0.991954838442454
8686.140000000001,0.9919998904974633
8686.15,0.9920457350358933
8686.16,0.992090834046399
8686.17,0.9921469646675551
8686.18,0.9921816849552134
8686.19,0.9922150259103789
8686.199999999999,0.9922470508978884
8686.210000000001,0.992277819539659
8686.22,0.9922593814018935
8686.23,0.9921992202913025
8686.24,0.9920106615455302
8686.25,0.9915653255379394
8686.26,0.9906706116493793
8686.27,0.9891005502013819
8686.28,0.9866863594453162
8686.29,0.9834179843348859
8686.3,0.9795998536914692
8686.310000000001,0.9758045851617547
8686.32,0.9726733272458541
8686.33,0.9705757032778732
8686.34,0.9694594621645001
8686.35,0.9687266166616857
8686.36,0.9675908125581504
8686.37,0.9655346795743015
8686.38,0.9626666324070512
8686.390000000001,0.9597162097259656
8686.4,0.9576768198582032
8686.41,0.9573500005709364
8686.42,0.9590199151089766
8686.43,0.9624994364208532
8686.44,0.9671748145646537
8686.45,0.9722754145139586
8686.460000000001,0.9769778476433558
8686.47,0.9806746093239002
8686.48,0.9829974075631597
8686.49,0.9839181877881115
8686.5,0.9838191463314923
8686.51,0.9832795466341687
8686.52,0.9829402240342346
8686.529999999999,0.9831818694585334
8686.54,0.9841796868121935
8686.55,0.985757401154544
8686.56,0.9875625334914575
8686.57,0.9892727191571817
8686.58,0.990653052323257
8686.59,0.991626837931271
8686.6,0.9922369892934478
8686.61,0.9925809181038034
8686.62,0.9927576370818963
8686.63,0.9928603136235536
8686.640000000001,0.9929004512050152
8686.65,0.9929051348764366
8686.66,0.9929095394368748
8686.67,0.9929136709307651
8686.68,0.9929175351322986
8686.69,0.9929211376278828
8686.7,0.9929244837299038
8686.710000000001,0.9929275785129963
8686.720000000001,0.9929000187769016
8686.73,0.9928386482386701
8686.740000000002,0.9926694771512471
8686.75,0.9922584290388734
8686.76,0.9913367578733197
8686.77,0.9895783798215299
8686.779999999999,0.9865646781702692
8686.79,0.9820396735750472
8686.8,0.9760583372873327
8686.81,0.9693146375453692
8686.82,0.963006474240036
8686.83,0.9585275435712864
8686.84,0.9569777024525296
8686.85,0.9587215974410224
8686.86,0.9632999418748861
8686.87,0.969519902922135
8686.88,0.975851406285755
8686.890000000001,0.9810477838368
8686.9,0.9842791954784006
8686.91,0.9853294647032521
8686.92,0.9844872647719521
8686.93,0.9824020482307738
8686.94,0.9799301482078794
8686.95,0.9779509200860784
8686.96,0.9771791838905121
8686.970000000001,0.9778327504599884
8686.98,0.9798236315794082
8686.99,0.9826318308415642
8687.0,0.9855893151401254
8687.01,0.9882074530901163
8687.02,0.9901799951760032
8687.03,0.991476907125778
8687.04,0.9922284449464028
8687.050000000001,0.9926143986533662
8687.06,0.9928128819913
8687.070000000002,0.9928687760047337
8687.08,0.9928969377034076
8687.09,0.9928927372105384
8687.1,0.9928883763129549
8687.109999999999,0.9928838556244873
8687.12,0.9928791756867504
8687.13,0.9928743370358
8687.14,0.9928693400967569
8687.15,0.9928641852976252
8687.16,0.9928588729866075
8687.17,0.9928534034592323
8687.18,0.9928477770016831
8687.19,0.992841993797706
8687.2,0.9928360540156208
8687.21,0.9928299577866709
8687.220000000001,0.9928237051880673
8687.23,0.9928172962476836
8687.24,0.992810730958165
8687.25,0.9928040092648343
8687.26,0.9927971310698546
8687.27,0.9927900962585736
8687.28,0.9927829046389879
8687.29,0.9927755559918386
8687.300000000001,0.9927680500890093
8687.31,0.992760386617046
8687.320000000002,0.9927525652661352
8687.33,0.992744585655573
8687.34,0.9927364473785948
8687.35,0.992728150006659
8687.36,0.9927196930488837
8687.37,0.9927110760008679
8687.380000000001,0.9927022983043134
8687.39,0.992693359385431
8687.4,0.9926567659127475
8687.41,0.9925985566695749
8687.42,0.992472946828864
8687.43,0.9922163350532617
8687.44,0.9917379472470516
8687.45,0.9909388330350071
8687.46,0.9897577591134494
8687.470000000001,0.9881931604575845
8687.48,0.9864682437569061
8687.49,0.9848974548644038
8687.5,0.9837871879348753
8687.51,0.9834245694559461
8687.52,0.9838774306311903
8687.53,0.9849958990446552
8687.539999999999,0.9864628824267504
8687.550000000001,0.9880090618512221
8687.56,0.9893767719294578
8687.57,0.990452380223914
8687.58,0.9911663535366179
8687.59,0.9915842641050556
8687.6,0.9916871605581952
8687.61,0.9914346789240647
8687.62,0.9907613701283855
8687.630000000001,0.9895475793034912
8687.64,0.9878365733549404
8687.650000000001,0.9857506394355944
8687.66,0.9836121036187908
8687.67,0.981900455679802
8687.68,0.9810460272454358
8687.69,0.9812794896838865
8687.7,0.9825317519856763
8687.71,0.984464351932076
8687.72,0.9865898016711208
8687.73,0.9885404641593868
8687.74,0.9900500431678612
8687.75,0.991064854633015
8687.76,0.9915940179398488
8687.77,0.9918083502639332
8687.78,0.9917588928743077
8687.789999999999,0.9914785675151662
8687.800000000001,0.9909856345780531
8687.81,0.9902676989408679
8687.82,0.9893964564704415
8687.83,0.9885354892599904
8687.84,0.9878485270730303
8687.85,0.9874586652937558
8687.86,0.9874388145735135
8687.869999999999,0.9877470134377572
8687.880000000001,0.9882183295056034
8687.89,0.9886748970235746
8687.900000000001,0.9889679555660184
8687.91,0.9890927233836052
8687.92,0.9890524266766845
8687.93,0.9889982681025913
8687.94,0.9890112787977308
8687.95,0.9891476347011086
8687.960000000001,0.9894174356978542
8687.97,0.9897460126631564
8687.980000000001,0.990122218642642
8687.99,0.9904462365918141
8688.0,0.9907480988690229
8688.01,0.9909907256192836
8688.02,0.9912209621813245
8688.03,0.9913655509894189
8688.039999999999,0.9914346565779247
8688.050000000001,0.9914092976031524
8688.06,0.9912508530911164
8688.07,0.9908861216129808
8688.08,0.9902478917441466
8688.09,0.9892384723303256
8688.1,0.9879059962855493
8688.11,0.9863754147195779
8688.119999999999,0.984873266360303
8688.130000000001,0.9836775274095909
8688.14,0.9829450730346143
8688.15,0.9826013553043891
8688.16,0.9823215850902192
8688.17,0.9816598174954365
8688.18,0.9802905036011734
8688.19,0.978239913181646
8688.2,0.9759594531482677
8688.210000000001,0.9741716214882057
8688.22,0.9734844918246495
8688.230000000001,0.9742571297334921
8688.24,0.9762063493576864
8688.25,0.9786780531158066
8688.26,0.9806966837350405
8688.27,0.981487015139153
8688.28,0.9806292956315976
8688.29,0.9782599097473905
8688.3,0.975049236144758
8688.310000000001,0.9719973739182988
8688.32,0.9701029298098968
8688.33,0.9700208493352295
8688.34,0.9718162074567328
8688.35,0.9750060607458005
8688.36,0.9787480230184303
8688.369999999999,0.9821389449833722
8688.380000000001,0.9844315045917519
8688.39,0.9852986848958739
8688.4,0.9847402741914555
8688.41,0.9830633345524242
8688.42,0.9808134865938926
8688.43,0.9786712972756915
8688.44,0.9772886777280988
8688.449999999999,0.9771056623195908
8688.460000000001,0.9781703235708119
8688.47,0.9802114913205412
8688.480000000001,0.9827085030631064
8688.49,0.9851279924802531
8688.5,0.9870996792963405
8688.51,0.9884601496337713
8688.52,0.989303304151274
8688.53,0.9897469552687531
8688.54,0.989940864417536
8688.55,0.9899983666195471
8688.560000000001,0.9900132983895115
8688.57,0.9899645983859907
8688.58,0.9899146236710499
8688.59,0.9898632441316622
8688.6,0.9898102762853901
8688.61,0.9897554869078025
8688.62,0.9896989595083117
8688.630000000001,0.989641095588651
8688.64,0.989580655736186
8688.65,0.9895166671740763
8688.66,0.9894486957391768
8688.67,0.9893792284062
8688.68,0.989302012783263
8688.69,0.9892352903718491
8688.699999999999,0.9891675027380269
8688.710000000001,0.9890962529744207
8688.72,0.9890291964337298
8688.73,0.988971416921862
8688.74,0.9889137118315785
8688.75,0.9888623792649018
8688.76,0.9888147150619369
8688.77,0.9887753039799873
8688.78,0.9887350946119623
8688.79,0.9887144132751963
8688.8,0.9886733944294043
8688.810000000001,0.9886335924554247
8688.82,0.9885917415619581
8688.83,0.988547497860226
8688.84,0.9884971627812504
8688.85,0.9884449293283378
8688.86,0.9883903315448145
8688.87,0.9883337571905498
8688.88,0.9882749821603913
8688.890000000001,0.9882141191110618
8688.9,0.9881513391709399
8688.910000000002,0.9880867564699893
8688.92,0.9880204555042675
8688.93,0.9879525000830364
8688.94,0.9878829358954252
8688.949999999999,0.9877662077981358
8688.960000000001,0.9876317034154296
8688.97,0.9874356688203024
8688.98,0.9871462110228457
8688.99,0.9867373217752187
8689.0,0.9861838151479171
8689.01,0.9855717972113314
8689.02,0.9849725247375308
8689.029999999999,0.9845026024602838
8689.04,0.9841977709434193
8689.05,0.9841649645018552
8689.060000000001,0.9842732763931161
8689.07,0.984414452925681
8689.08,0.9844484277919274
8689.09,0.984289206804742
8689.1,0.9839477770988831
8689.11,0.9835255524818414
8689.12,0.9831668077524608
8689.13,0.9830019106443292
8689.140000000001,0.9830961134595998
8689.15,0.9833694045930624
8689.16,0.9837810497600963
8689.17,0.9841666263565372
8689.18,0.9844949199875974
8689.19,0.9846456504078632
8689.2,0.9846548267170054
8689.210000000001,0.9844941856900838
8689.220000000001,0.9841918769490136
8689.23,0.9837950856883042
8689.240000000002,0.9832856813088322
8689.25,0.9827779748656049
8689.26,0.9822892224426162
8689.27,0.9818045874896345
8689.279999999999,0.9812415585486549
8689.29,0.9804628752965353
8689.3,0.9793426866907821
8689.31,0.977866387451088
8689.32,0.9762309343633863
8689.33,0.974715796313673
8689.34,0.9737726872041543
8689.35,0.9736857673644875
8689.36,0.9744940935147832
8689.37,0.9759923373839298
8689.38,0.9777470280102177
8689.390000000001,0.979410359024579
8689.4,0.9807201861533026
8689.41,0.981587354104878
8689.42,0.9820565835904379
8689.43,0.9822373081317278
8689.44,0.9822389651761769
8689.45,0.9821436898628944
8689.46,0.9820153553824422
8689.470000000001,0.9818416747092225
8689.48,0.9815933379509704
8689.490000000002,0.9813019616960672
8689.5,0.9808785564112437
8689.51,0.9802294480846847
8689.52,0.9792476557204229
8689.53,0.9777826269555769
8689.54,0.9759149406929271
8689.550000000001,0.9737248957415165
8689.56,0.9714187635695344
8689.57,0.9691862750551578
8689.58,0.967062599953915
8689.59,0.9648436351048882
8689.6,0.9622676266791221
8689.609999999999,0.9591869001356217
8689.62,0.9558649167173021
8689.63,0.9529960582941895
8689.640000000001,0.9514677304980189
8689.65,0.9518644851408313
8689.66,0.9543055188990557
8689.67,0.9582734068120915
8689.68,0.962870442514861
8689.69,0.9671987484961383
8689.7,0.97053438143942
8689.71,0.972704640797161
8689.720000000001,0.9737048353997932
8689.73,0.9736801941841577
8689.74,0.9726252508993346
8689.75,0.9704976650753507
8689.76,0.9670828510099992
8689.77,0.9621726228650714
8689.78,0.9557098422402391
8689.79,0.9479152300451955
8689.800000000001,0.9394283510429634
8689.81,0.9310108847364387
8689.820000000002,0.9238895569636213
8689.83,0.9192620532101319
8689.84,0.9178318509236686
8689.85,0.9198344082791234
8689.86,0.924813355034072
8689.87,0.9315208287648202
8689.88,0.9383847142987782
8689.89,0.9442800635432319
8689.9,0.9485788947496789
8689.91,0.9513172188554461
8689.92,0.9528236563013094
8689.93,0.9532422211505117
8689.94,0.9525912906340782
8689.95,0.9507866147079307
8689.96,0.9479962089332926
8689.970000000001,0.9448414429206191
8689.98,0.942202671873777
8689.99,0.9410071230680631
8690.0,0.9417272875197353
8690.01,0.9442585091998839
8690.02,0.9479228876056216
8690.03,0.9518861717943456
8690.039999999999,0.9553377966708719
8690.050000000001,0.957851954039439
8690.06,0.9593387551051668
8690.070000000002,0.9599625827905366
8690.08,0.9599823772252855
8690.09,0.9596352143401065
8690.1,0.959049028849143
8690.11,0.9583909738172137
8690.12,0.9575915400873597
8690.130000000001,0.9567574453297307
8690.14,0.9558539254757068
8690.150000000001,0.9549260330080074
8690.16,0.9539794855105613
8690.17,0.953037701468389
8690.18,0.9521215487463749
8690.189999999999,0.951242449983639
8690.2,0.9503982126956264
8690.21,0.9495733843943603
8690.220000000001,0.9487440451166366
8690.23,0.9478850308644274
8690.24,0.9469765773938419
8690.25,0.9460199879523303
8690.26,0.9449818724062269
8690.27,0.943925293401501
8690.28,0.9427844059870986
8690.289999999999,0.9415837787298325
8690.300000000001,0.9403445333330755
8690.31,0.939065106847642
8690.32,0.9377438592896955
8690.33,0.9363790699231014
8690.34,0.9349689334103899
8690.35,0.9335115065085808
8690.36,0.9320041899388448
8690.37,0.9304459339583097
8690.380000000001,0.9288082644867707
8690.39,0.9270940493547546
8690.400000000001,0.9252020585448625
8690.41,0.92307016499739
8690.42,0.9205385584498047
8690.43,0.9173967871730645
8690.44,0.9134514919974267
8690.45,0.9086270764025205
8690.460000000001,0.9030877852046687
8690.47,0.8972969787411519
8690.48,0.8919645560016733
8690.49,0.8877516171031634
8690.5,0.8851411682818534
8690.51,0.8841667737551739
8690.52,0.8844172646043941
8690.53,0.8851980729089673
8690.539999999999,0.8857855294251121
8690.550000000001,0.8856579829525222
8690.56,0.8845964974593703
8690.57,0.8826421273474385
8690.58,0.8799749766613523
8690.59,0.8767969742546563
8690.6,0.8732892719489462
8690.61,0.8694495105601817
8690.619999999999,0.8653944257628928
8690.630000000001,0.861059845319727
8690.64,0.8564177134380969
8690.650000000001,0.8513340547535394
8690.66,0.8457468751651028
8690.67,0.8396278200968674
8690.68,0.833056753932161
8690.69,0.8262387763733947
8690.7,0.8194568747191346
8690.710000000001,0.8129826092626907
8690.72,0.8068701207556677
8690.730000000001,0.801046129242157
8690.74,0.7952364130840754
8690.75,0.7890936899641771
8690.76,0.7823302228453997
8690.77,0.7748039495853872
8690.78,0.7664402217556789
8690.789999999999,0.757327475202972
8690.800000000001,0.7475276291529876
8690.81,0.7369857199565012
8690.82,0.7256863113243739
8690.83,0.7139048879295681
8690.84,0.7013344112002218
8690.85,0.6876511433586068
8690.86,0.6725694556391341
8690.869999999999,0.6557895848360322
8690.880000000001,0.6367828657514113
8690.89,0.6140779989771076
8690.9,0.5844411250573379
8690.91,0.5410727509985576
8690.92,0.4793810065842698
8690.93,0.4052678802259952
8690.94,0.3360998432880554
8690.95,0.2849294757253222
8690.960000000001,0.2520943497962362
8690.97,0.23193601492022886
8690.980000000001,0.2196222782568654
8690.99,0.2123179413653987
8691.0,0.20847174266092053
8691.01,0.2073139196022652
8691.02,0.20862279575779769
8691.03,0.212649641036748
8691.04,0.2202026964489698
8691.05,0.23289391003389845
8691.060000000001,0.2536685570542489
8691.07,0.2874995132096165
8691.08,0.3400207055971674
8691.09,0.4103681106824715
8691.1,0.48482945068888766
8691.11,0.5461684533194169
8691.119999999999,0.5889307795949431
8691.130000000001,0.618085401074307
8691.14,0.6403579850623279
8691.15,0.6589665159762667
8691.16,0.6753643631058734
8691.17,0.6901387572738547
8691.18,0.7036094655656964
8691.19,0.7160385296568927
8691.199999999999,0.7277362955590554
8691.210000000001,0.7389508711031835
8691.22,0.749358375604753
8691.23,0.7590881099920774
8691.24,0.7682701997749696
8691.25,0.7769497959427984
8691.26,0.7851460498072065
8691.27,0.7929298175426186
8691.28,0.80028772501077
8691.29,0.8072549768733434
8691.3,0.8138145530559736
8691.310000000001,0.8199166530442248
8691.32,0.8255490216844488
8691.33,0.8306526638206752
8691.34,0.8352321185494225
8691.35,0.8393811061513805
8691.36,0.8432754202888788
8691.37,0.8471940884509666
8691.380000000001,0.8513189211767808
8691.390000000001,0.8557806051920391
8691.4,0.8604610791405402
8691.41,0.865178032807898
8691.42,0.8696431850874015
8691.43,0.8736592452509814
8691.44,0.8771760600210036
8691.449999999999,0.8803003114553853
8691.460000000001,0.8832419050053673
8691.47,0.8862243244372645
8691.48,0.8893978481580077
8691.49,0.892803946509439
8691.5,0.8962377508496275
8691.51,0.8995799714284531
8691.52,0.9025010101940064
8691.53,0.9047063407797482
8691.54,0.9057252306554197
8691.55,0.9050832157209824
8691.560000000001,0.9023720439495144
8691.57,0.897519577039162
8691.58,0.891123139397422
8691.59,0.8844739144668526
8691.6,0.8792049121801015
8691.61,0.8768107966002242
8691.62,0.8780385398478755
8691.63,0.8826257043202889
8691.640000000001,0.8895265944737157
8691.65,0.8972775799323757
8691.66,0.9046907763399377
8691.67,0.9111905236644496
8691.68,0.9168852284579996
8691.69,0.922049775117743
8691.7,0.9268879600932882
8691.710000000001,0.9313743973099923
8691.72,0.9353174731400495
8691.73,0.938606154587016
8691.74,0.9411597820728475
8691.75,0.9430169631588047
8691.76,0.9443358549075035
8691.77,0.9451713526322926
8691.779999999999,0.9455061844430082
8691.79,0.9452064556538671
8691.8,0.9439932764895113
8691.81,0.9417208633270562
8691.82,0.9384051725329092
8691.83,0.9344218614277845
8691.84,0.9305317911966731
8691.85,0.9275934906980726
8691.86,0.9261616010140871
8691.87,0.9261195429229324
8691.88,0.9266076750694293
8691.890000000001,0.9263469686138772
8691.9,0.9243576088874387
8691.91,0.9207035526101204
8691.92,0.9165248817585055
8691.93,0.9136755650548883
8691.94,0.9137821803431773
8691.95,0.9175702606519097
8691.960000000001,0.9245835395752365
8691.970000000001,0.933438803286705
8691.98,0.942423835349727
8691.990000000002,0.9499831400295856
8692.0,0.9553017158060048
8692.01,0.9581889555194469
8692.02,0.9588802099807515
8692.029999999999,0.9576974717749789
8692.04,0.9550487431684308
8692.05,0.9514919716206901
8692.06,0.9475668204894853
8692.07,0.9441397448240532
8692.08,0.9421134011227643
8692.09,0.9419910141060485
8692.1,0.9438859313005767
8692.11,0.9474666316212739
8692.12,0.9519957330352038
8692.13,0.9565989090507218
8692.140000000001,0.960776071433403
8692.15,0.9641529341878132
8692.16,0.9665961393938116
8692.17,0.9680874562303697
8692.18,0.9687640822368585
8692.19,0.9686676416737425
8692.2,0.9679000584501397
8692.21,0.9667337423851368
8692.220000000001,0.9653530814429014
8692.23,0.9642274353866233
8692.24,0.9637327264872511
8692.25,0.9640544061729164
8692.26,0.9651621783064503
8692.27,0.9668975597513502
8692.28,0.9688227454175102
8692.29,0.9705276542084291
8692.300000000001,0.9719137767352769
8692.31,0.9729033035809052
8692.320000000002,0.9735975165306104
8692.33,0.974192199035973
8692.34,0.9748187529180824
8692.35,0.9755333890554723
8692.359999999999,0.9763173145044692
8692.37,0.9771026318305039
8692.38,0.9778122009927485
8692.39,0.9784139242288341
8692.4,0.9789012339548406
8692.41,0.9792923803891483
8692.42,0.9796148313602668
8692.43,0.9799144512727089
8692.44,0.9801542481738313
8692.45,0.9803870419315618
8692.46,0.9806133739313709
8692.470000000001,0.9808338356380417
8692.48,0.9810488453445761
8692.49,0.9812587555568288
8692.5,0.981428635173295
8692.51,0.9815960576689182
8692.52,0.9817406100214613
8692.53,0.9818620877991925
8692.539999999999,0.9819670453484425
8692.550000000001,0.982069625795956
8692.56,0.9821884716828909
8692.570000000002,0.9823401157534519
8692.58,0.9825319602111623
8692.59,0.9827589220285807
8692.6,0.9830058426116149
8692.61,0.983228241493497
8692.62,0.9834360974044949
8692.630000000001,0.9836050679447307
8692.64,0.9837007605165377
8692.65,0.9837810044623045
8692.66,0.9837945135930233
8692.67,0.9837978535805734
8692.68,0.9838154833373997
8692.69,0.9838731694096297
8692.7,0.9839897094832699
8692.71,0.9841703969240302
8692.720000000001,0.9844052056415762
8692.73,0.9846724852578692
8692.74,0.9849464015096434
8692.75,0.9852047856033258
8692.76,0.9854342460611362
8692.77,0.985644645975982
8692.78,0.9858046196866662
8692.789999999999,0.9859732162493763
8692.800000000001,0.9860915716508966
8692.81,0.9862080324807455
8692.82,0.986263088500149
8692.83,0.9862927258321225
8692.84,0.9862368035949928
8692.85,0.9860476999546606
8692.86,0.9856833201414056
8692.87,0.9851346474111097
8692.880000000001,0.9844549265067511
8692.89,0.9837703146065282
8692.900000000001,0.9832542799502494
8692.91,0.9830675402603759
8692.92,0.9832908273524325
8692.93,0.983857049151782
8692.94,0.9846602294577417
8692.95,0.9855032042044928
8692.96,0.986231878842986
8692.97,0.9867668297713266
8692.98,0.9871086048033407
8692.99,0.9873120414932899
8693.0,0.9874495100149798
8693.01,0.9875804999785527
8693.02,0.9877481381226086
8693.03,0.9879231153119954
8693.039999999999,0.9881156190050109
8693.050000000001,0.9883023969992718
8693.06,0.9884679121589921
8693.07,0.9885686275679618
8693.08,0.9886059524636667
8693.09,0.9886124498601715
8693.1,0.9884955903682349
8693.11,0.9882880078501128
8693.119999999999,0.9879361227634442
8693.130000000001,0.9874740006863907
8693.14,0.9870146461580792
8693.150000000001,0.9866589926378426
8693.16,0.9865161500286819
8693.17,0.9866452071406123
8693.18,0.987028833862169
8693.19,0.9875808424662408
8693.2,0.9881613404057326
8693.210000000001,0.9887137257275732
8693.22,0.9891756528069072
8693.230000000001,0.9894855461204908
8693.24,0.9896939768524581
8693.25,0.9898321340633807
8693.26,0.9899525918996381
8693.269999999999,0.9900110268451817
8693.28,0.990069135332747
8693.289999999999,0.9901264258799457
8693.300000000001,0.9901829091595581
8693.31,0.9902432963535613
8693.32,0.9902981223014974
8693.33,0.9903521727401166
8693.34,0.9904054570122232
8693.35,0.990457984116549
8693.36,0.9904525058545973
8693.369999999999,0.9904107792889617
8693.380000000001,0.9902549109421842
8693.39,0.9898948479206348
8693.4,0.9892194114789096
8693.41,0.9881351654678316
8693.42,0.9866550080143037
8693.43,0.9848707973845799
8693.44,0.983109215381202
8693.45,0.9817715296518152
8693.460000000001,0.981215562995154
8693.47,0.9816082085271732
8693.480000000001,0.9828518101638752
8693.49,0.9846275816843225
8693.5,0.9865302752988441
8693.51,0.9881962092372463
8693.52,0.9894871981598037
8693.53,0.9903553876377696
8693.54,0.9908787727899122
8693.55,0.9911688764871249
8693.560000000001,0.9913235577161723
8693.57,0.99143621073132
8693.58,0.9914730653027656
8693.59,0.9915092788957125
8693.6,0.9915448513034217
8693.61,0.9915797817529947
8693.619999999999,0.9916140687998198
8693.630000000001,0.9916477103359418
8693.64,0.991680703456894
8693.65,0.9917130444206612
8693.66,0.9917097520310081
8693.67,0.9916952097213737
8693.68,0.9916381469910412
8693.69,0.9915187386279534
8693.699999999999,0.9913232731269163
8693.710000000001,0.9910565003285337
8693.72,0.9907518783292313
8693.730000000001,0.9904710016006023
8693.74,0.9902870653664817
8693.75,0.9902346439256836
8693.76,0.9903545420057323
8693.77,0.9906015174389846
8693.78,0.9909099672956951
8693.79,0.9912124252968038
8693.8,0.9914644655324137
8693.810000000001,0.9916531634222673
8693.82,0.9917889049437739
8693.83,0.9918627487948147
8693.84,0.991918860025306
8693.85,0.9919562915456221
8693.86,0.9919478298026381
8693.87,0.9919163725433877
8693.880000000001,0.9918452904058397
8693.89,0.9918039808813193
8693.9,0.9917544756479449
8693.91,0.9917384196428631
8693.92,0.9917224302787677
8693.93,0.9917083697598057
8693.94,0.9916113073511668
8693.949999999999,0.9913107895925082
8693.960000000001,0.9906491091193792
8693.97,0.9894454445034555
8693.98,0.987604072324763
8693.99,0.9851298262692452
8694.0,0.9822823732308973
8694.01,0.9795443951261084
8694.02,0.9773912006525675
8694.03,0.9760883639530277
8694.04,0.9755286650096499
8694.05,0.9752693775116689
8694.060000000001,0.9747929409148421
8694.07,0.9738264088700516
8694.08,0.9726146877234074
8694.09,0.9717404589595002
8694.1,0.9718334491875107
8694.11,0.9732027160178557
8694.12,0.9756749568775575
8694.13,0.9787030965723211
8694.140000000001,0.9816541258166549
8694.15,0.9841012374930114
8694.160000000002,0.9858835525414635
8694.17,0.9871961301317678
8694.18,0.9882231275655061
8694.19,0.9891127189391353
8694.199999999999,0.989908310264341
8694.210000000001,0.9905824053125121
8694.22,0.991107981059353
8694.23,0.99143807058432
8694.24,0.9916208765539087
8694.25,0.9916909702719104
8694.26,0.9916411713668809
8694.27,0.9915536669455586
8694.279999999999,0.9913601578546979
8694.29,0.991086665873554
8694.3,0.9906906320167381
8694.310000000001,0.990190218628961
8694.32,0.9895328922294465
8694.33,0.9887464829251972
8694.34,0.987755654828302
8694.35,0.986465047106405
8694.36,0.984575190521519
8694.37,0.9820729297953494
8694.38,0.978931409982687
8694.390000000001,0.9753955153406874
8694.4,0.9719267238781728
8694.41,0.9690774049373522
8694.42,0.9673142855021604
8694.43,0.966879668428849
8694.44,0.9677445521136725
8694.45,0.9696083602171341
8694.460000000001,0.9721014994940466
8694.470000000001,0.974764167162808
8694.48,0.9771766069600438
8694.490000000002,0.979024211906075
8694.5,0.9801402545444521
8694.51,0.980500586628179
8694.52,0.9802141065229484
8694.529999999999,0.9793718258891401
8694.54,0.9780744466391118
8694.55,0.976290900556637
8694.56,0.9739713779964491
8694.57,0.9708484965534702
8694.58,0.9667129531259526
8694.59,0.9609995801524107
8694.6,0.9527896048753371
8694.61,0.9410214298388597
8694.62,0.9226041132019334
8694.63,0.8930323491584795
8694.640000000001,0.8471789253511887
8694.65,0.7827845828733333
8694.66,0.7046115304695759
8694.67,0.6240839075428907
8694.68,0.5539534946053284
8694.69,0.5003029628004859
8694.7,0.46480237409961933
8694.71,0.44633746515899786
8694.720000000001,0.4434921949429674
8694.73,0.45606837203224104
8694.740000000002,0.4851292120962153
8694.75,0.5322131864639817
8694.76,0.5970532673037333
8694.77,0.6753081616914998
8694.78,0.7562519375743997
8694.79,0.8261143368390108
8694.800000000001,0.8763155199938255
8694.81,0.9061646433042215
8694.82,0.9200688090325436
8694.83,0.9238578367332756
8694.84,0.9223311815160135
8694.85,0.9196243516305334
8694.859999999999,0.9181181874551646
8694.87,0.9199086339660044
8694.88,0.9254734851590369
8694.890000000001,0.9342929465381542
8694.9,0.9449617064862599
8694.91,0.9558731289757603
8694.92,0.9655317433209559
8694.93,0.9729065266801095
8694.94,0.9776460290243989
8694.95,0.9797846934132062
8694.96,0.9795652949377861
8694.970000000001,0.9772568103859154
8694.98,0.9730776812285161
8694.99,0.9673526511838895
8695.0,0.9604540093875303
8695.01,0.9531782402006775
8695.02,0.946626254389628
8695.03,0.9421318710221731
8695.04,0.9407554067619041
8695.050000000001,0.9428718004321986
8695.06,0.9479217008964398
8695.070000000002,0.9544968619282201
8695.08,0.9608461637867544
8695.09,0.9656033192710243
8695.1,0.9683501751253727
8695.11,0.9696841637240897
8695.12,0.9706294282682175
8695.13,0.9722287849074656
8695.14,0.9749193377562563
8695.15,0.9785399008640429
8695.16,0.9824736143086422
8695.17,0.9861012540986765
8695.18,0.9890054974474882
8695.19,0.9910297264516771
8695.2,0.9922564455640883
8695.21,0.9929380850284063
8695.220000000001,0.993258676054516
8695.23,0.9933692984647642
8695.24,0.993394020349313
8695.25,0.9933293686583455
8695.26,0.9932804359575406
8695.27,0.9932773956954825
8695.28,0.9932932154922378
8695.289999999999,0.9933558884932527
8695.300000000001,0.9934483119916748
8695.31,0.9935287905664616
8695.320000000002,0.9935797125392569
8695.33,0.9935669293060473
8695.34,0.9935703076906254
8695.35,0.9935991785820869
8695.36,0.9936963979000072
8695.37,0.9938159220623114
8695.380000000001,0.9939811773924087
8695.39,0.9941641528423806
8695.400000000001,0.9943390463532135
8695.41,0.9945042299268272
8695.42,0.9946157947024263
8695.43,0.9947017438842666
8695.439999999999,0.9947990213528068
8695.45,0.9948327676951089
8695.46,0.9948654934769848
8695.470000000001,0.994897250182488
8695.48,0.9949280860002092
8695.49,0.9949580459904972
8695.5,0.9949871723935395
8695.51,0.9950155048075411
8695.52,0.9950430804196241
8695.53,0.9950699341195789
8695.539999999999,0.9950960987468704
8695.550000000001,0.9951216051892999
8695.56,0.9951464825113514
8695.57,0.9951707581151527
8695.58,0.9951944578443358
8695.59,0.9952176060688546
8695.6,0.9952095891317312
8695.61,0.9952026384744485
8695.62,0.9951786242285635
8695.630000000001,0.9951368734571382
8695.64,0.9950826490598841
8695.650000000001,0.9950280974130398
8695.66,0.9949897675643435
8695.67,0.9949828681576676
8695.68,0.9950148663373449
8695.69,0.9950820849296906
8695.7,0.9951714068135907
8695.710000000001,0.995266018891124
8695.72,0.9953517846284297
8695.730000000001,0.9954210162471351
8695.74,0.9954726013168056
8695.75,0.9955285038964391
8695.76,0.9955449767585699
8695.77,0.9955611714967438
8695.78,0.995577097275016
8695.789999999999,0.9955927628178173
8695.800000000001,0.9956081764643955
8695.81,0.9956233461999761
8695.82,0.9956382796313803
8695.83,0.9956529840634408
8695.84,0.9956674664732533
8695.85,0.9956817335532913
8695.86,0.9956957917150117
8695.869999999999,0.9957096470861497
8695.880000000001,0.9957233055697885
8695.89,0.9957049114803385
8695.900000000001,0.9956915800953524
8695.91,0.9956659911108572
8695.92,0.9956299443483908
8695.93,0.995589943000311
8695.94,0.9955565112213018
8695.95,0.9955410220216154
8695.960000000001,0.9955511844761424
8695.97,0.9955876061731139
8695.980000000001,0.995643513937214
8695.99,0.9957078081306554
8696.0,0.995769581364073
8696.01,0.9958216142497114
8696.02,0.9958614430305648
8696.03,0.9959079157576692
8696.04,0.9959190603433645
8696.050000000001,0.9959300794219738
8696.06,0.9959409759268089
8696.07,0.9959517527187285
8696.08,0.9959624125559907
8696.09,0.9959729580861433
8696.1,0.9959833918920579
8696.11,0.9959937164522594
8696.119999999999,0.9960039341775322
8696.130000000001,0.9960140473946364
8696.14,0.9960240583502574
8696.15,0.9960339692055862
8696.16,0.9960437820974053
8696.17,0.9960534990564426
8696.18,0.9960631220557793
8696.19,0.9960726530269951
8696.2,0.996082093821088
8696.210000000001,0.996091446235168
8696.22,0.9961007120227168
8696.230000000001,0.9961098928901854
8696.24,0.996118990470383
8696.25,0.9961280063490218
8696.26,0.996136942116963
8696.27,0.9961457992403675
8696.28,0.9961545791855854
8696.29,0.9961632833845322
8696.3,0.9961710391036547
8696.310000000001,0.9961794877396293
8696.32,0.9961137673547815
8696.33,0.9959924794165463
8696.34,0.9956402791254989
8696.35,0.99492669944964
8696.36,0.9935660818055292
8696.369999999999,0.9912693373864008
8696.380000000001,0.9878571336697007
8696.39,0.9834408006890246
8696.4,0.9785723794241391
8696.41,0.974108978550246
8696.42,0.9710924874391792
8696.43,0.970290112334411
8696.44,0.971915857891944
8696.449999999999,0.9755451119123032
8696.460000000001,0.9802827040356574
8696.47,0.9850885195700636
8696.48,0.9892148386660125
8696.49,0.992257851235742
8696.5,0.9942244546851393
8696.51,0.9953498278356777
8696.52,0.9959250513942967
8696.53,0.9961903854680386
8696.54,0.9963242578582678
8696.55,0.9963668567004488
8696.560000000001,0.9963739348739784
8696.57,0.9963809649415245
8696.58,0.9963879475973032
8696.59,0.9963948834999145
8696.6,0.9964017732939779
8696.61,0.9964086176087794
8696.62,0.9964154170703685
8696.630000000001,0.996422172288108
8696.640000000001,0.9964288838496578
8696.65,0.9964355523380372
8696.660000000002,0.9963950582284439
8696.67,0.9963351290593289
8696.68,0.9962069554452366
8696.69,0.9959701657869431
8696.699999999999,0.9955871035703988
8696.710000000001,0.995045367576347
8696.72,0.9943832600425302
8696.73,0.9937017303763633
8696.74,0.9931467869077302
8696.75,0.9928612037850827
8696.76,0.9929261581823505
8696.77,0.9933249662266069
8696.78,0.9939506868078974
8696.79,0.9946529450355944
8696.8,0.9952963844979201
8696.810000000001,0.9958001951491786
8696.82,0.9961449528827497
8696.83,0.9963542114094712
8696.84,0.9964241104005174
8696.85,0.9964214329553601
8696.86,0.9963434997608436
8696.87,0.9961419833743255
8696.88,0.9958268301122326
8696.890000000001,0.9953977508299982
8696.9,0.9948964796197803
8696.91,0.9943758568103006
8696.92,0.9939874451385304
8696.93,0.9938088942879748
8696.94,0.9938811032528247
8696.95,0.9941752249136224
8696.960000000001,0.9946088415858162
8696.97,0.9950834487942635
8696.98,0.9955204062125098
8696.99,0.9958779435266306
8697.0,0.9961474840834784
8697.01,0.9963369521300047
8697.02,0.9964679876712772
8697.029999999999,0.996572235399704
8697.04,0.9965896632233022
8697.05,0.9966043931459484
8697.06,0.9966180665165334
8697.07,0.9966080126403901
8697.08,0.9966025076809624
8697.09,0.9966045309236216
8697.1,0.9966147957641351
8697.11,0.9966319725026423
8697.12,0.9966528129200283
8697.13,0.9966739229865341
8697.140000000001,0.9966925365958096
8697.15,0.9967199948855495
8697.16,0.9967254321528461
8697.17,0.9967308362093699
8697.18,0.9967362021691971
8697.19,0.9967414857193182
8697.2,0.9967489788774382
8697.21,0.9967538897585051
8697.220000000001,0.9967587775626665
8697.23,0.9967636424833161
8697.240000000002,0.9967684847185542
8697.25,0.9967123276929661
8697.26,0.9966157307155364
8697.27,0.9963911209940033
8697.279999999999,0.995931818082687
8697.29,0.9951007496472896
8697.3,0.9937284273536471
8697.31,0.991811908153707
8697.32,0.9894072957253527
8697.33,0.9868671608373886
8697.34,0.9846171806496962
8697.35,0.9830889643990225
8697.36,0.9825151712368182
8697.37,0.9829110039507655
8697.38,0.9840307563979133
8697.390000000001,0.9854804359357019
8697.4,0.9870105722774735
8697.41,0.9883842166181953
8697.42,0.9894811273563754
8697.43,0.9902390121388502
8697.44,0.9906406452373847
8697.45,0.990733079846246
8697.46,0.9906476831711617
8697.470000000001,0.9905949720561894
8697.48,0.9907430141012916
8697.49,0.991258776004712
8697.5,0.9920865754775752
8697.51,0.9931204165805473
8697.52,0.9941105573969634
8697.53,0.9948597402590119
8697.54,0.9951536985591086
8697.550000000001,0.9947134777932769
8697.56,0.9933180749891508
8697.570000000002,0.9907350357191351
8697.58,0.9868970658559472
8697.59,0.9821189796441192
8697.6,0.977006955191604
8697.609999999999,0.9726161642887585
8697.62,0.9699798244449469
8697.63,0.9696486756771614
8697.64,0.971480532534336
8697.65,0.9746008964453265
8697.66,0.9776875453472913
8697.67,0.9794756284487046
8697.68,0.9792791091315345
8697.69,0.9772804428178685
8697.7,0.9744393095509984
8697.71,0.9720717853475433
8697.720000000001,0.9712874054861396
8697.73,0.972587699003588
8697.74,0.9757094719526861
8697.75,0.9796568420796498
8697.76,0.9829795344649214
8697.77,0.9842894086559393
8697.78,0.9821871736190484
8697.789999999999,0.9759178505297803
8697.800000000001,0.9655248065823373
8697.81,0.9523156754381188
8697.820000000002,0.9385830934009188
8697.83,0.9270413632922011
8697.84,0.9199807928230654
8697.85,0.9184413702420225
8697.86,0.922023502090218
8697.87,0.929002590421341
8697.880000000001,0.9371261683303221
8697.89,0.9446194788453427
8697.9,0.9508789837833372
8697.91,0.9563963888586402
8697.92,0.9620467995602358
8697.93,0.9683344597740405
8697.939999999999,0.9750784860394293
8697.95,0.9816009318458215
8697.96,0.9871511018792606
8697.970000000001,0.9913449920169128
8697.98,0.9939783049995173
8697.99,0.9954321602410817
8698.0,0.9959451042413382
8698.01,0.9956953027836962
8698.02,0.9947246994878093
8698.03,0.9930330184076123
8698.039999999999,0.990580193591502
8698.050000000001,0.9876620155707568
8698.06,0.9847500850229508
8698.07,0.9824767987411742
8698.08,0.9814411914430136
8698.09,0.9818865137202076
8698.1,0.9836909057512173
8698.11,0.9864203080714653
8698.12,0.9894128912116598
8698.130000000001,0.9921089160393133
8698.14,0.9941860961425373
8698.150000000001,0.9955814772054159
8698.16,0.9964083102366096
8698.17,0.9968441487266744
8698.18,0.9970501756594774
8698.19,0.9970891638212486
8698.2,0.9970681905645485
8698.21,0.9969227021952999
8698.22,0.9966515847076232
8698.23,0.9961531857467283
8698.24,0.9954346977012748
8698.25,0.9944766660100924
8698.26,0.9933475752457579
8698.27,0.992183270420086
8698.28,0.9911568224901498
8698.289999999999,0.9904318429837973
8698.300000000001,0.9901214559442257
8698.31,0.9901927081843132
8698.32,0.9906409631464738
8698.33,0.9912659933386947
8698.34,0.99179879853794
8698.35,0.9918431300080912
8698.36,0.9911334178467649
8698.369999999999,0.9894398518463104
8698.380000000001,0.9867903707096186
8698.39,0.9834973454744491
8698.400000000001,0.9800155893039275
8698.41,0.9768568875297692
8698.42,0.9744097718972192
8698.43,0.9729723270217117
8698.44,0.9726101924532462
8698.45,0.9733855416546299
8698.460000000001,0.9752604121398032
8698.47,0.978036409324626
8698.480000000001,0.9814391411762633
8698.49,0.9849888236055439
8698.5,0.9883010171201313
8698.51,0.991055364746407
8698.519999999999,0.9931020551651872
8698.53,0.9945272710666476
8698.539999999999,0.9953247215169602
8698.550000000001,0.9956685550533112
8698.56,0.9954643652492383
8698.57,0.9948009556619352
8698.58,0.9936782288470872
8698.59,0.9921673834496555
8698.6,0.9905235680031651
8698.61,0.9890396295157632
8698.619999999999,0.9880278913622499
8698.630000000001,0.9877581033889182
8698.64,0.9882661006705531
8698.65,0.9894642035678082
8698.66,0.9910632600796698
8698.67,0.9927472108216505
8698.68,0.9942542470589159
8698.69,0.9954354628773816
8698.7,0.9962209911407776
8698.710000000001,0.9966693839822796
8698.72,0.996822061250397
8698.730000000001,0.996635044896612
8698.74,0.9960860372901396
8698.75,0.9949968120195289
8698.76,0.9933781845629723
8698.77,0.9912822217105679
8698.78,0.988962763930026
8698.79,0.9868576038823919
8698.8,0.9854642404562824
8698.810000000001,0.9851527393338341
8698.82,0.9860102083387553
8698.83,0.9878027613057251
8698.84,0.9900764974020447
8698.85,0.9923407527985344
8698.86,0.9942353274495572
8698.869999999999,0.9956055174335066
8698.880000000001,0.9964750498474331
8698.89,0.9969640175296944
8698.9,0.9972095995390478
8698.91,0.9973207648934607
8698.92,0.9973897987062558
8698.93,0.9973127291471892
8698.94,0.9971750735426478
8698.949999999999,0.996961640924649
8698.960000000001,0.996612720810249
8698.97,0.996108278946751
8698.980000000001,0.9954708645665955
8698.99,0.9947615289044509
8699.0,0.9941541047727583
8699.01,0.9937970166627234
8699.02,0.9937498979329821
8699.03,0.9940492601310237
8699.04,0.9946148931798372
8699.05,0.9953062082308596
8699.060000000001,0.9959998564014129
8699.07,0.9965429460639762
8699.08,0.9969328121423762
8699.09,0.9971791182980764
8699.1,0.9973175808658523
8699.11,0.9973662394928048
8699.12,0.9973900503919908
8699.130000000001,0.997341575640186
8699.14,0.9972590251078057
8699.15,0.9971363687120469
8699.16,0.9969784112315135
8699.17,0.9968055483319984
8699.18,0.9966521275740813
8699.19,0.9965563801289712
8699.199999999999,0.9965453695410194
8699.210000000001,0.996622931894281
8699.22,0.9967678942150957
8699.23,0.9969436916567131
8699.24,0.9971134624444092
8699.25,0.997252191340906
8699.26,0.9973508097737284
8699.27,0.9974128716151731
8699.28,0.997448030082001
8699.29,0.9974777255104493
8699.3,0.9974799741746028
8699.310000000001,0.9974822162448576
8699.32,0.9974844517263727
8699.33,0.997486680639517
8699.34,0.9974889029612762
8699.35,0.9974911187302808
8699.36,0.9974933279111031
8699.37,0.9974955305397156
8699.38,0.9974923752995117
8699.390000000001,0.9974945016925046
8699.4,0.9974656860091432
8699.410000000002,0.9974402863310041
8699.42,0.997400882215539
8699.43,0.997319585993407
8699.44,0.9972377258647495
8699.449999999999,0.9971515841092838
8699.460000000001,0.997017297179066
8699.47,0.9968619283333338
8699.48,0.9965908845925716
8699.49,0.9960516834076936
8699.5,0.9950076738801458
8699.51,0.9931813324869297
8699.52,0.9903699060027716
8699.529999999999,0.9866127250528796
8699.54,0.9823252292095359
8699.55,0.9783196268397638
8699.560000000001,0.9754710485068006
8699.57,0.974522101593841
8699.58,0.9757638590641808
8699.59,0.9788630204683199
8699.6,0.9830113326229797
8699.61,0.9873290660629092
8699.62,0.991003086656237
8699.63,0.9937080641991172
8699.640000000001,0.9953955535046225
8699.65,0.9962571602434536
8699.66,0.9965537745139765
8699.67,0.9965245593532713
8699.68,0.9963578358834582
8699.69,0.9962081714496643
8699.7,0.996121787761867
8699.710000000001,0.9960933901495351
8699.720000000001,0.9961243080974398
8699.73,0.9960260844432294
8699.740000000002,0.9955378039982505
8699.75,0.9943171641266535
8699.76,0.9920106860873668
8699.77,0.9884001489966381
8699.779999999999,0.9835987166404115
8699.79,0.9782075785656098
8699.8,0.9731385250638901
8699.81,0.9695797523425678
8699.82,0.9683684768842106
8699.83,0.9697267875856784
8699.84,0.9731713850978199
8699.85,0.9777222231387019
8699.86,0.9823123518877143
8699.87,0.9861635857863269
8699.88,0.9890611748914417
8699.890000000001,0.9911226626262922
8699.9,0.9926478438366937
8699.91,0.9938838331728379
8699.92,0.9949417589118222
8699.93,0.9958272922637623
8699.94,0.9965328018475901
8699.95,0.9969981539387656
8699.96,0.9972937864074437
8699.970000000001,0.9974605096841423
8699.98,0.9975447273948775
8699.990000000002,0.9976060438437045
8700.0,0.9976075702892887
