8450.0,0.9852092140115367
8450.01,0.9907026654873369
8450.02,0.9943913162787885
8450.03,0.9965874883168411
8450.04,0.9977765394084368
8450.050000000001,0.9983855872076202
8450.06,0.9986996845300329
8450.07,0.9988698979161837
8450.08,0.9989777416564204
8450.09,0.9990446338522752
8450.1,0.9990937492845036
8450.11,0.9991312559953189
8450.119999999999,0.9991606908034107
8450.130000000001,0.9991843347268796
8450.14,0.99920375991683
8450.15,0.9992200908815075
8450.16,0.9992339211676018
8450.17,0.9992455188454595
8450.18,0.9992554768348498
8450.19,0.9992642856602376
8450.2,0.9992717777485352
8450.210000000001,0.9992783396164253
8450.22,0.9992841190285426
8450.230000000001,0.9992892351919108
8450.24,0.9992937852286504
8450.25,0.9992978488936817
8450.26,0.999301492248722
8450.27,0.9993047704187517
8450.28,0.9993077296692681
8450.29,0.9992984987393916
8450.3,0.9993008262504748
8450.310000000001,0.999302934174173
8450.32,0.9993407452670683
8450.33,0.9993405487418302
8450.34,0.9993403493697645
8450.35,0.9993401471487331
8450.36,0.9993399420950178
8450.369999999999,0.9993397342025475
8450.380000000001,0.9993395234730589
8450.39,0.9993393099125905
8450.4,0.9993390935220312
8450.41,0.9993388742880812
8450.42,0.9993386522135281
8450.43,0.9993384272874911
8450.44,0.9993392971244633
8450.449999999999,0.9993390523742754
8450.460000000001,0.9993131555718215
8450.47,0.9993127182890061
8450.48,0.9993122763105848
8450.49,0.9993118295529092
8450.5,0.9993113779984426
8450.51,0.9993109215602083
8450.52,0.9993104601846589
8450.53,0.9993099938371421
8450.54,0.9993095224306106
8450.55,0.9993090459040413
8450.560000000001,0.9993085641988935
8450.57,0.9993080772411534
8450.58,0.9993075849698367
8450.59,0.9993070873024849
8450.6,0.9993065841670081
8450.61,0.9993060754920781
8450.62,0.9993055611907723
8450.63,0.9993050411852897
8450.640000000001,0.999304515403137
8450.65,0.9993039837503997
8450.660000000002,0.9993034461191451
8450.67,0.9993029024427106
8450.68,0.9993023526203835
8450.69,0.9993017965528257
8450.699999999999,0.9993012341439144
8450.710000000001,0.999300665294137
8450.72,0.9993000898948629
8450.73,0.9992995078482477
8450.74,0.9992989190194922
8450.75,0.9992983233118907
8450.76,0.9992977206140596
8450.77,0.9992971107920309
8450.78,0.9992964937310519
8450.79,0.9992958692911921
8450.8,0.9992952373752073
8450.810000000001,0.9992945978253152
8450.82,0.9992939504882611
8450.83,0.9992932952367662
8450.84,0.9992819483107523
8450.85,0.999281266136287
8450.86,0.9992805755768306
8450.87,0.9992798764696121
8450.88,0.9992791686798048
8450.890000000001,0.9992784520148724
8450.9,0.9992777263095899
8450.91,0.9992769914001947
8450.92,0.9992762470750242
8450.93,0.9992754931759458
8450.94,0.9992747295017542
8450.95,0.9992739558413914
8450.960000000001,0.9992731719994327
8450.970000000001,0.9992723777711268
8450.98,0.9992715729316739
8450.99,0.9992707572774078
8451.0,0.9992699305545306
8451.01,0.9992690925262548
8451.02,0.9992682429624564
8451.029999999999,0.9992673816140502
8451.04,0.9992665082166292
8451.05,0.9992656225091431
8451.06,0.9992647242156916
8451.07,0.9992638130677294
8451.08,0.9992628887523114
8451.09,0.9992619509865867
8451.1,0.9992609994444056
8451.11,0.9992600338227867
8451.12,0.9992590537843241
8451.13,0.9992580590119848
8451.140000000001,0.9992570491168786
8451.15,0.9992560237581961
8451.16,0.999254982563341
8451.17,0.9992539251542446
8451.18,0.9992528511241495
8451.19,0.999251760068764
8451.2,0.9992506515565445
8451.21,0.9992495251585414
8451.220000000001,0.9992483804043314
8451.23,0.9992472168340633
8451.240000000002,0.9992460339614698
8451.25,0.9992448313026195
8451.26,0.9992436083099929
8451.27,0.9992423644667746
8451.28,0.9992410992061219
8451.29,0.9992398119681503
8451.3,0.9992385021344913
8451.31,0.9992371690935808
8451.32,0.999235812222162
8451.33,0.9992344308383277
8451.34,0.9992330242512125
8451.35,0.9992315917645551
8451.359999999999,0.9992301326234695
8451.37,0.9992286460562821
8451.38,0.9992271312707087
8451.390000000001,0.9992255874500463
8451.4,0.9992240137045119
8451.41,0.9992224091430941
8451.42,0.9992207728577724
8451.43,0.9992191038620799
8451.44,0.999217401151298
8451.45,0.9992156636794811
8451.46,0.9992138903446592
8451.470000000001,0.9992120800210034
8451.48,0.9992102315243844
8451.49,0.9992083435856551
8451.5,0.999206414969482
8451.51,0.999204444286945
8451.52,0.9992024301630242
8451.53,0.9992003711113148
8451.54,0.9991982656156462
8451.550000000001,0.9991961120671687
8451.56,0.9991939088017092
8451.570000000002,0.9991916540625502
8451.58,0.9991893460070809
8451.59,0.9991869827394321
8451.6,0.9991845622183011
8451.609999999999,0.9991820823887393
8451.62,0.9991795409884561
8451.63,0.9991769357282595
8451.64,0.9991742641654193
8451.65,0.9991715237528856
8451.66,0.9991687117883444
8451.67,0.9991658254555235
8451.68,0.9991628617640059
8451.69,0.9991598176025184
8451.7,0.9991566896718013
8451.71,0.9991534744738045
8451.720000000001,0.999150168343075
8451.73,0.9991467674168726
8451.74,0.9991432675880345
8451.75,0.9991396645246347
8451.76,0.9991359536491167
8451.77,0.9991321301130595
8451.78,0.999128188769699
8451.789999999999,0.9991241241700637
8451.800000000001,0.9991199305358233
8451.81,0.999115601696497
8451.820000000002,0.9991111311246796
8451.83,0.9991079202965636
8451.84,0.9991031420422313
8451.85,0.9990977963045209
8451.86,0.9990926397686241
8451.87,0.9990873200214146
8451.880000000001,0.9990818184504684
8451.89,0.9990761425432255
8451.900000000001,0.9990702618056172
8451.91,0.9990641766749981
8451.92,0.9990582249737618
8451.93,0.999051612061925
8451.939999999999,0.99904473369521
8451.95,0.9990375740084736
8451.96,0.9990301158134761
8451.970000000001,0.9990223405715708
8451.98,0.9990142282127248
8451.99,0.9990067368112341
8452.0,0.9989978769764737
8452.01,0.9989886089674709
8452.02,0.9989789047855476
8452.03,0.9989687338985248
8452.039999999999,0.9989580629351373
8452.050000000001,0.9989468553410074
8452.06,0.9989350710403777
8452.07,0.9989226659865978
8452.08,0.998909591646786
8452.09,0.9988957944748401
8452.1,0.9988812152414337
8452.11,0.9988657882860869
8452.12,0.998849440639804
8452.130000000001,0.998832091018387
8452.14,0.9988136486047717
8452.150000000001,0.9987940116902355
8452.16,0.9987730660141129
8452.17,0.9987506828469541
8452.18,0.9987267166694601
8452.19,0.9987010024600844
8452.2,0.9986733523592527
8452.210000000001,0.9986435518114745
8452.22,0.9986113546956744
8452.23,0.9985764775650727
8452.24,0.9985385925073474
8452.25,0.9984973183380799
8452.26,0.9984522098002923
8452.27,0.9984027439085096
8452.28,0.9983483006791999
8452.289999999999,0.9982881498301454
8452.300000000001,0.9982214105908185
8452.31,0.9981470237012261
8452.32,0.9980637024352722
8452.33,0.9979698702985647
8452.34,0.9978635777572596
8452.35,0.9977423891621924
8452.36,0.9976032270304136
8452.369999999999,0.9974420506250485
8452.380000000001,0.9972521487903638
8452.39,0.9970300172777912
8452.400000000001,0.9967658819870652
8452.41,0.9964460596066309
8452.42,0.9960514935397343
8452.43,0.9955547285658937
8452.44,0.9949140464016185
8452.45,0.9940361013236831
8452.460000000001,0.9926864099122624
8452.47,0.9906878659881057
8452.480000000001,0.9874030234199698
8452.49,0.9817289500999826
8452.5,0.9720936381379741
8452.51,0.9566453060189731
8452.519999999999,0.9341470936740026
8452.53,0.9053850455011858
8452.539999999999,0.8739616812864459
8452.550000000001,0.8447214107775698
8452.56,0.8235239270847035
8452.57,0.8141336340732
8452.58,0.8180497486685946
8452.59,0.8345225160328454
8452.6,0.861035592986576
8452.61,0.8922367167581314
8452.619999999999,0.9224785121440445
8452.630000000001,0.9479401622104028
8452.64,0.9662481763253106
8452.65,0.9780621146842963
8452.66,0.9851448458014779
8452.67,0.9892133473962168
8452.68,0.991638931700372
8452.69,0.9931635120456219
8452.7,0.9941854109034903
8452.710000000001,0.9948647911608809
8452.72,0.9953744669207876
8452.730000000001,0.9957651346801305
8452.74,0.9960690312254252
8452.75,0.9963080266405663
8452.76,0.996497542934041
8452.77,0.9966487081868477
8452.78,0.9967672403118027
8452.79,0.9968577566794129
8452.8,0.9969252794194283
8452.810000000001,0.9969728182019153
8452.82,0.9970026096650013
8452.83,0.9970162879357178
8452.84,0.9970150036545189
8452.85,0.9969995066370041
8452.86,0.9969702017524523
8452.869999999999,0.9969271843451928
8452.880000000001,0.9968702593336151
8452.89,0.9967989461582951
8452.9,0.9967124706833143
8452.91,0.9966097440197609
8452.92,0.9964893272361307
8452.93,0.9963493796430758
8452.94,0.9961875872052555
8452.949999999999,0.9960010657153172
8452.960000000001,0.9957862310359568
8452.97,0.9955386251974221
8452.980000000001,0.9952526823773439
8452.99,0.9949214109546922
8453.0,0.9945359567929013
8453.01,0.9940832047775149
8453.02,0.9935480858404764
8453.03,0.9929175448440155
8453.04,0.9921633083461174
8453.05,0.9912469533357625
8453.060000000001,0.9901154493027792
8453.07,0.988693149990156
8453.08,0.9868893288640234
8453.09,0.9843199735055829
8453.1,0.9805800100295079
8453.11,0.9750371583379379
8453.12,0.9661650915297482
8453.130000000001,0.951593609361601
8453.14,0.9283286883644842
8453.15,0.8938020285892682
8453.16,0.8481895978696748
8453.17,0.7957664517953995
8453.18,0.7444936775332548
8453.19,0.7011030617053282
8453.199999999999,0.6712914914099599
8453.210000000001,0.657523358229146
8453.22,0.6603833204156703
8453.23,0.6796888195871221
8453.24,0.7145659401645647
8453.25,0.7614146217009042
8453.26,0.8137554128714684
8453.27,0.8647801576590666
8453.28,0.9069164673671147
8453.29,0.9374336032327566
8453.3,0.9574339168431534
8453.310000000001,0.9697456424762273
8453.32,0.9773089532984931
8453.33,0.9820802951741763
8453.34,0.9854877242886451
8453.35,0.9876899880474652
8453.36,0.9893523572974424
8453.37,0.9906788663865823
8453.38,0.9917440683229304
8453.390000000001,0.9926147776321829
8453.4,0.993338464143142
8453.410000000002,0.9939498483854492
8453.42,0.9944736978697977
8453.43,0.9949187169951901
8453.44,0.9953035409368683
8453.449999999999,0.9956386471998663
8453.460000000001,0.9959323420608903
8453.47,0.9961912517089484
8453.48,0.9964207171275054
8453.49,0.9966250838998757
8453.5,0.9968079183462936
8453.51,0.9969721703974683
8453.52,0.9971202979849475
8453.529999999999,0.9972543628557228
8453.54,0.9973761052362975
8453.55,0.9974870025176091
8453.560000000001,0.9975883157425235
8453.57,0.9976811266893064
8453.58,0.9977663678268387
8453.59,0.997844846415939
8453.6,0.9979172642856244
8453.61,0.9979842340187256
8453.62,0.998046292269935
8453.63,0.9981039108208543
8453.640000000001,0.998157505861501
8453.65,0.9982074456053593
8453.66,0.998254058931109
8453.67,0.9982976325791184
8453.68,0.9983384283219886
8453.69,0.9983766784859528
8453.7,0.99841259146086
8453.710000000001,0.9984463546373211
8453.720000000001,0.9984781368817423
8453.73,0.998508090721478
8453.740000000002,0.9985363541783724
8453.75,0.9985630524536032
8453.76,0.9985882992559614
8453.77,0.998612198148534
8453.779999999999,0.9986348435219738
8453.79,0.998656321619087
8453.8,0.9986767113674277
8453.81,0.9986960850620031
8453.82,0.9987145090566141
8453.83,0.9987320443930332
8453.84,0.9987487472020355
8453.85,0.9987646692460288
8453.86,0.9987798583118299
8453.87,0.998794358542874
8453.88,0.9988082108120659
8453.890000000001,0.9988214529487733
8453.9,0.9988341200906165
8453.91,0.998846244831618
8453.92,0.998857857485069
8453.93,0.9988689862508352
8453.94,0.9988796574281168
8453.95,0.9988898955077962
8453.96,0.9988997233766834
8453.970000000001,0.9989091624165163
8453.98,0.9989182326016173
8453.99,0.9989269526584212
8454.0,0.9989353401252987
8454.01,0.9989434114379843
8454.02,0.9989511820120597
8454.03,0.9989586663656208
8454.04,0.9989658781052011
8454.050000000001,0.9989728300485304
8454.06,0.9989795342784067
8454.07,0.9989860021306162
8454.08,0.9989922443522721
8454.09,0.9989982710404455
8454.1,0.9990040917353747
8454.109999999999,0.9990097154755017
8454.12,0.9990151507648973
8454.13,0.9990204056782498
8454.140000000001,0.9990254878574073
8454.15,0.9990304045233481
8454.16,0.9990351625321384
8454.17,0.9990397683815974
8454.18,0.999044228225844
8454.19,0.9990485479280712
8454.2,0.9990527330558007
8454.21,0.9990567888623813
8454.220000000001,0.9990607204011785
8454.23,0.9990645324320113
8454.24,0.9990682295138115
8454.25,0.9990718159691382
8454.26,0.999075295921436
8454.27,0.9990786733123591
8454.28,0.9990819518756053
8454.29,0.9990851352146044
8454.300000000001,0.9990882267171279
8454.31,0.9990912296568264
8454.320000000002,0.9990941471395685
8454.33,0.9990961454173324
8454.34,0.9990988803315246
8454.35,0.9991015375867651
8454.36,0.9991041197475512
8454.37,0.9991066292296831
8454.38,0.9991090684252367
8454.39,0.9991114395314855
8454.4,0.9991137447189694
8454.41,0.9991159860156815
8454.42,0.9991175911641793
8454.43,0.9991196444356066
8454.44,0.9991216310845695
8454.45,0.9991235765191082
8454.46,0.9991255014385133
8454.470000000001,0.9991273929421878
8454.48,0.9991292585117144
8454.49,0.9991311038564057
8454.5,0.9991329224593253
8454.51,0.9991346876655419
8454.52,0.9991369261017986
8454.53,0.9991385310424921
8454.539999999999,0.9991400916840721
8454.550000000001,0.9991416090844499
8454.56,0.9991430842462767
8454.57,0.9991445180946398
8454.58,0.9991459115278019
8454.59,0.9991472653759695
8454.6,0.9991485804209861
8454.61,0.9991498573674995
8454.62,0.9991510968903087
8454.630000000001,0.9991522995931867
8454.64,0.9991534660320989
8454.650000000001,0.9991545966795183
8454.66,0.999155691973077
8454.67,0.9991567522722135
8454.68,0.999157777858103
8454.689999999999,0.9991587689471985
8454.7,0.9991597256887992
8454.71,0.9991606481268923
8454.720000000001,0.9991615362190187
8454.73,0.9991623898317782
8454.74,0.9991632087206618
8454.75,0.9991639924921548
8454.76,0.9991647406506676
8454.77,0.9991654525281535
8454.78,0.999166127277158
8454.789999999999,0.9991667638631475
8454.800000000001,0.9991673610180447
8454.81,0.9991679172164751
8454.82,0.9991684306145223
8454.83,0.9991688990374757
8454.84,0.9991693198450345
8454.85,0.999169689965269
8454.86,0.9991700056844699
8454.87,0.9991819871260034
8454.880000000001,0.999182078623454
8454.89,0.9991821011553182
8454.900000000001,0.9991820472105093
8454.91,0.9991819077276132
8454.92,0.999181671742921
8454.93,0.9991813259325008
8454.94,0.999180853980434
8454.95,0.999180235761703
8454.960000000001,0.9991794463025144
8454.97,0.9991784541874601
8454.980000000001,0.9991772196821058
8454.99,0.9991756925316
8455.0,0.9991738069568874
8455.01,0.9991714767659355
8455.02,0.9991685873323661
8455.03,0.9991649836897376
8455.039999999999,0.9991604523670988
8455.050000000001,0.9991546387231779
8455.06,0.9991469671252323
8455.07,0.9991373759500662
8455.08,0.9991252844204801
8455.09,0.9991077056577741
8455.1,0.9990835052666601
8455.11,0.9990545365593092
8455.119999999999,0.9990201634600383
8455.130000000001,0.9989883782716826
8455.14,0.9989527584070075
8455.15,0.998926140540111
8455.16,0.9989158809859043
8455.17,0.9989207248115891
8455.18,0.9989381455225812
8455.19,0.9989721981012947
8455.2,0.9990064140826403
8455.210000000001,0.9990384084316678
8455.22,0.9990715780031982
8455.230000000001,0.999098732716514
8455.24,0.9991202440929594
8455.25,0.9991344701908172
8455.26,0.9991453173067335
8455.27,0.9991542475884748
8455.28,0.9991611784091169
8455.29,0.9991665263111169
8455.3,0.9991708077989717
8455.31,0.999174277000835
8455.32,0.9991771136577118
8455.33,0.9991794493859321
8455.34,0.9991813822317446
8455.35,0.999182986295696
8455.36,0.9991843180652691
8455.369999999999,0.9991854209203168
8455.380000000001,0.9991863292344663
8455.39,0.999187069854851
8455.4,0.9991876640199596
8455.41,0.9991881285523886
8455.42,0.9991884768275555
8455.43,0.9991887194193874
8455.44,0.9991888646645912
8455.45,0.9991889189643609
8455.460000000001,0.9991888872335113
8455.47,0.9991887729796148
8455.480000000001,0.9991885785565954
8455.49,0.9991883053122952
8455.5,0.9991879535881805
8455.51,0.9991875228763252
8455.52,0.9991870117930404
8455.53,0.9991864181281254
8455.54,0.999185738826512
8455.55,0.9991849699400548
8455.560000000001,0.9991841066111156
8455.57,0.9991831429848619
8455.58,0.9991820721100314
8455.59,0.9991808858747938
8455.6,0.9991795747584032
8455.61,0.9991781277607206
8455.619999999999,0.9991765320922004
8455.630000000001,0.9991747729775464
8455.64,0.9991728332825309
8455.65,0.9991706931020213
8455.66,0.9991683293162233
8455.67,0.9991657149798255
8455.68,0.9991628185188273
8455.69,0.9991596028881682
8455.699999999999,0.9991560243847899
8455.710000000001,0.9991520312240342
8455.72,0.9991475617028183
8455.73,0.9991425418726052
8455.74,0.9991368826340306
8455.75,0.9991304757450367
8455.76,0.9991231889439149
8455.77,0.9991148591603698
8455.78,0.999105283661246
8455.79,0.999094206612243
8455.8,0.9990813070316739
8455.810000000001,0.9990661728181366
8455.82,0.9990482654244802
8455.83,0.9990268761672942
8455.84,0.9990010581240929
8455.85,0.998969523916201
8455.86,0.9989304869660237
8455.87,0.9988804882039923
8455.88,0.9988158996388117
8455.890000000001,0.9987345168372378
8455.9,0.9986312185192062
8455.910000000002,0.9984825068260625
8455.92,0.998284281848036
8455.93,0.9980414038870227
8455.94,0.9977898765207253
8455.949999999999,0.9975354028978821
8455.960000000001,0.9972655326505474
8455.97,0.9971015004729447
8455.98,0.9970500800659831
8455.99,0.9971335265381764
8456.0,0.9973104352206843
8456.01,0.9975824304520693
8456.02,0.9978338764340849
8456.029999999999,0.9980888929654628
8456.04,0.998326233890099
8456.05,0.9985208225592245
8456.060000000001,0.9986656110651126
8456.07,0.9987660182519756
8456.08,0.9988453674394603
8456.09,0.9988965345945261
8456.1,0.9989451847284722
8456.11,0.9989831615973666
8456.12,0.9990138019897545
8456.13,0.9990388450159218
8456.140000000001,0.9990595460883093
8456.15,0.9990768300083579
8456.16,0.9990913898600157
8456.17,0.9991037529090891
8456.18,0.9991143225332298
8456.19,0.9991234142778672
8456.2,0.9991312791990948
8456.210000000001,0.9991381165781431
8456.220000000001,0.9991440868564575
8456.23,0.9991493202967162
8456.24,0.9991539235885197
8456.25,0.9991579846547355
8456.26,0.9991615765397596
8456.27,0.999164760263662
8456.279999999999,0.9991675871427971
8456.29,0.9991701005287129
8456.3,0.9991723372861527
8456.31,0.9991743288568902
8456.32,0.9991761022252633
8456.33,0.999177680640573
8456.34,0.9991790841765752
8456.35,0.9991803302732039
8456.36,0.9991814341280547
8456.37,0.9991824089613148
8456.38,0.9991832664337036
8456.390000000001,0.9991840167342237
8456.4,0.9991846688458935
8456.41,0.9991852307034916
8456.42,0.9991857093146488
8456.43,0.9991861108996163
8456.44,0.9991864409721559
8456.45,0.9991867044180462
8456.46,0.9991869055898214
8456.470000000001,0.9991870483661838
8456.48,0.9991871361800425
8456.490000000002,0.9991871720995942
8456.5,0.9991871588610992
8456.51,0.9991870988534207
8456.52,0.9991869942324878
8456.53,0.999186846884417
8456.54,0.999186658492896
8456.55,0.9991864305072559
8456.56,0.9991861641909006
8456.57,0.9991858606507151
8456.58,0.9991855208340312
8456.59,0.9991851455131009
8456.6,0.999184735339348
8456.609999999999,0.9991842908196334
8456.62,0.9991838123747239
8456.63,0.9991833002449063
8456.640000000001,0.9991827546119214
8456.65,0.9991821755371882
8456.66,0.9991815629488928
8456.67,0.9991809166880199
8456.68,0.9991802365286149
8456.69,0.9991795220791235
8456.7,0.9991787728989656
8456.71,0.9991779884308502
8456.720000000001,0.9991771680105783
8456.73,0.9991763108800258
8456.74,0.9991754161717395
8456.75,0.9991744829063088
8456.76,0.9991735099959157
8456.77,0.9991724962503626
8456.78,0.9991714403344532
8456.79,0.999170340803216
8456.800000000001,0.9991691960645794
8456.81,0.9991680044218485
8456.820000000002,0.9991667639642554
8456.83,0.999165472695296
8456.84,0.9991641284089555
8456.85,0.9991627287021159
8456.859999999999,0.9991612710368856
8456.87,0.9991597526129131
8456.88,0.9991581704379408
8456.89,0.9991565212781176
8456.9,0.9991548016103645
8456.91,0.9991530076652725
8456.92,0.9991511353507383
8456.93,0.9991491802259297
8456.94,0.9991471375265788
8456.95,0.9991450020533245
8456.96,0.9991427681977033
8456.970000000001,0.9991404298584979
8456.98,0.9991379804324048
8456.99,0.9991354127266321
8457.0,0.9991327189328686
8457.01,0.9991298905202928
8457.02,0.9991269182129555
8457.03,0.9991237918607511
8457.039999999999,0.999120500381415
8457.050000000001,0.9991170316378805
8457.06,0.9991133722990578
8457.070000000002,0.9991095077284057
8457.08,0.9991054218110331
8457.09,0.9991010968196875
8457.1,0.9990965131215399
8457.11,0.9990916490093924
8457.12,0.999086480408913
8457.130000000001,0.9990809805602456
8457.14,0.9990751196552908
8457.150000000001,0.9990688644156559
8457.16,0.9990621775533598
8457.17,0.9990550172757751
8457.18,0.9990473364932216
8457.189999999999,0.9990390820750205
8457.2,0.9990301938471258
8457.21,0.9990206034909731
8457.220000000001,0.9990102330947992
8457.23,0.9989989935569318
8457.24,0.9989867825483603
8457.25,0.998973482083908
8457.26,0.9989589555579975
8457.27,0.9989430440070862
8457.28,0.9989255616427088
8457.289999999999,0.9989062900849527
8457.300000000001,0.9988849712512436
8457.31,0.99886129823914
8457.32,0.9988349037430575
8457.33,0.9988053450085932
8457.34,0.9987720842332384
8457.35,0.9987344626849217
8457.36,0.9986916660045734
8457.37,0.9986426774095494
8457.380000000001,0.998586213038331
8457.39,0.9985206930286924
8457.400000000001,0.9984430932196493
8457.41,0.9983519604074272
8457.42,0.9982434839718178
8457.43,0.9981119959815575
8457.44,0.9979496267701959
8457.45,0.9977450944066346
8457.460000000001,0.9974814322854717
8457.47,0.9971310514893347
8457.48,0.9965816507071602
8457.49,0.9957766600480332
8457.5,0.9944541318959627
8457.51,0.9921817425981498
8457.52,0.9882362265209452
8457.53,0.9816905022250112
8457.539999999999,0.9715801622093451
8457.550000000001,0.9575509792825874
8457.56,0.9409466564808933
8457.57,0.9238619571112286
8457.58,0.9099836773118363
8457.59,0.9025408653275909
8457.6,0.9030392196421285
8457.61,0.9113580961849053
8457.619999999999,0.9258217966904949
8457.630000000001,0.9430242549896025
8457.64,0.9593904877645265
8457.650000000001,0.9729842235062025
8457.66,0.9826491382515482
8457.67,0.9888244572590364
8457.68,0.9925226566156116
8457.69,0.9946468875432201
8457.7,0.9958894793409325
8457.710000000001,0.9966495960285378
8457.72,0.9971731737237194
8457.730000000001,0.9975106229661127
8457.74,0.9977655203603024
8457.75,0.9979637500900209
8457.76,0.9981214127472395
8457.77,0.9982492900261942
8457.78,0.9983549360506758
8457.789999999999,0.9984438078543983
8457.800000000001,0.9985193421638328
8457.81,0.9985832055347672
8457.82,0.998638214059707
8457.83,0.9986859185868565
8457.84,0.9987275666780967
8457.85,0.9987641478333036
8457.86,0.9987964555157712
8457.869999999999,0.9988251323124503
8457.880000000001,0.998850703400287
8457.89,0.9988736015458269
8457.9,0.9988941861040245
8457.91,0.9988775519649049
8457.92,0.99889388773425
8457.93,0.9989086682915312
8457.94,0.9989220756736524
8457.95,0.9989342656171218
8457.960000000001,0.9989453720633666
8457.97,0.9989555106928878
8457.980000000001,0.9989647818238165
8457.99,0.9989732728341152
8458.0,0.9989810600986333
8458.01,0.9989882105949313
8458.02,0.9989947832691227
8458.03,0.9990008301636863
8458.04,0.9990063973551597
8458.05,0.9990115257197679
8458.060000000001,0.9990162517021266
8458.07,0.9990206077558529
8458.080000000002,0.9990246229285121
8458.09,0.9990283232507154
8458.1,0.9990317321088954
8458.11,0.9990348705133151
8458.119999999999,0.9990377574156528
8458.130000000001,0.9990404099344986
8458.14,0.999042843505847
8458.15,0.9990450721338662
8458.16,0.999047108486239
8458.17,0.9990489640581695
8458.18,0.9990506492834464
8458.19,0.9990521736349898
8458.199999999999,0.9990535457323174
8458.210000000001,0.999054773390628
8458.22,0.9990558637313157
8458.230000000001,0.9990568232189371
8458.24,0.9990576577061457
8458.25,0.9990583725435042
8458.26,0.9990589725288905
8458.27,0.9990594620623522
8458.28,0.9990598450622802
8458.29,0.9990601250939742
8458.3,0.9990603053320442
8458.310000000001,0.9990603886161403
8458.32,0.999060377482663
8458.33,0.9990602741600799
8458.34,0.999060080570812
8458.35,0.9990597984046469
8458.36,0.9990594290850597
8458.37,0.9990589737857668
8458.380000000001,0.999058433440801
8458.390000000001,0.9990578088057199
8458.4,0.9990571003456049
8458.41,0.99905630838769
8458.42,0.999055432983716
8458.43,0.999054474049229
8458.44,0.9990534312497682
8458.449999999999,0.9990523040663767
8458.460000000001,0.9990510917960431
8458.47,0.9990497935119963
8458.48,0.9990484081050868
8458.49,0.9990469342390662
8458.5,0.9990453703868042
8458.51,0.9990437148144159
8458.52,0.9990419655547134
8458.53,0.9990401203953583
8458.54,0.9990381769564578
8458.55,0.9990361325378845
8458.560000000001,0.9990339842192041
8458.57,0.9990317288312571
8458.58,0.9990293629051198
8458.59,0.999026882649946
8458.6,0.9990242840191044
8458.61,0.9990221943233445
8458.62,0.9990193405641489
8458.63,0.9990163541925496
8458.640000000001,0.9990132296805968
8458.65,0.9990099610644595
8458.660000000002,0.9990065419535522
8458.67,0.9990029654467018
8458.68,0.9989992241150722
8458.69,0.9989953099676595
8458.7,0.9989912144058523
8458.710000000001,0.9989869281629267
8458.72,0.9989824412554633
8458.73,0.9989777429305272
8458.74,0.9989728215804805
8458.75,0.9989676647079281
8458.76,0.9989622587519186
8458.77,0.9989565891326379
8458.779999999999,0.9989506400311353
8458.79,0.9989443943253673
8458.8,0.9989378334645119
8458.810000000001,0.9989309373258012
8458.82,0.9989236840626236
8458.83,0.998916049853224
8458.84,0.9989080088452345
8458.85,0.9988995327959237
8458.86,0.9988905908826556
8458.87,0.9988811494010866
8458.88,0.9988711714364856
8458.890000000001,0.9988606165258398
8458.9,0.9988494401608569
8458.91,0.9988375934188488
8458.92,0.9988250223010873
8458.93,0.9988116671815463
8458.94,0.9987974620550234
8458.95,0.9987823336883866
8458.960000000001,0.998766200686813
8458.970000000001,0.9987489723399325
8458.98,0.998730547344453
8458.990000000002,0.9987108122477759
8459.0,0.9986896396882133
8459.01,0.9986668862533707
8459.02,0.9986423900113695
8459.029999999999,0.9986159675463097
8459.04,0.9985874104297496
8459.05,0.998556480978639
8459.06,0.9985229071812075
8459.07,0.9984863765159212
8459.08,0.9984465284519385
8459.09,0.9984029452684142
8459.1,0.9983551406991238
8459.11,0.9983141640997564
8459.12,0.9982559523879422
8459.13,0.9981914926118503
8459.140000000001,0.9981198429353364
8459.15,0.9980398727924191
8459.16,0.9979502250774205
8459.17,0.9978492422707638
8459.18,0.997734894172026
8459.19,0.9976046677663744
8459.2,0.9974554205200982
8459.21,0.9972831780382447
8459.220000000001,0.9970812640716924
8459.23,0.996843967319486
8459.24,0.9965646969056888
8459.25,0.9962319410454408
8459.26,0.9958262660923352
8459.27,0.9953219509216941
8459.28,0.9946816262023283
8459.29,0.9938470958859813
8459.300000000001,0.9926425029468072
8459.31,0.99086673715118
8459.32,0.988058788737534
8459.33,0.9832907645286821
8459.34,0.9748318005626934
8459.35,0.9602493309912554
8459.359999999999,0.9368429411587221
8459.37,0.90325129157856
8459.38,0.8613524665536384
8459.390000000001,0.8169702810355015
8459.4,0.7769650324765038
8459.41,0.7481904290381798
8459.42,0.7346137557363902
8459.43,0.7376539638221178
8459.44,0.7569332252145177
8459.45,0.7903954824200674
8459.46,0.8328453519225606
8459.470000000001,0.8769725825061326
8459.48,0.9164970010939741
8459.49,0.9464265385541015
8459.5,0.9663765225011096
8459.51,0.9784378981238753
8459.52,0.9853222559329331
8459.53,0.9892414272701935
8459.54,0.9915743333679063
8459.550000000001,0.9931599218400277
8459.56,0.9941667985107945
8459.570000000002,0.9949220418678008
8459.58,0.9955074007944557
8459.59,0.9959719691444411
8459.6,0.9963482142581177
8459.61,0.9966588672517211
8459.62,0.9969204030332288
8459.63,0.9971444960989838
8459.64,0.9973336952203251
8459.65,0.9974964940070598
8459.66,0.9976378412120084
8459.67,0.9977613837668258
8459.68,0.9978700174220141
8459.69,0.9979660665957691
8459.7,0.9980514156406465
8459.71,0.998127605884721
8459.720000000001,0.9981959104725278
8459.73,0.9982573817333343
8459.74,0.9983129057177864
8459.75,0.9983632268536237
8459.76,0.9984089758959144
8459.77,0.9984506902032012
8459.78,0.9984888299865861
8459.789999999999,0.9985237912574187
8459.800000000001,0.9985559163886532
8459.81,0.9985855025993592
8459.82,0.998612808976722
8459.83,0.998638062241909
8459.84,0.9986614614370567
8459.85,0.9986831819660356
8459.86,0.9987033788873847
8459.87,0.998722189648296
8459.880000000001,0.9987397365127842
8459.89,0.9987561284474471
8459.900000000001,0.9987714629248752
8459.91,0.9987858272595908
8459.92,0.9987992999147262
8459.93,0.998811951546923
8459.939999999999,0.9988238458992934
8459.95,0.9988350406488368
8459.96,0.9988455880258172
8459.97,0.99885553547642
8459.98,0.9988649261384777
8459.99,0.9988737993266853
8460.0,0.9988821909411278
8460.01,0.9988901337614551
8460.02,0.9988976578472889
8460.03,0.9989047907550371
8460.039999999999,0.9989115577951423
8460.050000000001,0.9989179822233094
8460.06,0.9989240855082058
8460.07,0.9989298873979208
8460.08,0.998935406157547
8460.09,0.9989406586660361
8460.1,0.9989456605657738
8460.11,0.9989504263083219
8460.12,0.9989549693599545
8460.130000000001,0.9989593021850426
8460.14,0.9989634363815985
8460.150000000001,0.998967382750958
8460.16,0.9989711513497193
8460.17,0.9989747515519187
8460.18,0.998978192116544
8460.19,0.9989814812219145
8460.2,0.9989846264923625
8460.210000000001,0.9989876350832787
8460.22,0.9989905136962246
8460.230000000001,0.9989932686060684
8460.24,0.9989959056809307
8460.25,0.9989984304508935
8460.26,0.9990008480779772
8460.27,0.999003163443532
8460.28,0.9990053811134315
8460.289999999999,0.9990075054018625
8460.300000000001,0.9990095403227102
8460.31,0.9990114897131949
8460.32,0.9990133571556806
8460.33,0.9990151460194399
8460.34,0.9990168594809357
8460.35,0.9990185005613509
8460.36,0.9990200720588739
8460.369999999999,0.9990215766512449
8460.380000000001,0.9990230168574791
8460.39,0.9990243950404664
8460.4,0.9990257134253088
8460.41,0.9990269741056969
8460.42,0.9990281790792797
8460.43,0.9990293301996742
8460.44,0.9990304292221766
8460.45,0.9990314777981533
8460.460000000001,0.9990324774735276
8460.47,0.9990334296817828
8460.480000000001,0.9990343358064949
8460.49,0.9990351970991251
8460.5,0.9990360147496807
8460.51,0.9990367898588058
8460.52,0.9990375234392617
8460.53,0.9990382164437841
8460.54,0.9990388697152022
8460.55,0.9990394840697255
8460.56,0.9990400602059355
8460.57,0.9990405987499018
8460.58,0.9990411002866919
8460.59,0.999041565297379
8460.6,0.9990419942046082
8460.61,0.9990423873499433
8460.619999999999,0.9990427450004251
8460.630000000001,0.999043067357099
8460.64,0.9990433545110746
8460.65,0.9990436064942299
8460.66,0.9990438232579761
8460.67,0.9990440046512559
8460.68,0.9990441504334305
8460.69,0.9990442602800188
8460.699999999999,0.9990443337223057
8460.710000000001,0.999044370236811
8460.72,0.9990443691254202
8460.730000000001,0.9990443295936321
8460.74,0.9990442507212455
8460.75,0.9990441313886518
8460.76,0.9990439703685923
8460.77,0.9990437662251765
8460.78,0.9990435173278566
8460.79,0.999043221834642
8460.8,0.9990428776687263
8460.810000000001,0.9990424824967614
8460.82,0.9990420336433083
8460.83,0.9990415281703381
8460.84,0.9990409627304714
8460.85,0.9990403335836814
8460.86,0.9990396364859697
8460.869999999999,0.9990388666997787
8460.880000000001,0.9990380188763321
8460.89,0.9990370869544974
8460.9,0.9990360641193329
8460.91,0.9990349426431444
8460.92,0.9990337137404504
8460.93,0.9990323674459066
8460.94,0.9990659599188274
8460.949999999999,0.9990638839710048
8460.960000000001,0.9990616602124031
8460.97,0.9990592712271469
8460.98,0.9990566969406673
8460.99,0.999053914101063
8461.0,0.9990508956923027
8461.01,0.9990476101192517
8461.02,0.9990440202763966
8461.03,0.9990400823446284
8461.04,0.9990357442692465
8461.05,0.9990309437964082
8461.060000000001,0.9990256059766682
8461.07,0.9990196399495287
8461.08,0.9990129345851209
8461.09,0.9990053528615678
8461.1,0.9989967242019135
8461.11,0.9989868339500182
8461.12,0.9989754090093911
8461.13,0.9989620864140644
8461.140000000001,0.9989464215480531
8461.15,0.9989278082369076
8461.160000000002,0.9989054105541035
8461.17,0.9988780769104807
8461.18,0.9988441837612646
8461.19,0.9988013782410394
8461.199999999999,0.9987461299700056
8461.210000000001,0.9986679745215926
8461.22,0.9985599282719259
8461.23,0.9984128034401426
8461.24,0.9981911919511565
8461.25,0.9978540942649492
8461.26,0.9973754391941466
8461.27,0.9967258546185862
8461.279999999999,0.9959577711206863
8461.29,0.9951193820017971
8461.3,0.9942822660895505
8461.310000000001,0.9937192162355164
8461.32,0.9934812209753596
8461.33,0.9937185099252959
8461.34,0.9942808465020635
8461.35,0.995117235899695
8461.36,0.9959548879169777
8461.37,0.9967222243592712
8461.38,0.997371053322728
8461.390000000001,0.9978489501567156
8461.4,0.9981852893018862
8461.41,0.9984061451619317
8461.42,0.9985525160153589
8461.43,0.9986598085912537
8461.44,0.9987372115208789
8461.45,0.9987917082828776
8461.460000000001,0.9988337628714876
8461.470000000001,0.9988669055275488
8461.48,0.998893489025276
8461.49,0.9989151368220294
8461.5,0.9989330004756349
8461.51,0.9989479158161428
8461.52,0.998960489040658
8461.529999999999,0.9989711647043766
8461.54,0.9989803057322637
8461.55,0.9989881852347118
8461.56,0.9989950178252157
8461.57,0.9990009740749484
8461.58,0.9990061909908675
8461.59,0.9990107796867368
8461.6,0.9990148310255815
8461.61,0.9990184199290968
8461.62,0.9990216086482568
8461.63,0.9990244492380287
8461.640000000001,0.99902698549796
8461.65,0.9990292545395694
8461.66,0.999031287943865
8461.67,0.9990331127287694
8461.68,0.9990347521285442
8461.69,0.9990362262230368
8461.7,0.9990375524125524
8461.71,0.9990387458616412
8461.720000000001,0.9990398198259759
8461.73,0.9990407859527072
8461.740000000002,0.9990416544427824
8461.75,0.9990424343757287
8461.76,0.9990431337458123
8461.77,0.999043759668253
8461.78,0.9990443184969628
8461.79,0.9990448158906331
8461.8,0.9990452569002642
8461.81,0.9990456461218856
8461.82,0.9990459876098828
8461.83,0.999046285094672
8461.84,0.9990465418958809
8461.85,0.9990467610417838
8461.859999999999,0.9990469452753954
8461.87,0.9990470970857841
8461.88,0.9990472187570366
8461.890000000001,0.9990473123420807
8461.9,0.9990473797420941
8461.91,0.999047422707743
8461.92,0.9990474427925009
8461.93,0.999047441470467
8461.94,0.999047420074413
8461.95,0.9990473798491746
8461.96,0.9990473219255522
8461.970000000001,0.9990472473424997
8461.98,0.9990471570856694
8461.99,0.9990470520485062
8462.0,0.9990469330495415
8462.01,0.9990468008659026
8462.02,0.9990466562286132
8462.03,0.9990464997804692
8462.04,0.9990463321514852
8462.050000000001,0.9990461539318567
8462.06,0.999045965615369
8462.070000000002,0.9990457677501765
8462.08,0.9990455607776586
8462.09,0.9990453451443086
8462.1,0.999045121260965
8462.109999999999,0.9990448895113296
8462.12,0.9990446502527756
8462.13,0.9990444038203697
8462.14,0.9990441505311244
8462.15,0.9990438906823181
8462.16,0.9990436245558503
8462.17,0.9990433524075826
8462.18,0.9990430745046043
8462.19,0.999042791054469
8462.2,0.9990425023009221
8462.21,0.9990422084349767
8462.220000000001,0.9990419096546801
8462.23,0.9990416061401525
8462.24,0.9990412980787529
8462.25,0.9990409856343012
8462.26,0.9990406689551334
8462.27,0.9990403481893136
8462.28,0.9990400234750443
8462.289999999999,0.9990396949606307
8462.300000000001,0.9990393627550672
8462.31,0.9990390269986735
8462.320000000002,0.9990386877753781
8462.33,0.9990383452074794
8462.34,0.9990379993948215
8462.35,0.9990376504442819
8462.36,0.9990372984393773
8462.37,0.9990369434687807
8462.380000000001,0.9990365856011467
8462.39,0.9990362249467851
8462.400000000001,0.999035861557077
8462.41,0.9990354955202418
8462.42,0.9990351268888384
8462.43,0.9990347557421079
8462.439999999999,0.9990343821387052
8462.45,0.9990340061310682
8462.46,0.9990336277811921
8462.470000000001,0.9990332471455747
8462.48,0.9990328642690695
8462.49,0.9990324792035276
8462.5,0.9990320920038135
8462.51,0.9990317026998158
8462.52,0.9990313113533306
8462.53,0.9990309179933876
8462.539999999999,0.9990305226563978
8462.550000000001,0.999030125391352
8462.56,0.9990297262219555
8462.57,0.9990293251906678
8462.58,0.9990289223307194
8462.59,0.9990285176687214
8462.6,0.9990281112310355
8462.61,0.9990277030651329
8462.62,0.9990272931778532
8462.630000000001,0.999026881597442
8462.64,0.9990264683640241
8462.650000000001,0.9990260534902687
8462.66,0.9990256370000168
8462.67,0.9990252189070561
8462.68,0.9990247992653938
8462.69,0.999024378059447
8462.7,0.9990239553222906
8462.710000000001,0.9990235310822694
8462.72,0.9990231053369957
8462.73,0.9990226781135176
8462.74,0.9990222494262359
8462.75,0.9990218192994863
8462.76,0.9990213877420462
8462.77,0.9990209547679523
8462.78,0.9990205203915514
8462.789999999999,0.9990200846184675
8462.800000000001,0.9990196474677017
8462.81,0.999019208953074
8462.82,0.9990187690930251
8462.83,0.999018327880598
8462.84,0.9990178853253133
8462.85,0.9990174414634524
8462.86,0.9990169962803372
8462.869999999999,0.9990165497967977
8462.880000000001,0.9990161020150589
8462.89,0.999015652944977
8462.900000000001,0.9990152026015557
8462.91,0.9990147509730238
8462.92,0.9990142980930795
8462.93,0.9990138439504815
8462.94,0.9990133885447088
8462.95,0.9990129319088306
8462.960000000001,0.9990124740215554
8462.97,0.9990120149079056
8462.980000000001,0.999011554557266
8462.99,0.9990110929887448
8463.0,0.9990106301979287
8463.01,0.9990101661915975
8463.02,0.9990097009703183
8463.03,0.9990092345468554
8463.039999999999,0.999008766903476
8463.050000000001,0.999008298073232
8463.06,0.9990078280383382
8463.07,0.9990073568132749
8463.08,0.9990068844005013
8463.09,0.999006410789099
8463.1,0.999005935989811
8463.11,0.9990054600116831
8463.119999999999,0.999004982841293
8463.130000000001,0.9990045044956102
8463.14,0.999004024965236
8463.15,0.999003544254231
8463.16,0.9990030623643694
8463.17,0.9990025792950487
8463.18,0.999002095059114
8463.19,0.9990016096343635
8463.2,0.9990011230470989
8463.210000000001,0.9990006352651837
8463.22,0.9990001463188113
8463.230000000001,0.9989996561993821
8463.24,0.9989991649002239
8463.25,0.9989986724342866
8463.26,0.998998178784038
8463.27,0.9989976839599957
8463.28,0.9989971879555599
8463.29,0.9989966907739782
8463.3,0.9989961924114537
8463.310000000001,0.9989956928761593
8463.32,0.9989951921533962
8463.330000000002,0.998994690251286
8463.34,0.998994187166668
8463.35,0.9989936828921354
8463.36,0.998993177435923
8463.369999999999,0.9989926707877629
8463.380000000001,0.9989921629409608
8463.39,0.9989916539191425
8463.4,0.9989911436837831
8463.41,0.9989916471392897
8463.42,0.9989911248626238
8463.43,0.998990601526783
8463.44,0.9989900771106733
8463.449999999999,0.9989895516354912
8463.460000000001,0.99898902507045
8463.47,0.998988497432316
8463.480000000001,0.9989879686967615
8463.49,0.998987438866708
8463.5,0.9989869079381305
8463.51,0.9989863759070103
8463.52,0.9989858427547461
8463.53,0.9989853084993695
8463.54,0.9989847731203669
8463.55,0.9989842366129036
8463.560000000001,0.9989836989617749
8463.57,0.9989831601970326
8463.58,0.9989826202762957
8463.59,0.9989820792111221
8463.6,0.9989815369975101
8463.61,0.9989809936126501
8463.62,0.9989804490612747
8463.630000000001,0.9989799033503692
8463.640000000001,0.9989793564599366
8463.65,0.9989788083792297
8463.66,0.9989782591238496
8463.67,0.9989777086657414
8463.68,0.9989771570146168
8463.69,0.9989766041525517
8463.699999999999,0.9989760500766246
8463.710000000001,0.998975494786707
8463.72,0.9989749382778789
8463.73,0.9989743805332507
8463.74,0.9989738215548767
8463.75,0.9989732613334301
8463.76,0.9989726998599413
8463.77,0.9989721371404704
8463.78,0.9989715731591395
8463.79,0.9989710079053354
8463.8,0.9989704413893051
8463.810000000001,0.9989698735779992
8463.82,0.9989693044771618
8463.83,0.9989687340970962
8463.84,0.9989681624143759
8463.85,0.99896758942565
8463.86,0.9989670151279123
8463.87,0.9989664394992047
8463.88,0.9989658625517307
8463.890000000001,0.9989652842724308
8463.9,0.9989647046482756
8463.91,0.9989641236749759
8463.92,0.9989635413603919
8463.93,0.9989629576729909
8463.94,0.9989623726299423
8463.95,0.9989617862035486
8463.960000000001,0.9989611983879778
8463.97,0.9989606091955097
8463.98,0.9989600186049428
8463.99,0.9989594266078771
8464.0,0.9989588331915656
8464.01,0.9989582383639659
8464.02,0.9989576421128056
8464.029999999999,0.9989570444268767
8464.04,0.9989564452996298
8464.05,0.9989558447242429
8464.060000000001,0.9989552426837999
8464.07,0.9989546391882401
8464.08,0.9989473892882277
8464.09,0.9989467792384161
8464.1,0.9989461676869088
8464.11,0.9989455546405698
8464.12,0.9989449400856253
8464.13,0.9989443240247884
8464.140000000001,0.9989437064347171
8464.15,0.9989430873151094
8464.16,0.9989424666504847
8464.17,0.9989418444389757
8464.18,0.9989412206818836
8464.19,0.9989405953508629
8464.2,0.9989399684424103
8464.210000000001,0.9989393399543084
8464.220000000001,0.9989387098823748
8464.23,0.9989380782049836
8464.240000000002,0.99893744492189
8464.25,0.9989368100236308
8464.26,0.998936173489189
8464.27,0.9989355353225026
8464.279999999999,0.9989348955133014
8464.29,0.9989342540597305
8464.3,0.9989336109323499
8464.31,0.9989329661357162
8464.32,0.9989323196590533
8464.33,0.9989316714988674
8464.34,0.9989310216306627
8464.35,0.9989303700459121
8464.36,0.9989297167524668
8464.37,0.9989290617228851
8464.38,0.9989284049571074
8464.390000000001,0.9989277464410555
8464.4,0.9989270861703177
8464.41,0.9989264241247672
8464.42,0.9989257603070437
8464.43,0.9989250946956086
8464.44,0.9989244272855519
8464.45,0.998923758070012
8464.46,0.9989230870289623
8464.470000000001,0.9989224141651619
8464.48,0.998921739449506
8464.49,0.9989210628902506
8464.5,0.9989203844695923
8464.51,0.9989197041607216
8464.52,0.9989190219855043
8464.53,0.9989183379092876
8464.54,0.9989176519248189
8464.550000000001,0.9989169640182853
8464.56,0.9989162741852857
8464.570000000002,0.9989155824078733
8464.58,0.9989148886899937
8464.59,0.9989141930013178
8464.6,0.9989134953409623
8464.609999999999,0.9989127956821686
8464.62,0.9989120940420465
8464.63,0.9989113903818911
8464.64,0.9989106847087277
8464.65,0.9989099769874586
8464.66,0.9989092672150091
8464.67,0.9989085553982134
8464.68,0.9989078415054494
8464.69,0.9989071255248592
8464.7,0.9989064074516746
8464.71,0.9989056872723129
8464.720000000001,0.9989049649550787
8464.73,0.9989042405240252
8464.74,0.9989035139257588
8464.75,0.9989027851677814
8464.76,0.9989020542514463
8464.77,0.9989013211327923
8464.78,0.9989005858171917
8464.79,0.9988998482804873
8464.800000000001,0.9988991085275011
8464.81,0.9988983665134687
8464.820000000002,0.9988976222618696
8464.83,0.998896875724024
8464.84,0.9988961269176249
8464.85,0.9988953758015383
8464.86,0.9988946223633651
8464.87,0.9988938666070211
8464.880000000001,0.9988931085105225
8464.89,0.9988923480561844
8464.9,0.9988915852290557
8464.91,0.9988908200025483
8464.92,0.998890052378666
8464.93,0.9988892823365202
8464.94,0.9988885098664778
8464.95,0.9988877349441507
8464.96,0.9988869575657795
8464.970000000001,0.9988861776951757
8464.98,0.9988853953334255
8464.99,0.9988846104552475
8465.0,0.9988838230507349
8465.01,0.9988830331049958
8465.02,0.9988822405872515
8465.03,0.9988814454958753
8465.039999999999,0.9988806478250403
8465.050000000001,0.9988798475221027
8465.06,0.9988790445992753
8465.07,0.9988782390212306
8465.08,0.9988774307918917
8465.09,0.9988756918853722
8465.1,0.9988748629797358
8465.11,0.9988740309686277
8465.12,0.9988731958411088
8465.130000000001,0.9988723575483055
8465.14,0.9988715160569035
8465.150000000001,0.9988706713387738
8465.16,0.9988698233695249
8465.17,0.9988689720997411
8465.18,0.9988681175099771
8465.19,0.9988672595298067
8465.2,0.9988663981805164
8465.21,0.998865533362716
8465.22,0.9988646650696805
8465.23,0.998863793257171
8465.24,0.9988629178895072
8465.25,0.9988620388979055
8465.26,0.9988611562641468
8465.27,0.9988602699407575
8465.28,0.998859379869262
8465.289999999999,0.9988584860037856
8465.300000000001,0.99885758830706
8465.31,0.9988566867111781
8465.32,0.998855781171785
8465.33,0.9988548716381835
8465.34,0.9988539580386709
8465.35,0.9988530403306438
8465.36,0.9988521184360115
8465.37,0.9988511923122976
8465.380000000001,0.9988502618794429
8465.39,0.9988493270739445
8465.400000000001,0.9988483878321193
8465.41,0.99884744406543
8465.42,0.9988464956929861
8465.43,0.9988455426606214
8465.44,0.9988445848637688
8465.45,0.9988436222312113
8465.460000000001,0.9988426546425941
8465.47,0.9988416820252637
8465.480000000001,0.9988407042871821
8465.49,0.9988397213062746
8465.5,0.9988387329870968
8465.51,0.9988377391942439
8465.52,0.998836739830976
8465.53,0.9988357347539024
8465.539999999999,0.9988347238264659
8465.550000000001,0.9988337069168314
8465.56,0.9988326838760349
8465.57,0.9988316545356647
8465.58,0.9988306187403163
8465.59,0.9988295763058683
8465.6,0.9988285270461797
8465.61,0.9988274707516321
8465.619999999999,0.9988264072225095
8465.630000000001,0.9988253362331501
8465.64,0.9988242575353202
8465.65,0.9988231708757892
8465.66,0.9988220759728491
8465.67,0.9988209725361485
8465.68,0.9988198602426516
8465.69,0.9988187387569006
8465.7,0.9988176077040954
8465.710000000001,0.9988164667102538
8465.72,0.9988153153350424
8465.730000000001,0.9988141531193021
8465.74,0.9988129795750851
8465.75,0.9988117941441059
8465.76,0.998810596243637
8465.77,0.9988093852482178
8465.78,0.9988081604716844
8465.79,0.9988069211080975
8465.8,0.9988056663681442
8465.81,0.9988043953201634
8465.82,0.9988031069667808
8465.83,0.9988018001842305
8465.84,0.9988004737769427
8465.85,0.9987991263725076
8465.86,0.9987977564846323
8465.869999999999,0.9987963624389041
8465.880000000001,0.9987949423886914
8465.89,0.9987934942281314
8465.9,0.9987920156432244
8465.91,0.9987905040123771
8465.92,0.9987889563618468
8465.93,0.9987873693616316
8465.94,0.9987857392087879
8465.949999999999,0.9987840615598707
8465.960000000001,0.9987823314398051
8465.97,0.998780543176136
8465.980000000001,0.9987786901806047
8465.99,0.9987767648364753
8466.0,0.9987747582952882
8466.01,0.9987726601679143
8466.02,0.9987704582328799
8466.03,0.9987681380306409
8466.04,0.9987656823338725
8466.05,0.9987630705018353
8466.060000000001,0.9987602776179734
8466.07,0.9987572733095269
8466.08,0.9987540203199887
8466.09,0.9987504724947304
8466.1,0.998746571992019
8466.11,0.998742245621286
8466.119999999999,0.9987374008272997
8466.130000000001,0.9987318987869049
8466.14,0.9987256049562838
8466.15,0.9987182978714046
8466.16,0.9987096707804651
8466.17,0.9986992941676879
8466.18,0.9986865496606625
8466.19,0.9986705141935165
8466.199999999999,0.9986494418902528
8466.210000000001,0.9986180299824775
8466.22,0.9985745096598602
8466.23,0.9985091186951941
8466.24,0.9984051784601164
8466.25,0.9982424329035848
8466.26,0.99799686257619
8466.27,0.9976461980249386
8466.28,0.9972095230000276
8466.29,0.996715344058188
8466.3,0.9962335669256636
8466.310000000001,0.9959015972865767
8466.32,0.9957805693178875
8466.33,0.9959221654671891
8466.34,0.9962718572334551
8466.35,0.9967580967667087
8466.36,0.9972452174639711
8466.37,0.9976735371181974
8466.38,0.9980095962817719
8466.390000000001,0.9982430972673428
8466.4,0.9983962130493386
8466.410000000002,0.9984925529967885
8466.42,0.9985526968772684
8466.43,0.9985919858268569
8466.44,0.998619466407077
8466.449999999999,0.9986370890648597
8466.460000000001,0.9986489753091066
8466.47,0.9986587132421177
8466.48,0.9986661544762699
8466.49,0.998671894134459
8466.5,0.9986763467556452
8466.51,0.998679809171363
8466.52,0.9986824934825496
8466.529999999999,0.9986845318969776
8466.54,0.9986860594426155
8466.55,0.9986871659415862
8466.560000000001,0.998687922672992
8466.57,0.9986883859800738
8466.58,0.9986886008499216
8466.59,0.9986886036155987
8466.6,0.9986884238166517
8466.61,0.9986880857684245
8466.62,0.9986876095430116
8466.63,0.9986870118838169
8466.640000000001,0.9986863068082372
8466.65,0.9986855061511786
8466.66,0.9986846199424435
8466.67,0.9986836567252818
8466.68,0.9986826238030048
8466.69,0.9986815274621741
8466.7,0.9986803731143478
8466.710000000001,0.9986791654429131
8466.720000000001,0.9986779085133562
8466.73,0.9986766058536061
8466.74,0.998675260554385
8466.75,0.9986738752953271
8466.76,0.9986724524389721
8466.77,0.9986709940429398
8466.779999999999,0.9986695019000689
8466.79,0.9986679775803778
8466.8,0.998666422483994
8466.81,0.998664837789906
8466.82,0.9986632245525559
8466.83,0.9986615836738756
8466.84,0.9986599159279783
8466.85,0.9986582219720763
8466.86,0.9986565023724799
8466.87,0.9986547575802066
8466.88,0.9986529879767904
8466.890000000001,0.9986511938332271
8466.9,0.9986493753662423
8466.91,0.9986475327121936
8466.92,0.9986456659316447
8466.93,0.9986437750123619
8466.94,0.998641859890463
8466.95,0.9986399203969916
8466.96,0.9986379563211372
8466.970000000001,0.9986359673814673
8466.98,0.998633953216439
8466.990000000002,0.9986319133959822
8467.0,0.9986298474039541
8467.01,0.998627754623599
8467.02,0.9986256343933803
8467.03,0.9986234859045819
8467.04,0.9986213082725199
8467.05,0.9986191004846505
8467.06,0.9986168613911984
8467.07,0.9986145897125691
8467.08,0.9986122839955276
8467.09,0.9986099426204116
8467.1,0.9986075637220526
8467.109999999999,0.9986051452502973
8467.12,0.9986026848538727
8467.13,0.9986001798657252
8467.140000000001,0.998597627299388
8467.15,0.9985950237075132
8467.16,0.9985923652016212
8467.17,0.9985896472808792
8467.18,0.9985868648011275
8467.19,0.9985840118288659
8467.2,0.9985810814874532
8467.21,0.9985780657523233
8467.220000000001,0.998574955235841
8467.23,0.9985717389071427
8467.24,0.9985684036984054
8467.25,0.9985649340635733
8467.26,0.9985613113510553
8467.27,0.9985575130396386
8467.28,0.9985535117471902
8467.29,0.9985482220131849
8467.300000000001,0.9985436921775878
8467.31,0.9985388316656447
8467.320000000002,0.9985335745078726
8467.33,0.9985278352663812
8467.34,0.998494369555698
8467.35,0.9984865409898669
8467.359999999999,0.9984782879066216
8467.37,0.9984688353559751
8467.38,0.9984578096868896
8467.39,0.9984121247172115
8467.4,0.9983959077468817
8467.41,0.9983749578758284
8467.42,0.9983466379738253
8467.43,0.9983095354053586
8467.44,0.9982570811889546
8467.45,0.9981782517372352
8467.46,0.9980643702684551
8467.470000000001,0.997908770217133
8467.48,0.997706639621376
8467.49,0.9974876885483438
8467.5,0.997250658409497
8467.51,0.9970522815926279
8467.52,0.9969541031003454
8467.53,0.996956281151661
8467.539999999999,0.9970572657935772
8467.550000000001,0.9972572498249133
8467.56,0.9974869701333965
8467.570000000002,0.9976967485942173
8467.58,0.9978883144119073
8467.59,0.9980327320055065
8467.6,0.9981357402125427
8467.61,0.9982045451708054
8467.62,0.9982473462779871
8467.630000000001,0.9982768520257408
8467.64,0.9982973104620159
8467.650000000001,0.9983105111096162
8467.66,0.9983193076130317
8467.67,0.9983252904760916
8467.68,0.998329216061422
8467.689999999999,0.9983315983256329
8467.7,0.9983327971837893
8467.71,0.9983330710212184
8467.720000000001,0.9983326090475286
8467.73,0.9983315440828839
8467.74,0.9983299848298678
8467.75,0.9983280131499545
8467.76,0.9983256925278783
8467.77,0.9983230729769311
8467.78,0.9983201943463276
8467.789999999999,0.9983170886179022
8467.800000000001,0.9983126157716063
8467.81,0.9983090912109103
8467.82,0.9983054021516012
8467.83,0.998301562792412
8467.84,0.9982975848671506
8467.85,0.9982934781257347
8467.86,0.9982892506460352
8467.87,0.9982849091519156
8467.880000000001,0.9982804592262385
8467.89,0.9982759054903331
8467.900000000001,0.9982712517559598
8467.91,0.9982665011317067
8467.92,0.9982616561466613
8467.93,0.9982567187728217
8467.94,0.9982496864674921
8467.95,0.9982445242941689
8467.960000000001,0.9982392716890529
8467.97,0.9982339290559358
8467.98,0.9982284964344585
8467.99,0.9982229736106216
8468.0,0.9982173601054886
8468.01,0.9982116551786158
8468.02,0.9982058578112489
8468.03,0.9981999667320467
8468.039999999999,0.99819398043515
8468.050000000001,0.9981878971137673
8468.06,0.9981817147025259
8468.07,0.9981754308165561
8468.08,0.9981690427400821
8468.09,0.9981625473967003
8468.1,0.9981559412916019
8468.11,0.9981492204708147
8468.119999999999,0.9981423804374421
8468.130000000001,0.9981354160452532
8468.14,0.9981283214323132
8468.150000000001,0.9981210898488062
8468.16,0.9981137134706696
8468.17,0.998106183153155
8468.18,0.9980984881727545
8468.19,0.9980906157843805
8468.2,0.9980825507181246
8468.210000000001,0.9980742744815944
8468.22,0.9980657643680391
8468.230000000001,0.9980569921834996
8468.24,0.9980479221590263
8468.25,0.9980385072670865
8468.26,0.9980286919784884
8468.27,0.9980183964924988
8468.28,0.9980075126088475
8468.289999999999,0.9979958903553784
8468.300000000001,0.9979833159911435
8468.31,0.9979694745984975
8468.32,0.997953664942066
8468.33,0.9979347089193328
8468.34,0.9979118488671828
8468.35,0.9978826190371425
8468.36,0.9978426017659774
8468.369999999999,0.9977872348789166
8468.380000000001,0.9977129261898895
8468.39,0.997616650418685
8468.4,0.9975100999854545
8468.41,0.9973941321858084
8468.42,0.9972906051881051
8468.43,0.9972297399280691
8468.44,0.9972140383353675
8468.45,0.9972447917266638
8468.460000000001,0.9973200649142289
8468.47,0.9974139029939421
8468.480000000001,0.9975000013797847
8468.49,0.9975769782922886
8468.5,0.9976319948596057
8468.51,0.9976677044990732
8468.52,0.9976873836294898
8468.53,0.9976950410305917
8468.54,0.9976952741532069
8468.55,0.997691223308042
8468.560000000001,0.99768359966284
8468.57,0.9976734514690051
8468.58,0.9976615836389405
8468.59,0.9976482833723691
8468.6,0.997634738496854
8468.61,0.9976189836432741
8468.619999999999,0.9976020911500824
8468.630000000001,0.9975840503430493
8468.64,0.9975648071651002
8468.65,0.9975442715783
8468.66,0.9975223146758969
8468.67,0.9974987034116236
8468.68,0.9974732422327771
8468.69,0.9974456272632761
8468.699999999999,0.99741552361998
8468.710000000001,0.9973825848168607
8468.72,0.9973450637816423
8468.730000000001,0.9973013725942517
8468.74,0.9972498743970987
8468.75,0.9971833078260223
8468.76,0.9970991335442297
8468.77,0.996980016265109
8468.78,0.9967951817390295
8468.79,0.9965025946712737
8468.8,0.9960500050534459
8468.810000000001,0.9953818928454865
8468.82,0.9945002269141563
8468.83,0.9934703565427443
8468.84,0.9924425213086704
8468.85,0.9916796481987064
8468.86,0.9913627437695363
8468.87,0.9915966385248899
8468.880000000001,0.9922900635322673
8468.890000000001,0.9932711964799051
8468.9,0.9942723831638144
8468.91,0.9951292986709216
8468.92,0.9957754453460316
8468.93,0.9961972162162197
8468.94,0.9964482985539905
8468.949999999999,0.9965851139952138
8468.960000000001,0.9966522212510224
8468.97,0.9966798691932849
8468.98,0.9966861980553516
8468.99,0.9966766534916593
8469.0,0.9966577658496386
8469.01,0.9966325478884677
8469.02,0.9966021408292198
8469.03,0.9965672327932892
8469.04,0.996528232878558
8469.05,0.9964853625817365
8469.060000000001,0.9964387025704617
8469.07,0.996388149789562
8469.08,0.996334732335019
8469.09,0.9962760034457617
8469.1,0.9962128447618468
8469.11,0.9961449206290329
8469.12,0.996071819432914
8469.13,0.995993046014904
8469.140000000001,0.9959080106094909
8469.15,0.9958160140476565
8469.16,0.9957162283708467
8469.17,0.9956076719995669
8469.18,0.9954891779026306
8469.19,0.9953593528266681
8469.2,0.995216524671157
8469.210000000001,0.9950586744235531
8469.22,0.9948833467672562
8469.23,0.9946875321382013
8469.24,0.9944675086408405
8469.25,0.9942186278995894
8469.26,0.9939350203471634
8469.27,0.9936067032436332
8469.279999999999,0.9932259076788954
8469.29,0.9927837111548927
8469.3,0.992260413102015
8469.310000000001,0.9916292355912878
8469.32,0.9908529682009501
8469.33,0.9898778101774064
8469.34,0.988620599941828
8469.35,0.9868481397722361
8469.36,0.9842370043961506
8469.37,0.9801834624256393
8469.38,0.9734286703539249
8469.390000000001,0.9618203630306635
8469.4,0.9424492319780065
8469.41,0.9125568213040661
8469.42,0.871525799158924
8469.43,0.8228602805903767
8469.44,0.7738394660755324
8469.45,0.731560435408875
8469.460000000001,0.702166901542851
8469.470000000001,0.6886286115385267
8469.48,0.6918427142219181
8469.490000000002,0.7115364642500558
8469.5,0.7463351064813701
8469.51,0.7919917006587394
8469.52,0.8415523810285753
8469.529999999999,0.8880405276145796
8469.54,0.924905355986829
8469.55,0.9504159163529247
8469.56,0.9663514393581559
8469.57,0.9756774877305354
8469.58,0.9811177861874488
8469.59,0.9843712699327885
8469.6,0.9865954135651684
8469.61,0.9879921002647527
8469.62,0.9890050319729524
8469.63,0.9897955721096222
8469.640000000001,0.9904098942247288
8469.65,0.9908942326797645
8469.66,0.9912811134793814
8469.67,0.9915941649643822
8469.68,0.9918502869858637
8469.69,0.9920535175957345
8469.7,0.9922157344341048
8469.71,0.9923441742011144
8469.720000000001,0.9924440832332486
8469.73,0.9925196117464952
8469.74,0.9925740734549675
8469.75,0.9926101353107015
8469.76,0.9926299581182443
8469.77,0.9926353021254664
8469.78,0.9926276072689095
8469.79,0.9926099008097301
8469.800000000001,0.9925794208691214
8469.81,0.9925388508367113
8469.820000000002,0.9924888426746761
8469.83,0.9924299272473831
8469.84,0.9923620693328166
8469.85,0.9922865288467944
8469.859999999999,0.9922031151850089
8469.87,0.9921120275176756
8469.88,0.9920134069141169
8469.89,0.9919073425870529
8469.9,0.9917938770230188
8469.91,0.9916730100168231
8469.92,0.99154470194276
8469.93,0.9914088761587352
8469.94,0.9912654210523609
8469.95,0.9911141912801892
8469.96,0.9909550087652558
8469.970000000001,0.9907876556688575
8469.98,0.9906119032857628
8469.99,0.9904182690379909
8470.0,0.9902206254522101
8470.01,0.9900128941448402
8470.02,0.9897951293964712
8470.03,0.9895680412572115
8470.04,0.9893323539200847
8470.050000000001,0.9890880825053946
8470.06,0.9888346212921898
8470.070000000002,0.988594664586337
8470.08,0.9883191605415665
8470.09,0.9880299038994993
8470.1,0.9877256771680614
8470.11,0.9874115114032778
8470.12,0.9870721463211054
8470.130000000001,0.9867159965520924
8470.14,0.9863420282154022
8470.15,0.9859492071144749
8470.16,0.985536332632551
8470.17,0.9851021285879697
8470.18,0.9846443381837171
8470.19,0.9841632032344044
8470.2,0.9836562175405117
8470.21,0.9831216038145176
8470.220000000001,0.9825574264240777
8470.23,0.9819615734694147
8470.24,0.9813317428184509
8470.25,0.9806654153091968
8470.26,0.9799598343329586
8470.27,0.9792119784450449
8470.28,0.9784185310494372
8470.289999999999,0.9775758461090421
8470.300000000001,0.9766799089659106
8470.31,0.9757262919102636
8470.32,0.9747101032752912
8470.33,0.9736259293336722
8470.34,0.972467767603369
8470.35,0.9712296676198615
8470.36,0.9699027469738419
8470.37,0.9684788277153336
8470.380000000001,0.9669496606284802
8470.39,0.9653044272169073
8470.400000000001,0.963531453631887
8470.41,0.9616175444008419
8470.42,0.959547913173885
8470.43,0.9573057185983271
8470.44,0.9548717255830724
8470.45,0.9522242454939126
8470.46,0.9493383469451177
8470.47,0.9461854181107989
8470.48,0.9427553286285086
8470.49,0.9389635919137093
8470.5,0.9347898066813629
8470.51,0.9301816924422754
8470.52,0.9250791908585205
8470.53,0.9194103828301105
8470.539999999999,0.91303079414432
8470.550000000001,0.9059092736494359
8470.56,0.8979926552249116
8470.57,0.8890229102553708
8470.58,0.8787662489859299
8470.59,0.8668988797937094
8470.6,0.852999647035645
8470.61,0.8363302061860935
8470.619999999999,0.813795346091737
8470.630000000001,0.7844130302277822
8470.64,0.7410998134684602
8470.650000000001,0.6786004235003193
8470.66,0.5966309318014742
8470.67,0.5069958680823958
8470.68,0.42627339999271324
8470.69,0.36423126145103935
8470.7,0.3216388631653646
8470.710000000001,0.2947282119371493
8470.72,0.279497515040868
8470.730000000001,0.27316786049506697
8470.74,0.2744028680423876
8470.75,0.2831563097235754
8470.76,0.30032104610073906
8470.77,0.32683881144470583
8470.78,0.3620771798108068
8470.789999999999,0.4025662370051695
8470.800000000001,0.4437613137417891
8470.81,0.4847447343122673
8470.82,0.5288657034714211
8470.83,0.5796904209116034
8470.84,0.6373591031018279
8470.85,0.6978380987764229
8470.86,0.7540947246702101
8470.869999999999,0.7997637780766679
8470.880000000001,0.833543843197707
8470.89,0.8573537418644765
8470.9,0.8743532121476477
8470.91,0.8871089803113561
8470.92,0.8973741891405916
8470.93,0.9060021730549307
8470.94,0.9133484286393325
8470.95,0.9198068852119448
8470.960000000001,0.9255545387795692
8470.97,0.9307121254510606
8470.980000000001,0.9353610248916964
8470.99,0.9395622803512854
8471.0,0.94337814143575
8471.01,0.9468113118671835
8471.02,0.9499499044363285
8471.03,0.9528103077881036
8471.04,0.9554241894239631
8471.05,0.9578196121028124
8471.060000000001,0.9600206429726856
8471.07,0.9620474964863699
8471.08,0.9639164944740682
8471.09,0.9656420215274473
8471.1,0.9672374595873243
8471.11,0.9687178759137071
8471.119999999999,0.970090791612781
8471.130000000001,0.9713744743207098
8471.14,0.9725699919329445
8471.15,0.9736844325301227
8471.16,0.9747337588611519
8471.17,0.9757276609309841
8471.18,0.9766645972477528
8471.19,0.9775523097178841
8471.199999999999,0.9783969141666888
8471.210000000001,0.9792034334262117
8471.22,0.9799653748239696
8471.230000000001,0.9806837392804573
8471.24,0.9813685904419881
8471.25,0.9820186177309774
8471.26,0.9826342879257071
8471.27,0.9832171943384305
8471.28,0.9837656294243713
8471.29,0.9842861359960139
8471.3,0.9847798851952501
8471.310000000001,0.9852489470449299
8471.32,0.9856946104661232
8471.33,0.9861183737367909
8471.34,0.9865217215065331
8471.35,0.9869059976237996
8471.36,0.9872723589985462
8471.37,0.9876219376362675
8471.380000000001,0.9879557522311725
8471.39,0.9882747431785772
8471.4,0.988579780159105
8471.41,0.9888480353490284
8471.42,0.9891275455437313
8471.43,0.989395248803269
8471.44,0.9896518926006034
8471.449999999999,0.9898980778547734
8471.460000000001,0.9901343648068716
8471.47,0.9903612763452679
8471.48,0.9905793010554289
8471.49,0.9907888958706579
8471.5,0.9909904951479528
8471.51,0.9911844853307685
8471.52,0.9913712503807651
8471.53,0.991551143226241
8471.54,0.9917244954705478
8471.55,0.9918916188517456
8471.560000000001,0.9920528067965276
8471.57,0.992208335585394
8471.58,0.9923584656111937
8471.59,0.9925034424339955
8471.6,0.9926434978168629
8471.61,0.9928045790491864
8471.62,0.992935225267053
8471.63,0.9930615732798154
8471.640000000001,0.9931838081288009
8471.65,0.99330210508249
8471.660000000002,0.9934166301409202
8471.67,0.9935275406704874
8471.68,0.9936349859325943
8471.69,0.9937391075622151
8471.699999999999,0.993840040030355
8471.710000000001,0.993937911109954
8471.72,0.9940328422274665
8471.73,0.9941249488667694
8471.74,0.994214340906685
8471.75,0.9943011229429778
8471.76,0.9943853945810665
8471.77,0.9944672507316753
8471.779999999999,0.9945467818780668
8471.79,0.994624074298295
8471.8,0.9946992103206171
8471.810000000001,0.9947717529776489
8471.82,0.9948427963414154
8471.83,0.9949119082200489
8471.84,0.9949791571026357
8471.85,0.9950446084799327
8471.86,0.9951083249909768
8471.87,0.9951703665654191
8471.88,0.9952307905661157
8471.890000000001,0.9952896519311991
8471.9,0.9953470032762163
8471.91,0.9954028949875824
8471.92,0.9954573754468528
8471.93,0.9955104909516282
8471.94,0.9955622859858195
8471.95,0.9956128031798764
8471.960000000001,0.9956620834948934
8471.970000000001,0.9957101662286055
8471.98,0.9957570891375959
8471.99,0.9958028884879379
8472.0,0.9958475991437417
8472.01,0.9958912546198398
8472.02,0.9959338871138875
8472.029999999999,0.9959755276274601
8472.04,0.9960162060051881
8472.05,0.9960559508910999
8472.06,0.9960952696072275
8472.07,0.996133221123347
8472.08,0.9961703191947986
8472.09,0.9962065884847358
8472.1,0.9962420527529375
8472.11,0.9962767348906011
8472.12,0.9963106569697429
8472.13,0.9963438402703927
8472.140000000001,0.9963763052851213
8472.15,0.9964080717881275
8472.16,0.9964391588728352
8472.17,0.9964695849132145
8472.18,0.9964993676521506
8472.19,0.9965285242179366
8472.2,0.9965570710952755
8472.21,0.9965850241990364
8472.220000000001,0.9966123989028016
8472.23,0.9966392100008654
8472.240000000002,0.9966654717618989
8472.25,0.9966911979279359
8472.26,0.9967164017564458
8472.27,0.9967410960059156
8472.28,0.9967652929242329
8472.29,0.9967890043235766
8472.3,0.9968122415125246
8472.31,0.9968350153495685
8472.32,0.9968573362190823
8472.33,0.9968792140279394
8472.34,0.996900658225151
8472.35,0.9969216777459835
8472.359999999999,0.9969422810442775
8472.37,0.9969624760307378
8472.38,0.9969822700649632
8472.390000000001,0.9970016699180496
8472.4,0.9970206816804564
8472.41,0.9970393107652293
8472.42,0.9970575617688529
8472.43,0.9970754383751854
8472.44,0.9970929432079517
8472.45,0.9971100776808856
8472.46,0.9971268417176873
8472.470000000001,0.9971432334424082
8472.48,0.9971592488253394
8472.49,0.9971748810930936
8472.5,0.9971901199815127
8472.51,0.9972049508244062
8472.52,0.9972193531522324
8472.53,0.9972332979669408
8472.54,0.9972467478231786
8472.550000000001,0.9972596494825606
8472.56,0.997271929323674
8472.570000000002,0.9972834847403045
8472.58,0.9972941706023108
8472.59,0.997303777488072
8472.6,0.9973119615818391
8472.609999999999,0.9973179508453354
8472.62,0.9973213256590513
8472.63,0.9973217727683379
8472.64,0.9973156867286442
8472.65,0.9973009779963854
8472.66,0.9972766415362468
8472.67,0.9972417703722556
8472.68,0.9972053886851282
8472.69,0.9971642142858428
8472.7,0.9971258904612539
8472.71,0.9971111859314469
8472.720000000001,0.9971162169338532
8472.73,0.9971434902674958
8472.74,0.997194674864661
8472.75,0.9972590253532848
8472.76,0.9973189268821171
8472.77,0.9973788203469738
8472.78,0.9974289964434573
8472.789999999999,0.9974704123949928
8472.800000000001,0.9975020710629637
8472.81,0.9975265205244549
8472.820000000002,0.9975468899191764
8472.83,0.9975644769877229
8472.84,0.9975796790845862
8472.85,0.9975932384135447
8472.86,0.9976056849323149
8472.87,0.9976172761725705
8472.880000000001,0.9976281910916286
8472.89,0.9976385574609806
8472.900000000001,0.9976484686766299
8472.91,0.9976579943739871
8472.92,0.9976671865293216
8472.93,0.9976760856952706
8472.939999999999,0.9976847240490919
8472.95,0.9976931270339353
8472.96,0.9977013151442513
8472.970000000001,0.9977093051467596
8472.98,0.9977171109092791
8472.99,0.997724744003812
8473.0,0.9977322142316211
8473.01,0.9977395299178133
8473.02,0.9977466982348492
8473.03,0.9977537254208415
8473.039999999999,0.9977606169007206
8473.050000000001,0.997767377447806
8473.06,0.9977740113101482
8473.07,0.997780522257661
8473.08,0.9977869136677778
8473.09,0.9977931885711913
8473.1,0.9977993497338636
8473.11,0.9978053995977905
8473.12,0.997811340452103
8473.130000000001,0.997817174337406
8473.14,0.9978229031149138
8473.150000000001,0.9978285284834278
8473.16,0.9978340519964743
8473.17,0.9978394750538081
8473.18,0.9978447989244207
8473.19,0.9978500247780121
8473.2,0.9978551536142056
8473.210000000001,0.9978601863667148
8473.22,0.9978651238340143
8473.23,0.9978699667251153
8473.24,0.9978747156097388
8473.25,0.9978793709987179
8473.26,0.9978839332487587
8473.27,0.9978884026443262
8473.28,0.9978927793426228
8473.289999999999,0.9978970634083488
8473.300000000001,0.9979012547540413
8473.31,0.9979053532285089
8473.32,0.9979093585071158
8473.33,0.9979132701714417
8473.34,0.997917087646119
8473.35,0.997920810223783
8473.36,0.9979244370337685
8473.369999999999,0.9979279670697306
8473.380000000001,0.9979313991192228
8473.39,0.9979347318171677
8473.400000000001,0.9979379635851998
8473.41,0.9979410926460065
8473.42,0.9979441169663043
8473.43,0.9979470342858934
8473.44,0.9979498420857705
8473.45,0.997952537517286
8473.460000000001,0.997955117423719
8473.47,0.9979575783312702
8473.480000000001,0.9979599163400457
8473.49,0.9979621271414799
8473.5,0.9979642059556271
8473.51,0.9979661474984685
8473.52,0.9979679459169092
8473.53,0.9979695947119754
8473.539999999999,0.9979710866872559
8473.550000000001,0.9979724138761703
8473.56,0.9979735674090416
8473.57,0.9979745374573107
8473.58,0.9979753130881172
8473.59,0.9979758821070062
8473.6,0.9979762309480403
8473.61,0.9979763444431262
8473.619999999999,0.9979762056262509
8473.630000000001,0.9979763266410693
8473.64,0.9979756123110315
8473.65,0.9979745816012028
8473.66,0.997973207358437
8473.67,0.9979714588634636
8473.68,0.9979693012836043
8473.69,0.9979666949727655
8473.7,0.9979635947048208
8473.710000000001,0.9979599486701909
8473.72,0.9979556973349744
8473.730000000001,0.9979507720266725
8473.74,0.9979450931945166
8473.75,0.9979385682896492
8473.76,0.9979310891389793
8473.77,0.9979225286750071
8473.78,0.9979127368215097
8473.79,0.9979015353373244
8473.8,0.9978887111384982
8473.810000000001,0.997874007873354
8473.82,0.9978571147990744
8473.83,0.9978376523080272
8473.84,0.9978151526826083
8473.85,0.9977890341748733
8473.86,0.9977585657911681
8473.869999999999,0.997722818489235
8473.880000000001,0.9976805597808284
8473.89,0.9976302788765878
8473.9,0.9975699308847186
8473.91,0.9974966923463925
8473.92,0.9974066834443652
8473.93,0.9972944504489623
8473.94,0.9971521164916451
8473.949999999999,0.996967909004357
8473.960000000001,0.9967068048874714
8473.97,0.9963463242111239
8473.980000000001,0.9958553752265982
8473.99,0.9951163136600533
8474.0,0.9939926944824483
8474.01,0.9923976131840657
8474.02,0.9902433600291598
8474.03,0.9876800395089127
8474.04,0.9848838557430215
8474.05,0.9820763841076988
8474.060000000001,0.9801261223440554
8474.07,0.9793125808620978
8474.08,0.97996226410317
8474.09,0.9817367883254731
8474.1,0.9844853359862883
8474.11,0.9873188435781196
8474.12,0.9898975875724564
8474.130000000001,0.9921514443629691
8474.140000000001,0.9938237488461711
8474.15,0.9950106701216299
8474.16,0.9957977738216008
8474.17,0.9963196158079184
8474.18,0.9966997247988104
8474.19,0.9969789649969797
8474.199999999999,0.9971743989901636
8474.210000000001,0.9973573818431399
8474.22,0.9974767369921942
8474.23,0.9975729344076241
8474.24,0.997651708726265
8474.25,0.9977171256011684
8474.26,0.9977721351868092
8474.27,0.997818887741083
8474.28,0.9978589365260636
8474.29,0.9978935661401573
8474.3,0.997923739285746
8474.310000000001,0.9979502123005581
8474.32,0.9979735863175131
8474.33,0.9979943440678106
8474.34,0.9980128769849913
8474.35,0.9980295051956833
8474.36,0.9980444926404478
8474.37,0.9980580585718211
8474.38,0.9980703863462451
8474.390000000001,0.9980816302778305
8474.4,0.9980919210523247
8474.41,0.9981013699023142
8474.42,0.9981100720204399
8474.43,0.9981181092639917
8474.44,0.9981255523506364
8474.45,0.9981324626216366
8474.460000000001,0.9981388935258212
8474.47,0.9981448917765139
8474.48,0.9981504983709957
8474.49,0.998155749412582
8474.5,0.9981606768107364
8474.51,0.9981653087983201
8474.52,0.9981696705116612
8474.529999999999,0.9981737843161794
8474.54,0.9981776702211265
8474.55,0.9981813461465182
8474.56,0.9981848281763361
8474.57,0.9981881307994068
8474.58,0.9981912670828864
8474.59,0.9981942488199049
8474.6,0.9981970867315438
8474.61,0.9981997905119474
8474.62,0.9982023690049807
8474.63,0.9982048302406148
8474.640000000001,0.9982071815699494
8474.65,0.9982094296880427
8474.66,0.9982115807490242
8474.67,0.9982136403812605
8474.68,0.9982156137474855
8474.69,0.9982175056179942
8474.7,0.9982193203412763
8474.710000000001,0.9982210619729672
8474.720000000001,0.9982227342187014
8474.73,0.9982243405424379
8474.740000000002,0.9982258841061917
8474.75,0.9982273678571383
8474.76,0.9982287945310762
8474.77,0.9982301666526172
8474.779999999999,0.9982314865808066
8474.79,0.9982327564906716
8474.8,0.9982339784128486
8474.81,0.9982351542423507
8474.82,0.998236285723224
8474.83,0.9982373745059832
8474.84,0.9982384221014686
8474.85,0.9982394299453553
8474.86,0.998240399349942
8474.87,0.9982413315432294
8474.88,0.9982422276921055
8474.890000000001,0.998243088835146
8474.9,0.99824391599588
8474.91,0.9982447100940087
8474.92,0.9982454719790125
8474.93,0.9982462024640797
8474.94,0.9982469022875758
8474.95,0.9982475721365391
8474.96,0.9982482126477423
8474.970000000001,0.9982488244035739
8474.98,0.9982494079323393
8474.99,0.9982499637637923
8475.0,0.998250492312874
8475.01,0.9982514989543325
8475.02,0.9982519715294711
8475.03,0.9982524179632701
8475.04,0.9982528385377643
8475.050000000001,0.9982532335151754
8475.06,0.9982536031078755
8475.070000000002,0.9982539474897602
8475.08,0.9982542668257105
8475.09,0.9982545612096615
8475.1,0.9982548307298749
8475.109999999999,0.9982550754232519
8475.12,0.9982552953033776
8475.13,0.9982554903354083
8475.14,0.9982556604719558
8475.15,0.9982558055934225
8475.16,0.9982559255998978
8475.17,0.9982560202762106
8475.18,0.9982560894517997
8475.19,0.9982561328579335
8475.2,0.9982561502149041
8475.21,0.9982561411834618
8475.220000000001,0.9982561054115311
8475.23,0.9982560424430338
8475.24,0.9982559518496751
8475.25,0.9982558330831975
8475.26,0.9982556856034045
8475.27,0.99825550876886
8475.28,0.9982553019087677
8475.289999999999,0.99825506427668
8475.300000000001,0.9982547950708506
8475.31,0.9982544934080663
8475.320000000002,0.9982541583361951
8475.33,0.9982537888300868
8475.34,0.9982533837927323
8475.35,0.9982529420116433
8475.36,0.9982524621890285
8475.37,0.9982519429301283
8475.380000000001,0.9982513827180867
8475.39,0.9982507799385157
8475.4,0.9982501328197891
8475.41,0.998249439469474
8475.42,0.9982486978418582
8475.43,0.9982479057373361
8475.44,0.9982470607666899
8475.45,0.998246160353426
8475.46,0.9982452017147723
8475.470000000001,0.9982441818471615
8475.48,0.9982430974808647
8475.49,0.9982419451288995
8475.5,0.9982407209433566
8475.51,0.9982394207966655
8475.52,0.9982380401992701
8475.53,0.9982365742684212
8475.539999999999,0.9982350176952131
8475.550000000001,0.9982333647276935
8475.56,0.9982316090703437
8475.57,0.9982297438705712
8475.58,0.9982277616318332
8475.59,0.9982256541731162
8475.6,0.9982234125567122
8475.61,0.9982210269403078
8475.62,0.9982184865488889
8475.630000000001,0.9982157795409795
8475.64,0.9982128928847936
8475.650000000001,0.9982098121825619
8475.66,0.9982065215707273
8475.67,0.9982030034867673
8475.68,0.9981992384617092
8475.69,0.998195204882362
8475.7,0.9981908787245545
8475.71,0.9981862331962054
8475.72,0.9981812383681544
8475.73,0.9981758607556172
8475.74,0.9981700627993176
8475.75,0.9981638022269852
8475.76,0.9981570314175553
8475.77,0.9981496965204407
8475.78,0.9981417364842243
8475.789999999999,0.9981330818345001
8475.800000000001,0.998123653686686
8475.81,0.998113361491374
8475.82,0.9981021012711452
8475.83,0.998089753259061
8475.84,0.998076178885483
8475.85,0.9980612171963954
8475.86,0.9980446804054128
8475.869999999999,0.9980263482420141
8475.880000000001,0.9980059206154347
8475.89,0.9979829954234963
8475.900000000001,0.9979574034101129
8475.91,0.9979294323290046
8475.92,0.9978999902987757
8475.93,0.9978641829062241
8475.94,0.9978206742661343
8475.95,0.997774087183959
8475.960000000001,0.997724249463753
8475.97,0.997680509536515
8475.980000000001,0.9976413120699505
8475.99,0.9975968536694471
8476.0,0.9975561008845246
8476.01,0.9975360883812839
8476.02,0.9975228951048147
8476.03,0.9975334717261474
8476.039999999999,0.9975472727722746
8476.050000000001,0.997583076507888
8476.06,0.9976278300206094
8476.07,0.9976677697916496
8476.08,0.9977082807256835
8476.09,0.9977580766735227
8476.1,0.9978046658909966
8476.11,0.9978488128903479
8476.119999999999,0.9978860521871122
8476.130000000001,0.9979174773752892
8476.14,0.9979450891017791
8476.15,0.9979708856086431
8476.16,0.9979941289839541
8476.17,0.9980148365124194
8476.18,0.998033314864896
8476.19,0.9980499304832948
8476.2,0.9980649140345
8476.210000000001,0.998078461877336
8476.22,0.9980907420589169
8476.230000000001,0.9981018990957916
8476.24,0.9981120577957678
8476.25,0.998121326373805
8476.26,0.9981297990030209
8476.27,0.9981375577800928
8476.28,0.9981446746726926
8476.29,0.9981512131009295
8476.3,0.9981572288953721
8476.310000000001,0.9981627714419707
8476.32,0.9981678844811083
8476.33,0.9981726069347348
8476.34,0.9981769734619197
8476.35,0.9981810150291447
8476.36,0.9981847593516816
8476.369999999999,0.9981882312828082
8476.380000000001,0.9981914531796837
8476.39,0.9981944451636889
8476.4,0.9981972254046189
8476.41,0.9981998103384452
8476.42,0.998202214825538
8476.43,0.9982044523720122
8476.44,0.9982065352376478
8476.449999999999,0.998208474573129
8476.460000000001,0.998210280588235
8476.47,0.9982119625526042
8476.480000000001,0.9982135289683396
8476.49,0.9982149876189111
8476.5,0.9982163456331644
8476.51,0.998217609569307
8476.52,0.9982187854487878
8476.53,0.9982198788025415
8476.54,0.9982208947509636
8476.55,0.9982218379960422
8476.560000000001,0.9982227129042185
8476.57,0.9982235235002481
8476.58,0.9982242734960625
8476.59,0.9982249663708505
8476.6,0.9982256053175383
8476.61,0.9982261933060701
8476.62,0.9982267331199784
8476.630000000001,0.9982272273360461
8476.64,0.9982276783260133
8476.65,0.9982280883742971
8476.66,0.9982284595236595
8476.67,0.9982287937418713
8476.68,0.9982290928528676
8476.69,0.9982293585612855
8476.699999999999,0.998229592452266
8476.710000000001,0.9982297960399581
8476.72,0.9982299707156228
8476.73,0.9982301178008717
8476.74,0.9982302385370659
8476.75,0.9982303340818419
8476.76,0.9982304055193723
8476.77,0.9982304539030066
8476.78,0.998230480178405
8476.79,0.9982304852772251
8476.8,0.9982304700554256
8476.810000000001,0.9982304353253311
8476.82,0.9982303818493502
8476.83,0.9982303103759016
8476.84,0.9982302215719372
8476.85,0.9982301160965275
8476.86,0.9982299945791976
8476.87,0.9982298575720939
8476.88,0.998229705649273
8476.890000000001,0.9982295393452971
8476.9,0.9982293591253016
8476.910000000002,0.9982291654999544
8476.92,0.9982289588909137
8476.93,0.998228739736067
8476.94,0.9982285084551124
8476.949999999999,0.9982282654138025
8476.960000000001,0.9982280109822074
8476.97,0.9982277455187847
8476.98,0.9982274693567502
8476.99,0.9982271828059655
8477.0,0.9982268861957617
8477.01,0.998226579784068
8477.02,0.9982262638754131
8477.029999999999,0.9982259387110425
8477.04,0.9982256045585345
8477.05,0.9982252616548756
8477.060000000001,0.9982249102312218
8477.07,0.9982245505117133
8477.08,0.9982241827101846
8477.09,0.998223807027449
8477.1,0.9982234236579386
8477.11,0.9982230327898444
8477.12,0.9982226345954397
8477.13,0.9982222292474535
8477.140000000001,0.9982218169212054
8477.15,0.9982213977584974
8477.16,0.9982209719270015
8477.17,0.9982205395662141
8477.18,0.9982201008195403
8477.19,0.998219655816801
8477.2,0.9982192046776674
8477.210000000001,0.9982187475507129
8477.220000000001,0.9982182845440862
8477.23,0.9982178157684302
8477.240000000002,0.9982173413393141
8477.25,0.9982168613597746
8477.26,0.9982163759429795
8477.27,0.9982158851845588
8477.279999999999,0.9982153891809203
8477.29,0.9982148880297111
8477.3,0.9982143817973529
8477.31,0.9982138706002925
8477.32,0.9982133545063807
8477.33,0.9982128335974321
8477.34,0.9982123079592639
8477.35,0.9982117776493821
8477.36,0.9982112427670788
8477.37,0.9982107033499101
8477.38,0.998210159494408
8477.390000000001,0.9982096112557579
8477.4,0.9982090586926619
8477.41,0.9982085018755235
8477.42,0.9982079408596407
8477.43,0.9982073756966973
8477.44,0.9982068064609202
8477.45,0.9982062331988104
8477.46,0.9982056559546688
8477.470000000001,0.9982050747797678
8477.48,0.9982044897336221
8477.490000000002,0.998203900857698
8477.5,0.9982033082048554
8477.51,0.9982027118104521
8477.52,0.9982021117301755
8477.53,0.9982015079985187
8477.54,0.9982009006520101
8477.550000000001,0.9982002897415204
8477.56,0.9981996753100382
8477.57,0.9981990573870787
8477.58,0.9981984359974518
8477.59,0.99819781119888
8477.6,0.9981971830218538
8477.609999999999,0.9981965514967536
8477.62,0.9981959166523411
8477.63,0.9981952785213867
8477.640000000001,0.9981946371481399
8477.65,0.9981939925414444
8477.66,0.998193344749293
8477.67,0.9981926937990774
8477.68,0.9981920397127299
8477.69,0.9981913825082367
8477.7,0.9981907222404482
8477.71,0.998190058907157
8477.720000000001,0.998189392545253
8477.73,0.9981887231970678
8477.74,0.998188050855767
8477.75,0.9981873755597379
8477.76,0.9981866973268441
8477.77,0.9981860161919223
8477.78,0.9981853321635714
8477.79,0.9981846452737104
8477.800000000001,0.9981839555299932
8477.81,0.9981832629659989
8477.820000000002,0.9981825675841882
8477.83,0.9981818694261178
8477.84,0.9981806247371902
8477.85,0.9981799085999608
8477.86,0.9981791893055204
8477.87,0.9981784668342746
8477.88,0.9981777412020608
8477.89,0.9981770124001443
8477.9,0.9981762804014166
8477.91,0.9981755452079558
8477.92,0.9981748068117653
8477.93,0.9981740651987375
8477.94,0.9981733203419595
8477.95,0.9981725722351145
8477.96,0.9981718208536654
8477.970000000001,0.9981720843953571
8477.98,0.9981713211750811
8477.99,0.9981705546539773
8478.0,0.9981697847815874
8478.01,0.9981690115149554
8478.02,0.9981682348476096
8478.03,0.9981674546953224
8478.039999999999,0.9981666710408624
8478.050000000001,0.9981658838112882
8478.06,0.998165092968608
8478.070000000002,0.9981642984238416
8478.08,0.9981635001217093
8478.09,0.9981626979883546
8478.1,0.9981618919325451
8478.11,0.9981610818674279
8478.12,0.9981602676796519
8478.130000000001,0.998159449279447
8478.14,0.9981586265319032
8478.150000000001,0.9981577993090199
8478.16,0.9981569674726894
8478.17,0.9981561308416196
8478.18,0.9981552892736325
8478.189999999999,0.9981544425554444
8478.2,0.9981535904672436
8478.21,0.9981527328099302
8478.220000000001,0.9981518692818951
8478.23,0.9981509996336355
8478.24,0.9981501235187886
8478.25,0.9981492406155539
8478.26,0.9981483505157029
8478.27,0.998147452790646
8478.28,0.9981465469482345
8478.289999999999,0.9981456324723916
8478.300000000001,0.9981447087357793
8478.31,0.9981437750456991
8478.32,0.9981428306530508
8478.33,0.998141874686307
8478.34,0.9981409061493464
8478.35,0.9981399239440939
8478.36,0.9981389267774918
8478.37,0.998137913198929
8478.380000000001,0.998136881529756
8478.39,0.9981358298481059
8478.400000000001,0.998134755896876
8478.41,0.9981336571074326
8478.42,0.9981325304237203
8478.43,0.9981313722866433
8478.44,0.9981301784971762
8478.45,0.9981289440585197
8478.460000000001,0.9981276629923922
8478.47,0.9981263281764219
8478.48,0.998124930887305
8478.49,0.9981234605550716
8478.5,0.9981219041563362
8478.51,0.9981202454833968
8478.52,0.9981184642729565
8478.53,0.9981165348373663
8478.539999999999,0.9981144234676518
8478.550000000001,0.9981120882580782
8478.56,0.9981094725028807
8478.57,0.9981064997559457
8478.58,0.9981030656296371
8478.59,0.9980990245272627
8478.6,0.9980941684265968
8478.61,0.9980881741762122
8478.619999999999,0.9980802403412143
8478.630000000001,0.998069895629589
8478.64,0.998056713132242
8478.650000000001,0.9980378582010001
8478.66,0.9980099389803405
8478.67,0.9979724792580846
8478.68,0.9979238817498866
8478.69,0.9978715879957761
8478.7,0.997815107067762
8478.710000000001,0.9977596326557642
8478.72,0.9977264505505815
8478.730000000001,0.9977144212131825
8478.74,0.9977301912317225
8478.75,0.9977689055780614
8478.76,0.997824693893889
8478.77,0.9978777696430389
8478.78,0.9979288268128614
8478.789999999999,0.9979720839600352
8478.800000000001,0.9980051387116639
8478.81,0.9980285606470488
8478.82,0.9980438310857075
8478.83,0.9980545148022044
8478.84,0.9980623198476491
8478.85,0.9980678706985888
8478.86,0.9980717040685206
8478.869999999999,0.9980745083470961
8478.880000000001,0.9980765595351324
8478.89,0.9980780467184147
8478.9,0.9980791031415724
8478.91,0.9980798248796444
8478.92,0.9980802826444559
8478.93,0.9980805286807037
8478.94,0.9980806026013777
8478.95,0.9980805356989378
8478.960000000001,0.998080352151984
8478.97,0.9980800710641397
8478.980000000001,0.9980797077333368
8478.99,0.9980792744812098
8479.0,0.998078781368439
8479.01,0.9980782366515147
8479.02,0.9980776471668564
8479.03,0.9980770185995611
8479.04,0.9980763557440785
8479.05,0.9980756626203641
8479.060000000001,0.9980749426368895
8479.07,0.9980741987356528
8479.08,0.9980734334162572
8479.09,0.9980726488352782
8479.1,0.9980718468453873
8479.11,0.9980710290912812
8479.119999999999,0.9980701969698601
8479.130000000001,0.9980693517313523
8479.14,0.9980684944480487
8479.15,0.9980676261130913
8479.16,0.9980667475480887
8479.17,0.9980658595006796
8479.18,0.9980649626539025
8479.19,0.9980640576006542
8479.199999999999,0.998063144876617
8479.210000000001,0.9980622249645194
8479.22,0.9980612982717719
8479.23,0.9980603652078431
8479.24,0.9980594261309926
8479.25,0.9980584813278758
8479.26,0.9980575311060328
8479.27,0.9980565757220808
8479.28,0.9980556154093954
8479.29,0.9980546503846763
8479.3,0.998053680838553
8479.310000000001,0.9980527069611501
8479.32,0.9980517289197444
8479.33,0.9980507468468491
8479.34,0.9980497608956944
8479.35,0.998048771200246
8479.36,0.9980477778545517
8479.37,0.9980467809994034
8479.380000000001,0.9980457807092988
8479.390000000001,0.998044777084999
8479.4,0.9980437702145687
8479.41,0.9980427601749842
8479.42,0.9980417470369402
8479.43,0.9980407308724982
8479.44,0.9980397117463855
8479.449999999999,0.9980386897107549
8479.460000000001,0.9980376648262308
8479.47,0.9980366371560788
8479.48,0.9980356067213743
8479.49,0.9980345735940752
8479.5,0.9980335378018201
8479.51,0.9980324993905058
8479.52,0.9980314583781257
8479.53,0.9980304148309461
8479.54,0.9980293687625662
8479.55,0.9980283202006934
8479.560000000001,0.9980272691727853
8479.57,0.998026215714159
8479.58,0.998025159845469
8479.59,0.9980241015934653
8479.6,0.9980230409764062
8479.61,0.9980219780230086
8479.62,0.9980209127496217
8479.63,0.998020372345359
8479.640000000001,0.9980192909402464
8479.65,0.9980182076502225
8479.66,0.9980171224571482
8479.67,0.9980160353685716
8479.68,0.9980149463843381
8479.69,0.9980138555006913
8479.7,0.9980127627177168
8479.710000000001,0.9980116680404403
8479.72,0.9980105714683986
8479.73,0.9980094729962882
8479.74,0.9980083726220313
8479.75,0.998007270343176
8479.76,0.9980061661653683
8479.77,0.9980050600902125
8479.779999999999,0.9980039521187463
8479.79,0.9980028422271731
8479.8,0.9980017304384996
8479.81,0.9980006167523122
8479.82,0.9979995011589462
8479.83,0.9979983836587607
8479.84,0.9979972642490872
8479.85,0.9979961429390767
8479.86,0.9979950197243808
8479.87,0.9979938945965455
8479.88,0.9979927675490883
8479.890000000001,0.9979916386073963
8479.9,0.9979905077451081
8479.91,0.9979893749709247
8479.92,0.997988240291035
8479.93,0.9979871036859816
8479.94,0.9979859651750062
8479.95,0.9979848247450277
8479.960000000001,0.9979836824067446
8479.970000000001,0.9979825381404815
8479.98,0.9979813919552168
8479.990000000002,0.9979802438577428
8480.0,0.9979790938346308
8480.01,0.9979779418836769
8480.02,0.9979767880252125
8480.029999999999,0.9979756322377814
8480.04,0.997974474529128
8480.05,0.997973314889477
8480.06,0.997972153315435
8480.07,0.9979709898164255
8480.08,0.9979698243930858
8480.09,0.9979686570214572
8480.1,0.99796748773816
8480.11,0.9979663165056812
8480.12,0.9979651433514941
8480.13,0.9979639682579834
8480.140000000001,0.9979562330020371
8480.15,0.997955047650901
8480.16,0.9979538603547176
8480.17,0.9979526711023258
8480.18,0.9979514799015062
8480.19,0.9979502867465211
8480.2,0.9979490916299094
8480.21,0.9979478945660814
8480.220000000001,0.9979466955425648
8480.23,0.9979454945504723
8480.24,0.9979442916087887
8480.25,0.9979430867013882
8480.26,0.997941879819661
8480.27,0.9979406709898903
8480.28,0.9979394601856695
8480.29,0.9979382474096067
8480.300000000001,0.9979370326722041
8480.31,0.9979358159574855
8480.320000000002,0.9979345972684527
8480.33,0.997933376608371
8480.34,0.9979321539678764
8480.35,0.9979309293515238
8480.359999999999,0.9979297027477276
8480.37,0.9979284741701797
8480.38,0.9979272436063152
8480.39,0.9979260110520889
8480.4,0.9979247765151147
8480.41,0.997923540000382
8480.42,0.9979223014854087
8480.43,0.9979210609711964
8480.44,0.9979198184720676
8480.45,0.9979185739791536
8480.46,0.9979173274780962
8480.470000000001,0.9979160789804369
8480.48,0.9979148284960949
8480.49,0.9979135759863861
8480.5,0.9979123214833974
8480.51,0.9979110649770498
8480.52,0.9979098064609003
8480.53,0.9979085459139653
8480.539999999999,0.9979072833773183
8480.550000000001,0.9979060188133398
8480.56,0.9979047522297283
8480.570000000002,0.9979034836340783
8480.58,0.9979022130259616
8480.59,0.9979009403730029
8480.6,0.9978996657062745
8480.61,0.9978983890227967
8480.62,0.9978971102930716
8480.630000000001,0.9978958295384993
8480.64,0.9978945467489525
8480.65,0.997893261922381
8480.66,0.9978919750529976
8480.67,0.997890686156083
8480.68,0.9978893952035317
8480.69,0.9978881022111779
8480.7,0.9978868071742452
8480.71,0.9978855100896762
8480.720000000001,0.997884210949552
8480.73,0.9978829097581583
8480.74,0.9978816065094874
8480.75,0.9978803012083539
8480.76,0.9978789938455299
8480.77,0.997877684413694
8480.78,0.9978763729175432
8480.789999999999,0.9978750593542952
8480.800000000001,0.9978737437292862
8480.81,0.9978724260170573
8480.82,0.9978711062467985
8480.83,0.9978697843920894
8480.84,0.9978684604581326
8480.85,0.9978671344352372
8480.86,0.997865806333763
8480.87,0.9978644761525095
8480.880000000001,0.9978631438699064
8480.89,0.9978618095015173
8480.900000000001,0.9978604730413827
8480.91,0.9978591344809595
8480.92,0.9978577938226345
8480.93,0.9978564510632374
8480.94,0.9978551062046276
8480.95,0.9978537592271756
8480.96,0.997852410145321
8480.97,0.997851058947959
8480.98,0.9978497056402369
8480.99,0.9978483502170385
8481.0,0.9978469926631066
8481.01,0.9978456329993791
8481.02,0.9978442711972348
8481.03,0.997842907280709
8481.039999999999,0.9978415412302384
8481.050000000001,0.9978401730363794
8481.06,0.9978388027194437
8481.07,0.997837430256545
8481.08,0.9978360556442346
8481.09,0.9978346788974147
8481.1,0.9978332999984594
8481.11,0.9978319189518206
8481.119999999999,0.9978305357505726
8481.130000000001,0.9978291503978357
8481.14,0.997827762883448
8481.150000000001,0.9978263732071309
8481.16,0.9978249813683341
8481.17,0.9978235873502469
8481.18,0.9978221911706455
8481.19,0.9978207928194166
8481.2,0.997819392292673
8481.210000000001,0.9978184438810136
8481.22,0.9978170372388296
8481.230000000001,0.9978156284066372
8481.24,0.9978142174132238
8481.25,0.9978128042352058
8481.26,0.9978113888698837
8481.269999999999,0.9978099713185639
8481.28,0.9978085515728485
8481.289999999999,0.9978071296356403
8481.300000000001,0.9978057055078351
8481.31,0.9978042791744016
8481.32,0.9978028506303644
8481.33,0.9978014198992917
8481.34,0.9977999869419171
8481.35,0.9977985517785551
8481.36,0.9977971143884478
8481.369999999999,0.9977956747928646
8481.380000000001,0.9977942329693743
8481.39,0.9977927889231138
8481.4,0.997790331794588
8481.41,0.9977888702386213
8481.42,0.9977874061931691
8481.43,0.9977859396563841
8481.44,0.99778447059956
8481.45,0.9977829990272309
8481.460000000001,0.9977815249238079
8481.47,0.9977800482720223
8481.480000000001,0.9977785690748141
8481.49,0.9977770873106044
8481.5,0.997775602966408
8481.51,0.9977741160324176
8481.52,0.9977726264989557
8481.53,0.9977711343503116
8481.54,0.9977696395681498
8481.55,0.9977681421491542
8481.560000000001,0.9977666420811229
8481.57,0.9977651393405648
8481.58,0.9977636339088939
8481.59,0.9977621257818512
8481.6,0.9977606149405283
8481.61,0.9977591013764778
8481.619999999999,0.9977575850620154
8481.630000000001,0.9977560659861153
8481.64,0.9977545441295979
8481.65,0.9977530194617034
8481.66,0.9977514919818689
8481.67,0.9977499616660221
8481.68,0.9977484284935021
8481.69,0.9977468924501014
8481.699999999999,0.9977453535027577
8481.710000000001,0.9977438116365578
8481.72,0.9977422668389427
8481.730000000001,0.9977407190618177
8481.74,0.9977391683035893
8481.75,0.9977376145181933
8481.76,0.9977360577054466
8481.77,0.9977344978116699
8481.78,0.9977329348357288
8481.79,0.9977313687250081
8481.8,0.9977297994684872
8481.810000000001,0.9977282270155199
8481.82,0.9977266513590068
8481.83,0.997725072445261
8481.84,0.9977234902462354
8481.85,0.9977219047171253
8481.86,0.9977203158478101
8481.87,0.9977187235557646
8481.880000000001,0.9977171278368211
8481.89,0.9977155286317919
8481.9,0.9977139258976409
8481.91,0.9977123195762686
8481.92,0.9977107096425659
8481.93,0.9977090960359958
8481.94,0.9977074786907013
8481.949999999999,0.9977058575646077
8481.960000000001,0.997704232607053
8481.97,0.9977026037322503
8481.98,0.9977009708962328
8481.99,0.9976993340220901
8482.0,0.9976971447999595
8482.01,0.9976954861911135
8482.02,0.9976938228179819
8482.03,0.9976921545826852
8482.04,0.9976904813686306
8482.05,0.9976888030489603
8482.060000000001,0.9976871195189526
8482.07,0.9976854306181047
8482.08,0.9976837362282477
8482.09,0.9976801412905971
8482.1,0.9976784183102771
8482.11,0.9976766891285507
8482.12,0.9976749535479805
8482.13,0.9976732113982582
8482.140000000001,0.9976714624634351
8482.15,0.9976697065138143
8482.160000000002,0.9976679433393311
8482.17,0.9976661726778526
8482.18,0.9976643942746383
8482.19,0.9976626078485831
8482.199999999999,0.9976608130869878
8482.210000000001,0.9976590096810478
8482.22,0.9976571972779071
8482.23,0.9976553755354605
8482.24,0.9976535440261863
8482.25,0.9976517023422641
8482.26,0.997649850028414
8482.27,0.9976479865805673
8482.279999999999,0.9976461114789965
8482.29,0.9976442241480942
8482.3,0.9976423239673572
8482.310000000001,0.9976404102817831
8482.32,0.9976384823454338
8482.33,0.9976365393885408
8482.34,0.9976345805313799
8482.35,0.9976326048545576
8482.36,0.9976306113439206
8482.37,0.9976285988809869
8482.38,0.9976265662434618
8482.390000000001,0.9976245120896312
8482.4,0.9976224349576073
8482.41,0.997620333213611
8482.42,0.997618205078754
8482.43,0.997616048546541
8482.44,0.9976138614446589
8482.45,0.9976116413131254
8482.460000000001,0.9976093854250384
8482.470000000001,0.9976070907279305
8482.48,0.9976047537882582
8482.490000000002,0.9976023707521242
8482.5,0.9975999372477765
8482.51,0.997597448357884
8482.52,0.9975948984471715
8482.529999999999,0.9975922810753189
8482.54,0.9975895888702436
8482.55,0.9975868133134488
8482.56,0.9975839445322169
8482.57,0.9975809710082731
8482.58,0.9975778792034427
8482.59,0.9975746531490727
8482.6,0.9975712738138622
8482.61,0.9975677183714086
8482.62,0.9975639591507034
8482.63,0.9975599623227543
8482.640000000001,0.9975556854183849
8482.65,0.9975510768325705
8482.66,0.9975460700722287
8482.67,0.9975405784995218
8482.68,0.9975344882220384
8482.69,0.9975276462376091
8482.7,0.9975198419845559
8482.71,0.9975107767868522
8482.720000000001,0.9974997678362564
8482.73,0.997486236282955
8482.740000000002,0.9974695282579975
8482.75,0.9974479465664481
8482.76,0.9974182033671318
8482.77,0.9973788783371415
8482.78,0.9973289074923382
8482.79,0.9972718183154253
8482.800000000001,0.9972102914872262
8482.81,0.9971448402482501
8482.82,0.9970928752520666
8482.83,0.9970553414033624
8482.84,0.9970391871862058
8482.85,0.9970314558862621
8482.859999999999,0.9970278008999743
8482.87,0.9970059420080248
8482.88,0.9969515364666072
8482.890000000001,0.9968424529935948
8482.9,0.9966549619071575
8482.91,0.9963855403806149
8482.92,0.9960232401478527
8482.93,0.995635556645456
8482.94,0.995214624745169
8482.95,0.9948777207046585
8482.96,0.9947267524482348
8482.970000000001,0.9947569656662821
8482.98,0.994959841497442
8482.99,0.9953417264621877
8483.0,0.9957663211631703
8483.01,0.9961520076695978
8483.02,0.9965087531006409
8483.03,0.9967796441714089
8483.04,0.9969762288000927
8483.050000000001,0.9971078299078732
8483.06,0.9971932679497211
8483.070000000002,0.9972556972022083
8483.08,0.9973010491506514
8483.09,0.9973328524232933
8483.1,0.9973564714255663
8483.11,0.9973746682596129
8483.12,0.9973888850961267
8483.13,0.9974001124495735
8483.14,0.9974090504530657
8483.15,0.9974162058804813
8483.16,0.9974219524895351
8483.17,0.9974265530006289
8483.18,0.9974302268216912
8483.19,0.9974331385174218
8483.2,0.9974354169141136
8483.21,0.9974371642623713
8483.220000000001,0.9974384625927855
8483.23,0.9974393783242221
8483.24,0.9974399656846284
8483.25,0.997440269367202
8483.26,0.9974403264218411
8483.27,0.9974401677802602
8483.28,0.9974398194624142
8483.289999999999,0.9974393034324082
8483.300000000001,0.997438638345407
8483.31,0.997437840141886
8483.320000000002,0.9974369224518206
8483.33,0.9974358970618386
8483.34,0.9974347741059271
8483.35,0.9974335623849423
8483.36,0.9974322695539715
8483.37,0.9974309022618476
8483.380000000001,0.9974294663232615
8483.39,0.9974279668490422
8483.400000000001,0.9974264082636809
8483.41,0.9974247944813519
8483.42,0.9974231289184444
8483.43,0.9974214145657054
8483.439999999999,0.9974196540336911
8483.45,0.9974178496206538
8483.46,0.9974160032945457
8483.470000000001,0.9974141167855854
8483.48,0.9974121915484144
8483.49,0.997410228846061
8483.5,0.9974082297327509
8483.51,0.9974061950616215
8483.52,0.9974041255231676
8483.53,0.9974020216531749
8483.539999999999,0.9973998838146884
8483.550000000001,0.9973977122454876
8483.56,0.9973955070130175
8483.57,0.997393268083942
8483.58,0.9973909952674843
8483.59,0.9973886882386013
8483.6,0.997386346541198
8483.61,0.997383969605035
8483.62,0.9973815566951676
8483.630000000001,0.997379106944912
8483.64,0.9973766193592913
8483.650000000001,0.9973740927655254
8483.66,0.9973650567909321
8483.67,0.9973629796914731
8483.68,0.9973603129814929
8483.69,0.9973576013652355
8483.7,0.9973548427248172
8483.710000000001,0.9973520347602051
8483.72,0.9973491749129572
8483.730000000001,0.9973462603430082
8483.74,0.9973432879551105
8483.75,0.9973402543142607
8483.76,0.9973371556179006
8483.77,0.997333987701425
8483.78,0.997330745960539
8483.789999999999,0.9973274252946469
8483.800000000001,0.9973240200882204
8483.81,0.9973205240974201
8483.82,0.9973169304257801
8483.83,0.9973132314007067
8483.84,0.9973094184826207
8483.85,0.9973054821864757
8483.86,0.9973014118995149
8483.869999999999,0.9972971957338679
8483.880000000001,0.9972928203702146
8483.89,0.9972882708445734
8483.9,0.9972835302655861
8483.91,0.9972780297685402
8483.92,0.9972728336115727
8483.93,0.9972673805197524
8483.94,0.9972616423410285
8483.95,0.9972555868358814
8483.960000000001,0.9972491769183459
8483.97,0.9972423697780765
8483.980000000001,0.9972351157390907
8483.99,0.997227356948922
8484.0,0.997219025614543
8484.01,0.997210041984443
8484.02,0.9972003115590078
8484.03,0.9971897217845976
8484.04,0.9971781376294833
8484.050000000001,0.9971653959748734
8484.06,0.9971512981820045
8484.07,0.9971356002723502
8484.08,0.9971179997436065
8484.09,0.997098117670401
8484.1,0.9970754739332665
8484.11,0.997049468617503
8484.119999999999,0.9970190634502545
8484.130000000001,0.9969835736479549
8484.14,0.9969415131181844
8484.15,0.996890777519237
8484.16,0.9968284181989303
8484.17,0.9967501723114254
8484.18,0.9966495972470776
8484.19,0.9965147641880442
8484.2,0.9963034090271928
8484.210000000001,0.9959973213603982
8484.22,0.9955056918891528
8484.230000000001,0.9946826542596517
8484.24,0.9933097358193692
8484.25,0.9911131260718479
8484.26,0.9878662549961525
8484.27,0.9835396823541975
8484.28,0.9785407081048971
8484.29,0.9735819954023681
8484.3,0.96991014781055
8484.310000000001,0.9683882334785554
8484.32,0.9694667806456997
8484.33,0.9727817761422107
8484.34,0.977600373750564
8484.35,0.9826632398161068
8484.36,0.987121717005939
8484.369999999999,0.9905827320471878
8484.380000000001,0.9929520033844226
8484.39,0.994446689149988
8484.4,0.995345893196118
8484.41,0.9958784093888298
8484.42,0.9962054347367996
8484.43,0.9964249008651785
8484.44,0.9965667636538114
8484.449999999999,0.9966673197302329
8484.460000000001,0.9967428647213665
8484.47,0.9968026418575957
8484.48,0.9968500980865993
8484.49,0.9968883661479031
8484.5,0.9969196658775717
8484.51,0.9969455889683646
8484.52,0.9969668881908054
8484.53,0.996984543917202
8484.54,0.9970001721690536
8484.55,0.9970122618644555
8484.560000000001,0.9970221560442346
8484.57,0.9970301061879204
8484.58,0.9970362796667394
8484.59,0.997040763018683
8484.6,0.9970435552942731
8484.61,0.9970445474801504
8484.62,0.9970432225404875
8484.630000000001,0.997039222142244
8484.640000000001,0.9970320654542637
8484.65,0.9970202192536453
8484.66,0.9970006683292436
8484.67,0.9969724253731654
8484.68,0.9969346544972497
8484.69,0.9968922064687199
8484.699999999999,0.9968467125237119
8484.710000000001,0.9968001202832932
8484.72,0.9967703828579582
8484.73,0.996756919748747
8484.74,0.9967707328765593
8484.75,0.9968009843347856
8484.76,0.99684781694706
8484.77,0.9968934162984379
8484.78,0.996936267386142
8484.79,0.996974363718146
8484.8,0.9970032310159033
8484.810000000001,0.997023712692295
8484.82,0.9970368754184871
8484.83,0.997045800886945
8484.84,0.9970520773909505
8484.85,0.9970562664613201
8484.86,0.9970588229181546
8484.87,0.9970603752237464
8484.88,0.9970611710655258
8484.890000000001,0.9970613792124416
8484.9,0.9970611175620238
8484.91,0.9970604697729767
8484.92,0.997059495786157
8484.93,0.9970582380105413
8484.94,0.9970567257526328
8484.95,0.9970549793730866
8484.960000000001,0.9970530106862577
8484.97,0.9970508243657109
8484.98,0.9970484183458178
8484.99,0.997045783760606
8485.0,0.9970429042855312
8485.01,0.9970397549141424
8485.02,0.9970363000082004
8485.029999999999,0.9970324884215069
8485.04,0.9970282565949568
8485.05,0.9970235114623851
8485.06,0.997018124648183
8485.07,0.9970119169895049
8485.08,0.99700463337744
8485.09,0.9969959011525142
8485.1,0.996985004574613
8485.11,0.9969705536126386
8485.12,0.9969517188428981
8485.13,0.9969263762209012
8485.140000000001,0.9968896849239584
8485.15,0.9968357375627285
8485.16,0.9967620820227119
8485.17,0.9966654364024345
8485.18,0.9965603802687517
8485.19,0.9964447445244823
8485.2,0.9963394200044784
8485.21,0.9962811692337541
8485.220000000001,0.9962698582384473
8485.23,0.9963084151354535
8485.240000000002,0.9963968226474128
8485.25,0.9965085022026864
8485.26,0.9966120146981887
8485.27,0.9967095730924649
8485.279999999999,0.9967843539315635
8485.29,0.9968395201945068
8485.3,0.9968768378294388
8485.31,0.9969003596796553
8485.32,0.9969160859675483
8485.33,0.9969271471138008
8485.34,0.9969343966499912
8485.35,0.9969390582406994
8485.36,0.9969421406334636
8485.37,0.9969440702685912
8485.38,0.9969451373805355
8485.390000000001,0.9969455457140948
8485.4,0.9969454418995957
8485.41,0.9969449336626571
8485.42,0.9969440986392312
8485.43,0.996942997025757
8485.44,0.9969416764846445
8485.45,0.9969401735783965
8485.46,0.996938517232808
8485.470000000001,0.996936730631661
8485.48,0.9969348324896719
8485.49,0.9969328380776763
8485.5,0.9969307599319726
8485.51,0.9969286084854266
8485.52,0.9969263924082615
8485.53,0.9969241190173808
8485.54,0.9969217944806692
8485.550000000001,0.9969194240391456
8485.56,0.9969175454897493
8485.570000000002,0.9969150834562931
8485.58,0.9969125876697184
8485.59,0.996910060984116
8485.6,0.9969075059105944
8485.609999999999,0.9969049246350582
8485.62,0.9969023190724544
8485.63,0.9968996909118649
8485.64,0.9968970416551306
8485.65,0.9968943726131123
8485.66,0.9968916849691795
8485.67,0.9968889797653969
8485.68,0.9968862579358629
8485.69,0.9968835203325801
8485.7,0.9968807677148129
8485.71,0.99687800074154
8485.720000000001,0.9968752200398776
8485.73,0.9968724261706687
8485.74,0.9968696196172646
8485.75,0.9968668008520131
8485.76,0.9968639702967255
8485.77,0.996861128316704
8485.78,0.9968582752649294
8485.789999999999,0.9968554114510785
8485.800000000001,0.9968525371618306
8485.81,0.9968496526938608
8485.820000000002,0.9968467582569198
8485.83,0.9968438540921652
8485.84,0.9968409404071916
8485.85,0.9968380173773426
8485.86,0.9968350851831567
8485.87,0.9968321440131671
8485.880000000001,0.9968291939744568
8485.89,0.9968262352448906
8485.9,0.9968232679257152
8485.91,0.996820292149484
8485.92,0.9968173080237779
8485.93,0.996814315657809
8485.939999999999,0.9968113151309002
8485.95,0.9968083065482302
8485.96,0.9968052899776447
8485.970000000001,0.9968022655178752
8485.98,0.9967992332100732
8485.99,0.9967972951099712
8486.0,0.996794219273242
8486.01,0.9967911368478383
8486.02,0.9967880478315484
8486.03,0.9967849522086775
8486.039999999999,0.9967818500115065
8486.050000000001,0.9967787412242123
8486.06,0.996775625832533
8486.07,0.9967725038416224
8486.08,0.9967693752568086
8486.09,0.9967662400711486
8486.1,0.9967630982696327
8486.11,0.9967599498743498
8486.12,0.9967567948606487
8486.130000000001,0.9967536332292444
8486.14,0.996750464971282
8486.150000000001,0.9967472900972786
8486.16,0.9967441085826416
8486.17,0.996740920428096
8486.18,0.996737725626512
8486.19,0.9967345241828889
8486.2,0.9967313160820382
8486.21,0.9967281013043431
8486.22,0.9967248798610904
8486.23,0.9967216517374929
8486.24,0.996718416923357
8486.25,0.9967151754133914
8486.26,0.9967119271912025
8486.27,0.9967086722620909
8486.28,0.9967054106090791
8486.289999999999,0.996702142224139
8486.300000000001,0.9966988670924711
8486.31,0.9966955852060502
8486.32,0.9966922965658997
8486.33,0.9966890011461527
8486.34,0.9966856989431753
8486.35,0.9966823899468876
8486.36,0.9966790741374023
8486.369999999999,0.996675751517689
8486.380000000001,0.9966724220655521
8486.39,0.9966690857851668
8486.400000000001,0.9966657426376385
8486.41,0.9966623926348176
8486.42,0.9966590357570096
8486.43,0.9966556719863245
8486.44,0.9966523013179168
8486.45,0.9966489237287303
8486.460000000001,0.996645539210431
8486.47,0.9966421477609575
8486.480000000001,0.9966387493510082
8486.49,0.9966353439756455
8486.5,0.9966319316100047
8486.51,0.9966285122668875
8486.519999999999,0.996625085903451
8486.53,0.9966216525132694
8486.539999999999,0.9966182120805637
8486.550000000001,0.9966166024734578
8486.56,0.9966131315239367
8486.57,0.9966096537282378
8486.58,0.9966061690314025
8486.59,0.9966026774420185
8486.6,0.9965991789311164
8486.61,0.9965956734644982
8486.619999999999,0.996592161053982
8486.630000000001,0.9965886416656105
8486.64,0.996585115262513
8486.65,0.9965815818572188
8486.66,0.9965780414037635
8486.67,0.9965744939082399
8486.68,0.9965709393236851
8486.69,0.9965673776521005
8486.7,0.9965638088493187
8486.710000000001,0.9965602329237999
8486.72,0.9965566498430518
8486.730000000001,0.9965530595835996
8486.74,0.9965494621254213
8486.75,0.9965458574548283
8486.76,0.9965422455632748
8486.77,0.9965386263972011
8486.78,0.9965349999659505
8486.79,0.9965313662377948
8486.8,0.9965277251865304
8486.810000000001,0.996524076800106
8486.82,0.9965204210653957
8486.83,0.9965167579385162
8486.84,0.9965130874176511
8486.85,0.9965094094878989
8486.86,0.9965057240997478
8486.869999999999,0.9965020312620552
8486.880000000001,0.9964983309315193
8486.89,0.9964946231164428
8486.9,0.9964909077581626
8486.91,0.9964871848570228
8486.92,0.9964834543907244
8486.93,0.9964797163353397
8486.94,0.9964759706755761
8486.949999999999,0.9964722173799487
8486.960000000001,0.9964684564203864
8486.97,0.9964646878040752
8486.980000000001,0.9964609114803373
8486.99,0.9964571274319027
8487.0,0.9964533356417828
8487.01,0.996449536101737
8487.02,0.9964457287685414
8487.03,0.996441913628941
8487.04,0.9964380906658298
8487.05,0.9964342598499423
8487.060000000001,0.9964304211509957
8487.07,0.9964265745593313
8487.08,0.9964227200487209
8487.09,0.9964188575948002
8487.1,0.9964149871695768
8487.11,0.9964111087651376
8487.12,0.9964072223490305
8487.130000000001,0.9964033278986664
8487.14,0.9963994253895408
8487.15,0.9963955148026645
8487.16,0.9963915961119089
8487.17,0.9963876692900263
8487.18,0.9963837343239875
8487.19,0.9963797911772648
8487.199999999999,0.9963758398339465
8487.210000000001,0.9963718802786554
8487.22,0.9963679124696364
8487.23,0.9963639363922258
8487.24,0.9963599520208225
8487.25,0.9963559593306051
8487.26,0.9963519583090481
8487.27,0.99634794890558
8487.28,0.996343931137853
8487.29,0.9963399049345535
8487.3,0.9963358703002142
8487.310000000001,0.996331827197777
8487.32,0.9963277756005813
8487.33,0.9963237155119142
8487.34,0.9963196468732379
8487.35,0.9963155696747393
8487.36,0.996311483884993
8487.37,0.9963073894851416
8487.38,0.9963032864369853
8487.390000000001,0.9962991747265588
8487.4,0.9962950543381572
8487.410000000002,0.9962909252244887
8487.42,0.996286787394187
8487.43,0.996282640768345
8487.44,0.9962784853533225
8487.449999999999,0.9962743211328723
8487.460000000001,0.9962701480559174
8487.47,0.9962659661169296
8487.48,0.9962617752845054
8487.49,0.9962575755360983
8487.5,0.9962533668201903
8487.51,0.9962491491313602
8487.52,0.9962449224485901
8487.529999999999,0.9962406867363365
8487.54,0.9962364419636186
8487.55,0.9962321881037555
8487.560000000001,0.99622792514204
8487.57,0.9962236530376033
8487.58,0.9962193717659731
8487.59,0.9962150813093298
8487.6,0.996210781627107
8487.61,0.9962064727104248
8487.62,0.9962021545048628
8487.63,0.9961978270040582
8487.640000000001,0.9961934901689576
8487.65,0.996189143983184
8487.66,0.9961847884054625
8487.67,0.9961804234099859
8487.68,0.9961760489702365
8487.69,0.9961716650691899
8487.7,0.9961672716560346
8487.710000000001,0.9961628687339211
8487.720000000001,0.9961584562351551
8487.73,0.9961540341638825
8487.740000000002,0.9961496024726394
8487.75,0.9961451611267508
8487.76,0.9961407101185965
8487.77,0.9961362494014259
8487.779999999999,0.9961317789613526
8487.79,0.9961272987569363
8487.8,0.9961228087533446
8487.81,0.996118308930602
8487.82,0.9961137992623553
8487.83,0.9961092797098655
8487.84,0.996104750246478
8487.85,0.9961002108430627
8487.86,0.996095661473406
8487.87,0.9960911020920957
8487.88,0.9960865326828635
8487.890000000001,0.9960819531995742
8487.9,0.9960773636370293
8487.91,0.9960727639336611
8487.92,0.9960681540893425
8487.93,0.996063534043803
8487.94,0.9960589037888045
8487.95,0.9960542632812345
8487.96,0.9960496124862876
8487.970000000001,0.9960449513830733
8487.98,0.9960402799358898
8487.990000000002,0.9960355981095841
8488.0,0.9960309058694482
8488.01,0.9960262031940627
8488.02,0.9960214900406904
8488.03,0.9960167663823952
8488.04,0.9960120321895989
8488.050000000001,0.996007287415855
8488.06,0.9960025320466998
8488.07,0.9959977660338664
8488.08,0.995992989348525
8488.09,0.9959882019591052
8488.1,0.9959834038414471
8488.109999999999,0.995978594948748
8488.12,0.995973775252533
8488.13,0.9959689447195083
8488.140000000001,0.995964103305442
8488.15,0.9959592509870119
8488.16,0.9959543877402252
8488.17,0.9959495135162931
8488.18,0.9959446282797516
8488.19,0.9959397319980674
8488.2,0.9959348246429945
8488.21,0.9959299061707538
8488.220000000001,0.9959249765465329
8488.23,0.9959200357588797
8488.24,0.9959150837389859
8488.25,0.9959101204647983
8488.26,0.9959051459023314
8488.27,0.9959001600272129
8488.28,0.9958951627764925
8488.29,0.9958901541303131
8488.300000000001,0.9958851340480107
8488.31,0.9958801025036971
8488.320000000002,0.9958750594529251
8488.33,0.995870004861553
8488.34,0.9958649386899898
8488.35,0.995859860905262
8488.36,0.9958547714659244
8488.37,0.9958496703336247
8488.38,0.9958445574893469
8488.39,0.9958394328709596
8488.4,0.9958342964464537
8488.41,0.9958291481902198
8488.42,0.9958239880471856
8488.43,0.9958188160030025
8488.44,0.9958136319879528
8488.45,0.9958084359835571
8488.46,0.9958032279567853
8488.470000000001,0.9957980078608857
8488.48,0.9957927756500035
8488.49,0.9957875312933979
8488.5,0.9957822747443624
8488.51,0.9957770059876276
8488.52,0.9957717249628759
8488.53,0.9957664316186217
8488.539999999999,0.9957611259386733
8488.550000000001,0.9957558078658814
8488.56,0.9957504773827972
8488.570000000002,0.995745134421454
8488.58,0.9957397789608662
8488.59,0.9957344109599509
8488.6,0.9957290303592473
8488.61,0.9957236371433711
8488.62,0.9957182312472413
8488.630000000001,0.9957128126435976
8488.64,0.9957073812996662
8488.650000000001,0.9957019371465241
8488.66,0.995696480169068
8488.67,0.9956910103037979
8488.68,0.9956855275334399
8488.689999999999,0.9956800317915488
8488.7,0.9956745230478536
8488.71,0.9956690012581452
8488.720000000001,0.9956634663845988
8488.73,0.9956579183730584
8488.74,0.9956523571889054
8488.75,0.9956467827655653
8488.76,0.9956411951086809
8488.77,0.9956355941395407
8488.78,0.995629979797893
8488.789999999999,0.9956243520855426
8488.800000000001,0.9956187109111057
8488.81,0.9956130562748108
8488.82,0.9956073881007246
8488.83,0.995601706353849
8488.84,0.9955960109952803
8488.85,0.9955903019574901
8488.86,0.9955845792186808
8488.87,0.9955788427359781
8488.880000000001,0.9955730924378441
8488.89,0.9955673283043985
8488.900000000001,0.9955615502698867
8488.91,0.9955557583059111
8488.92,0.9955499523560131
8488.93,0.995544132363851
8488.94,0.995538298300348
8488.95,0.9955324501089083
8488.960000000001,0.995526587738326
8488.97,0.9955207111600708
8488.980000000001,0.9955148202946552
8488.99,0.9955089151298265
8489.0,0.9955029955809629
8489.01,0.9954970616371879
8489.02,0.9954911132187365
8489.03,0.9954851502829423
8489.039999999999,0.9954791728014862
8489.050000000001,0.995473180704677
8489.06,0.9954671739480566
8489.07,0.9954611524975987
8489.08,0.9954551162651959
8489.09,0.9954490652424602
8489.1,0.9954429993477872
8489.11,0.99543691855194
8489.119999999999,0.9954308227969831
8489.130000000001,0.9954247120219193
8489.14,0.9954185861913131
8489.15,0.9954124452390846
8489.16,0.9954062891320143
8489.17,0.9954001178047975
8489.18,0.9953939312126342
8489.19,0.9953877292897553
8489.2,0.9953815120032147
8489.210000000001,0.9953752792752181
8489.22,0.9953690310796998
8489.230000000001,0.9953627673465322
8489.24,0.9953564880278832
8489.25,0.9953501930668783
8489.26,0.9953438824213083
8489.27,0.995337556019334
8489.28,0.9953312138151083
8489.29,0.9953248557622515
8489.300000000001,0.9953184817859838
8489.31,0.995312091856121
8489.32,0.995305685898972
8489.33,0.9952992638578213
8489.34,0.9952928256894279
8489.35,0.9952863713351722
8489.36,0.9952799007243922
8489.369999999999,0.9952734138199311
8489.380000000001,0.9952669105569042
8489.39,0.9952603908824399
8489.4,0.9952538547207318
8489.41,0.9952473020373082
8489.42,0.9952407327629188
8489.43,0.9952341468453288
8489.44,0.9952275442179617
8489.45,0.9952209248291989
8489.460000000001,0.9952142886188696
8489.47,0.9952076355278957
8489.480000000001,0.995200965496461
8489.49,0.9951942784552644
8489.5,0.9951875743747169
8489.51,0.9951808531498811
8489.52,0.9951741147589357
8489.53,0.9951673591212514
8489.54,0.9951605861866508
8489.55,0.9951537958851885
8489.560000000001,0.9951469881585713
8489.57,0.9951401629443759
8489.58,0.9951333201928105
8489.59,0.9951264598172542
8489.6,0.9951195817643025
8489.61,0.9951126859978711
8489.619999999999,0.9951057724154937
8489.630000000001,0.9950988409689349
8489.64,0.9950918916061302
8489.65,0.9950849242453469
8489.66,0.9950779388248788
8489.67,0.9950645921222628
8489.68,0.995057559243075
8489.69,0.9950505080978007
8489.699999999999,0.9950434386057987
8489.710000000001,0.9950363506864514
8489.72,0.9950292443118677
8489.73,0.9950221193841193
8489.74,0.9950149758563893
8489.75,0.9950078136379038
8489.76,0.9950006326864346
8489.77,0.9949934329195003
8489.78,0.9949862142746634
8489.79,0.9949789766902057
8489.8,0.994971720079348
8489.810000000001,0.9949644443882484
8489.82,0.9949571495356516
8489.83,0.994949835470468
8489.84,0.9949425021153417
8489.85,0.9949351493879731
8489.86,0.9949277772181684
8489.87,0.9949203855571674
8489.88,0.994912974316729
8489.890000000001,0.9949055434263883
8489.9,0.9948980928209249
8489.910000000002,0.9948906224315538
8489.92,0.9948831321584618
8489.93,0.994875621960493
8489.94,0.9948680917522047
8489.949999999999,0.9948605414643312
8489.960000000001,0.9948529710232679
8489.97,0.9948453803394148
8489.98,0.9948377693647075
8489.99,0.9948301379923583
8490.0,0.9948224861744275
8490.01,0.9948148137859764
8490.02,0.9948071207915739
8490.03,0.9947994071052677
8490.04,0.9947916726652045
8490.05,0.9947839173935471
8490.060000000001,0.9947761411988237
8490.07,0.9947683440282555
8490.08,0.9947605257782274
8490.09,0.9947526863729099
8490.1,0.9947448257441835
8490.11,0.9947369438135456
8490.12,0.9947290405062168
8490.13,0.9947211157218352
8490.140000000001,0.994713169406879
8490.15,0.9947052014520505
8490.16,0.9946972118071593
8490.17,0.9946892003634845
8490.18,0.9946811670472364
8490.19,0.9946731117929388
8490.2,0.9946650345001676
8490.210000000001,0.9946569350814646
8490.220000000001,0.9946488134636849
8490.23,0.994640669573948
8490.24,0.9946325033072417
8490.25,0.9946243145901088
8490.26,0.994616103337692
8490.27,0.9946078694742091
8490.279999999999,0.9945996128791146
8490.29,0.9945913335027681
8490.3,0.9945830312579734
8490.31,0.9945747060270799
8490.32,0.9945663577505486
8490.33,0.9945579863263591
8490.34,0.9945495916768792
8490.35,0.9945411737063847
8490.36,0.9945327323247924
8490.37,0.9945242674521403
8490.38,0.9945157789897447
8490.390000000001,0.9945072668475214
8490.4,0.9944987309378861
8490.41,0.9944901711700558
8490.42,0.9944815874529251
8490.43,0.9944729796878431
8490.44,0.9944643477952946
8490.45,0.9944556916571907
8490.46,0.9944470112179603
8490.470000000001,0.9944383063540271
8490.48,0.994429576985731
8490.490000000002,0.9944208230071806
8490.5,0.9944120443346165
8490.51,0.9944032408688636
8490.52,0.9943944124949303
8490.53,0.9943855591567116
8490.54,0.9943766807222959
8490.55,0.9943677770969573
8490.56,0.9943588482030042
8490.57,0.9943498939250683
8490.58,0.9943409141754804
8490.59,0.9943319088433086
8490.6,0.9943228778365866
8490.609999999999,0.9943138210490642
8490.62,0.9943047383868578
8490.63,0.9942956297457081
8490.640000000001,0.9942965985868993
8490.65,0.9942874266067343
8490.66,0.9942782283639048
8490.67,0.9942690037474777
8490.68,0.994259752645371
8490.69,0.994250474965424
8490.7,0.9942411705893309
8490.71,0.9942318394253383
8490.720000000001,0.9942224813509342
8490.73,0.9942130962813762
8490.74,0.9942036840934868
8490.75,0.994194244681476
8490.76,0.9941847779399223
8490.77,0.9941752837667
8490.78,0.9941657620306552
8490.79,0.9941562126481136
8490.800000000001,0.9941466355112978
8490.81,0.9941370304784812
8490.820000000002,0.9941273974567135
8490.83,0.9941177363330337
8490.84,0.9941080470076049
8490.85,0.9940983293365764
8490.859999999999,0.9940885832407929
8490.87,0.9940788085741712
8490.88,0.9940690052509149
8490.89,0.9940591731416668
8490.9,0.9940493121206764
8490.91,0.9940394220903268
8490.92,0.9940295029224219
8490.93,0.9940195545084175
8490.94,0.9940095767086303
8490.95,0.9939995694357973
8490.96,0.9939895325476777
8490.970000000001,0.993979465924644
8490.98,0.9939693694538386
8490.99,0.9939592430245946
8491.0,0.9939490864856597
8491.01,0.9939388997329386
8491.02,0.9939286826447843
8491.03,0.9939184350799629
8491.039999999999,0.9939081569456555
8491.050000000001,0.9938978480870826
8491.06,0.9938875084013643
8491.070000000002,0.9938771377466993
8491.08,0.9938667360010345
8491.09,0.9938563030360277
8491.1,0.9938458387186228
8491.11,0.9938353429296319
8491.12,0.9938248155421359
8491.130000000001,0.9938142564004174
8491.14,0.9938036654094212
8491.15,0.993793042410503
8491.16,0.9937823872843208
8491.17,0.9937716998994904
8491.18,0.9937547254652325
8491.189999999999,0.9937439603524261
8491.2,0.99373316253463
8491.21,0.9937223318758474
8491.220000000001,0.993711468233694
8491.23,0.9937005714819669
8491.24,0.9936896414722154
8491.25,0.9936786780781907
8491.26,0.9936676811381944
8491.27,0.993656650533854
8491.28,0.9936455861231034
8491.289999999999,0.9936344877508217
8491.300000000001,0.9936233552849915
8491.31,0.9936109459668905
8491.32,0.993599741956202
8491.33,0.9935885034004969
8491.34,0.9935772301675078
8491.35,0.9935659220981595
8491.36,0.9935545790547269
8491.37,0.9935432008843883
8491.380000000001,0.9935317874306965
8491.39,0.9935203385671706
8491.400000000001,0.993508854129104
8491.41,0.993497333952562
8491.42,0.9934857779169517
8491.43,0.993474185835078
8491.44,0.9934625575824761
8491.45,0.9934508930010271
8491.46,0.9934391919122851
8491.47,0.9934274541794247
8491.48,0.9934156796527032
8491.49,0.993403868151802
8491.5,0.9933920195325753
8491.51,0.9933801336523499
8491.52,0.9933682103124609
8491.53,0.9933562493753877
8491.539999999999,0.9933442506846263
8491.550000000001,0.9933322140701963
8491.56,0.9933201393597619
8491.57,0.9933080264062452
8491.58,0.9932958750357208
8491.59,0.9932836850714082
8491.6,0.9932714563635664
8491.61,0.9932591887368684
8491.619999999999,0.9932468820351764
8491.630000000001,0.9932345360586485
8491.64,0.993222150664926
8491.650000000001,0.9932097256627231
8491.66,0.993197260900692
8491.67,0.9931847561838724
8491.68,0.9931722113587202
8491.69,0.993159626223693
8491.7,0.9931470006229178
8491.710000000001,0.9931343343874001
8491.72,0.9931216273215406
8491.730000000001,0.9931088792425394
8491.74,0.9930960899787667
8491.75,0.9930832593435152
8491.76,0.9930703871656229
8491.769999999999,0.9930574732503985
8491.78,0.9930445174272424
8491.789999999999,0.9930315194933028
8491.800000000001,0.9930184792766938
8491.81,0.9930053965852242
8491.82,0.9929922712249861
8491.83,0.992979103010086
8491.84,0.9929658917616228
8491.85,0.9929526372779736
8491.86,0.9929393393769353
8491.869999999999,0.9929259978402658
8491.880000000001,0.9929126124829942
8491.89,0.9928991831317021
8491.9,0.9928857095650194
8491.91,0.9928721915928774
8491.92,0.9928586290140797
8491.93,0.9928450216291583
8491.94,0.992831369247809
8491.95,0.9928176716521977
8491.960000000001,0.9928039286436218
8491.97,0.9927901400239193
8491.980000000001,0.9927763055793143
8491.99,0.9927624251069136
8492.0,0.9927484984045333
8492.01,0.9927345252368386
8492.02,0.9927205054356455
8492.03,0.9927064387478683
8492.04,0.992692324980525
8492.05,0.9926781571741188
8492.060000000001,0.9926639484822145
8492.07,0.9926496920570499
8492.08,0.9926353876895273
8492.09,0.9926210351516996
8492.1,0.9926066342441566
8492.11,0.9925921847154597
8492.119999999999,0.9925776863699272
8492.130000000001,0.992563138965887
8492.14,0.9925485422858364
8492.15,0.9925338961036567
8492.16,0.9925192001900718
8492.17,0.9925044543097501
8492.18,0.9924896582518314
8492.19,0.9924748117591012
8492.199999999999,0.992459914613159
8492.210000000001,0.9924449665807394
8492.22,0.9924299674167517
8492.230000000001,0.9924149168976563
8492.24,0.9923998147649435
8492.25,0.9923846608004412
8492.26,0.9923694547596081
8492.27,0.9923541963792365
8492.28,0.9923388854257127
8492.29,0.9923235216738067
8492.3,0.9923081048520308
8492.310000000001,0.9922926347261082
8492.32,0.9922771110294287
8492.33,0.9922615335216455
8492.34,0.9922459019698163
8492.35,0.9922302160812015
8492.36,0.9922144756252137
8492.37,0.9921986803474832
8492.380000000001,0.9921828299672141
8492.39,0.9921669242393999
8492.4,0.9921509629056501
8492.41,0.9921349456948245
8492.42,0.9921188723379573
8492.43,0.992102742590929
8492.44,0.9920865561544677
8492.449999999999,0.9920703127862812
8492.460000000001,0.9920540122019209
8492.47,0.9920376541303809
8492.48,0.9920212382929221
8492.49,0.9920047644220228
8492.5,0.99198823224002
8492.51,0.9919716414561645
8492.52,0.9919549918035852
8492.53,0.991938282987347
8492.54,0.991921514744568
8492.55,0.9919046867656055
8492.560000000001,0.9918877987723509
8492.57,0.99187085047315
8492.58,0.99185384157473
8492.59,0.9918367717921349
8492.6,0.9918196408268667
8492.61,0.9918024483770213
8492.62,0.9917851941549387
8492.63,0.9917678778588617
8492.640000000001,0.9917504991814292
8492.65,0.9917330578177959
8492.660000000002,0.991715553470568
8492.67,0.9916979858269697
8492.68,0.991680354577647
8492.69,0.9916626594027357
8492.699999999999,0.9916449000168613
8492.710000000001,0.9916270760779399
8492.72,0.991609187279633
8492.73,0.9915912333056696
8492.74,0.9915732138285192
8492.75,0.9915551285380263
8492.76,0.9915369770855961
8492.77,0.9915187591681777
8492.779999999999,0.9915004744538937
8492.79,0.991482122603275
8492.8,0.9914637032995197
8492.810000000001,0.9914452161755412
8492.82,0.9914266609324242
8492.83,0.9914080372089856
8492.84,0.9913893446656549
8492.85,0.9913705829790868
8492.86,0.9913517517695483
8492.87,0.9913328507166892
8492.88,0.991313879477593
8492.890000000001,0.9912948376692923
8492.9,0.991275724969376
8492.91,0.9912564930336673
8492.92,0.9912372372239683
8492.93,0.9912179094321889
8492.94,0.9911985092986318
8492.95,0.9911790364443611
8492.960000000001,0.9911594905196988
8492.970000000001,0.9911398711442547
8492.98,0.9911201779523106
8492.990000000002,0.9911004105635617
8493.0,0.9910805685908163
8493.01,0.9910606516773941
8493.02,0.991040659437773
8493.029999999999,0.9910205914885524
8493.04,0.9910004474250041
8493.05,0.9909802268768355
8493.06,0.9909599294510245
8493.07,0.9909395547502264
8493.08,0.9909191023780661
8493.09,0.9908985719443493
8493.1,0.9908779630311162
8493.11,0.990857275250773
8493.12,0.9908365081932103
8493.13,0.9908156614463688
8493.140000000001,0.9907947345914224
8493.15,0.9907737272365896
8493.16,0.9907526389432161
8493.17,0.9907314693062529
8493.18,0.9907102178985286
8493.19,0.990688784863751
8493.2,0.9906673673532284
8493.21,0.9906458667808561
8493.220000000001,0.990624282716316
8493.23,0.9906026147144325
8493.240000000002,0.9905808623272055
8493.25,0.9905590251427033
8493.26,0.9905371026856358
8493.27,0.9905150945334497
8493.28,0.9904930002228165
8493.29,0.9904708193028946
8493.300000000001,0.990448551318453
8493.31,0.9904261958092097
8493.32,0.9904037523075749
8493.33,0.9903812203693356
8493.34,0.99035859950182
8493.35,0.990335889243295
8493.359999999999,0.9903130891181745
8493.37,0.9902901986463846
8493.38,0.9902672173556035
8493.390000000001,0.9902441447511494
8493.4,0.9902209803611993
8493.41,0.9901977236836904
8493.42,0.9901743742228413
8493.43,0.990150931484184
8493.44,0.9901273949733363
8493.45,0.9901037641871692
8493.46,0.990080038621114
8493.470000000001,0.9900562177463675
8493.48,0.9900323010690345
8493.49,0.9900082880744169
8493.5,0.9899841782187301
8493.51,0.9899599710062328
8493.52,0.9899356658934576
8493.53,0.9899112623481449
8493.54,0.9898867598400494
8493.550000000001,0.9898621578354789
8493.56,0.9898374557934224
8493.570000000002,0.9898126531539712
8493.58,0.9897877493803805
8493.59,0.9897627439212783
8493.6,0.9897376362084561
8493.61,0.9897124256969202
8493.62,0.9896871118211117
8493.63,0.989661693990471
8493.64,0.9896361716682418
8493.65,0.9896105442438368
8493.66,0.989584811176789
8493.67,0.9895589718456757
8493.68,0.9895330256799466
8493.69,0.9895069720975059
8493.7,0.9894808104817601
8493.71,0.9894545402550999
8493.720000000001,0.9894281607998063
8493.73,0.989401671510503
8493.74,0.9893750717696884
8493.75,0.9893483609717728
8493.76,0.9893215384944426
8493.77,0.9892946037071161
8493.78,0.9892675559786054
8493.789999999999,0.9892403946824794
8493.800000000001,0.9892131191848009
8493.81,0.9891857288321227
8493.82,0.9891582229861144
8493.83,0.9891305773140132
8493.84,0.9891266075594646
8493.85,0.9890987446603007
8493.86,0.9890707636071608
8493.87,0.9890426637499252
8493.880000000001,0.9890144444014861
8493.89,0.9889861048781262
8493.900000000001,0.9889576445126569
8493.91,0.9889290626063956
8493.92,0.9889003584594845
8493.93,0.9888715313849545
8493.939999999999,0.9888425806765013
8493.95,0.9888135056136358
8493.96,0.9887843055088952
8493.970000000001,0.9887549796143027
8493.98,0.9887255272223636
8493.99,0.9886959476091429
8494.0,0.98866624002644
8494.01,0.9886364036626372
8494.02,0.988606437857511
8494.03,0.9885763418494938
8494.039999999999,0.9885461148807353
8494.050000000001,0.9885157562044427
8494.06,0.9884852650578982
8494.07,0.9884546406623475
8494.08,0.9884238822457188
8494.09,0.9883929890123591
8494.1,0.9883619601783206
8494.11,0.9883307949581209
8494.12,0.9882994925415219
8494.130000000001,0.9882680521383563
8494.14,0.9882364729237828
8494.150000000001,0.9882047540808734
8494.16,0.988172894794742
8494.17,0.988140894234324
8494.18,0.9881087515624367
8494.19,0.9880764659290465
8494.2,0.9880440365004168
8494.210000000001,0.9880114624225359
8494.22,0.9879787428200504
8494.230000000001,0.9879458768450259
8494.24,0.9879128636126537
8494.25,0.9878797022523453
8494.26,0.9878463918698229
8494.27,0.9878129315755589
8494.28,0.9877793204821528
8494.289999999999,0.9877455576648185
8494.300000000001,0.9877116422274911
8494.31,0.9876775732423269
8494.32,0.9876390657042602
8494.33,0.9876038352207195
8494.34,0.9875683238790642
8494.35,0.9875325185651683
8494.36,0.9874966402462221
8494.369999999999,0.9874606815849382
8494.380000000001,0.9874244130842009
8494.39,0.9873880828263136
8494.4,0.9873521126351671
8494.41,0.9873160999918831
8494.42,0.9872806153570365
8494.43,0.9872450405688996
8494.44,0.9872098411126872
8494.45,0.9871746383532155
8494.460000000001,0.9871391210577177
8494.47,0.9871034614464638
8494.480000000001,0.987067767978624
8494.49,0.9870317603721566
8494.5,0.9869954598570364
8494.51,0.9869624721519932
8494.52,0.9869249538980892
8494.53,0.9868872600421932
8494.54,0.9868493895161592
8494.55,0.9868113411989184
8494.56,0.986773113982963
8494.57,0.986734706760671
8494.58,0.9866961184143619
8494.59,0.9866573477753621
8494.6,0.9866183937235169
8494.61,0.9865792551116083
8494.619999999999,0.9865399307759016
8494.630000000001,0.986500419537557
8494.64,0.9864607202173514
8494.65,0.9864208309242667
8494.66,0.9863807518112445
8494.67,0.9863404810357719
8494.68,0.9863000173696116
8494.69,0.9862593595997702
8494.7,0.986218506471023
8494.710000000001,0.9861774567502384
8494.72,0.9861362091836933
8494.730000000001,0.9860947624956083
8494.74,0.9860531154200565
8494.75,0.9860112666871699
8494.76,0.9859692149793823
8494.77,0.9859269589943758
8494.78,0.9858844974167388
8494.79,0.9858418289283979
8494.8,0.9857989521939269
8494.810000000001,0.9857558658611674
8494.82,0.985712568567715
8494.83,0.9856690589534534
8494.84,0.9856253356344556
8494.85,0.9855813972256333
8494.86,0.9855372423191802
8494.869999999999,0.9854928694993198
8494.880000000001,0.9854482773540114
8494.89,0.985403464432866
8494.9,0.9853584293049171
8494.91,0.9853131704974368
8494.92,0.9852676865337965
8494.93,0.9852219759545293
8494.94,0.9851760372512472
8494.949999999999,0.985129868916533
8494.960000000001,0.9850834694356471
8494.97,0.9850368372741931
8494.98,0.9849899708905631
8494.99,0.9849428687212265
8495.0,0.9848955292083397
8495.01,0.98484795034342
8495.02,0.9848001309503911
8495.03,0.98475206942331
8495.04,0.9847037641247067
8495.05,0.9846552134438925
8495.060000000001,0.9846064157288751
8495.07,0.9845573693013684
8495.08,0.9845080725012307
8495.09,0.9844585236469869
8495.1,0.98440872100636
8495.11,0.9843586628854059
8495.12,0.984308347548613
8495.13,0.9842577732401038
8495.140000000001,0.9842069382117066
8495.15,0.9841558406773158
8495.160000000002,0.9841044788618312
8495.17,0.9840528509407045
8495.18,0.9840009551164675
8495.19,0.9839487895335501
8495.199999999999,0.9838963523412309
8495.210000000001,0.9838436416899126
8495.22,0.9837906556842284
8495.23,0.9837373924281506
8495.24,0.983683850002802
8495.25,0.9836300264870296
8495.26,0.9835759199262688
8495.27,0.9835215283671415
8495.28,0.9834668498160625
8495.29,0.9834118822860107
8495.3,0.9833566237535464
8495.310000000001,0.983300146667141
8495.32,0.9832442776331806
8495.33,0.9831881106063921
8495.34,0.9831316434695272
8495.35,0.9830748740836132
8495.36,0.9830178002688199
8495.37,0.9829604198274263
8495.38,0.982902730584969
8495.390000000001,0.9828447302621417
8495.4,0.9827864166221648
8495.41,0.9827277873871667
8495.42,0.9826688402477328
8495.43,0.9826095728682865
8495.44,0.9825499829102193
8495.45,0.9824900679637993
8495.460000000001,0.9824298256427583
8495.470000000001,0.9823692535244266
8495.48,0.9823083491063254
8495.49,0.9822471099269198
8495.5,0.9821855334574076
8495.51,0.9821236171322062
8495.52,0.982061358357285
8495.529999999999,0.9819987545251395
8495.54,0.981935802968886
8495.55,0.9818725009958648
8495.56,0.9818088458608282
8495.57,0.9817448347887902
8495.58,0.981680464957431
8495.59,0.9816157334949623
8495.6,0.9815506374863066
8495.61,0.9814851739495911
8495.62,0.9814193398630681
8495.63,0.9813531321144872
8495.640000000001,0.9812865475762306
8495.65,0.9812195830007098
8495.66,0.9811220015091389
8495.67,0.9810537387051089
8495.68,0.9809850714740788
8495.69,0.9809159957013412
8495.7,0.9808465071143783
8495.71,0.9807766013181992
8495.720000000001,0.9807062737121882
8495.73,0.9806355195081018
8495.740000000002,0.9805643337238011
8495.75,0.9804927111076709
8495.76,0.9804203656633069
8495.77,0.9803478515066147
8495.78,0.9802748828952758
8495.79,0.9802014531747341
8495.8,0.9801275551611788
8495.81,0.9800531811122609
8495.82,0.9799783225571795
8495.83,0.979902970197535
8495.84,0.9798271137085772
8495.85,0.9797507415376461
8495.859999999999,0.9796738406086121
8495.87,0.9795963960013698
8495.88,0.9795183904326922
8495.890000000001,0.9794398036565056
8495.9,0.9793606116705865
8495.91,0.9792807855211678
8495.92,0.979200289827779
8495.93,0.9791190808116184
8495.94,0.9790370989254972
8495.95,0.9789542789045202
8495.96,0.9788705250526832
8495.970000000001,0.9787857078385085
8495.98,0.9786996487482608
8495.99,0.9786120946085197
8496.0,0.9785226739725795
8496.01,0.9784307390263506
8496.02,0.9783343951254722
8496.03,0.9782330461354399
8496.04,0.9781235437187118
8496.050000000001,0.9780003463554784
8496.06,0.9778572635694979
8496.070000000002,0.9776883185225018
8496.08,0.9774877624459716
8496.09,0.9772669875863359
8496.1,0.9770310752256891
8496.109999999999,0.9768020342708825
8496.12,0.9766238502760455
8496.13,0.9765073229872316
8496.14,0.9764629386439213
8496.15,0.9764794521088312
8496.16,0.9765330650077565
8496.17,0.9765820111926461
8496.18,0.9766162052977968
8496.19,0.976621965231227
8496.2,0.9765984596060133
8496.21,0.9765508233360329
8496.220000000001,0.9764850797428228
8496.23,0.9764075715934879
8496.24,0.9763228630460208
8496.25,0.9762332695094982
8496.26,0.9761395186751906
8496.27,0.9760432109174267
8496.28,0.975944801411347
8496.289999999999,0.9758445771223135
8496.300000000001,0.9757427215533746
8496.31,0.9756393507335178
8496.320000000002,0.9755345344853112
8496.33,0.9754283063282977
8496.34,0.9753206734382861
8496.35,0.97521162900272
8496.36,0.9751011473886293
8496.37,0.9749891883552783
8496.380000000001,0.9748756978355859
8496.39,0.9747606080292188
8496.400000000001,0.9746438368898058
8496.41,0.974525286950166
8496.42,0.9744048437681343
8496.43,0.9742823735983797
8496.439999999999,0.9741577204487133
8496.45,0.9740307023654973
8496.46,0.9739011066620283
8496.470000000001,0.9737686839702888
8496.48,0.9736331406949242
8496.49,0.973494129450176
8496.5,0.9733512369164372
8496.51,0.9732039680843885
8496.52,0.9730517259956765
8496.53,0.9728937850634848
8496.539999999999,0.972728638203766
8496.550000000001,0.9725563887240791
8496.56,0.9723750711378547
8496.57,0.9721829434595267
8496.58,0.9719769324599911
8496.59,0.9717348572905584
8496.6,0.971493874851164
8496.61,0.9712282670123781
8496.62,0.9709297580839417
8496.630000000001,0.9705867783061821
8496.64,0.970182433486166
8496.650000000001,0.9696901450779107
8496.66,0.969029412674415
8496.67,0.9681106031051463
8496.68,0.9667025632855817
8496.69,0.9643357464710034
8496.7,0.9601460584025783
8496.710000000001,0.9527761489352878
8496.72,0.9405237782787708
8496.73,0.9220543654235439
8496.74,0.8974155013590426
8496.75,0.8693918910513484
8496.76,0.8421875984087787
8496.77,0.8211979961338999
8496.78,0.8105296958916433
8496.789999999999,0.8119654074008176
8496.800000000001,0.8252007387353105
8496.81,0.8479793496697055
8496.82,0.8756447047707494
8496.83,0.9028623167465416
8496.84,0.9258962389335958
8496.85,0.9424678362636684
8496.86,0.9530565717818303
8496.869999999999,0.9591940382810029
8496.880000000001,0.9625301343004513
8496.89,0.9643147365629545
8496.900000000001,0.9652767363474591
8496.91,0.9658512549983188
8496.92,0.9661655440203732
8496.93,0.9663530069064374
8496.94,0.96646102459791
8496.95,0.9665136735797268
8496.960000000001,0.9665245868980145
8496.97,0.9665050105471791
8496.980000000001,0.9664624896431373
8496.99,0.9664024600743809
8497.0,0.9663261480057372
8497.01,0.9662368468161355
8497.02,0.9661369903722739
8497.03,0.9660281798856145
8497.039999999999,0.9659116806794587
8497.050000000001,0.9657881344865475
8497.06,0.965659087641646
8497.07,0.9655248407765225
8497.08,0.965385937466125
8497.09,0.9652428264595344
8497.1,0.9650958805051565
8497.11,0.9649454109591713
8497.119999999999,0.9647916791825178
8497.130000000001,0.9646349055415739
8497.14,0.9644752764968163
8497.15,0.9643129504027362
8497.16,0.964148062002581
8497.17,0.9639807262610955
8497.18,0.9638110413894952
8497.19,0.9636390906979062
8497.2,0.9634649470815495
8497.210000000001,0.9632886714763417
8497.22,0.9631103162262332
8497.230000000001,0.962929925936244
8497.24,0.9627475125514038
8497.25,0.9625631555757742
8497.26,0.9623768597077992
8497.27,0.9621885411584876
8497.28,0.9619984183754797
8497.29,0.9618064108195639
8497.3,0.9616125297779521
8497.310000000001,0.9614167836644365
8497.32,0.9612191783696074
8497.330000000002,0.96101971745464
8497.34,0.9608184024070056
8497.35,0.9606152328263051
8497.36,0.9604102065923897
8497.369999999999,0.960203319989976
8497.380000000001,0.9599945678748788
8497.39,0.9597839437462613
8497.4,0.9595714398721282
8497.41,0.9593570473664257
8497.42,0.9591407562433057
8497.43,0.9589225555342993
8497.44,0.9587024332850229
8497.449999999999,0.9584803766195514
8497.460000000001,0.9582563718043883
8497.47,0.9580304043029497
8497.480000000001,0.9578024587312796
8497.49,0.9575725189502683
8497.5,0.9573405680771201
8497.51,0.9571065884431665
8497.52,0.9568705617253865
8497.53,0.9566324688264888
8497.54,0.9563922899748007
8497.55,0.9561500046710625
8497.560000000001,0.9559055917042053
8497.57,0.9556590291458871
8497.58,0.9554102943818201
8497.59,0.9551593640094157
8497.6,0.9549062139115808
8497.61,0.9546508192053687
8497.62,0.9543931542082357
8497.630000000001,0.9541331923841887
8497.64,0.9538709064249334
8497.65,0.9536062680734958
8497.66,0.9533383060282874
8497.67,0.9530688610393436
8497.68,0.9527969728697891
8497.69,0.9525226092433324
8497.699999999999,0.9522457367075289
8497.710000000001,0.9519663205732967
8497.72,0.9516843220783613
8497.73,0.9513997081555495
8497.74,0.9511124379067668
8497.75,0.9508224704950515
8497.76,0.950529763199571
8497.77,0.9502342712139401
8497.78,0.9499359473983984
8497.79,0.9496347420343564
8497.8,0.9493306024240499
8497.810000000001,0.9490234725983766
8497.82,0.9487132927384754
8497.83,0.9483999986025514
8497.84,0.9480835208038746
8497.85,0.9477637837841119
8497.86,0.9474407046936106
8497.87,0.947114191151253
8497.88,0.9467841406448174
8497.890000000001,0.946450389180787
8497.9,0.9461364428516581
8497.910000000002,0.9457949029571895
8497.92,0.9454710191624306
8497.93,0.9451205004595832
8497.94,0.944765274254552
8497.949999999999,0.9444046934560058
8497.960000000001,0.9440383345925356
8497.97,0.9436658211511858
8497.98,0.9432847748741578
8497.99,0.9428935582316162
8498.0,0.9424910801560445
8498.01,0.9420763842278712
8498.02,0.9416542947281646
8498.029999999999,0.9412237390112959
8498.04,0.9407878855248963
8498.05,0.9403599797434163
8498.060000000001,0.9399380846583163
8498.07,0.939524667621771
8498.08,0.9391165801982875
8498.09,0.9387092845966574
8498.1,0.9382888471184062
8498.11,0.9378551865694884
8498.12,0.9374017938939849
8498.13,0.9369259745257833
8498.140000000001,0.9364244679752883
8498.15,0.9358949416847503
8498.16,0.93533623909287
8498.17,0.9347423919939438
8498.18,0.9341037802920915
8498.19,0.9334071378009546
8498.2,0.9326329027158751
8498.210000000001,0.9317504616806713
8498.220000000001,0.9306536632672057
8498.23,0.9292489164685883
8498.240000000002,0.9272963192533435
8498.25,0.9243142779457209
8498.26,0.9194530446613559
8498.27,0.9114715735466387
8498.279999999999,0.8989147565618001
8498.29,0.8807897881668759
8498.3,0.8575996086797361
8498.31,0.8320141747978976
8498.32,0.8078228068835693
8498.33,0.7897838209542135
8498.34,0.7812040561289231
8498.35,0.7834170832189122
8498.36,0.7958943096548529
8498.37,0.8165687951776168
8498.38,0.8411365702746972
8498.390000000001,0.8649781767069346
8498.4,0.8850755803448621
8498.41,0.899457020725532
8498.42,0.908607062720996
8498.43,0.9138646173776807
8498.44,0.9166340100095409
8498.45,0.9180005281002002
8498.46,0.9185905912915634
8498.470000000001,0.9188164599443887
8498.48,0.918743310219995
8498.49,0.9185408034020923
8498.5,0.9182483262786945
8498.51,0.9178898473122384
8498.52,0.9174812882266375
8498.53,0.9170337440688985
8498.54,0.9165551932275252
8498.550000000001,0.9160511846332943
8498.56,0.9155232702769406
8498.57,0.9149756900660722
8498.58,0.9144106459790734
8498.59,0.9138298465040758
8498.6,0.9132346161128502
8498.609999999999,0.9126259844796886
8498.62,0.9120047504503819
8498.63,0.911371526998831
8498.640000000001,0.9107267598497454
8498.65,0.9100708063776348
8498.66,0.9094038674334928
8498.67,0.9087260275559181
8498.68,0.9080372390777421
8498.69,0.9073372943992747
8498.7,0.9066257547798039
8498.71,0.9059012617268424
8498.720000000001,0.9051611440420361
8498.73,0.9044029602859958
8498.74,0.9036433691869269
8498.75,0.9028256273961264
8498.76,0.9019587141170999
8498.77,0.9010265848466662
8498.78,0.9000166235531798
8498.79,0.898947130126008
8498.800000000001,0.8978375294023281
8498.81,0.8967491123950938
8498.820000000002,0.8957642640591928
8498.83,0.8949163843186774
8498.84,0.8942117357231858
8498.85,0.8936217488848639
8498.86,0.8930750778818342
8498.87,0.8924967809078693
8498.88,0.891861109461801
8498.89,0.8911447808924995
8498.9,0.8903579302753162
8498.91,0.8895157443558951
8498.92,0.8886331787055451
8498.93,0.8877197204535979
8498.94,0.8867869985744913
8498.95,0.8858368086653713
8498.96,0.8848701853447019
8498.970000000001,0.8838891268000219
8498.98,0.8828939883639318
8498.99,0.8818848966739837
8499.0,0.8808618367301486
8499.01,0.8798246961871371
8499.02,0.8787732832637112
8499.03,0.8777073441184687
8499.039999999999,0.8766265675622398
8499.050000000001,0.8755305985031118
8499.06,0.8744190181508402
8499.07,0.8732913425443811
8499.08,0.8721471176589508
8499.09,0.8709854710180746
8499.1,0.8698057401156343
8499.11,0.8686070003226464
8499.12,0.8673874048824508
8499.130000000001,0.8661465659536333
8499.14,0.8648823093352558
8499.150000000001,0.8635926092085925
8499.16,0.8622955214019984
8499.17,0.8609437036685377
8499.18,0.8595527863864861
8499.189999999999,0.8581138847755775
8499.2,0.8566132525133047
8499.21,0.8549986736173807
8499.220000000001,0.8532328135284416
8499.23,0.851228154509888
8499.24,0.8488061240121128
8499.25,0.8456907477530954
8499.26,0.8415445494353009
8499.27,0.8360446126497377
8499.28,0.8290748381467741
8499.289999999999,0.8212270347244258
8499.300000000001,0.8132349334951785
8499.31,0.8065864363962255
8499.32,0.8026453347396911
8499.33,0.80188988568585
8499.34,0.8041329074619991
8499.35,0.8086102665814846
8499.36,0.8137479074933123
8499.37,0.8182314344723252
8499.380000000001,0.8214989310460901
8499.39,0.8232428421575151
8499.400000000001,0.8237141335242741
8499.41,0.8232888176502922
8499.42,0.8223124785403462
8499.43,0.8209837340771557
8499.44,0.8194645249211165
8499.45,0.8178118679984868
8499.460000000001,0.8160691293094083
8499.47,0.8142646780388859
8499.480000000001,0.8124080878101793
8499.49,0.8105053210402396
8499.5,0.808560191900759
8499.51,0.8065752036450207
8499.52,0.8045519304714748
8499.53,0.8024908719709949
8499.539999999999,0.8003926441099715
8499.550000000001,0.7982574595859009
8499.56,0.7960852386860753
8499.57,0.7938752661752487
8499.58,0.7916278813270188
8499.59,0.7893421604158681
8499.6,0.7870177549933226
8499.61,0.7846538954295333
8499.619999999999,0.7822688354242141
8499.630000000001,0.7798232510568548
8499.64,0.7773360584935715
8499.65,0.7748063524132498
8499.66,0.7722331787547575
8499.67,0.7696155331144977
8499.68,0.7669523592523385
8499.69,0.7642425601256714
8499.7,0.7614849762786896
8499.710000000001,0.758678463741747
8499.72,0.7558209628412011
8499.730000000001,0.7529120079579299
8499.74,0.7499499816838737
8499.75,0.7469333195870026
8499.76,0.7438782928380775
8499.77,0.7407469890789645
8499.78,0.7375565514014935
8499.79,0.7343052330736233
8499.8,0.73099118688784
8499.81,0.7276124899969841
8499.82,0.7241671630143691
8499.83,0.720652499348411
8499.84,0.7170667260081117
8499.85,0.7134073932769681
8499.86,0.7096718565774328
8499.869999999999,0.7058739737609361
8499.880000000001,0.7019773206334897
8499.89,0.6979965874589454
8499.9,0.6939286532908027
8499.91,0.6897702199419486
8499.92,0.6855171444658433
8499.93,0.6811661847366138
8499.94,0.6767130555609678
8499.95,0.6721691019823921
8499.960000000001,0.6674972616784822
8499.97,0.6627100514606962
8499.980000000001,0.6578021585604743
8499.99,0.6527674930347124
8500.0,0.6475998198256064
8500.01,0.6422923311461092
8500.02,0.6368518949398527
8500.03,0.6312410516329894
8500.04,0.6254672539065685
8500.05,0.6195204086275543
8500.060000000001,0.6133899271297014
8500.07,0.6070780159230741
8500.08,0.6005415466949658
8500.09,0.5937831199886946
8500.1,0.5867855900217456
8500.11,0.5795306826181857
8500.119999999999,0.5720085130016901
8500.130000000001,0.564169490823829
8500.14,0.5559838786739173
8500.15,0.5471977944295322
8500.16,0.5382272098479463
8500.17,0.5289228988527087
8500.18,0.519089322625284
8500.19,0.5085479500491901
8500.199999999999,0.49708552182844085
8500.210000000001,0.4844458828370912
8500.22,0.470007213617254
8500.23,0.4522703175670023
8500.24,0.4279122571886824
8500.25,0.3922477379863934
8500.26,0.344935581834382
8500.27,0.29433306855648866
8500.28,0.2519600913101603
8500.29,0.22228609061848964
8500.3,0.20323487441560228
8500.310000000001,0.19143458967965793
8500.32,0.18415647631764775
8500.33,0.17964037921473952
8500.34,0.17696471975510955
8500.35,0.17570478955666585
8500.36,0.17569735103035358
8500.37,0.17693711274159726
8500.38,0.17957096284369484
8500.390000000001,0.18397991388614968
8500.4,0.19094360462099336
8500.410000000002,0.20173614361870373
8500.42,0.21749914971303588
8500.43,0.2372559932129803
8500.44,0.2559964843658246
8500.449999999999,0.26846531652312533
8500.460000000001,0.27575544204250385
8500.47,0.2827295476660954
8500.48,0.29327625463927853
8500.49,0.30970860314684767
8500.5,0.33317778108233126
8500.51,0.3630593019072712
8500.52,0.3958725207769235
8500.529999999999,0.42489454229680285
8500.54,0.4443223118870706
8500.55,0.45402082731991467
8500.560000000001,0.4589454381518253
8500.57,0.46451780980487273
8500.58,0.4740147639259526
8500.59,0.48875517228898707
8500.6,0.5081797539790629
8500.61,0.5302962688993229
8500.62,0.5524226084576427
8500.63,0.5722106744273546
8500.640000000001,0.5883195178095938
8500.65,0.6008064680800085
8500.66,0.610504379062277
8500.67,0.6184134683972297
8500.68,0.6252822535632058
8500.69,0.6315229428660042
8500.7,0.6373966688079231
8500.710000000001,0.6430047123113226
8500.720000000001,0.6484271019589094
8500.73,0.6536775534394693
8500.74,0.6587726560533715
8500.75,0.6637249983739324
8500.76,0.6685451328194751
8500.77,0.6732419648601831
8500.779999999999,0.677805323807847
8500.79,0.6822726958174593
8500.8,0.6866322454325688
8500.81,0.6908902444728029
8500.82,0.6950509077321596
8500.83,0.6991186716225343
8500.84,0.7030972654722892
8500.85,0.7069901723098767
8500.86,0.7107825611588897
8500.87,0.7145117764897423
8500.88,0.7181639317007419
8500.890000000001,0.7217418060600123
8500.9,0.7252479632087538
8500.91,0.7286844903193478
8500.92,0.7320540146614559
8500.93,0.7353586530985786
8500.94,0.7386004079333622
8500.95,0.7417812006013245
8500.96,0.7449028525105441
8500.970000000001,0.7479478721580528
8500.98,0.7509549188905426
8500.990000000002,0.753907503712147
8501.0,0.7568072395400158
8501.01,0.7596556525596024
8501.02,0.7624535865152917
8501.03,0.7652029252478032
8501.04,0.7679049007383512
8501.05,0.7705607276224786
8501.06,0.7731715742416658
8501.07,0.7757385755571101
8501.08,0.7782628076477642
8501.09,0.7807453347577085
8501.1,0.7831871662189548
8501.109999999999,0.7855691737759148
8501.12,0.787931432647885
8501.13,0.7902556325162196
8501.140000000001,0.7925427251188036
8501.15,0.7947938312375669
8501.16,0.797008786928465
8501.17,0.7991891672093288
8501.18,0.801335680241771
8501.19,0.803449072122696
8501.2,0.8055300473828052
8501.21,0.8075792963720606
8501.220000000001,0.8095974927685231
8501.23,0.8115852906607521
8501.24,0.8135433205167831
8501.25,0.8154722063657752
8501.26,0.8173725458895762
8501.27,0.8192449205358184
8501.28,0.8210898955774805
8501.29,0.8228878658218133
8501.300000000001,0.8246790820814595
8501.31,0.8264443550094489
8501.320000000002,0.8281842754165452
8501.33,0.8298992205906929
8501.34,0.8315902278767582
8501.35,0.8332566332390294
8501.359999999999,0.8348995715180061
8501.37,0.8365195081806538
8501.38,0.8381168544385098
8501.39,0.8396920152330487
8501.4,0.8412453875242919
8501.41,0.8427773589804044
8501.42,0.8442883076735603
8501.43,0.845778598731766
8501.44,0.8472485793012735
8501.45,0.8486985975902971
8501.46,0.8501289783500265
8501.470000000001,0.8515400297925179
8501.48,0.8529320407087557
8501.49,0.8543052814802157
8501.5,0.8556599867983345
8501.51,0.8569963505358351
8501.52,0.8583145454550457
8501.53,0.8596145486065364
8501.539999999999,0.8608962293310463
8501.550000000001,0.8621591278295251
8501.56,0.8633803905121875
8501.570000000002,0.864602104729115
8501.58,0.8657994846818201
8501.59,0.8669673917872285
8501.6,0.8681003135007498
8501.61,0.8691928992163206
8501.62,0.8702405329657127
8501.630000000001,0.871257529440888
8501.64,0.8722478390214787
8501.650000000001,0.8732426591361838
8501.66,0.8742789367546442
8501.67,0.8753629126690413
8501.68,0.8764958195998523
8501.689999999999,0.8776744851801167
8501.7,0.878862544761022
8501.71,0.8800285776689075
8501.720000000001,0.8811694207416885
8501.73,0.8822694102593447
8501.74,0.8833319416818392
8501.75,0.8843623622409376
8501.76,0.885365951968449
8501.77,0.8863494325088104
8501.78,0.8873163077610091
8501.789999999999,0.8882678071904768
8501.800000000001,0.8892056684128564
8501.81,0.8901311133391314
8501.82,0.8910446415793399
8501.83,0.8919467349487882
8501.84,0.8928377458648973
8501.85,0.8937179615385851
8501.86,0.8945876391517561
8501.87,0.8954469971287644
8501.880000000001,0.896296239664764
8501.89,0.8971355549557789
8501.900000000001,0.897965195167561
8501.91,0.8987851367414471
8501.92,0.8995956558347433
8501.93,0.9003969027934408
8501.94,0.9011890227505969
8501.95,0.9019721722339218
8501.960000000001,0.9027464438227989
8501.97,0.903511999660674
8501.98,0.9042689685130215
8501.99,0.9049949373733523
8502.0,0.9057347448316437
8502.01,0.9064663324475194
8502.02,0.9071898165494523
8502.03,0.9079053116020215
8502.039999999999,0.9086129305648871
8502.050000000001,0.9093127821403388
8502.06,0.9100049761238581
8502.07,0.9106896190402008
8502.08,0.9113668202663873
8502.09,0.9120366692355105
8502.1,0.9126992762981355
8502.11,0.9133574927254446
8502.119999999999,0.9140058946619875
8502.130000000001,0.9146473472190374
8502.14,0.915281944620325
8502.150000000001,0.9159097795307215
8502.16,0.9165309430271691
8502.17,0.9171455247083303
8502.18,0.9177536126321232
8502.19,0.9183552934008683
8502.2,0.9189506521545853
8502.210000000001,0.9195398150110489
8502.22,0.9201227763598162
8502.230000000001,0.9206996640504861
8502.24,0.9212705573714204
8502.25,0.921835534316504
8502.26,0.922394671610246
8502.27,0.9229480446943762
8502.28,0.9234957277647653
8502.289999999999,0.924037794634164
8502.300000000001,0.9245743139041722
8502.31,0.9251053582161669
8502.32,0.9256309966460873
8502.33,0.9261512969516416
8502.34,0.9266663256443952
8502.35,0.927176147880784
8502.36,0.9276808275251903
8502.369999999999,0.9281804269949757
8502.380000000001,0.9286750072345606
8502.39,0.9291646276569909
8502.4,0.9296493459533953
8502.41,0.9301292179610395
8502.42,0.9306042974578647
8502.43,0.9310746358528715
8502.44,0.9315403549422886
8502.45,0.9320013319635695
8502.460000000001,0.9324577049145458
8502.47,0.9329095097488113
8502.480000000001,0.9333567751040949
8502.49,0.9337995410286102
8502.5,0.9342377727885258
8502.51,0.9346714891919213
8502.52,0.935100659064595
8502.53,0.9355252166845456
8502.54,0.9359450437105773
8502.55,0.9363599304290859
8502.560000000001,0.9367692476807625
8502.57,0.9371725825167472
8502.580000000002,0.93756925439045
8502.59,0.9379573745727225
8502.6,0.9383341864765932
8502.61,0.9386983733708606
8502.619999999999,0.9390484966379524
8502.630000000001,0.9393901310689539
8502.64,0.939724609074522
8502.65,0.9400556533258961
8502.66,0.9404021325902319
8502.67,0.940764447622387
8502.68,0.941148816116541
8502.69,0.9415504657416858
8502.699999999999,0.9419645049202902
8502.710000000001,0.9423736232521855
8502.72,0.9427771357214246
8502.730000000001,0.9431700809259834
8502.74,0.943550360802232
8502.75,0.9439188923890449
8502.76,0.9442770868350688
8502.77,0.9446278462485279
8502.78,0.9449731512682265
8502.79,0.9453133600619852
8502.8,0.9456491171794971
8502.810000000001,0.9459810414964568
8502.82,0.9463094018872333
8502.83,0.9466107215097558
8502.84,0.9469324360230342
8502.85,0.9472509871968423
8502.86,0.9475665112079716
8502.87,0.9478790820529425
8502.880000000001,0.9481887627486358
8502.890000000001,0.9484956093741236
8502.9,0.9487996716273639
8502.91,0.9491009947028316
8502.92,0.949399620250566
8502.93,0.9496955871900905
8502.94,0.9499889321906644
8502.949999999999,0.9502796900851086
8502.960000000001,0.9505678942098239
8502.97,0.9508535765961903
8502.98,0.9511367682060534
8502.99,0.9514174990082805
8503.0,0.9516957981607507
8503.01,0.9519716940539794
8503.02,0.9522452156325645
8503.03,0.9525163867874418
8503.04,0.9527852360747406
8503.05,0.9530517894903585
8503.060000000001,0.9533160725227358
8503.07,0.9535781102122198
8503.08,0.9538379271461586
8503.09,0.9540955475263014
8503.1,0.9543509951061053
8503.11,0.9546042932931218
8503.12,0.9548554651232967
8503.13,0.9551045332555833
8503.140000000001,0.9553515200126105
8503.15,0.9555950223466325
8503.16,0.9558378787254329
8503.17,0.9560787176385205
8503.18,0.956317560053027
8503.19,0.9565544266245671
8503.2,0.9567893376946692
8503.210000000001,0.9570223133190572
8503.22,0.9572533732243574
8503.23,0.9574825368731675
8503.24,0.9577098234012328
8503.25,0.9579352516718884
8503.26,0.9581588402520265
8503.27,0.9583806074005069
8503.279999999999,0.9586005711341908
8503.29,0.9588187491109995
8503.3,0.959035158750284
8503.310000000001,0.9592498171471644
8503.32,0.9594627411048633
8503.33,0.959673947133605
8503.34,0.9598834514213992
8503.35,0.9600912698517173
8503.36,0.9602974179888051
8503.37,0.9605019110418526
8503.38,0.9607047639101014
8503.390000000001,0.9609059911253778
8503.4,0.9611056068211471
8503.41,0.9613036247690827
8503.42,0.9615000583122073
8503.43,0.9616949203459325
8503.44,0.9618882233204347
8503.45,0.9620799791284619
8503.460000000001,0.9622701991475672
8503.470000000001,0.962458989770167
8503.48,0.9626461594916745
8503.490000000002,0.962831824053566
8503.5,0.963016014553374
8503.51,0.963198689650604
8503.52,0.9633798822695091
8503.529999999999,0.9635595976598336
8503.54,0.9637378396831159
8503.55,0.9639128105332828
8503.56,0.9640880417054782
8503.57,0.9642617962825412
8503.58,0.9644340693628702
8503.59,0.964604852811365
8503.6,0.9647741345900467
8503.61,0.9649418978961465
8503.62,0.965108120095768
8503.63,0.9652727712797335
8503.640000000001,0.9654358124987953
8503.65,0.9655971928650654
8503.66,0.9657568482284843
8503.67,0.9659146945960493
8503.68,0.9660706233074762
8503.69,0.9662244931513326
8503.7,0.9663761194035214
8503.71,0.9665252582250967
8503.720000000001,0.9666715844743258
8503.73,0.9668146589963599
8503.74,0.9669537123930994
8503.75,0.9670875201419276
8503.76,0.9672162092859546
8503.77,0.9673395743207431
8503.78,0.9674523807060466
8503.79,0.9675514492826347
8503.800000000001,0.9676348953757153
8503.81,0.9677050174136983
8503.820000000002,0.9677587472262272
8503.83,0.9678143820182058
8503.84,0.9678685134671513
8503.85,0.9679121605206161
8503.859999999999,0.9679679653167652
8503.87,0.968064215442728
8503.88,0.9681694801310987
8503.890000000001,0.9683328870088118
8503.9,0.9685049361023494
8503.91,0.9687179359229524
8503.92,0.9689439568621702
8503.93,0.9691594002877117
8503.94,0.9693726884166421
8503.95,0.9695881341847137
8503.96,0.9697865287237367
8503.970000000001,0.9699698246061428
8503.98,0.9701351805733426
8503.99,0.9702834926690818
8504.0,0.970416674514496
8504.01,0.9705374286061375
8504.02,0.9706420441872804
8504.03,0.9707220957935888
8504.04,0.9707695432483661
8504.050000000001,0.9707652118144735
8504.06,0.9706780089867093
8504.070000000002,0.9704725103252049
8504.08,0.9701136147687265
8504.09,0.9695965321886536
8504.1,0.9689682620410555
8504.11,0.9683189151175526
8504.12,0.9677950346831005
8504.13,0.9675841419216601
8504.14,0.9677420278347245
8504.15,0.9682768366888106
8504.16,0.9690780153709931
8504.17,0.969986280397402
8504.18,0.970831580056136
8504.19,0.9715555451764861
8504.2,0.9721096582521107
8504.21,0.9725211683539646
8504.220000000001,0.9728241564506109
8504.23,0.9730550398605109
8504.24,0.9732411302074718
8504.25,0.9734010906631692
8504.26,0.9735443589521289
8504.27,0.9736753211665004
8504.28,0.9737990933893783
8504.289999999999,0.9739173786537528
8504.300000000001,0.9740312740266165
8504.31,0.9741415018714144
8504.32,0.9742461678177899
8504.33,0.9743501114204063
8504.34,0.9744512672955951
8504.35,0.9745496754689876
8504.36,0.9746452831559379
8504.37,0.9747379301175764
8504.380000000001,0.9748273429401724
8504.39,0.9749131120468574
8504.400000000001,0.9749946542069698
8504.41,0.9750711283232976
8504.42,0.9751407458875907
8504.43,0.9752023145573653
8504.439999999999,0.9752559260039321
8504.45,0.975301217700313
8504.46,0.9753264112816443
8504.47,0.9753268562278525
8504.48,0.9753069617414218
8504.49,0.975270947748437
8504.5,0.9752121803972352
8504.51,0.9751702433863716
8504.52,0.9751135886885396
8504.53,0.975052148138073
8504.539999999999,0.9750350139221322
8504.550000000001,0.9750733513946056
8504.56,0.9751495198039057
8504.57,0.9752642270820729
8504.58,0.9754377103623153
8504.59,0.9756576347865179
8504.6,0.9758798893775904
8504.61,0.9760950753560418
8504.62,0.9763353094480499
8504.630000000001,0.976559037914288
8504.64,0.9767703924977658
8504.650000000001,0.9769605970756479
8504.66,0.9771269912313656
8504.67,0.9772716050035737
8504.68,0.9774062875636159
8504.69,0.977530945367918
8504.7,0.9776461127608179
8504.710000000001,0.9777559583989239
8504.72,0.9778584709422158
8504.730000000001,0.9779566462021377
8504.74,0.9780513666028177
8504.75,0.9781432455194162
8504.76,0.978232741679523
8504.77,0.9783202091727996
8504.78,0.9784059251124718
8504.789999999999,0.9784901089338605
8504.800000000001,0.978572935783902
8504.81,0.9786548187570284
8504.82,0.9787353304899034
8504.83,0.9788148391143104
8504.84,0.9788934242854274
8504.85,0.97897115281355
8504.86,0.9790480811457402
8504.869999999999,0.9791242573611337
8504.880000000001,0.9791997226609331
8504.89,0.9792745126253138
8504.9,0.9793486581440569
8504.91,0.9794244394934478
8504.92,0.9794972362294914
8504.93,0.9795694726397955
8504.94,0.9796411659658
8504.95,0.9797123317186286
8504.960000000001,0.9797829838553822
8504.97,0.9798531350461126
8504.980000000001,0.979922796805921
8504.99,0.9799919796911865
8505.0,0.9800606933976638
8505.01,0.9801289468471663
8505.02,0.9801967483568539
8505.03,0.9802641056345911
8505.04,0.9803310258709772
8505.05,0.9803975158326512
8505.06,0.980463581859452
8505.07,0.9805292299432874
8505.08,0.9805944657523796
8505.09,0.9806592946565845
8505.1,0.9807237218015572
8505.11,0.9807877520391247
8505.119999999999,0.9808513900712583
8505.130000000001,0.9809146403538689
8505.14,0.980979351882652
8505.15,0.9810418044412677
8505.16,0.9811038827167595
8505.17,0.9811655905359594
8505.18,0.9812269316017532
8505.19,0.9812879095006066
8505.199999999999,0.9813485277210936
8505.210000000001,0.981408789653669
8505.22,0.9814686985984213
8505.230000000001,0.9815282577735819
8505.24,0.9815874703226177
8505.25,0.9816463392990491
8505.26,0.981704867709
8505.27,0.981763058490024
8505.28,0.9818209145121488
8505.29,0.9818784385946542
8505.3,0.9819356334905921
8505.310000000001,0.9819925019191087
8505.32,0.982049046543012
8505.33,0.9821052699923611
8505.34,0.9821611748206901
8505.35,0.9822167635662928
8505.36,0.9822720387258649
8505.369999999999,0.982327002749859
8505.380000000001,0.9823816580608867
8505.39,0.982436007040907
8505.4,0.9824900520313561
8505.41,0.9825437953524164
8505.42,0.9825972392877245
8505.43,0.9826503861039338
8505.44,0.9827032380109111
8505.449999999999,0.982755797209656
8505.460000000001,0.9828080658764354
8505.47,0.9828600461405484
8505.48,0.9829117401381745
8505.49,0.982963149951911
8505.5,0.9830142776432526
8505.51,0.983065125272503
8505.52,0.9831156948551616
8505.53,0.9831659883874464
8505.54,0.9832160078556432
8505.55,0.9832657551900702
8505.560000000001,0.9833152323619486
8505.57,0.98336444126676
8505.58,0.9834133838023812
8505.59,0.9834620618323574
8505.6,0.9835104772325768
8505.61,0.983558631829652
8505.62,0.9836065274473428
8505.63,0.9836541658832065
8505.640000000001,0.9837015489159336
8505.65,0.9837486783180073
8505.660000000002,0.9837955558385936
8505.67,0.9838421832114848
8505.68,0.9838885621391261
8505.69,0.9839346943353274
8505.699999999999,0.9839805814779921
8505.710000000001,0.9840262252352019
8505.72,0.9840716272615743
8505.73,0.9841167891802494
8505.74,0.984161712647721
8505.75,0.9842063992396995
8505.76,0.9842508505527594
8505.77,0.9842950681751671
8505.779999999999,0.9843390536641092
8505.79,0.9843828085784421
8505.8,0.9844263344595542
8505.810000000001,0.9844696328063824
8505.82,0.9845127051436517
8505.83,0.9845555529929587
8505.84,0.9845981777897231
8505.85,0.9846405810338188
8505.86,0.9846827641897669
8505.87,0.9847247286837952
8505.88,0.9847664759610741
8505.890000000001,0.9848080074390138
8505.9,0.9848493245316617
8505.91,0.9848904286347907
8505.92,0.9849313211216917
8505.93,0.9849720033873717
8505.94,0.9850124767869295
8505.95,0.9850527426579253
8505.960000000001,0.9850928023566202
8505.970000000001,0.9851326572096096
8505.98,0.9851723085216879
8505.99,0.9852117576217305
8506.0,0.9852510057795091
8506.01,0.9852900541936143
8506.02,0.9853289042268195
8506.029999999999,0.9853675571645025
8506.04,0.9854060142531946
8506.05,0.9854442767372208
8506.06,0.9854823458585013
8506.07,0.9855202228322004
8506.08,0.9855574571752352
8506.09,0.9855949423272147
8506.1,0.9856322385573867
8506.11,0.9856693470007377
8506.12,0.9857062688262992
8506.13,0.9857430051801609
8506.140000000001,0.9857795571733545
8506.15,0.9858159259578733
8506.16,0.9858521126253221
8506.17,0.9858881182849658
8506.18,0.985923944022027
8506.19,0.9859595909218992
8506.2,0.9859950600398742
8506.21,0.9860303524595267
8506.220000000001,0.9860654691822909
8506.23,0.9861004112790782
8506.240000000002,0.9861351797614712
8506.25,0.9861697756366312
8506.26,0.9862041999032035
8506.27,0.9862384535442091
8506.28,0.9862725375497796
8506.29,0.9863064528483718
8506.3,0.9863402004176163
8506.31,0.986373781178377
8506.32,0.9864071960437845
8506.33,0.9864404459312534
8506.34,0.9864735323750119
8506.35,0.986506454874951
8506.359999999999,0.9865392150045926
8506.37,0.9865718135969518
8506.38,0.9866042514559104
8506.390000000001,0.9866365293866798
8506.4,0.9866686481642714
8506.41,0.9867006085223989
8506.42,0.9867324111899259
8506.43,0.9867640568614203
8506.44,0.9867955461945462
8506.45,0.986826879819562
8506.46,0.9868580583210689
8506.470000000001,0.9868890822540696
8506.48,0.9869199521161337
8506.49,0.9869506683568471
8506.5,0.986981231349208
8506.51,0.987011641462716
8506.52,0.9870418989250539
8506.53,0.9870720038838434
8506.54,0.9871019564421306
8506.550000000001,0.98713175653067
8506.56,0.9871614039901424
8506.570000000002,0.9871908984976117
8506.58,0.9872202395559713
8506.59,0.9872494264591651
8506.6,0.9872784582597959
8506.609999999999,0.987307333713884
8506.62,0.987336051264769
8506.63,0.9873646088933725
8506.64,0.9873930041276171
8506.65,0.9874212338283322
8506.66,0.9874492941719439
8506.67,0.9874771803594284
8506.68,0.9875048864677392
8506.69,0.9875324051161192
8506.7,0.9875597271050623
8506.71,0.9875868408653289
8506.720000000001,0.9876137318317426
8506.73,0.987640381407756
8506.74,0.9876667657135548
8506.75,0.9876928542490565
8506.76,0.98771860648825
8506.77,0.9877439686058873
8506.78,0.9877688680873765
8506.789999999999,0.9877932055960952
8506.800000000001,0.9878168423330251
8506.81,0.9878395408099288
8506.820000000002,0.9878609126650196
8506.83,0.9878807498453208
8506.84,0.9878991384314539
8506.85,0.9879135408642806
8506.86,0.9879232516679857
8506.87,0.9879289411252161
8506.880000000001,0.9879306865598788
8506.89,0.9879337594205864
8506.900000000001,0.9879340043757496
8506.91,0.9879384825934703
8506.92,0.9879553650341378
8506.93,0.9879812979201611
8506.939999999999,0.988015985916337
8506.95,0.9880631337534849
8506.96,0.9881126101594246
8506.970000000001,0.9881595040115213
8506.98,0.9882076395529164
8506.99,0.9882515041172881
8507.0,0.9882912756451775
8507.01,0.9883259348668273
8507.02,0.9883577323638507
8507.03,0.9883877826444494
8507.039999999999,0.9884163746981764
8507.050000000001,0.9884437113621736
8507.06,0.9884701772599009
8507.07,0.9884959845505061
8507.08,0.9885212659225532
8507.09,0.9885461171065393
8507.1,0.988570608510253
8507.11,0.9885947928630089
8507.12,0.9886187102886465
8507.130000000001,0.9886423912757581
8507.14,0.9886658602210181
8507.150000000001,0.9886891362889693
8507.16,0.9887122348529215
8507.17,0.9887351684004473
8507.18,0.9887579471311493
8507.19,0.9887805795029503
8507.2,0.9888030725574043
8507.210000000001,0.9888254322600714
8507.22,0.9888476636261619
8507.23,0.9888697710198489
8507.24,0.9888917581561524
8507.25,0.9889136282916986
8507.26,0.9889353842737129
8507.27,0.9889570286240573
8507.28,0.9889785635777091
8507.289999999999,0.9889999911395744
8507.300000000001,0.9890213130940031
8507.31,0.989042531087546
8507.32,0.9890636466088109
8507.33,0.9890846610361084
8507.34,0.9891055756167114
8507.35,0.9891275567884773
8507.36,0.9891245307027653
8507.369999999999,0.9891451689243153
8507.380000000001,0.9891656875961375
8507.39,0.9891861115656855
8507.400000000001,0.9892064416883607
8507.41,0.9892266787740989
8507.42,0.9892468235997003
8507.43,0.9892668768992059
8507.44,0.9892868393843512
8507.45,0.989306711739836
8507.460000000001,0.9893264946232293
8507.47,0.989346188679532
8507.480000000001,0.9893657945097716
8507.49,0.9893853127246649
8507.5,0.9894047438977893
8507.51,0.9894240886061845
8507.52,0.9894433473979755
8507.53,0.9894625208198212
8507.539999999999,0.9894816094027008
8507.550000000001,0.9895006136494398
8507.56,0.9895195340648912
8507.57,0.9895383711738732
8507.58,0.9895571254542359
8507.59,0.9895757973782999
8507.6,0.9895943874318524
8507.61,0.9896128960759278
8507.619999999999,0.9896313237728952
8507.630000000001,0.9896496709668665
8507.64,0.9896679381236212
8507.65,0.9896861256598438
8507.66,0.9897042340377895
8507.67,0.9897222636770661
8507.68,0.9897402150002356
8507.69,0.9897580884209811
8507.7,0.9897758843748835
8507.710000000001,0.989793603257235
8507.72,0.9898112454765884
8507.730000000001,0.989828811449071
8507.74,0.9898463015523895
8507.75,0.98986371621607
8507.76,0.9898810557935573
8507.77,0.9898983207015606
8507.78,0.9899159807753042
8507.79,0.9899330867995254
8507.8,0.9899501196637192
8507.810000000001,0.9899670797041695
8507.82,0.989983967277461
8507.830000000002,0.9900007827526056
8507.84,0.9900175264719068
8507.85,0.9900341987704723
8507.86,0.9900508000182802
8507.869999999999,0.9900673305508874
8507.880000000001,0.9900837907153907
8507.89,0.9901001808546841
8507.9,0.9901165012905176
8507.91,0.9901327523811234
8507.92,0.9901489344437157
8507.93,0.9901650478278442
8507.94,0.9901810928493466
8507.949999999999,0.9901970698382184
8507.960000000001,0.9902129791250353
8507.97,0.9902288210291684
8507.980000000001,0.9902445958885249
8507.99,0.9902603040022065
8508.0,0.9902759457071294
8508.01,0.9902915213085755
8508.02,0.9903070311105957
8508.03,0.9903224754401289
8508.04,0.9903378546120816
8508.05,0.9903531689288089
8508.060000000001,0.9903684186895397
8508.07,0.9903836042086199
8508.08,0.9903987257816022
8508.09,0.9904137837204711
8508.1,0.9904287783140239
8508.11,0.9904437098616181
8508.12,0.9904585786568407
8508.130000000001,0.9904733850052436
8508.140000000001,0.9904881291876491
8508.15,0.990502811497765
8508.16,0.9905176003774375
8508.17,0.9905321590652223
8508.18,0.9905466567418932
8508.19,0.9905610936953572
8508.199999999999,0.9905754702068449
8508.210000000001,0.9905897865500677
8508.22,0.9906040430085873
8508.23,0.9906182398523052
8508.24,0.9906323773731753
8508.25,0.9906464558128883
8508.26,0.9906604754787022
8508.27,0.990674436613264
8508.28,0.990688339495728
8508.29,0.9907022830090758
8508.3,0.9907160693569332
8508.310000000001,0.9907297982628548
8508.32,0.9907434699722164
8508.33,0.9907570847536034
8508.34,0.990770642866512
8508.35,0.9907841445508159
8508.36,0.9907975900803444
8508.37,0.9908109796913451
8508.38,0.9908243136652094
8508.390000000001,0.9908375922283605
8508.4,0.9908508156267825
8508.41,0.9908639841288958
8508.42,0.9908770979671307
8508.43,0.990890157393382
8508.44,0.990903162646717
8508.45,0.9909161139694105
8508.460000000001,0.9909290116087465
8508.47,0.990941855778766
8508.48,0.9909546467611576
8508.49,0.990967384744079
8508.5,0.9909800700033901
8508.51,0.9909927027454332
8508.52,0.9910052832189992
8508.529999999999,0.9910178116365269
8508.54,0.9910302882502671
8508.55,0.9910427132538607
8508.560000000001,0.9910550869250022
8508.57,0.9910674094389091
8508.58,0.9910796810555236
8508.59,0.9910919019785216
8508.6,0.9911040724287954
8508.61,0.9911161926395426
8508.62,0.9911282628178028
8508.63,0.9911402831920647
8508.640000000001,0.9911522539575998
8508.65,0.9911641753500448
8508.66,0.9911760475793268
8508.67,0.9911878708483346
8508.68,0.991199645372614
8508.69,0.9912113713714293
8508.7,0.9912230490480853
8508.710000000001,0.9912346786147259
8508.720000000001,0.9912462602575606
8508.73,0.9912577941984693
8508.740000000002,0.9912692806414276
8508.75,0.9912807673888462
8508.76,0.9912921593008159
8508.77,0.991303504324812
8508.779999999999,0.9913148026639741
8508.79,0.9913260544979835
8508.8,0.9913372600325082
8508.81,0.9913484194670126
8508.82,0.9913595329816681
8508.83,0.9913706007852418
8508.84,0.9913816230728222
8508.85,0.991392600018244
8508.86,0.9914035318258059
8508.87,0.9914144186770659
8508.88,0.9914252607731675
8508.890000000001,0.9914360582842492
8508.9,0.9914468113951723
8508.91,0.9914575203087048
8508.92,0.9914681851940295
8508.93,0.9914788062416406
8508.94,0.9914893836212015
8508.95,0.9914999175337267
8508.96,0.9915104081345109
8508.970000000001,0.9915208556215952
8508.98,0.9915312601658149
8508.99,0.9915416219295277
8509.0,0.9915519411213428
8509.01,0.9915622178818051
8509.02,0.9915724524034081
8509.03,0.991582644854631
8509.04,0.991592795401019
8509.050000000001,0.9916029042119482
8509.06,0.991612971475068
8509.070000000002,0.9916229973478727
8509.08,0.9916329819872859
8509.09,0.9916429255695794
8509.1,0.9916528282553558
8509.109999999999,0.9916626902133634
8509.12,0.9916725116110279
8509.13,0.9916822926107317
8509.14,0.9916920333691362
8509.15,0.9917017340503358
8509.16,0.991711394801714
8509.17,0.991721015803169
8509.18,0.9917305972061978
8509.19,0.9917401391624158
8509.2,0.9917496418271726
8509.21,0.9917591053586764
8509.220000000001,0.9917685299113599
8509.23,0.9917779156479513
8509.24,0.9917872627077339
8509.25,0.9917965712487079
8509.26,0.991805841416711
8509.27,0.9918150733734955
8509.28,0.9918242672672394
8509.29,0.9918334232282859
8509.300000000001,0.9918425414300047
8509.31,0.9918516219992947
8509.320000000002,0.9918606650910202
8509.33,0.9918696708409876
8509.34,0.991878639412508
8509.35,0.9918875709247268
8509.36,0.9918964655424076
8509.37,0.9919053234004567
8509.380000000001,0.9919141446324613
8509.39,0.9919229293876123
8509.4,0.9919316778022731
8509.41,0.991940390006976
8509.42,0.9919490661657232
8509.43,0.9919577063738368
8509.44,0.9919663108135315
8509.45,0.9919748795806704
8509.46,0.9919834128301176
8509.470000000001,0.9919919106983378
8509.48,0.9920003733114611
8509.49,0.9920088008088785
8509.5,0.9920171933156336
8509.51,0.9920255509573999
8509.52,0.9920289306567299
8509.53,0.9920372060378289
8509.539999999999,0.9920454469123655
8509.550000000001,0.9920536533930229
8509.56,0.9920618256157502
8509.57,0.9920699636977944
8509.58,0.9920780677718531
8509.59,0.9920861379602097
8509.6,0.9920941743852822
8509.61,0.992102177171896
8509.62,0.9921101464460576
8509.630000000001,0.9921180823248631
8509.64,0.9921259849288807
8509.650000000001,0.9921338543896513
8509.66,0.9921416908131464
8509.67,0.992149494335226
8509.68,0.9921572650465801
8509.69,0.992171130171644
8509.7,0.9921788229448999
8509.71,0.9921864833214423
8509.72,0.9921941114190567
8509.73,0.9922017073297629
8509.74,0.992209271188443
8509.75,0.9922168031010626
8509.76,0.9922243031754744
8509.77,0.9922317715391837
8509.78,0.9922392083020553
8509.789999999999,0.9922466135460365
8509.800000000001,0.9922539874272374
8509.81,0.9922613300317703
8509.82,0.9922686414608735
8509.83,0.9922759218264434
8509.84,0.9922831712502179
8509.85,0.9922903898235763
8509.86,0.9922975776615653
8509.87,0.9923047348802413
8509.880000000001,0.9923118615612398
8509.89,0.9923189578233887
8509.900000000001,0.9923260237671175
8509.91,0.9923330595080471
8509.92,0.9923400651244505
8509.93,0.9923470407497488
8509.94,0.9923539864601643
8509.95,0.9923609023708997
8509.960000000001,0.9923677885698027
8509.97,0.9923746451705922
8509.980000000001,0.9923814722662754
8509.99,0.9923882699554962
8510.0,0.9923950383347553
8510.01,0.9924017775057692
8510.02,0.9924084875590106
8510.03,0.9924151686048952
8510.039999999999,0.9924218207213134
8510.050000000001,0.9924284440119009
8510.06,0.9924350385738153
8510.07,0.9924416045002326
8510.08,0.9924481418846578
8510.09,0.9924546508121039
8510.1,0.9924611313927898
8510.11,0.9924675836905852
8510.119999999999,0.9924740078247519
8510.130000000001,0.992480403867958
8510.14,0.9924867719185482
8510.15,0.9924931120683528
8510.16,0.9924994244017986
8510.17,0.992505709000274
8510.18,0.9925119659706656
8510.19,0.9925181953864047
8510.2,0.9925243973394426
8510.210000000001,0.9925307368793803
8510.22,0.9925368835920888
8510.230000000001,0.9925430031136093
8510.24,0.9925490955022678
8510.25,0.992555160870604
8510.26,0.9925611992734475
8510.27,0.9925672108101333
8510.28,0.9925731955692311
8510.29,0.9925791536218738
8510.3,0.9925850850511851
8510.31,0.9925909899392165
8510.32,0.9925968683691607
8510.33,0.9926027204165687
8510.34,0.9926085461638429
8510.35,0.9926143456935074
8510.36,0.9926201190767951
8510.369999999999,0.9926258663977261
8510.380000000001,0.9926315877264721
8510.39,0.9926372831584803
8510.4,0.9926429527458791
8510.41,0.9926485965721847
8510.42,0.9926542147257998
8510.43,0.9926598072573345
8510.44,0.9926653742687656
8510.449999999999,0.9926709158164874
8510.460000000001,0.9926764319805259
8510.47,0.9926819228318713
8510.480000000001,0.9926873950350888
8510.49,0.9926928354306312
8510.5,0.9926982507245753
8510.51,0.9927036410080369
8510.52,0.9927090063293226
8510.53,0.9927143467647475
8510.54,0.9927196623878605
8510.55,0.9927249532670118
8510.560000000001,0.9927302194681606
8510.57,0.9927354610583227
8510.58,0.9927406781138972
8510.59,0.9927458706966985
8510.6,0.9927510388686838
8510.61,0.9927561827034852
8510.619999999999,0.9927613022557634
8510.630000000001,0.9927663976130329
8510.64,0.9927714688206799
8510.65,0.9927765159482029
8510.66,0.9927815390625037
8510.67,0.9927865382191166
8510.68,0.9927915134848384
8510.69,0.9927964649294329
8510.699999999999,0.9928013926153456
8510.710000000001,0.9928062965810686
8510.72,0.9928111769209436
8510.73,0.992816033674722
8510.74,0.9928208669008132
8510.75,0.9928256766763192
8510.76,0.9928304630312768
8510.77,0.9928352260637842
8510.78,0.992839965802202
8510.79,0.99284468231616
8510.8,0.9928493756656649
8510.810000000001,0.9928540458954868
8510.82,0.9928586930682155
8510.83,0.9928633172490365
8510.84,0.9928679184789867
8510.85,0.9928724968144846
8510.86,0.9928770523259755
8510.87,0.9928815850542771
8510.88,0.9928860950616132
8510.890000000001,0.992890582398189
8510.9,0.9928950471112962
8510.910000000002,0.9928994892503563
8510.92,0.9929039088774285
8510.93,0.9929083060419224
8510.94,0.9929126807933623
8510.949999999999,0.9929170331873027
8510.960000000001,0.9929213632709838
8510.97,0.9929256710756525
8510.98,0.992929956687234
8510.99,0.9929342201231856
8511.0,0.9929384614485092
8511.01,0.9929426807040039
8511.02,0.9929468779423937
8511.029999999999,0.9929510532077938
8511.04,0.9929552065393441
8511.05,0.9929593379959264
8511.060000000001,0.9929634476223408
8511.07,0.9929675354544454
8511.08,0.9929716015304316
8511.09,0.9929756459243223
8511.1,0.9929796686537219
8511.11,0.9929836697740125
8511.12,0.9929876493096648
8511.13,0.9929916073410694
8511.140000000001,0.9929955438806832
8511.15,0.9929994589710454
8511.16,0.9930033526621125
8511.17,0.9930072249824644
8511.18,0.99301107599304
8511.19,0.9930149057140665
8511.2,0.9930187141932272
8511.210000000001,0.9930225014624326
8511.220000000001,0.9930262675739664
8511.23,0.9930300125552294
8511.24,0.9930337364480448
8511.25,0.9930374392876686
8511.26,0.9930411211144731
8511.27,0.9930447819580837
8511.279999999999,0.9930484218458098
8511.29,0.9930520408381609
8511.3,0.9930556389511913
8511.31,0.9930592162229814
8511.32,0.9930627726952564
8511.33,0.9930663083754637
8511.34,0.9930698233315547
8511.35,0.9930733175694048
8511.36,0.9930767911451802
8511.37,0.993080244064842
8511.38,0.9930836763696548
8511.390000000001,0.9930870880860302
8511.4,0.9930904792551314
8511.41,0.9930938498990313
8511.42,0.9930972000526106
8511.43,0.9931005297292681
8511.44,0.9931038389753519
8511.45,0.993107127804965
8511.46,0.9931103962661832
8511.470000000001,0.9931196304206654
8511.48,0.9931228433903323
8511.490000000002,0.9931260359783419
8511.5,0.993129208221562
8511.51,0.9931323601236368
8511.52,0.9931354917005296
8511.53,0.9931386029832808
8511.54,0.9931416940000403
8511.55,0.9931447647503414
8511.56,0.9931478152557608
8511.57,0.9931508455347703
8511.58,0.9931538556014788
8511.59,0.9931568454727792
8511.6,0.9931598151582081
8511.609999999999,0.9931627646822495
8511.62,0.9931656940417036
8511.63,0.9931686032572238
8511.640000000001,0.9931714923457432
8511.65,0.993174361302425
8511.66,0.9931772101391153
8511.67,0.993180038866371
8511.68,0.9931828475000676
8511.69,0.9931856360271568
8511.7,0.9931884044715875
8511.71,0.9931911528162574
8511.720000000001,0.99319388107959
8511.73,0.9931965892664107
8511.74,0.9931992773436059
8511.75,0.9932019453645794
8511.76,0.9932045932744902
8511.77,0.9932072211019326
8511.78,0.9932098288229202
8511.79,0.9932124164406974
8511.800000000001,0.9932149839376854
8511.81,0.9932175313030794
8511.820000000002,0.9932200585389909
8511.83,0.9932225656182978
8511.84,0.9932250525234827
8511.85,0.9932275192438567
8511.859999999999,0.9932299657499922
8511.87,0.9932323920164738
8511.88,0.9932347980374743
8511.89,0.9932371837652181
8511.9,0.9932395491665286
8511.91,0.993241894214784
8511.92,0.993244218870491
8511.93,0.9932465230931293
8511.94,0.9932488068373102
8511.95,0.9932449112082314
8511.96,0.9932471499246284
8511.970000000001,0.9932493679757498
8511.98,0.9932515653223843
8511.99,0.9932537418816254
8512.0,0.9932558975865781
8512.01,0.9932580323503919
8512.02,0.9932601460664925
8512.03,0.9932622386492225
8512.039999999999,0.993264309993455
8512.050000000001,0.9932663599572241
8512.06,0.9932683884311932
8512.070000000002,0.9932703952691493
8512.08,0.9932723803015773
8512.09,0.9932743433768314
8512.1,0.9932762842844047
8512.11,0.9932782028321833
8512.12,0.9932800987921594
8512.130000000001,0.9932819718911625
8512.14,0.993283821868752
8512.150000000001,0.9932856484024368
8512.16,0.9932874511620841
8512.17,0.9932892297512563
8512.18,0.9932909837293378
8512.189999999999,0.9932927126514879
8512.2,0.9932944159529371
8512.21,0.9932960930507788
8512.220000000001,0.9932977432523845
8512.23,0.99329936578502
8512.24,0.9933009597832312
8512.25,0.9933025242567872
8512.26,0.9933040580645865
8512.27,0.9933055599273622
8512.28,0.9933070283355823
8512.289999999999,0.9933084615883323
8512.300000000001,0.9933098576590834
8512.31,0.9933112142621093
8512.32,0.9933125286783333
8512.33,0.9933137977048278
8512.34,0.993315017622054
8512.35,0.9933161839622102
8512.36,0.9933172914554348
8512.37,0.9933183337208474
8512.380000000001,0.99331930315419
8512.39,0.9933201905011073
8512.400000000001,0.9933209845150587
8512.41,0.9933216713979612
8512.42,0.9933222341923367
8512.43,0.9933226518959863
8512.44,0.9933228981354054
8512.45,0.9933229319567117
8512.460000000001,0.993322716143497
8512.47,0.9933222565096567
8512.48,0.9933216254671748
8512.49,0.9933205048914784
8512.5,0.9933186813686817
8512.51,0.9933164623469071
8512.52,0.9933139992381651
8512.53,0.9933113637473437
8512.539999999999,0.9933094124656526
8512.550000000001,0.9933070641424405
8512.56,0.9933045384632084
8512.57,0.9933032784430562
8512.58,0.9933032793553598
8512.59,0.993304604577943
8512.6,0.9933067066607518
8512.61,0.9933104566292018
8512.619999999999,0.9933150255606842
8512.630000000001,0.9933191670410648
8512.64,0.9933231604100663
8512.650000000001,0.9933278671443088
8512.66,0.9933322332871554
8512.67,0.9933363137432656
8512.68,0.9933399641935733
8512.69,0.9933427536477741
8512.7,0.9933453760980332
8512.710000000001,0.993347706524826
8512.72,0.9933498065800116
8512.730000000001,0.9933516642974674
8512.74,0.9933533214901323
8512.75,0.9933548140188716
8512.76,0.9933561662308078
8512.77,0.9933573976647124
8512.78,0.9933585241372199
8512.789999999999,0.9933595584864403
8512.800000000001,0.9933605111875298
8512.81,0.9933613908258254
8512.82,0.9933622044936585
8512.83,0.99336295806992
8512.84,0.9933636564473459
8512.85,0.9933643037061646
8512.86,0.9933649032992458
8512.869999999999,0.9933654580867082
8512.880000000001,0.9933659705701773
8512.89,0.993366442804069
8512.9,0.9933668765595735
8512.91,0.9933672733493253
8512.92,0.9933672064297464
8512.93,0.993367526759259
8512.94,0.9933678133124303
8512.95,0.9933680669157944
8512.960000000001,0.9933682882657153
8512.97,0.993368477931583
8512.980000000001,0.993368636432133
8512.99,0.9933687642027521
8513.0,0.9933688616078347
8513.01,0.9933689289214923
8513.02,0.9933689664412714
8513.03,0.9933689743527614
8513.04,0.9933689528358202
8513.05,0.9933689020224938
8513.060000000001,0.9933688220319795
8513.07,0.9933687129299178
8513.08,0.9933685747643598
8513.09,0.9933684075640795
8513.1,0.9933682113553101
8513.11,0.9933679861105964
8513.119999999999,0.9933677318022772
8513.130000000001,0.9933674484061098
8513.14,0.9933671358321903
8513.15,0.9933667940377194
8513.16,0.993366422912905
8513.17,0.9933660223866831
8513.18,0.9933655923319185
8513.19,0.9933651326378466
8513.199999999999,0.9933646431771878
8513.210000000001,0.9933641238129814
8513.22,0.9933635743973541
8513.230000000001,0.9933629947651431
8513.24,0.9933623847737846
8513.25,0.9933617442340212
8513.26,0.9933610729797583
8513.27,0.9933603708191882
8513.28,0.9933596375512417
8513.29,0.993358872982813
8513.3,0.9933580768889142
8513.310000000001,0.9933572490729737
8513.32,0.9933563893085631
8513.33,0.9933554973479883
8513.34,0.9933545729606813
8513.35,0.9933536159182547
8513.36,0.9933526259430571
8513.37,0.9933516027980742
8513.380000000001,0.9933505461857924
8513.390000000001,0.9933494558740447
8513.4,0.993348331545248
8513.41,0.9933471729224489
8513.42,0.9933459797166537
8513.43,0.9933447516104931
8513.44,0.9933434882995102
8513.449999999999,0.9933421894472098
8513.460000000001,0.9933408547473948
8513.47,0.993339483844065
8513.48,0.9933380763955812
8513.49,0.9933366320409794
8513.5,0.9933351504185643
8513.51,0.9933336311542247
8513.52,0.9933320738570689
8513.53,0.9933304781343028
8513.54,0.993328843583028
8513.55,0.9933206002332112
8513.560000000001,0.9933185953484426
8513.57,0.9933165304192495
8513.58,0.9933144031429949
8513.59,0.9933122109543069
8513.6,0.9933099510230297
8513.61,0.9933076202014884
8513.62,0.9933052150164933
8513.63,0.9933027315322607
8513.640000000001,0.9933001653472396
8513.65,0.9932975115231597
8513.66,0.9932947644251613
8513.67,0.9932919176593599
8513.68,0.9932889639205181
8513.69,0.9932858947873393
8513.7,0.9932827005499067
8513.710000000001,0.9932795675754166
8513.72,0.9932760838827724
8513.73,0.9932724351420734
8513.74,0.9932686029241266
8513.75,0.9932645652527583
8513.76,0.9932602956963034
8513.77,0.9932557621567396
8513.779999999999,0.9932509253672948
8513.79,0.9932457367573838
8513.8,0.9932401356191889
8513.81,0.9932340451446082
8513.82,0.9932273683124526
8513.83,0.9932193621083848
8513.84,0.9932110544264625
8513.85,0.9932016529632899
8513.86,0.993190810246873
8513.87,0.9931780388577928
8513.88,0.9931626307392073
8513.890000000001,0.9931435013124676
8513.9,0.9931182484614526
8513.91,0.9930807372721429
8513.92,0.9930260417887365
8513.93,0.992936536122816
8513.94,0.9927825592106495
8513.95,0.9925167665797744
8513.960000000001,0.9920759591102959
8513.970000000001,0.991396851578233
8513.98,0.990468724728598
8513.990000000002,0.9893620301648625
8514.0,0.9882414784391617
8514.01,0.98739590836089
8514.02,0.9870459285668378
8514.029999999999,0.9873062989605409
8514.04,0.9880817782766573
8514.05,0.989172842180514
8514.06,0.9902857864421875
8514.07,0.9912324261936513
8514.08,0.9919398186055882
8514.09,0.9924004184601953
8514.1,0.9926762969943912
8514.11,0.9928321745314346
8514.12,0.9929175537269854
8514.13,0.9929648395332664
8514.140000000001,0.9929923530706677
8514.15,0.9930066659595879
8514.16,0.993013255954681
8514.17,0.993014852427474
8514.18,0.9930122585467223
8514.19,0.9930057099359952
8514.2,0.9929945423674034
8514.21,0.9929778391890897
8514.220000000001,0.9929554282086469
8514.23,0.9929237003531977
8514.24,0.9928760108854293
8514.25,0.9928098824523262
8514.26,0.9927251746828871
8514.27,0.9926235801450919
8514.28,0.9925194894166047
8514.29,0.9924081674934094
8514.300000000001,0.9923254223364584
8514.31,0.9922874255503262
8514.320000000002,0.992295910671181
8514.33,0.992343078827193
8514.34,0.9924340430454736
8514.35,0.9925283750852052
8514.359999999999,0.992612557340725
8514.37,0.9926905904742219
8514.38,0.9927447718935586
8514.39,0.9927754954237605
8514.4,0.9927848861290178
8514.41,0.9927762629211196
8514.42,0.992760823013034
8514.43,0.9927381183952964
8514.44,0.9927129565988693
8514.45,0.9926977715574649
8514.46,0.9926920258567717
8514.470000000001,0.9926981017944189
8514.48,0.9927158366423503
8514.49,0.9927406353817884
8514.5,0.9927691875357888
8514.51,0.9927899008085987
8514.52,0.9928053360933885
8514.53,0.9928152694311866
8514.54,0.9928198679395144
8514.550000000001,0.9928199478009656
8514.56,0.9928173582267376
8514.570000000002,0.9928131124797555
8514.58,0.9928073792732515
8514.59,0.9928005324510467
8514.6,0.9927929046684437
8514.61,0.9927846429385948
8514.62,0.9927758486242297
8514.630000000001,0.992766593377161
8514.64,0.9927569287800339
8514.65,0.9927468924767077
8514.66,0.9927365118040935
8514.67,0.9927258068949686
8514.68,0.9927147929477605
8514.69,0.992703480959722
8514.7,0.9926918787817485
8514.71,0.992679991845149
8514.720000000001,0.9926678236198633
8514.73,0.9926553760181493
8514.74,0.992642649678852
8514.75,0.9926296441387557
8514.76,0.992616358037787
8514.77,0.9926027892198052
8514.78,0.9925889348807644
8514.789999999999,0.9925747915728628
8514.800000000001,0.9925603553111861
8514.81,0.9925456216589873
8514.82,0.9925305856635235
8514.83,0.9925152419850098
8514.84,0.9924995848679844
8514.85,0.992483608183572
8514.86,0.9924673054092082
8514.87,0.9924506696804885
8514.880000000001,0.9924336937360551
8514.89,0.9924163633297112
8514.900000000001,0.9923986837664427
8514.91,0.992380640153652
8514.92,0.9923622238706897
8514.93,0.9923434258670248
8514.94,0.9923242367669771
8514.95,0.9923046467954074
8514.96,0.9922846457976925
8514.97,0.9922642232123533
8514.98,0.9922433680969491
8514.99,0.9922220690568406
8515.0,0.9922003142656983
8515.01,0.9921780914648174
8515.02,0.9921553879131427
8515.03,0.9921321903933653
8515.039999999999,0.9921084851979018
8515.050000000001,0.9920842580711206
8515.06,0.9920594942200156
8515.07,0.9920341783270518
8515.08,0.9920082944325093
8515.09,0.9919823752541327
8515.1,0.9919552878767548
8515.11,0.9919275816908703
8515.119999999999,0.9918992380893717
8515.130000000001,0.9918702377750532
8515.14,0.9918405606407003
8515.150000000001,0.991810185819118
8515.16,0.9917790916021532
8515.17,0.9917472554223453
8515.18,0.991714653791198
8515.19,0.9916812622646509
8515.2,0.9916470554029928
8515.210000000001,0.9916120067220323
8515.22,0.9915760886252877
8515.230000000001,0.9915392723643609
8515.24,0.9915015279650415
8515.25,0.9914628242024324
8515.26,0.9914231284903027
8515.27,0.9913824068272952
8515.28,0.9913406237421335
8515.289999999999,0.9912977421804169
8515.300000000001,0.9912537234795672
8515.31,0.9912085271993566
8515.32,0.9911621110963927
8515.33,0.991114430988379
8515.34,0.991065440667581
8515.35,0.9910150917954131
8515.36,0.9909633337414796
8515.369999999999,0.9909101134797179
8515.380000000001,0.9908553754738008
8515.39,0.9907990615016806
8515.4,0.9907411105077156
8515.41,0.9906814584470113
8515.42,0.9906200380693442
8515.43,0.9905567788056969
8515.44,0.9904916064701373
8515.45,0.9904243949377518
8515.460000000001,0.9903551579357239
8515.47,0.990283761619456
8515.480000000001,0.990210115202788
8515.49,0.9901341230484287
8515.5,0.9900555853204114
8515.51,0.989974589909853
8515.52,0.9898909294556455
8515.53,0.9898044856338036
8515.54,0.9897151334772222
8515.55,0.9896227409476672
8515.560000000001,0.9895271683724463
8515.57,0.9894282680068419
8515.58,0.9893258834546118
8515.59,0.9892198489713168
8515.6,0.9891096649758491
8515.61,0.9889957918424841
8515.619999999999,0.9888777089253703
8515.630000000001,0.9887788095074809
8515.64,0.988651635764671
8515.65,0.9885195803604124
8515.66,0.9883823902776636
8515.67,0.9882397959375407
8515.68,0.988091509891408
8515.69,0.9879371997247888
8515.699999999999,0.9877765861620653
8515.710000000001,0.9876096892750255
8515.72,0.98743534151232
8515.730000000001,0.9872535413835714
8515.74,0.9870638588614497
8515.75,0.9868658325362055
8515.76,0.9866589669859501
8515.77,0.9864427296159133
8515.78,0.9862165474047568
8515.79,0.9859798030888051
8515.8,0.9857318310792611
8515.810000000001,0.9854719129266301
8515.82,0.9851992721341164
8515.83,0.984913068574314
8515.84,0.9846123921765823
8515.85,0.9842962558367591
8515.86,0.9839635865144905
8515.87,0.9836132201003999
8515.880000000001,0.9832438865529719
8515.89,0.9828542016818564
8515.9,0.9824426539700356
8515.91,0.9820075903315307
8515.92,0.9815472001431997
8515.93,0.9810594970314251
8515.94,0.980542298278787
8515.949999999999,0.9799932012909869
8515.960000000001,0.9794095568398541
8515.97,0.97878843839019
8515.98,0.9781266070031219
8515.99,0.9774204710046762
8516.0,0.9766660394282293
8516.01,0.9758588683316249
8516.02,0.974993998669331
8516.03,0.974065883932863
8516.04,0.973068306040813
8516.05,0.9719942734497798
8516.060000000001,0.9708359157129716
8516.07,0.9695837266647986
8516.08,0.9682286079770352
8516.09,0.9667586675111172
8516.1,0.9651608285990368
8516.11,0.9634200866421393
8516.12,0.9615193400208786
8516.13,0.9594387773400689
8516.140000000001,0.9571555247151041
8516.15,0.9546427962244077
8516.160000000002,0.9518698119825683
8516.17,0.9488001326177762
8516.18,0.9453908992799692
8516.19,0.9416137876497727
8516.199999999999,0.9373627902097771
8516.210000000001,0.932590536112905
8516.22,0.9271211953223972
8516.23,0.9210022023841373
8516.24,0.9140720584173126
8516.25,0.906107392655519
8516.26,0.8968527349938994
8516.27,0.8859099160109917
8516.279999999999,0.8728078287270533
8516.29,0.8564630602555375
8516.3,0.8342522572610789
8516.310000000001,0.8038106648747472
8516.32,0.7585252321224389
8516.33,0.6932174292305637
8516.34,0.6093281429491412
8516.35,0.5194591095672687
8516.36,0.4395883404995068
8516.37,0.37840287619491836
8516.38,0.3363556072039912
8516.390000000001,0.3098946376047408
8516.4,0.29545186488606473
8516.41,0.29056952511867234
8516.42,0.294394007832764
8516.43,0.30759503333279853
8516.44,0.33243481470222774
8516.45,0.3724071857606098
8516.460000000001,0.431153555342428
8516.470000000001,0.5090773960757368
8516.48,0.5985388314819546
8516.490000000002,0.6839685957990275
8516.5,0.7518183519177327
8516.51,0.7992074309858078
8516.52,0.8311565733288492
8516.529999999999,0.8537747902594035
8516.54,0.8710003538892351
8516.55,0.8843941274997386
8516.56,0.8955518527785229
8516.57,0.904971140546446
8516.58,0.913061930614447
8516.59,0.9200874538046275
8516.6,0.9262768816595186
8516.61,0.9318049488309267
8516.62,0.9366379229465521
8516.63,0.9409295273817508
8516.640000000001,0.9447389824273679
8516.65,0.9481732830210563
8516.66,0.9512619428136572
8516.67,0.9540486831046301
8516.68,0.9565706836521747
8516.69,0.9588592153794435
8516.7,0.9609415895134162
8516.71,0.9628410668763961
8516.720000000001,0.9645777687112087
8516.73,0.9661690539768363
8516.740000000002,0.9676253352191142
8516.75,0.9689694158618791
8516.76,0.970208687688943
8516.77,0.971352140867832
8516.78,0.9724094812789668
8516.79,0.9733886436446577
8516.8,0.9742966546143549
8516.81,0.975139758214371
8516.82,0.9759235078953393
8516.83,0.9766528547166058
8516.84,0.9773322203133246
8516.85,0.9779655596246883
8516.859999999999,0.9785564149442523
8516.87,0.9791079623704652
8516.88,0.9796230520570952
8516.890000000001,0.9801042428818578
8516.9,0.980553832534772
8516.91,0.9809738834860211
8516.92,0.9813662453782634
8516.93,0.9817325744128362
8516.94,0.9820743499325939
8516.95,0.9823928885369474
8516.96,0.9826893561230404
8516.970000000001,0.9829647777328887
8516.98,0.9832200457377794
8516.99,0.9834559261024945
8517.0,0.9836730630451629
8517.01,0.983871982017607
8517.02,0.9840530909439206
8517.03,0.9842166798321921
8517.04,0.9843629183062358
8517.050000000001,0.9844918513041439
8517.06,0.9846033923589821
8517.070000000002,0.9846973143383396
8517.08,0.9847732370509311
8517.09,0.9848306113543479
8517.1,0.9848686987730703
8517.109999999999,0.9848865459697512
8517.12,0.9848829524533671
8517.13,0.984856430393541
8517.14,0.9848051538637851
8517.15,0.9847268951175586
8517.16,0.9846189439168967
8517.17,0.9844780049543541
8517.18,0.9843000664350811
8517.19,0.9840802304441274
8517.2,0.9838124918979763
8517.21,0.9834894478036191
8517.220000000001,0.9831019103283332
8517.23,0.9826383855510025
8517.24,0.9820843617732807
8517.25,0.9814188533715191
8517.26,0.9806153069483458
8517.27,0.9796550142592524
8517.28,0.9784913338917326
8517.289999999999,0.977060988874874
8517.300000000001,0.9752769722129331
8517.31,0.9730155214211006
8517.320000000002,0.9700889358206594
8517.33,0.9659153770451333
8517.34,0.9598645297733873
8517.35,0.9507351042515134
8517.36,0.9362273628455869
8517.37,0.9127768342090828
8517.380000000001,0.8771175072535682
8517.39,0.8282510198219735
8517.400000000001,0.770028685240772
8517.41,0.7114619248895251
8517.42,0.6603688382882653
8517.43,0.6225559602945774
8517.439999999999,0.6009079293746401
8517.45,0.5958679555127921
8517.46,0.6075681248555445
8517.470000000001,0.6358363259368556
8517.48,0.6795123422066097
8517.49,0.7344426337426079
8517.5,0.7942649662984455
8517.51,0.8494602608640701
8517.52,0.8933267384089524
8517.53,0.9239413958985737
8517.539999999999,0.9435145059757252
8517.550000000001,0.9556763236341971
8517.56,0.9633972110140013
8517.57,0.968915029571827
8517.58,0.972503606306743
8517.59,0.9752611652468243
8517.6,0.9774397306156212
8517.61,0.9791966360347877
8517.62,0.9806391842058455
8517.630000000001,0.981844072486038
8517.64,0.9828677169449801
8517.650000000001,0.9837486959673178
8517.66,0.9844998797983247
8517.67,0.9851531160375406
8517.68,0.9857248033537737
8517.69,0.9862284103483601
8517.7,0.9866747023909661
8517.710000000001,0.9870723743348423
8517.72,0.9874285116270846
8517.73,0.9877489377347232
8517.74,0.988038476295996
8517.75,0.9883011514674588
8517.76,0.9885403428141378
8517.77,0.9887589061601555
8517.78,0.9889592886869147
8517.789999999999,0.9891198103740639
8517.800000000001,0.9892896594586896
8517.81,0.9894222079380165
8517.82,0.9895675496537034
8517.83,0.9897025747756315
8517.84,0.9898282957787187
8517.85,0.9899456006368966
8517.86,0.9900552709385313
8517.869999999999,0.9901579969304083
8517.880000000001,0.9902543901838333
8517.89,0.9903449941949597
8517.900000000001,0.9904303918584341
8517.91,0.9905108146581673
8517.92,0.9905867539017708
8517.93,0.9906585581418075
8517.94,0.9907265412790405
8517.95,0.9907909867216828
8517.960000000001,0.9908521508729544
8517.97,0.9909102661940241
8517.980000000001,0.9909655915795911
8517.99,0.9910182234766085
8518.0,0.9910683855518149
8518.01,0.9911162380879608
8518.02,0.991161927830069
8518.03,0.9912055893358797
8518.039999999999,0.9912473462325727
8518.050000000001,0.9912873122265093
8518.06,0.9913255921185454
8518.07,0.991362282632698
8518.08,0.9913974731307182
8518.09,0.9914312463470405
8518.1,0.9914636789168131
8518.11,0.9914948419780555
8518.119999999999,0.9915248016415514
8518.130000000001,0.9915536193666716
8518.14,0.9915813524470329
8518.15,0.991607720460002
8518.16,0.9916334381680464
8518.17,0.9916582210577186
8518.18,0.9916821126728262
8518.19,0.9917051538491066
8518.2,0.9917273828487925
8518.210000000001,0.9917488355763701
8518.22,0.9917695457392783
8518.230000000001,0.991789545051279
8518.24,0.9918088633360628
8518.25,0.9918275286743616
8518.26,0.9918455675551016
8518.27,0.9918630049324293
8518.28,0.9918798643733209
8518.29,0.9918961681663085
8518.3,0.9919119373412838
8518.310000000001,0.9919271918338868
8518.32,0.9919419504975383
8518.33,0.991956231176248
8518.34,0.9919700508213997
8518.35,0.9919834254899487
8518.36,0.9919963704282236
8518.369999999999,0.9920089000922274
8518.380000000001,0.9920210282674652
8518.39,0.9920327680215342
8518.4,0.9920441317800455
8518.41,0.9920551313940192
8518.42,0.9920657781310634
8518.43,0.9920760827214313
8518.44,0.9920860553961497
8518.449999999999,0.9920957059012339
8518.460000000001,0.9921050435566748
8518.47,0.9921140772125814
8518.480000000001,0.9921228153397941
8518.49,0.9921312660423004
8518.5,0.9921394369973622
8518.51,0.992146500650483
8518.52,0.992154115224132
8518.53,0.9921614705823522
8518.54,0.9921685731193912
8518.55,0.9921754289539422
8518.560000000001,0.992182043921447
8518.57,0.9921884235923084
8518.58,0.9921945733117596
8518.59,0.9922004981785252
8518.6,0.9922062030332027
8518.61,0.9922116925307374
8518.62,0.9922169710963468
8518.630000000001,0.9922220429647816
8518.640000000001,0.9922269121629407
8518.65,0.9922315825423368
8518.66,0.9922360577664667
8518.67,0.9922403413081438
8518.68,0.9922444365088853
8518.69,0.9922483465005888
8518.699999999999,0.9922520742685945
8518.710000000001,0.9922556226736995
8518.72,0.9922589943761329
8518.73,0.9922621919235836
8518.74,0.992265217703858
8518.75,0.9922680739512398
8518.76,0.9922707627761921
8518.77,0.9922732861511453
8518.78,0.9922756459065459
8518.79,0.9922778437352631
8518.8,0.9922798811931945
8518.810000000001,0.9922817597127269
8518.82,0.9922834805851083
8518.83,0.9922850449588563
8518.84,0.9922864538718609
8518.85,0.9922877081905477
8518.86,0.9922888086609302
8518.87,0.9922897558968389
8518.88,0.9922905503509398
8518.890000000001,0.9922911923303352
8518.9,0.9922916819975425
8518.91,0.9922920193429632
8518.92,0.9922922042086221
8518.93,0.9922922362427621
8518.94,0.9922921149137811
8518.95,0.9922918395230139
8518.960000000001,0.992291409141271
8518.97,0.9922908226134994
8518.98,0.9922900785911767
8518.99,0.9922891754408103
8519.0,0.9922881112612316
8519.01,0.9922868838583498
8519.02,0.9922854907062887
8519.029999999999,0.9922839289157203
8519.04,0.9922821951911289
8519.05,0.9922802858021743
8519.06,0.9922781965040571
8519.07,0.9922759224918665
8519.08,0.9922734583012907
8519.09,0.9922707977251299
8519.1,0.9922679337012728
8519.11,0.9922648581679598
8519.12,0.9922615618931088
8519.13,0.9922580342480246
8519.140000000001,0.9922542629460294
8519.15,0.9922502337231836
8519.16,0.9922459298473779
8519.17,0.9922413316518317
8519.18,0.992236415714988
8519.19,0.9922311539465246
8519.2,0.992225512278139
8519.210000000001,0.9922194489159964
8519.220000000001,0.9922129118631611
8519.23,0.9922058284258275
8519.240000000002,0.9921981241865703
8519.25,0.992189692086251
8519.26,0.9921803783886419
8519.27,0.9921699728858546
8519.279999999999,0.9921581794800618
8519.29,0.9921445649613903
8519.3,0.9921284612197905
8519.31,0.9921070598048114
8519.32,0.9920796008140264
8519.33,0.9920409786433275
8519.34,0.9919832940204891
8519.35,0.9918941790321963
8519.36,0.9917581600169378
8519.37,0.9915603091004994
8519.38,0.9912906212094746
8519.390000000001,0.9909745506892432
8519.4,0.9906390045829272
8519.41,0.9903593773039268
8519.42,0.9902078139971695
8519.43,0.990211978203466
8519.44,0.9903656802040423
8519.45,0.9906346148235728
8519.46,0.9909375057360102
8519.470000000001,0.991208265972258
8519.48,0.9914252849656917
8519.49,0.9915687033360004
8519.5,0.991649672114024
8519.51,0.9916838347441639
8519.52,0.9916848021094972
8519.53,0.9916625032250073
8519.54,0.9916217786213917
8519.550000000001,0.991564287306928
8519.56,0.991491191832807
8519.570000000002,0.9914008939051248
8519.58,0.9912749738889695
8519.59,0.9911275927575062
8519.6,0.9909611131730995
8519.609999999999,0.9908139031630525
8519.62,0.9906510212080674
8519.63,0.9905011466723646
8519.64,0.9904305970325699
8519.65,0.990415102465724
8519.66,0.9904552178679276
8519.67,0.9905747127816846
8519.68,0.9907103964112866
8519.69,0.9908295399947311
8519.7,0.9909683106955904
8519.71,0.9910889510878464
8519.720000000001,0.9911889572653885
8519.73,0.9912543473512597
8519.74,0.9913035680394169
8519.75,0.9913404372991972
8519.76,0.991365452037318
8519.77,0.9913802638395649
8519.78,0.9913872266158127
8519.789999999999,0.9913877553043039
8519.800000000001,0.9913828338089372
8519.81,0.9913731928517525
8519.820000000002,0.9913593749599072
8519.83,0.9913417798719985
8519.84,0.99132069669637
8519.85,0.9912963255270086
8519.86,0.9912687978127662
8519.87,0.9912381856218198
8519.880000000001,0.9912045109353708
8519.89,0.9911677516052386
8519.9,0.9911278453718082
8519.91,0.9910846922474227
8519.92,0.9910381555326458
8519.93,0.9909880617267429
8519.94,0.9909341993590186
8519.95,0.9908763167260954
8519.96,0.9908141187348775
8519.970000000001,0.9907472624031068
8519.98,0.9906753513179164
8519.99,0.990597928560557
8520.0,0.9905144200874522
8520.01,0.9904243148711788
8520.02,0.9903268662278196
8520.03,0.9902212653487904
8520.039999999999,0.9901064747527687
8520.050000000001,0.9899815948614876
8520.06,0.9898452537312722
8520.07,0.9896959498350472
8520.08,0.9895319089424464
8520.09,0.9893510219889078
8520.1,0.9891507652509158
8520.11,0.9889516956297966
8520.12,0.9887028621966134
8520.130000000001,0.9884233867761201
8520.14,0.9881076645470627
8520.150000000001,0.9877486619620668
8520.16,0.9873368734989177
8520.17,0.9868564222830536
8520.18,0.9863025750779881
8520.19,0.9856534922551912
8520.2,0.9848787969589264
8520.21,0.9839370444525519
8520.22,0.9827698291803776
8520.23,0.9812903374953932
8520.24,0.9793571747937947
8520.25,0.9764083927259094
8520.26,0.9721854419881676
8520.27,0.9653038852466437
8520.28,0.9537656786481079
8520.289999999999,0.9344152416785382
8520.300000000001,0.9039402567677953
8520.31,0.8608719630637532
8520.32,0.8078521482354548
8520.33,0.7527078041943192
8520.34,0.7030071592857448
8520.35,0.6653456563520327
8520.36,0.6433465515451147
8520.369999999999,0.6379041516270516
8520.380000000001,0.6493203879833274
8520.39,0.6771094903873767
8520.400000000001,0.7195786983773723
8520.41,0.771884277702937
8520.42,0.8268582814575614
8520.43,0.8764479358760002
8520.44,0.9144012499136732
8520.45,0.9398200482420611
8520.460000000001,0.9552290095697417
8520.47,0.9639809506807708
8520.480000000001,0.968907213436624
8520.49,0.9716416964909801
8520.5,0.9731750323508611
8520.51,0.9737819340094772
8520.519999999999,0.9738095569235871
8520.53,0.9733107613568052
8520.539999999999,0.97227326363812
8520.550000000001,0.9706255338117735
8520.56,0.9682186361414563
8520.57,0.9645078584855845
8520.58,0.958928147604432
8520.59,0.9502121983193668
8520.6,0.935935175121238
8520.61,0.9122604843442201
8520.619999999999,0.8750751040058556
8520.630000000001,0.8223373468628788
8520.64,0.75745671673356
8520.65,0.6893553112929693
8520.66,0.6284676464348008
8520.67,0.5810696243867477
8520.68,0.5502600405947708
8520.69,0.5363567995612888
8520.7,0.5390085835552545
8520.710000000001,0.5582451096528627
8520.72,0.5944866403846852
8520.730000000001,0.6466948520137491
8520.74,0.7105701096742078
8520.75,0.778837190885142
8520.76,0.8405275683324469
8520.77,0.8883631643579849
8520.78,0.9210605415447346
8520.79,0.941632349567821
8520.8,0.9543998721502093
8520.810000000001,0.9624635843988927
8520.82,0.9681881650176132
8520.83,0.972036009515262
8520.84,0.9749464519617028
8520.85,0.9772287058511916
8520.86,0.9790515390510784
8520.869999999999,0.9805378085213389
8520.880000000001,0.9817726534375893
8520.89,0.9828148672847612
8520.9,0.9837099041984497
8520.91,0.9844725486535041
8520.92,0.9851307867862257
8520.93,0.9857047486689707
8520.94,0.9862084561738496
8520.949999999999,0.9866530882817327
8520.960000000001,0.9870476541880355
8520.97,0.9873994804461662
8520.980000000001,0.9877145824195185
8520.99,0.9879979633609216
8521.0,0.9882537325152206
8521.01,0.988485400948657
8521.02,0.98869591455025
8521.03,0.9888877769190326
8521.04,0.9890394956469025
8521.05,0.9892001335448568
8521.060000000001,0.9893476851109477
8521.07,0.9894835246345294
8521.08,0.9896088483671727
8521.09,0.9897247017890674
8521.1,0.98983200197231
8521.11,0.9899315562679962
8521.12,0.9900240777073299
8521.130000000001,0.9901101981660558
8521.14,0.9901905763928366
8521.15,0.9902655152849192
8521.16,0.9903355627343908
8521.17,0.9904011195165563
8521.18,0.990462545635653
8521.19,0.9905201652394293
8521.199999999999,0.9905742708512143
8521.210000000001,0.9906251270614953
8521.22,0.990672973637971
8521.23,0.9907180757532499
8521.24,0.9907605364202073
8521.25,0.990800583952722
8521.26,0.9908383832042783
8521.27,0.9908740850541399
8521.28,0.9909078276834355
8521.29,0.9909397379144396
8521.3,0.9909699322891508
8521.310000000001,0.9909985181092321
8521.32,0.9910255942403657
8521.33,0.9910512519295005
8521.34,0.9910755755566764
8521.35,0.9910986431631756
8521.36,0.9911205270557445
8521.37,0.9911412943540401
8521.38,0.9911610073620818
8521.390000000001,0.9911797240027947
8521.4,0.991197498218413
8521.410000000002,0.9912143802670629
8521.42,0.9912304169920831
8521.43,0.9912456521898791
8521.44,0.9912601267530289
8521.449999999999,0.9912738789516954
8521.460000000001,0.9912869446222016
8521.47,0.9912993573242888
8521.48,0.9913111485798366
8521.49,0.9913223479604464
8521.5,0.9913329832317357
8521.51,0.9913430805365184
8521.52,0.9913526644691657
8521.529999999999,0.9913617581789422
8521.54,0.9913703834864528
8521.55,0.9913785609950405
8521.560000000001,0.9913863101200223
8521.57,0.9913936492205927
8521.58,0.9914005956293123
8521.59,0.9914071657734036
8521.6,0.9914133751645905
8521.61,0.9914192385008819
8521.62,0.9914247697145316
8521.63,0.991429982019373
8521.640000000001,0.991434887937702
8521.65,0.9914394993721046
8521.66,0.9914438276048152
8521.67,0.9914478833842185
8521.68,0.9914516769054106
8521.69,0.9914552178921928
8521.7,0.991458515567435
8521.710000000001,0.9914615787368223
8521.720000000001,0.9914644157850194
8521.73,0.9914670346992536
8521.740000000002,0.9914694431156733
8521.75,0.9914716482959537
8521.76,0.9914736571634962
8521.77,0.99147547636941
8521.779999999999,0.9914771122285679
8521.79,0.9914785707988711
8521.8,0.9914798578748022
8521.81,0.9914809789854958
8521.82,0.9914819394290648
8521.83,0.9914827442641789
8521.84,0.9914833983535263
8521.85,0.9914839063644281
8521.86,0.9914842727413357
8521.87,0.9914845017639332
8521.88,0.9914845975434864
8521.890000000001,0.9914845639885271
8521.9,0.9914844049129989
8521.91,0.9914841239081909
8521.92,0.9914837244832075
8521.93,0.9914832099744401
8521.94,0.991482583599306
8521.95,0.9914818484381317
8521.96,0.9914810074886805
8521.970000000001,0.991480063604998
8521.98,0.9914790195189337
8521.990000000002,0.991477877906947
8522.0,0.9914766413284156
8522.01,0.9914753121718448
8522.02,0.9914738928687677
8522.03,0.9914723856956685
8522.04,0.9914707928508323
8522.050000000001,0.9914691164534157
8522.06,0.9914673585507641
8522.07,0.9914655211209612
8522.08,0.991463606061128
8522.09,0.9914616152245298
8522.1,0.9914595503710631
8522.109999999999,0.991457413230806
8522.12,0.9914552054439354
8522.13,0.9914529286255377
8522.140000000001,0.9914505843158955
8522.15,0.9914481740077409
8522.16,0.9914456991468705
8522.17,0.9914431611458948
8522.18,0.9914405613435372
8522.19,0.9914379010492218
8522.2,0.9914351815345127
8522.21,0.9914324040274087
8522.220000000001,0.9914295696977806
8522.23,0.9914266797240796
8522.24,0.9914237351996671
8522.25,0.9914207372018172
8522.26,0.9914176867816052
8522.27,0.9914145849547727
8522.28,0.9914114326926798
8522.29,0.9914082309614877
8522.300000000001,0.9914049806745591
8522.31,0.9914016827256373
8522.320000000002,0.991398337997833
8522.33,0.9913949473113547
8522.34,0.9913915115054034
8522.35,0.9913880313515303
8522.36,0.9913845076309606
8522.37,0.9913809410993641
8522.38,0.9913773324805033
8522.39,0.9913736824641893
8522.4,0.9913699917577897
8522.41,0.9913662610059542
8522.42,0.9913624908642532
8522.43,0.9913586819644576
8522.44,0.9913548349113105
8522.45,0.9913509503000537
8522.46,0.9913470287201251
8522.470000000001,0.991343070723236
8522.48,0.9913390768486767
8522.49,0.9913350476421822
8522.5,0.9913309835931267
8522.51,0.991326885245505
8522.52,0.9913227530537567
8522.53,0.9913185875176902
8522.539999999999,0.9913143890733966
8522.550000000001,0.991310158199106
8522.56,0.9913058953208728
8522.570000000002,0.9913016008716424
8522.58,0.9912972752667647
8522.59,0.9912929188963583
8522.6,0.9912885321853099
8522.61,0.9912841154881171
8522.62,0.9912796692010475
8522.630000000001,0.9912751936791359
8522.64,0.9912706892871026
8522.650000000001,0.9912661563641787
8522.66,0.9912615952544828
8522.67,0.9912570062806638
8522.68,0.9912523897579265
8522.689999999999,0.9912477460243998
8522.7,0.9912430753711232
8522.71,0.9912383304594792
8522.720000000001,0.9912336067894351
8522.73,0.9912288570705107
8522.74,0.9912240815919884
8522.75,0.9912192805924048
8522.76,0.9912144543640403
8522.77,0.9912096031395958
8522.78,0.991204727204553
8522.789999999999,0.9911998267742342
8522.800000000001,0.991194902096405
8522.81,0.9911899534112905
8522.82,0.9911849809396034
8522.83,0.9911799848888512
8522.84,0.9911749655128519
8522.85,0.99116992298545
8522.86,0.9911648575338846
8522.87,0.9911597693616508
8522.880000000001,0.9911546586513027
8522.89,0.9911495256062324
8522.900000000001,0.9911443704143909
8522.91,0.9911391932582381
8522.92,0.9911339943190293
8522.93,0.9911287737684017
8522.94,0.9911481022811865
8522.95,0.99114264767432
8522.960000000001,0.9911371741861477
8522.97,0.9911316819339219
8522.980000000001,0.9911261710223486
8522.99,0.9911206415907386
8523.0,0.9911150937513752
8523.01,0.9911095276143034
8523.02,0.9911039432952405
8523.03,0.991098340908875
8523.039999999999,0.9910927205522579
8523.050000000001,0.9910870823381633
8523.06,0.9910814263438343
8523.07,0.9910757527002093
8523.08,0.9910700614905427
8523.09,0.9910643528103923
8523.1,0.9910586267490452
8523.11,0.9910528833907531
8523.119999999999,0.99104712284799
8523.130000000001,0.9910413451763951
8523.14,0.9910355504863356
8523.150000000001,0.9910297388338306
8523.16,0.9910239103243824
8523.17,0.9910180650174453
8523.18,0.9910122030053845
8523.19,0.9910063243456146
8523.2,0.9910004291194676
8523.210000000001,0.9909945173971566
8523.22,0.9909885892502781
8523.230000000001,0.9909826447530541
8523.24,0.9909766839540239
8523.25,0.9909707069253263
8523.26,0.9909647137371155
8523.27,0.9909587044472421
8523.28,0.9909526791128578
8523.289999999999,0.990946637799203
8523.300000000001,0.9909405805561422
8523.31,0.9909345074393673
8523.32,0.9909284185122574
8523.33,0.9909223138263705
8523.34,0.9909161934144369
8523.35,0.9909100573586225
8523.36,0.9909039056830371
8523.369999999999,0.9908977384524702
8523.380000000001,0.9908915557078802
8523.39,0.9908853574895089
8523.4,0.9908794688232759
8523.41,0.990872289603157
8523.42,0.990866039481718
8523.43,0.9908597740767877
8523.44,0.9908534934278421
8523.45,0.9908471975654042
8523.460000000001,0.9908408865451069
8523.47,0.9908345603847989
8523.480000000001,0.9908282191395597
8523.49,0.9908218628437994
8523.5,0.9908154915019908
8523.51,0.9908091051794593
8523.52,0.9908027038988224
8523.53,0.9907962877013947
8523.54,0.9907898566048664
8523.55,0.990783410632538
8523.560000000001,0.990776949830587
8523.57,0.9907704742158773
8523.58,0.9907639838245887
8523.59,0.9907574786769522
8523.6,0.9907509588087836
8523.61,0.9907444242422707
8523.619999999999,0.9907378749936268
8523.630000000001,0.9907313110924043
8523.64,0.9907247325627575
8523.65,0.9907181394225747
8523.66,0.9907115316957407
8523.67,0.9907049094166054
8523.68,0.9906981737725946
8523.69,0.990691522017284
8523.699999999999,0.9906851827159142
8523.710000000001,0.9906785003192728
8523.72,0.9906718034730375
8523.73,0.9906650921877086
8523.74,0.9906583664874435
8523.75,0.9906516263728185
8523.76,0.9906448718805402
8523.77,0.9906381030036511
8523.78,0.9906313197712672
8523.79,0.9906245221911412
8523.8,0.9906177102775776
8523.810000000001,0.9906108840430743
8523.82,0.9906040435063095
8523.83,0.9905971886661993
8523.84,0.9905903195544771
8523.85,0.9905834361609128
8523.86,0.9905765385146044
8523.87,0.9905696266055473
8523.880000000001,0.9905627004762274
8523.890000000001,0.9905557600841313
8523.9,0.990548805496659
8523.91,0.9905418366809197
8523.92,0.9905348536533429
8523.93,0.9905278564273815
8523.94,0.9905208450154785
8523.949999999999,0.9905438789610886
8523.960000000001,0.9905366533972402
8523.97,0.9905294153671342
8523.98,0.99052216485148
8523.99,0.9905149018402954
8524.0,0.9905076263032285
8524.01,0.990500338240169
8524.02,0.9904930376144258
8524.03,0.9904857244229898
8524.04,0.9904783986549287
8524.05,0.9904710602952047
8524.060000000001,0.9904637093143157
8524.07,0.9904563457031468
8524.08,0.9904489694525048
8524.09,0.9904415805467789
8524.1,0.9904341789624402
8524.11,0.9904267646788697
8524.12,0.9904193376854191
8524.13,0.9904118979760996
8524.140000000001,0.9904044455193117
8524.15,0.9903969803020248
8524.16,0.9903895023105987
8524.17,0.9903820115275864
8524.18,0.9903745079412983
8524.19,0.9903669915116976
8524.2,0.9903594622590677
8524.210000000001,0.9903519201457617
8524.22,0.9903443651450047
8524.23,0.9903367972624729
8524.24,0.9903292164603091
8524.25,0.9903216227474813
8524.26,0.9903140160677224
8524.27,0.9903063964321411
8524.279999999999,0.9902987638211805
8524.29,0.9902911182111035
8524.3,0.9902834595934715
8524.31,0.990275787938312
8524.32,0.9902681032273396
8524.33,0.9902604054540491
8524.34,0.9902526945887112
8524.35,0.9902449706262261
8524.36,0.9902372335384665
8524.37,0.9902294833165819
8524.38,0.9902217199318023
8524.390000000001,0.9902139433750096
8524.4,0.990206153615312
8524.41,0.9901983506481296
8524.42,0.9901905344522393
8524.43,0.9901827049997552
8524.44,0.9901748622755081
8524.45,0.9901670062754478
8524.46,0.9901591369590551
8524.470000000001,0.9901512543258109
8524.48,0.9901433583482168
8524.490000000002,0.9901354489995531
8524.5,0.9901275262685372
8524.51,0.9901195901455576
8524.52,0.9901116405912935
8524.529999999999,0.9901036776099835
8524.54,0.9900957011670501
8524.55,0.9900877112403416
8524.56,0.990079707819027
8524.57,0.990071690881758
8524.58,0.9900636604018592
8524.59,0.9900556163620615
8524.6,0.9900475587558536
8524.61,0.9900394875443882
8524.62,0.9900314027252342
8524.63,0.9900233042645105
8524.640000000001,0.9900151921390444
8524.65,0.9900070663518201
8524.66,0.9899989268624659
8524.67,0.9899907736504687
8524.68,0.9899826067098096
8524.69,0.9899744259981517
8524.7,0.9899662315240834
8524.71,0.989958023239992
8524.720000000001,0.9899498011337533
8524.73,0.9899415651900352
8524.74,0.9899333153870504
8524.75,0.9899250516906495
8524.76,0.9899167741020943
8524.77,0.9899084825947357
8524.78,0.9899001771305596
8524.79,0.9898918577040495
8524.800000000001,0.9898835242811566
8524.81,0.9898751768634437
8524.820000000002,0.9898668153989696
8524.83,0.9898584398890269
8524.84,0.9898500503035657
8524.85,0.9898416466295573
8524.859999999999,0.9898332288223276
8524.87,0.989824796887732
8524.88,0.9898163507862817
8524.89,0.989807890504166
8524.9,0.9897994160111885
8524.91,0.9897909272978562
8524.92,0.9897824243338986
8524.93,0.9897739070968908
8524.94,0.9897653755589646
8524.95,0.9897568297038848
8524.96,0.9897482695144334
8524.970000000001,0.9897396949601068
8524.98,0.9897311060184018
8524.99,0.9897225026716044
8525.0,0.9897138848871622
8525.01,0.9897052526584065
8525.02,0.9896966059556803
8525.03,0.9896879447450975
8525.039999999999,0.9896792690154889
8525.050000000001,0.9896705787439452
8525.06,0.989661873901608
8525.070000000002,0.9896531544612415
8525.08,0.9896444203961116
8525.09,0.9896356717062209
8525.1,0.989626908338929
8525.11,0.989618130294813
8525.12,0.9896093375407763
8525.130000000001,0.9896005300451405
8525.14,0.9895917077891855
8525.15,0.9895828707440181
8525.16,0.9895740189100063
8525.17,0.9895651522266238
8525.18,0.9895562706855039
8525.19,0.9895473742775518
8525.2,0.9895384629509484
8525.21,0.9895295367065217
8525.220000000001,0.9895205955014373
8525.23,0.9895116393209684
8525.24,0.9895026681326029
8525.25,0.9894936819132101
8525.26,0.9894846806396322
8525.27,0.9894756642877331
8525.28,0.9894666328337058
8525.289999999999,0.9894575862481928
8525.300000000001,0.9894485245165427
8525.31,0.9894394475922871
8525.32,0.989430355474936
8525.33,0.9894212481082537
8525.34,0.9894121254955812
8525.35,0.9894029876011522
8525.36,0.9893938343910775
8525.37,0.9893846658578742
8525.380000000001,0.9893754819506588
8525.39,0.989371059634036
8525.400000000001,0.9893618324467643
8525.41,0.9893525898571469
8525.42,0.9893433318592552
8525.43,0.9893340584098996
8525.44,0.9893247694904455
8525.45,0.9893154650649322
8525.46,0.9893061451194508
8525.47,0.9892968096123209
8525.48,0.9892874585315022
8525.49,0.9892780918357212
8525.5,0.9892687095010944
8525.51,0.9892593115181739
8525.52,0.9892498978378954
8525.53,0.9892404684311497
8525.539999999999,0.9892310232796034
8525.550000000001,0.9892215623417564
8525.56,0.989212085621356
8525.57,0.9892025930578474
8525.58,0.9891930846451024
8525.59,0.9891835603366398
8525.6,0.9891740201161179
8525.61,0.9891644404210643
8525.619999999999,0.9891548680618945
8525.630000000001,0.9891452797046966
8525.64,0.9891356753105212
8525.650000000001,0.989126054870462
8525.66,0.9891401162410837
8525.67,0.9891304614945983
8525.68,0.9891207905944933
8525.69,0.9891111035150836
8525.7,0.9891014002245699
8525.710000000001,0.9890916807071676
8525.72,0.989081944921193
8525.730000000001,0.9890721928334173
8525.74,0.9890624244297572
8525.75,0.9890526396588739
8525.76,0.9890428385098574
8525.769999999999,0.989033020953365
8525.78,0.9890231869335908
8525.789999999999,0.9890133364491256
8525.800000000001,0.9890034694503741
8525.81,0.9889935859224517
8525.82,0.988983685830836
8525.83,0.988973769125597
8525.84,0.9889638358045799
8525.85,0.9889538858157768
8525.86,0.9889439191399397
8525.869999999999,0.9889339357368805
8525.880000000001,0.988923935578159
8525.89,0.9889139186469615
8525.9,0.9889038848901205
8525.91,0.9888938342753343
8525.92,0.9888837668038392
8525.93,0.9888736823922811
8525.94,0.9888635810451188
8525.95,0.9888534627314606
8525.960000000001,0.9888433274036671
8525.97,0.9888331750278506
8525.980000000001,0.9888230055894326
8525.99,0.9888128190297872
8526.0,0.9888026153448342
8526.01,0.988792394803869
8526.02,0.9887821570594022
8526.03,0.9887719020792568
8526.04,0.9887616298243791
8526.05,0.9887513402589461
8526.060000000001,0.9887410333707659
8526.07,0.9887307090919742
8526.08,0.9887203674208661
8526.09,0.9887100083042103
8526.1,0.9886996317148863
8526.11,0.9886892376110223
8526.119999999999,0.9886788259749487
8526.130000000001,0.988668396752437
8526.14,0.9886579499268385
8526.15,0.9886474854426878
8526.16,0.9886370032893423
8526.17,0.9886265034123473
8526.18,0.9886159857747195
8526.19,0.9886054503659176
8526.199999999999,0.9885948971228999
8526.210000000001,0.9885843260247789
8526.22,0.9885737370282766
8526.230000000001,0.9885631301027747
8526.24,0.9885525052022265
8526.25,0.9885418623146645
8526.26,0.9885312013753226
8526.27,0.9885205223646153
8526.28,0.9885098252276252
8526.29,0.9884991099581408
8526.3,0.9884883764982407
8526.310000000001,0.9884776247998408
8526.32,0.9884668548482056
8526.33,0.9884560666059611
8526.34,0.9884452600030473
8526.35,0.9884344350311962
8526.36,0.9884235916442794
8526.37,0.9884127298100603
8526.380000000001,0.988401849475186
8526.39,0.988390950612718
8526.4,0.9883800331763543
8526.41,0.9883690971395789
8526.42,0.9883576535878169
8526.43,0.9883466696452151
8526.44,0.9883356666298334
8526.449999999999,0.9883246444653406
8526.460000000001,0.9883136031321266
8526.47,0.9883025425442564
8526.48,0.9882914626484882
8526.49,0.9882803633956088
8526.5,0.9882692447124647
8526.51,0.988258106536157
8526.52,0.9882469488071273
8526.53,0.9882357714580353
8526.54,0.9882245744276568
8526.55,0.9882133576311394
8526.560000000001,0.9882021210055778
8526.57,0.9881908644782632
8526.58,0.988179587954247
8526.59,0.9881682913839414
8526.6,0.9881569746794221
8526.61,0.9881456377506066
8526.62,0.9881342805024974
8526.63,0.9881229028552173
8526.640000000001,0.9881115047096805
8526.65,0.9881000859660992
8526.660000000002,0.9880886465356283
8526.67,0.9880771863013874
8526.68,0.9880657051521241
8526.69,0.9880542029782327
8526.699999999999,0.988042679645091
8526.710000000001,0.9880311350316336
8526.72,0.988019569000667
8526.73,0.9880079814222359
8526.74,0.987996372137787
8526.75,0.9879847409654147
8526.76,0.9879730877543443
8526.77,0.9879614123280387
8526.779999999999,0.9879497144976327
8526.79,0.9879379940319236
8526.8,0.9879262507450749
8526.810000000001,0.9879144843756715
8526.82,0.987902694675695
8526.83,0.9878908813652637
8526.84,0.9878790441514698
8526.85,0.9878671827152135
8526.86,0.987855296696215
8526.87,0.9878433857257167
8526.88,0.9878314493696464
8526.890000000001,0.987819487177208
8526.9,0.9878074986516115
8526.91,0.9877954832205914
8526.92,0.9877834402795834
8526.93,0.9877713691385442
8526.94,0.9877592690447501
8526.95,0.9877471391435497
8526.960000000001,0.987734978478208
8526.970000000001,0.9877227859852908
8526.98,0.9877105604363304
8526.990000000002,0.9876983004910804
8527.0,0.9876860045524746
8527.01,0.9876736709421075
8527.02,0.9876612975062837
8527.029999999999,0.9876488818923326
8527.04,0.9876364213603226
8527.05,0.9876239127065987
8527.06,0.9876113521894923
8527.07,0.9875987354298613
8527.08,0.9875860571829242
8527.09,0.987573311242817
8527.1,0.9875604901457802
8527.11,0.9875475848662344
8527.12,0.9875345843915802
8527.13,0.9875214751855526
8527.140000000001,0.9875082405039618
8527.15,0.9874948593184049
8527.16,0.9874813048336559
8527.17,0.9874675430751815
8527.18,0.9874535302842073
8527.19,0.9874392079610251
8527.2,0.9874244978682982
8527.21,0.9874092935884367
8527.220000000001,0.9873934473279963
8527.23,0.987376748920786
8527.240000000002,0.9873587814009587
8527.25,0.9873389916353841
8527.26,0.9873172221555442
8527.27,0.9872924950397917
8527.28,0.9872618281120215
8527.29,0.9872240237388582
8527.300000000001,0.9871800116012969
8527.31,0.9871281118157306
8527.32,0.9870778077781508
8527.33,0.9870236566130985
8527.34,0.9869784161478614
8527.35,0.9869523974705919
8527.359999999999,0.9869426223741729
8527.37,0.9869478981602982
8527.38,0.9869723170335396
8527.390000000001,0.9869998922333834
8527.4,0.9870213089890121
8527.41,0.9870438673211087
8527.42,0.9870577833939104
8527.43,0.9870633098449577
8527.44,0.9870597613406148
8527.45,0.9870508005523306
8527.46,0.9870397341646873
8527.470000000001,0.9870292332528068
8527.48,0.9870207118736948
8527.49,0.9870148461709015
8527.5,0.9870108410625493
8527.51,0.9870068219080681
8527.52,0.9870014035389578
8527.53,0.986994083472906
8527.54,0.9869848707581481
8527.550000000001,0.9869742582118279
8527.56,0.9869643065009109
8527.570000000002,0.9869517332878234
8527.58,0.9869390165942957
8527.59,0.9869261756738549
8527.6,0.9869132259142842
8527.61,0.9869001797060482
8527.62,0.9868870471151016
8527.63,0.9868738363634474
8527.64,0.9868605542314277
8527.65,0.9868472063391096
8527.66,0.986833797348022
8527.67,0.9868203311628377
8527.68,0.9868068110619213
8527.69,0.9867932398312173
8527.7,0.9867796197790172
8527.71,0.9867659528813256
8527.720000000001,0.9867522407946613
8527.73,0.9867384849502863
8527.74,0.9867246865397735
8527.75,0.9867108465658617
8527.76,0.9866969658685267
8527.77,0.9866830451486046
8527.78,0.9866690850142484
8527.789999999999,0.9866550859181513
8527.800000000001,0.9866410482526479
8527.81,0.9866269723088568
8527.820000000002,0.9866128583270654
8527.83,0.9865987064504711
8527.84,0.9865845167816859
8527.85,0.9865702893404994
8527.86,0.9865560241332294
8527.87,0.9865417211027905
8527.880000000001,0.9865273801353724
8527.89,0.9865130003933914
8527.900000000001,0.9864985830534074
8527.91,0.9864841272153332
8527.92,0.9864696326283126
8527.93,0.9864550989764801
8527.939999999999,0.9864405259481408
8527.95,0.9864259131607114
8527.96,0.9864112602036147
8527.970000000001,0.9863965666520663
8527.98,0.986381832024177
8527.99,0.986367055821256
8528.0,0.9863522374837941
8528.01,0.9863373764522131
8528.02,0.9863224720883298
8528.03,0.9863075237233816
8528.039999999999,0.9862925306500248
8528.050000000001,0.9862774921398413
8528.06,0.9862624073768842
8528.07,0.9862472755603031
8528.08,0.9862320957604869
8528.09,0.9862168670560216
8528.1,0.9862015884467585
8528.11,0.9861862588744211
8528.12,0.9861708772287006
8528.130000000001,0.9861554423261434
8528.14,0.9861399529200247
8528.150000000001,0.9861244076638587
8528.16,0.9861088051617817
8528.17,0.9860931439212598
8528.18,0.9860774223565426
8528.19,0.9860616388019453
8528.2,0.9860457914522658
8528.210000000001,0.9860298784428552
8528.22,0.9860138977487344
8528.230000000001,0.9859978472042953
8528.24,0.9859817245390661
8528.25,0.9859655273333437
8528.26,0.9859492529871701
8528.27,0.9859328987241037
8528.28,0.9859164615905446
8528.289999999999,0.9859004062712022
8528.300000000001,0.9858837837396504
8528.31,0.9858670684685766
8528.32,0.9858502565761998
8528.33,0.9858333438613139
8528.34,0.9858163258302408
8528.35,0.9857983714841295
8528.36,0.9857811191261717
8528.369999999999,0.985763745647415
8528.380000000001,0.9857462450142858
8528.39,0.985728610664255
8528.4,0.9857108355250609
8528.41,0.985692911918995
8528.42,0.9856748315124387
8528.43,0.9856565852616278
8528.44,0.985638163329442
8528.45,0.9856195549863045
8528.460000000001,0.985600748542985
8528.47,0.9855817311657851
8528.480000000001,0.9855624888675332
8528.49,0.9855430062610101
8528.5,0.9855232664601462
8528.51,0.9855032508415167
8528.52,0.9854829388921981
8528.53,0.9854623079044343
8528.54,0.9854413327609698
8528.550000000001,0.9854199855234479
8528.56,0.9853982351352845
8528.57,0.9853760469542506
8528.58,0.9853533822032323
8528.59,0.9853301974325684
8528.6,0.9853064437703105
8528.61,0.9852820661133749
8528.619999999999,0.9852570021038972
8528.630000000001,0.9852311810107677
8528.64,0.9852045222793924
8528.65,0.9851769338642933
8528.66,0.9851483101694424
8528.67,0.9851185296134002
8528.68,0.9850874515770534
8528.69,0.9850549127093422
8528.7,0.985020722316252
8528.710000000001,0.9849846566803452
8528.72,0.9849464518890388
8528.730000000001,0.9849057947811316
8528.74,0.9848623114212359
8528.75,0.9848155522641797
8528.76,0.9847649729308137
8528.77,0.9847099088992507
8528.78,0.9846495419920679
8528.79,0.9845828553731665
8528.8,0.9845085720988495
8528.810000000001,0.9844250703713743
8528.82,0.9843301841969762
8528.83,0.9842213056559939
8528.84,0.9840948689302464
8528.85,0.9839459439833405
8528.86,0.9837677592807862
8528.869999999999,0.9835507987276271
8528.880000000001,0.9832813163618886
8528.89,0.9829387468683941
8528.9,0.9824587232525149
8528.91,0.9818057165275031
8528.92,0.9809011870797929
8528.93,0.9795720684838589
8528.94,0.9775695643627887
8528.949999999999,0.9747110073573916
8528.960000000001,0.9708640197733439
8528.97,0.9661487221089519
8528.98,0.9610841561582754
8528.99,0.9559931680751015
8529.0,0.9523107632147765
8529.01,0.9507347088283844
8529.02,0.9515918257716286
8529.03,0.9545338173868977
8529.04,0.9593158802873848
8529.05,0.964459139384436
8529.060000000001,0.9692043800896416
8529.07,0.9733950224829565
8529.08,0.9765210217657214
8529.09,0.9787418828104959
8529.1,0.9802234503517477
8529.11,0.9811955190591841
8529.12,0.9818736974210437
8529.130000000001,0.9823644879074585
8529.140000000001,0.9826985447638658
8529.15,0.9829450616426142
8529.160000000002,0.9831318623405345
8529.17,0.9832740125371378
8529.18,0.9833814792747467
8529.19,0.9834604915852416
8529.199999999999,0.9835154368888805
8529.210000000001,0.9835497702537993
8529.22,0.9835638595975166
8529.23,0.9835500601083066
8529.24,0.9835141580315683
8529.25,0.9834567601183103
8529.26,0.9833964708558036
8529.27,0.9833269602774576
8529.28,0.9832522362693707
8529.29,0.983213485599614
8529.3,0.9832041070503844
8529.310000000001,0.983235759553504
8529.32,0.983303871379299
8529.33,0.9833951417988703
8529.34,0.983475933676937
8529.35,0.9835600838011571
8529.36,0.9836330417314615
8529.37,0.9836922595235724
8529.38,0.9837339504946201
8529.390000000001,0.983760676520443
8529.4,0.9837797588250248
8529.41,0.983792433770191
8529.42,0.9837995124631835
8529.43,0.9838023277417256
8529.44,0.9838020100137363
8529.45,0.9837991994142316
8529.460000000001,0.9837943702611892
8529.470000000001,0.9837878810427898
8529.48,0.9837800075379759
8529.49,0.9837709651459593
8529.5,0.9837609237298426
8529.51,0.9837500197764322
8529.52,0.9837383645985067
8529.529999999999,0.983726049250405
8529.54,0.9837131491835723
8529.55,0.9836997274445611
8529.56,0.9836858370961371
8529.57,0.9836715231876362
8529.58,0.9836568241549051
8529.59,0.9836417729968379
8529.6,0.9836263981717449
8529.61,0.9836107243312819
8529.62,0.9835947729329836
8529.63,0.9835785626621497
8529.640000000001,0.9835621098384484
8529.65,0.9835454287659195
8529.66,0.983528531914018
8529.67,0.9835114302073055
8529.68,0.9834941331425842
8529.69,0.9834766489642296
8529.7,0.9834589847700457
8529.71,0.9834411465996069
8529.720000000001,0.9834231395007478
8529.73,0.9834049676132598
8529.740000000002,0.9833866341579923
8529.75,0.9833681415208226
8529.76,0.9833494911955515
8529.77,0.9833306838408572
8529.779999999999,0.98331171920892
8529.79,0.9832925961046091
8529.8,0.9832733123874603
8529.81,0.983253864802767
8529.82,0.9832342489498181
8529.83,0.9832144591235751
8529.84,0.9831944881007523
8529.85,0.9831743270350652
8529.86,0.983153965070538
8529.87,0.9831333891288124
8529.88,0.9831125834093906
8529.890000000001,0.9830915288913883
8529.9,0.9830702027497425
8529.91,0.9830485774703643
8529.92,0.9830266198223192
8529.93,0.9830042894882872
8529.94,0.98298153736201
8529.95,0.9829583031971949
8529.96,0.9829345126423144
8529.970000000001,0.9829100730755685
8529.98,0.9828848681213858
8529.99,0.9828587500130203
8530.0,0.9828315255311804
8530.01,0.9828029458641745
8530.02,0.9827726981412044
8530.03,0.9827403372013065
8530.04,0.9827052537468707
8530.050000000001,0.9826665956927492
8530.06,0.9826231400548727
8530.070000000002,0.9825730743316479
8530.08,0.9825119748821032
8530.09,0.982433771292763
8530.1,0.982334923668899
8530.109999999999,0.9821991782196224
8530.12,0.9820013692490728
8530.13,0.9817201368236106
8530.14,0.9813366168570647
8530.15,0.9808379674927509
8530.16,0.9802913603446115
8530.17,0.9796997251840092
8530.18,0.9791905671015142
8530.19,0.9789180684671634
8530.2,0.9788893401759364
8530.21,0.9791065938222064
8530.220000000001,0.9795633792251079
8530.23,0.9801134890447095
8530.24,0.9806216010729972
8530.25,0.9810837178876236
8530.26,0.9814307655619531
8530.27,0.9816753295879258
8530.28,0.9818351903440393
8530.289999999999,0.9819316453383703
8530.300000000001,0.9819901425571226
8530.31,0.9820274259557205
8530.320000000002,0.9820471683704887
8530.33,0.9820556228172012
8530.34,0.9820573549981142
8530.35,0.9820542205586318
8530.36,0.9820474688033795
8530.37,0.9820379688125921
8530.380000000001,0.9820263412464652
8530.39,0.9820130392346634
8530.4,0.9819983831146754
8530.41,0.9819826236953836
8530.42,0.9819659583659835
8530.43,0.9819485376154609
8530.439999999999,0.981930480149802
8530.45,0.9819118806456759
8530.46,0.9818928153750669
8530.470000000001,0.981873346380875
8530.48,0.9818535245079032
8530.49,0.981833391826335
8530.5,0.9818129833369059
8530.51,0.9817923283740201
8530.52,0.9817714516955496
8530.53,0.9817503742646035
8530.539999999999,0.9817291139758392
8530.550000000001,0.9817076861687338
8530.56,0.981686104025823
8530.57,0.9816643789668023
8530.58,0.9816425209132492
8530.59,0.9816205384639188
8530.6,0.9815984391973069
8530.61,0.9815762297299316
8530.62,0.9815539158931254
8530.630000000001,0.9815315028418603
8530.64,0.9815089951436216
8530.650000000001,0.9814863968434214
8530.66,0.9814637115340007
8530.67,0.9814409424400617
8530.68,0.9814180924373253
8530.69,0.9813951641086249
8530.7,0.9813721597405063
8530.71,0.9813490814307808
8530.72,0.9813259310445236
8530.73,0.9813027102833636
8530.74,0.9812794206536839
8530.75,0.9812560635501923
8530.76,0.9812326402217608
8530.77,0.9812091517831809
8530.78,0.9811855992775697
8530.789999999999,0.9811619836486178
8530.800000000001,0.9811383057366919
8530.81,0.9811145663025849
8530.82,0.9810907660603018
8530.83,0.9810669056467617
8530.84,0.9810429856544975
8530.85,0.9810190065848734
8530.86,0.9809949689533746
8530.869999999999,0.9809708731771797
8530.880000000001,0.9809467196749293
8530.89,0.980922508782693
8530.900000000001,0.9808982408502612
8530.91,0.9808739161772332
8530.92,0.9808495350230535
8530.93,0.9808250976415508
8530.94,0.9808006042548092
8530.95,0.9807760550622868
8530.960000000001,0.9807514502319931
8530.97,0.9807267899287209
8530.980000000001,0.9807020743122494
8530.99,0.9806773034838966
8531.0,0.9806524775643654
8531.01,0.980627596657488
8531.019999999999,0.9806026608400461
8531.03,0.9805776701903511
8531.039999999999,0.9805526247638763
8531.050000000001,0.980527524602526
8531.06,0.98050236976009
8531.07,0.980477160257606
8531.08,0.9804518961303362
8531.09,0.980426577376567
8531.1,0.9804012040101093
8531.11,0.9803757760249863
8531.119999999999,0.9803502934173395
8531.130000000001,0.9803247561762015
8531.14,0.9802991642733732
8531.15,0.9802735176908745
8531.16,0.980247816380914
8531.17,0.9802220603342686
8531.18,0.9801962494738239
8531.19,0.9801703837905065
8531.2,0.9801444632019755
8531.210000000001,0.9801184876880232
8531.22,0.9800924571525936
8531.230000000001,0.9800663715661485
8531.24,0.9800402308316715
8531.25,0.9800140349131986
8531.26,0.9799877837204194
8531.27,0.9799614771781691
8531.28,0.9799351152080676
8531.29,0.979908697725
8531.3,0.9798826076751895
8531.310000000001,0.9798560749768375
8531.32,0.9798294865766761
8531.33,0.9798028423808972
8531.34,0.9797761422818456
8531.35,0.9797493862008595
8531.36,0.9797225740276758
8531.369999999999,0.979695705658128
8531.380000000001,0.9796687809840476
8531.39,0.9796417999320725
8531.4,0.9796147623612941
8531.41,0.9795876681728883
8531.42,0.9795605172633548
8531.43,0.9795333095258928
8531.44,0.9795060448275038
8531.449999999999,0.9794787230628611
8531.460000000001,0.9794513441268946
8531.47,0.9794239078896032
8531.480000000001,0.9793964142361563
8531.49,0.9793688630413665
8531.5,0.9793412541906551
8531.51,0.9793135875586514
8531.52,0.9792858630077973
8531.53,0.9792580804408965
8531.54,0.9792302396969961
8531.55,0.9792023406699826
8531.560000000001,0.9791743832290903
8531.57,0.9791463672481628
8531.58,0.9791182925816753
8531.59,0.9790901590942204
8531.6,0.9790619666767317
8531.61,0.9790337151791826
8531.62,0.9790054044590151
8531.630000000001,0.9789770343919731
8531.64,0.9789486048349231
8531.65,0.9789201156598528
8531.66,0.9788915667018251
8531.67,0.9788629578413659
8531.68,0.9788342889345382
8531.69,0.9788055598416867
8531.699999999999,0.9787767704070329
8531.710000000001,0.9787479204935009
8531.72,0.9787190099723152
8531.73,0.97869003867434
8531.74,0.9786610064511526
8531.75,0.9786319131765231
8531.76,0.9786027586865249
8531.77,0.9785735428324348
8531.78,0.9785442654812173
8531.79,0.9785149264508579
8531.8,0.9784855256239544
8531.810000000001,0.9784560628289299
8531.82,0.9784265379151295
8531.83,0.9783969507224045
8531.84,0.9783673011186623
8531.85,0.9783375889209047
8531.86,0.9783078139923468
8531.87,0.9782779761676884
8531.88,0.9782480752882212
8531.890000000001,0.9782181111977677
8531.9,0.9781880837296661
8531.910000000002,0.9781579927537303
8531.92,0.9781278380803603
8531.93,0.9780976195415039
8531.94,0.9780673370005272
8531.949999999999,0.978036990276552
8531.960000000001,0.9780065792273965
8531.97,0.9779761036504918
8531.98,0.9779455634179383
8531.99,0.9779149583490375
8532.0,0.9778842882730769
8532.01,0.9778535530265801
8532.02,0.9778227524506896
8532.029999999999,0.9777918863687742
8532.04,0.9777609546110949
8532.05,0.977730691878549
8532.060000000001,0.9776996201126852
8532.07,0.9776684822798083
8532.08,0.9776372782135598
8532.09,0.977606007750938
8532.1,0.9775746707043766
8532.11,0.9775432668913375
8532.12,0.9775117961527904
8532.13,0.9774802582944941
8532.140000000001,0.9774486531556452
8532.15,0.9774169805351713
8532.16,0.9773852402626901
8532.17,0.9773534321652779
8532.18,0.9773215560513353
8532.19,0.97728961174454
8532.2,0.9772575990601646
8532.210000000001,0.9772255156909626
8532.220000000001,0.9771933655906587
8532.23,0.9771611465604213
8532.240000000002,0.9771288584117731
8532.25,0.9770965009639501
8532.26,0.9770640740249906
8532.27,0.9770315774123327
8532.279999999999,0.9769990109519805
8532.29,0.9769663744282678
8532.3,0.9769336676701622
8532.31,0.9769008904910532
8532.32,0.9768680426777406
8532.33,0.9768351240615222
8532.34,0.9768021344493532
8532.35,0.9767690736352245
8532.36,0.9767359414357445
8532.37,0.9767027376540598
8532.38,0.9766694620966787
8532.390000000001,0.9766361145768736
8532.4,0.9766026948894074
8532.41,0.9765692028329185
8532.42,0.9765356382173571
8532.43,0.9765020008622523
8532.44,0.9764682905301946
8532.45,0.9764345070451919
8532.46,0.9764006502199322
8532.470000000001,0.9763667198213242
8532.48,0.9763327156777623
8532.490000000002,0.9762986375676336
8532.5,0.9762644853139303
8532.51,0.9762302586724513
8532.52,0.9761959574836925
8532.53,0.97616158150878
8532.54,0.9761271305581274
8532.550000000001,0.9760926044228844
8532.56,0.9760580028949666
8532.57,0.9760233257670015
8532.58,0.9759885728330058
8532.59,0.9759537438740078
8532.6,0.9759188386992881
8532.609999999999,0.9758838570900674
8532.62,0.9758487988171863
8532.63,0.9758136637040429
8532.640000000001,0.9757784514997996
8532.65,0.975743162012644
8532.66,0.9757077950163889
8532.67,0.9756723503164895
8532.68,0.9756368276815683
8532.69,0.9756012269009441
8532.7,0.9755655477397521
8532.71,0.9755297900046034
8532.720000000001,0.9754939534731235
8532.73,0.9754580379155541
8532.74,0.9754220431131171
8532.75,0.9753859688484009
8532.76,0.9753498148950224
8532.77,0.9753135810389834
8532.78,0.9752772670450467
8532.79,0.9752408727016114
8532.800000000001,0.9752043977805877
8532.81,0.9751678420454338
8532.820000000002,0.9751312052767145
8532.83,0.9750944872526506
8532.84,0.9750576877359446
8532.85,0.975020806513544
8532.86,0.9749838433276058
8532.87,0.9749467979794796
8532.88,0.974909670210879
8532.89,0.9748724598145644
8532.9,0.9748351665425194
8532.91,0.974797790154696
8532.92,0.9747603304351823
8532.93,0.9747227871290032
8532.94,0.9746851600115362
8532.95,0.9746474488507012
8532.96,0.9746096533979485
8532.970000000001,0.974571773416047
8532.98,0.974533808666707
8532.99,0.9744957589116072
8533.0,0.97445762391068
8533.01,0.9744194034326016
8533.02,0.9743810972114538
8533.03,0.9743427050093654
8533.039999999999,0.9743042266017135
8533.050000000001,0.9742656617161563
8533.06,0.9742270101163782
8533.07,0.9741882715575408
8533.08,0.9741494458014669
8533.09,0.9741105325845906
8533.1,0.9740715316575113
8533.11,0.9740324427692618
8533.12,0.9739932656746888
8533.130000000001,0.9739540001251303
8533.14,0.9739146458626583
8533.150000000001,0.9738752026171343
8533.16,0.9738356701574982
8533.17,0.9737960482151914
8533.18,0.9737563365362145
8533.189999999999,0.973716534876395
8533.2,0.9736766429405953
8533.21,0.9736366605050928
8533.220000000001,0.9735965872952306
8533.23,0.9735564230488342
8533.24,0.9735161675102071
8533.25,0.9734758204047664
8533.26,0.9734352889361848
8533.27,0.9733947576289933
8533.28,0.9733541339642661
8533.289999999999,0.9733134176936054
8533.300000000001,0.9732726085208099
8533.31,0.973231706178521
8533.32,0.9731907104107584
8533.33,0.9731496209437026
8533.34,0.9731084375025968
8533.35,0.9730665572798242
8533.36,0.9730251771018975
8533.37,0.9729837020590226
8533.380000000001,0.9729421318769931
8533.39,0.9729004662839477
8533.400000000001,0.9728587049766222
8533.41,0.9728168477030734
8533.42,0.9727748941723295
8533.43,0.9727328440994899
8533.44,0.9726906972051269
8533.45,0.9726484532165208
8533.460000000001,0.9726061118162019
8533.47,0.9725636727668224
8533.480000000001,0.9725211357346959
8533.49,0.9724785004641404
8533.5,0.9724357666524971
8533.51,0.9723929340118979
8533.52,0.9723500022586276
8533.53,0.972306971091524
8533.539999999999,0.9722638402282616
8533.550000000001,0.9722206093477073
8533.56,0.9721772781959054
8533.57,0.9721338464595832
8533.58,0.9720903138209553
8533.59,0.9720466800166288
8533.6,0.9720029447168952
8533.61,0.9719674226787147
8533.619999999999,0.9719234704393195
8533.630000000001,0.971879415837562
8533.64,0.9718352585662888
8533.65,0.9717909983161013
8533.66,0.9717466347833124
8533.67,0.9717021676548335
8533.68,0.9716575966498596
8533.69,0.9716129214175978
8533.7,0.9715681416822994
8533.710000000001,0.9715232571158167
8533.72,0.9714782674112643
8533.730000000001,0.9714331722510197
8533.74,0.9713879713288559
8533.75,0.9713426643202844
8533.76,0.9712972509088125
8533.77,0.9712517307774593
8533.78,0.971206103611561
8533.79,0.9711603690797269
8533.800000000001,0.9711145268757964
8533.81,0.971068576669657
8533.82,0.9710225181315477
8533.83,0.9709763509376583
8533.84,0.9709300747687177
8533.85,0.9708836408799967
8533.86,0.9708371452743072
8533.869999999999,0.970790539688453
8533.880000000001,0.9707438237739948
8533.89,0.9706969972231362
8533.9,0.9706500596911798
8533.91,0.9706030108362906
8533.92,0.9705558503280732
8533.93,0.970508577829373
8533.94,0.9704611930038844
8533.95,0.9704136954988751
8533.960000000001,0.9703660849816221
8533.97,0.9703183611088018
8533.980000000001,0.9702705235378399
8533.99,0.9702225719325043
8534.0,0.9701745059225255
8534.01,0.9701263251811074
8534.02,0.9700780293540398
8534.03,0.970029618091489
8534.04,0.9699810910359833
8534.05,0.9699324478374406
8534.060000000001,0.9698836881344739
8534.07,0.9698348115857929
8534.08,0.9697858178359462
8534.09,0.969736706501424
8534.1,0.9696874772493383
8534.11,0.9696381297065891
8534.119999999999,0.9695886635139511
8534.130000000001,0.9695390783129396
8534.14,0.9694893737176882
8534.15,0.9694395493882887
8534.16,0.9693896049442261
8534.17,0.969339540003548
8534.18,0.9692893542359525
8534.19,0.9692390472334184
8534.199999999999,0.9691886186317459
8534.210000000001,0.9691380680497246
8534.22,0.969087395139568
8534.23,0.9690365994916669
8534.24,0.9689856807395156
8534.25,0.968934631889134
8534.26,0.9688834653551414
8534.27,0.968832174577872
8534.28,0.9687807591486053
8534.29,0.9687292186966978
8534.3,0.9686775528300807
8534.310000000001,0.9686257611575501
8534.32,0.9685738432849683
8534.33,0.9685217988267449
8534.34,0.9684696274008916
8534.35,0.9684173285803761
8534.36,0.9683649019945492
8534.37,0.9683123472491227
8534.38,0.9682596639211176
8534.390000000001,0.9682068516427643
8534.4,0.9681539099692299
8534.410000000002,0.9681008385292212
8534.42,0.9680476369015503
8534.43,0.9679943046919
8534.44,0.9679408414817985
8534.449999999999,0.967887246851212
8534.460000000001,0.9678335204154052
8534.47,0.9677796617352612
8534.48,0.9677256704147863
8534.49,0.9676715460247064
8534.5,0.9676172881502644
8534.51,0.967562896380219
8534.52,0.9675083702813381
8534.53,0.9674537094327181
8534.54,0.9673989134196336
8534.55,0.9673439817979956
8534.560000000001,0.9672889141693126
8534.57,0.9672337100730164
8534.58,0.9671783690897067
8534.59,0.9671228907954754
8534.6,0.9670672747418733
8534.61,0.9670115205159449
8534.62,0.9669556276517903
8534.63,0.9669002849604988
8534.640000000001,0.9668441105911505
8534.65,0.9667877963043213
8534.66,0.9667313416274275
8534.67,0.9666747461314465
8534.68,0.9666180093624698
8534.69,0.9665611308721891
8534.7,0.9665041102107182
8534.710000000001,0.9664469469264602
8534.720000000001,0.9663896405677269
8534.73,0.9663321906631172
8534.74,0.9662745967696948
8534.75,0.966216858422288
8534.76,0.9661589751557942
8534.77,0.9661009465079079
8534.779999999999,0.9660427720196706
8534.79,0.9659844512240128
8534.8,0.965925983640053
8534.81,0.9658673688080054
8534.82,0.965808606244798
8534.83,0.9657496954931849
8534.84,0.9656906360624101
8534.85,0.9656314274770931
8534.86,0.9655720692671125
8534.87,0.9655125609337681
8534.88,0.9654529020019623
8534.890000000001,0.9653930919955159
8534.9,0.9653331304146235
8534.91,0.9652730167757568
8534.92,0.9652127505866447
8534.93,0.9651523313476637
8534.94,0.9650917585744703
8534.95,0.9650310317575832
8534.96,0.964970150415155
8534.970000000001,0.9649091140391846
8534.98,0.964847922126172
8534.990000000002,0.9647865741630293
8535.0,0.9647250696664483
8535.01,0.9646634080967148
8535.02,0.9646015889649747
8535.03,0.9645396117578889
8535.04,0.9644774759599694
8535.05,0.9644151810436002
8535.06,0.9643527264931933
8535.07,0.9642901117981117
8535.08,0.9642273364304872
8535.09,0.964164399867052
8535.1,0.9641013015773706
8535.109999999999,0.9640380410366002
8535.12,0.9639746177113445
8535.13,0.9639110303566876
8535.140000000001,0.9638472797842393
8535.15,0.9637833648202319
8535.16,0.9637192849255636
8535.17,0.9636550395662304
8535.18,0.9635906281770654
8535.19,0.963526050245754
8535.2,0.9634613051997917
8535.21,0.963396392487728
8535.220000000001,0.9633313115798179
8535.23,0.9632660619098967
8535.24,0.9632006429054771
8535.25,0.9631350309432429
8535.26,0.9630692702573994
8535.27,0.9630033385499931
8535.28,0.9629372352343932
8535.29,0.9628709597699189
8535.300000000001,0.9628045115620332
8535.31,0.9627378900488702
8535.320000000002,0.9626710946683205
8535.33,0.9626041248097217
8535.34,0.9625368805333792
8535.35,0.9624695561332913
8535.359999999999,0.9624020554636462
8535.37,0.962334377931584
8535.38,0.9622665229605754
8535.39,0.9621984899364492
8535.4,0.962130064895976
8535.41,0.9620616724480203
8535.42,0.9619931001452022
8535.43,0.9619243473805943
8535.44,0.9618554135496236
8535.45,0.9617862980464685
8535.46,0.961717000261946
8535.470000000001,0.9616475195713263
8535.48,0.9615778553752173
8535.49,0.9615080070440224
8535.5,0.9614379739632833
8535.51,0.9613677555083067
8535.52,0.9612973510620911
8535.53,0.9612267599783237
8535.539999999999,0.9611559816233484
8535.550000000001,0.9610850153841075
8535.56,0.9610138606217108
8535.570000000002,0.9609425166767039
8535.58,0.9608709829323892
8535.59,0.9607992587347034
8535.6,0.960727343428765
8535.61,0.9606552363777765
8535.62,0.9605829369237207
8535.630000000001,0.9605104444111772
8535.64,0.9604377581855887
8535.650000000001,0.9603648775862408
8535.66,0.9602918019461003
8535.67,0.9602185306139036
8535.68,0.9601450629021968
8535.689999999999,0.9600713981448051
8535.7,0.9599975356825319
8535.71,0.9599234748147686
8535.720000000001,0.9598492148823939
8535.73,0.9597747551929187
8535.74,0.9597000950638575
8535.75,0.9596252338127601
8535.76,0.9595501707429496
8535.77,0.9594749051580896
8535.78,0.9593994363690255
8535.789999999999,0.9593237636609531
8535.800000000001,0.9592478863530999
8535.81,0.9591718037266765
8535.82,0.9590955150758724
8535.83,0.9590190196900688
8535.84,0.9589423168625691
8535.85,0.9588654058507662
8535.86,0.9587882859614261
8535.87,0.9587109564668871
8535.880000000001,0.9586334166230817
8535.89,0.958555665729743
8535.900000000001,0.9584777030211282
8535.91,0.9583995277887686
8535.92,0.9583211392814148
8535.93,0.958242536753809
8535.94,0.9581637194746097
8535.95,0.9580846866880857
8535.960000000001,0.9580054376390931
8535.97,0.9579259715850833
8535.98,0.9578462877585887
8535.99,0.9577663853907327
8536.0,0.9576862637413519
8536.01,0.9576059220425748
8536.02,0.9575253595100078
8536.03,0.9574445753686017
8536.039999999999,0.9573635688458679
8536.050000000001,0.9572823391461603
8536.06,0.9572008855129515
8536.07,0.9571192071406609
8536.08,0.9570373032429509
8536.09,0.9569551730271515
8536.1,0.9568728156880285
8536.11,0.9567902304408727
8536.119999999999,0.9567074164708794
8536.130000000001,0.9566243729634568
8536.14,0.9565410991170051
8536.150000000001,0.9564575941252224
8536.16,0.9563738571595768
8536.17,0.9562898873922403
8536.18,0.9562056840033815
8536.19,0.9561212461804445
8536.2,0.9560365730619023
8536.210000000001,0.9559516638399113
8536.22,0.9558665176546415
8536.230000000001,0.9557811336732938
8536.24,0.9556955110398826
8536.25,0.9556096489024127
8536.26,0.9555235464275729
8536.269999999999,0.955437202746283
8536.28,0.9553506169784056
8536.289999999999,0.9552637882901044
8536.300000000001,0.9551767157890277
8536.31,0.9550893986025649
8536.32,0.9550018358722661
8536.33,0.9549140267015812
8536.34,0.9548259702039766
8536.35,0.9547376654985078
8536.36,0.95464911169818
8536.369999999999,0.9545603078973252
8536.380000000001,0.954471253190332
8536.39,0.9543819466863996
8536.4,0.9542923874629878
8536.41,0.9542025746188307
8536.42,0.9541125072339386
8536.43,0.9540221843796467
8536.44,0.9539316051453045
8536.45,0.9538407685958238
8536.460000000001,0.9537496737934879
8536.47,0.9536583198132325
8536.480000000001,0.9535667056935688
8536.49,0.9534748305170265
8536.5,0.9533826932959928
8536.51,0.9532902931063061
8536.52,0.9531976289727258
8536.53,0.9531046999465962
8536.54,0.9530115050501855
8536.55,0.9529180433184611
8536.560000000001,0.9528243137679607
8536.57,0.9527303154190991
8536.58,0.9526360472838623
8536.59,0.9525415083822715
8536.6,0.9524466977175979
8536.61,0.9523516142893059
8536.619999999999,0.9522562570799911
8536.630000000001,0.9521606228821916
8536.64,0.9520647147847631
8536.65,0.9519685298759099
8536.66,0.9518720671230799
8536.67,0.9517753254895224
8536.68,0.9516783039583844
8536.69,0.9515810014747037
8536.699999999999,0.9514834169979551
8536.710000000001,0.9513855494802974
8536.72,0.951287397864865
8536.730000000001,0.951188961101291
8536.74,0.9510902381181557
8536.75,0.9509912278353807
8536.76,0.950891929203132
8536.77,0.9507923411279506
8536.78,0.9506924625063752
8536.79,0.9505922922796535
8536.8,0.9504918293271165
8536.810000000001,0.9503910725571805
8536.82,0.9502900208523474
8536.83,0.9501886731045783
8536.84,0.9500870281830099
8536.85,0.9499890125060014
8536.86,0.9498867636513243
8536.87,0.9497842142339606
8536.880000000001,0.9496813631084706
8536.89,0.9495782091200231
8536.9,0.949474751096857
8536.91,0.9493709879069067
8536.92,0.9492669183423457
8536.93,0.9491625412434546
8536.94,0.9490578554177106
8536.949999999999,0.9489528596801664
8536.960000000001,0.9488475528182252
8536.97,0.9487419336191336
8536.98,0.9486360008941337
8536.99,0.9485297533956405
8537.0,0.9484231898933003
8537.01,0.948316308995151
8537.02,0.9482091096153853
8537.03,0.9481015904750686
8537.04,0.9479937503172484
8537.05,0.9478855878583589
8537.060000000001,0.9477771018199472
8537.07,0.9476682908943366
8537.08,0.9475591537611472
8537.09,0.9474496891238503
8537.1,0.9473398956341812
8537.11,0.947229771938841
8537.12,0.9471193166890984
8537.13,0.9470085285152362
8537.140000000001,0.9468973600743217
8537.15,0.9467859008217635
8537.160000000002,0.9466741043494273
8537.17,0.9465619692116068
8537.18,0.9464729913316418
8537.19,0.946360144593747
8537.199999999999,0.9462469550383484
8537.210000000001,0.9461334211514824
8537.22,0.9460195413953075
8537.23,0.9459053142029354
8537.24,0.945790737988835
8537.25,0.9456758111133444
8537.26,0.9455605319031724
8537.27,0.9454448986845538
8537.279999999999,0.9453289097165403
8537.29,0.945212563218717
8537.3,0.9450958573718224
8537.310000000001,0.9449787902892944
8537.32,0.9448613600240784
8537.33,0.9447435645874094
8537.34,0.9446254019134436
8537.35,0.9445068698308818
8537.36,0.9443879661106278
8537.37,0.944268688418482
8537.38,0.9441490342916583
8537.390000000001,0.9440290011226431
8537.4,0.9439085862165103
8537.41,0.9437877866640627
8537.42,0.943666599364134
8537.43,0.9435450210153847
8537.44,0.9434230480872253
8537.45,0.9433006766975731
8537.460000000001,0.9431779026601201
8537.470000000001,0.9430547213936353
8537.48,0.9429311278517769
8537.490000000002,0.9428068450756885
8537.5,0.9426824044313112
8537.51,0.9425575324445701
8537.52,0.9424322211088734
8537.529999999999,0.9423064613171095
8537.54,0.9421802425558018
8537.55,0.9420535526340358
8537.56,0.9419263772456685
8537.57,0.9417986995208081
8537.58,0.9416704924871631
8537.59,0.9415417444569499
8537.6,0.9414124199861068
8537.61,0.9412824825912173
8537.62,0.9411518867932873
8537.63,0.9410205750882557
8537.640000000001,0.9408884713841646
8537.65,0.9407554834625143
8537.66,0.9406214850789266
8537.67,0.9404863030205399
8537.68,0.9403496989391226
8537.69,0.940211336790341
8537.7,0.9400707292506136
8537.71,0.9399265409902765
8537.720000000001,0.9397777951114932
8537.73,0.9396222429968518
8537.740000000002,0.9394580692818986
8537.75,0.939277762397713
8537.76,0.9390731748521364
8537.77,0.9388379739313057
8537.78,0.9385665005631588
8537.79,0.9382630667281479
8537.800000000001,0.9379453396230958
8537.81,0.9376229459909774
8537.82,0.9373518663121044
8537.83,0.9371582000255505
8537.84,0.9370555033311363
8537.85,0.937028281053327
8537.859999999999,0.9370680176938971
8537.87,0.9371159787521868
8537.88,0.9371463477723501
8537.890000000001,0.9371551289567995
8537.9,0.9371244961407839
8537.91,0.9370611494027574
8537.92,0.9369714876033197
8537.93,0.9368636891122198
8537.94,0.9367452270525568
8537.95,0.93661991629396
8537.96,0.9364887074793458
8537.970000000001,0.9363540593474565
8537.98,0.9362169538070885
8537.99,0.936077927940391
8538.0,0.9359373465727713
8538.01,0.9357954640667181
8538.02,0.9356524635890112
8538.03,0.9355084779862326
8538.04,0.9353635985992834
8538.050000000001,0.9352179019151855
8538.06,0.9350714432650709
8538.070000000002,0.9349242650418413
8538.08,0.9347763997828572
8538.09,0.93462787249427
8538.1,0.9344787022900933
8538.11,0.9343289035973011
8538.12,0.9341784870611961
8538.13,0.9340274601734541
8538.14,0.9338758042861321
8538.15,0.9337235658299705
8538.16,0.9335707246441266
8538.17,0.9334172791663248
8538.18,0.933263225961346
8538.19,0.9331085596804939
8538.2,0.9329532729934737
8538.21,0.932797356452156
8538.220000000001,0.9326407982495307
8538.23,0.9324835838793094
8538.24,0.932325695708295
8538.25,0.932167112400919
8538.26,0.9320078081102426
8538.27,0.9318477515365643
8538.28,0.9316869044801859
8538.289999999999,0.93152522040337
8538.300000000001,0.9313625396366039
8538.31,0.9311989855753845
8538.32,0.9310343755571343
8538.33,0.9308685958011339
8538.34,0.9307015004545552
8538.35,0.9305329001764417
8538.36,0.930362545564753
8538.37,0.9301900778057557
8538.380000000001,0.9300148628301143
8538.39,0.9298366362098434
8538.400000000001,0.9296548206117783
8538.41,0.9294695296781046
8538.42,0.929275273244517
8538.43,0.9290716014087156
8538.439999999999,0.9288608439988895
8538.45,0.9286451544717497
8538.46,0.9284329353043277
8538.470000000001,0.9282201209591595
8538.48,0.9280111707927097
8538.49,0.9278136340010465
8538.5,0.927642400338064
8538.51,0.927478904207526
8538.52,0.927336990549533
8538.53,0.9271969189993666
8538.539999999999,0.927068595110711
8538.550000000001,0.9269394384139977
8538.56,0.9268016885140891
8538.57,0.9266626061100004
8538.58,0.9265212138525805
8538.59,0.9263744368856601
8538.6,0.9262228707763054
8538.61,0.9260644298172815
8538.62,0.9259001803105001
8538.630000000001,0.9257337681879181
8538.64,0.925565041802885
8538.650000000001,0.9253939044386218
8538.66,0.9252206269592222
8538.67,0.9250455872958082
8538.68,0.924869014602965
8538.69,0.9246910795783582
8538.7,0.9245119146615705
8538.710000000001,0.924331623885683
8538.72,0.9241502892043926
8538.730000000001,0.9239679733353201
8538.74,0.9237847324606878
8538.75,0.9236006064832182
8538.76,0.9234156290401189
8538.77,0.9232298274823963
8538.78,0.9230432240001918
8538.789999999999,0.9228558366417355
8538.800000000001,0.9226676801225746
8538.81,0.9224787663863444
8538.82,0.9222891051560832
8538.83,0.9220987042918941
8538.84,0.9219075700971658
8538.85,0.9217157075742146
8538.86,0.9215231206589267
8538.869999999999,0.9213298123398039
8538.880000000001,0.9211357848659074
8538.89,0.9209410397675981
8538.9,0.9207455780407711
8538.91,0.920549400180495
8538.92,0.9203525062620541
8538.93,0.9201548959825814
8538.94,0.919956568722814
8538.95,0.9197574794242426
8538.960000000001,0.9195577135234656
8538.97,0.9193572269829946
8538.980000000001,0.9191560182286033
8538.99,0.9189540855005427
8539.0,0.9187514268916978
8539.01,0.9185480403631019
8539.02,0.9183439237363126
8539.03,0.9181390747299176
8539.04,0.9179334909663817
8539.05,0.9177271699591466
8539.06,0.9175201091347513
8539.07,0.9173123058531838
8539.08,0.9171037574117304
8539.09,0.9168944610248895
8539.1,0.9166844138335616
8539.11,0.9164736129335551
8539.119999999999,0.9162620553851418
8539.130000000001,0.9160497381696787
8539.14,0.9158366582324422
8539.15,0.9156228124682606
8539.16,0.9154081977395909
8539.17,0.9151928108539353
8539.18,0.9149766485934978
8539.19,0.9147597077010754
8539.2,0.9145419848673931
8539.210000000001,0.9143234767777396
8539.22,0.9141041800578115
8539.230000000001,0.9138840913054302
8539.24,0.9136632071143517
8539.25,0.9134415240116717
8539.26,0.9132190385143306
8539.27,0.9129957471014696
8539.28,0.9127716462454436
8539.29,0.9125467323695365
8539.3,0.9123210018779013
8539.310000000001,0.9120944511595129
8539.32,0.9118670765535798
8539.33,0.9116388743939361
8539.34,0.9114098332679045
8539.35,0.9111799631098788
8539.36,0.9109492540942741
8539.369999999999,0.910717702430509
8539.380000000001,0.9104853043205767
8539.39,0.9102520559166454
8539.4,0.9100179533605691
8539.41,0.9097829927679402
8539.42,0.9095471702328204
8539.43,0.9093104818251564
8539.44,0.9090729235941807
8539.449999999999,0.9088344907019421
8539.460000000001,0.9085951805810938
8539.47,0.9083549886120241
8539.48,0.908113910739829
8539.49,0.9078719429049884
8539.5,0.9076292486785539
8539.51,0.9073854848090309
8539.52,0.9071404354486692
8539.53,0.9068948548099461
8539.54,0.9066483633409473
8539.55,0.906400956802902
8539.560000000001,0.9061526309722544
8539.57,0.9059033815746678
8539.58,0.9056532043317519
8539.59,0.9054020949357032
8539.6,0.9051500490534508
8539.61,0.9048964872381179
8539.62,0.9046652195319979
8539.63,0.9044102149262779
8539.640000000001,0.9041542560417731
8539.65,0.9038973383313611
8539.660000000002,0.903639457249701
8539.67,0.9033806082050954
8539.68,0.9031207865861127
8539.69,0.9028599877508595
8539.699999999999,0.9025982070337487
8539.710000000001,0.9023354397416572
8539.72,0.9020716580533625
8539.73,0.9018068984173833
8539.74,0.9015411375928643
8539.75,0.9012743707275482
8539.76,0.9010065929336641
8539.77,0.9007377992948512
8539.779999999999,0.9004679848585101
8539.79,0.9001971446331564
8539.8,0.8999252736288108
8539.810000000001,0.8996523667828144
8539.82,0.8993760547251258
8539.83,0.899101057358136
8539.84,0.8988250088024425
8539.85,0.8985479038388403
8539.86,0.8982697372236076
8539.87,0.897990402836534
8539.88,0.8977100818511318
8539.890000000001,0.8974286822769507
8539.9,0.8971461985991157
8539.91,0.8968626252417026
8539.92,0.8965779565918689
8539.93,0.8962921869310266
8539.94,0.8960053104963793
8539.95,0.8957173214600564
8539.960000000001,0.8954282138936813
8539.970000000001,0.8951379817726589
8539.98,0.894846618995158
8539.99,0.8945541193467558
8540.0,0.8942604764514279
8540.01,0.8939656838435538
8540.02,0.8936672457246873
8540.029999999999,0.8933700352789525
8540.04,0.8930716496309976
8540.05,0.8927720797923772
8540.06,0.8924713175533181
8540.07,0.892169354290596
8540.08,0.8918661808329978
8540.09,0.8915617874150332
8540.1,0.8912561635074544
8540.11,0.8909492976399589
8540.12,0.8906411771548651
8540.13,0.8903317879360446
8540.140000000001,0.8900210720386321
8540.15,0.8897090922140141
8540.16,0.8893957867829454
8540.17,0.8890811276844435
8540.18,0.8887555537752381
8540.19,0.8884379869209478
8540.2,0.8881189402660747
8540.21,0.8877983410726842
8540.220000000001,0.8874760887748928
8540.23,0.8871520384664766
8540.240000000002,0.8868259700198792
8540.25,0.8864970310999275
8540.26,0.8861649324582813
8540.27,0.8858283920877789
8540.28,0.8854848931135842
8540.29,0.8851314381488002
8540.3,0.8847643878095658
8540.31,0.8843804536914218
8540.32,0.8839803962838173
8540.33,0.883570025276908
8540.34,0.8831578008816502
8540.35,0.882764080307866
8540.359999999999,0.8824006490113455
8540.37,0.882074508488488
8540.38,0.8817785357854628
8540.390000000001,0.8815028104834189
8540.4,0.8812253157102331
8540.41,0.8809326826941846
8540.42,0.8806168420988453
8540.43,0.8802652112642844
8540.44,0.8798634798961411
8540.45,0.8793851429160555
8540.46,0.878791256234709
8540.470000000001,0.8780408587852727
8540.48,0.8771203506547189
8540.49,0.8760730965240404
8540.5,0.8750105006413744
8540.51,0.8741149008183499
8540.52,0.8735386521639066
8540.53,0.8733539879231851
8540.54,0.8734999000759276
8540.550000000001,0.8738334219425109
8540.56,0.8741696104772899
8540.570000000002,0.8743863733752948
8540.58,0.8744377529287555
8540.59,0.8743307716704872
8540.6,0.8741086972941927
8540.609999999999,0.873814846728291
8540.62,0.8734808267889137
8540.63,0.8731258665273947
8540.64,0.8727597175890456
8540.65,0.8723873287430638
8540.66,0.8720103743733681
8540.67,0.8716302648806237
8540.68,0.8712474781674385
8540.69,0.8708623101113898
8540.7,0.8704749581393999
8540.71,0.8700855594248152
8540.720000000001,0.8696942081977697
8540.73,0.8693009109552713
8540.74,0.8689057275838515
8540.75,0.8685080860147978
8540.76,0.8681091337294032
8540.77,0.8677083554968094
8540.78,0.8673057596263063
8540.789999999999,0.8669013508058875
8540.800000000001,0.866495130875408
8540.81,0.866087099427073
8540.820000000002,0.8656772542847313
8540.83,0.8652655917933328
8540.84,0.864852107152055
8540.85,0.8644367945498116
8540.86,0.8640196473826454
8540.87,0.8636006583482396
8540.880000000001,0.8632011188115408
8540.89,0.8627782802518923
8540.900000000001,0.8623535788210412
8540.91,0.8619270050887237
8540.92,0.8614985492618432
8540.93,0.861068201170755
8540.939999999999,0.8606359481101143
8540.95,0.8602017825963401
8540.96,0.859765692309715
8540.970000000001,0.8593276658560165
8540.98,0.8588876915601908
8540.99,0.8584457574957324
8541.0,0.8580018089635442
8541.01,0.8575559142127844
8541.02,0.8571080211239598
8541.03,0.8566598218719598
8541.039999999999,0.8562078196193945
8541.050000000001,0.8557537827047962
8541.06,0.8552976966012957
8541.07,0.8548395464825929
8541.08,0.8543793171561177
8541.09,0.8539169930496782
8541.1,0.8534525581634372
8541.11,0.8529859960662658
8541.12,0.8525172898280582
8541.130000000001,0.8520464219927314
8541.14,0.8515733745371215
8541.150000000001,0.8510981287681991
8541.16,0.8506206653298017
8541.17,0.8501409640640865
8541.18,0.8496590039837296
8541.19,0.8491747631477696
8541.2,0.8486882185531366
8541.210000000001,0.8481995381764094
8541.22,0.8477083067384908
8541.23,0.84721469511455
8541.24,0.8467186746541513
8541.25,0.8462202148220269
8541.26,0.8457192772430572
8541.27,0.8452158347295832
8541.28,0.8447098454514793
8541.289999999999,0.8442012692323382
8541.300000000001,0.8436771523804037
8541.31,0.8431611708889787
8541.32,0.842641809412345
8541.33,0.8421186509003546
8541.34,0.8415909254197486
8541.35,0.8410565781365793
8541.36,0.8405092919974818
8541.369999999999,0.8399288831023211
8541.380000000001,0.8392634061022477
8541.39,0.8384011448991258
8541.400000000001,0.8371658505007132
8541.41,0.8353884008796159
8541.42,0.8330909454198802
8541.43,0.8306353515372152
8541.44,0.8286993529546113
8541.45,0.8278813805691397
8541.460000000001,0.8282994638704665
8541.47,0.8295101066929493
8541.480000000001,0.8308061414564238
8541.49,0.8316744357699772
8541.5,0.8319687519362735
8541.51,0.8318072950585249
8541.52,0.8313762679388464
8541.53,0.8308108385562873
8541.539999999999,0.8301783042748687
8541.550000000001,0.8294998363485772
8541.56,0.8287712515608465
8541.57,0.8279464710518522
8541.58,0.8269814638733941
8541.59,0.825710958959286
8541.6,0.8238693363964965
8541.61,0.8209419357534474
8541.619999999999,0.8161752712692923
8541.630000000001,0.8087774813233908
8541.64,0.7982581660179264
8541.65,0.7852198463041419
8541.66,0.7711400282201961
8541.67,0.7586306575714559
8541.68,0.7504071054608809
8541.69,0.7481272648631369
8541.7,0.7522205131698999
8541.710000000001,0.7616059817682387
8541.72,0.7740746782113999
8541.730000000001,0.7867463249329001
8541.74,0.797521172395783
8541.75,0.805315912324505
8541.76,0.8101306941911799
8541.77,0.8126807042673692
8541.78,0.813781579501517
8541.79,0.8140629304212639
8541.8,0.8139258297016578
8541.810000000001,0.8135730102758186
8541.82,0.8131194288197238
8541.830000000002,0.812598281413844
8541.84,0.812041063125637
8541.85,0.8114583020004016
8541.86,0.8108564460827421
8541.869999999999,0.8102398374345469
8541.880000000001,0.8096115286915598
8541.89,0.8089737369636831
8541.9,0.8083273929272503
8541.91,0.8076729665403329
8541.92,0.8070116701873146
8541.93,0.8063440846684656
8541.94,0.8056706612508066
8541.949999999999,0.8049917538122385
8541.960000000001,0.8043076418436524
8541.97,0.8036185474338362
8541.980000000001,0.8029246477594476
8541.99,0.8022260845733339
8542.0,0.8015229713750378
8542.01,0.8008153989571456
8542.02,0.800103439729419
8542.03,0.7993871511185421
8542.04,0.7986665571738358
8542.05,0.7979417223607487
8542.060000000001,0.7972126620164034
8542.07,0.7964793948842097
8542.08,0.795741933843532
8542.09,0.7949997429083608
8542.1,0.7942537744880829
8542.11,0.7935036038668827
8542.12,0.7927492250534762
8542.130000000001,0.7919905445536747
8542.140000000001,0.7912276432560008
8542.15,0.7904605234190929
8542.16,0.7896891341209992
8542.17,0.7889134557639299
8542.18,0.788133467079681
8542.19,0.7873491452382826
8542.199999999999,0.786560466017029
8542.210000000001,0.7857674038796473
8542.22,0.7849699320982674
8542.23,0.7841680228143184
8542.24,0.7833806126963196
8542.25,0.7825695324152451
8542.26,0.7817539536645067
8542.27,0.7809338458499504
8542.28,0.7801091775723895
8542.29,0.7792799167155463
8542.3,0.7784460304619858
8542.310000000001,0.7776074853614271
8542.32,0.7767642465928855
8542.33,0.7759162722088665
8542.34,0.7750635363786735
8542.35,0.7742059993968011
8542.36,0.7733436240342559
8542.37,0.7724763724884213
8542.38,0.7716042063949068
8542.390000000001,0.7707270868174438
8542.4,0.7698449742984469
8542.410000000002,0.7689578288904775
8542.42,0.7680656101931458
8542.43,0.7671682773930011
8542.44,0.7662657893591636
8542.449999999999,0.7653581047082869
8542.460000000001,0.7644451819388566
8542.47,0.7635269597435461
8542.48,0.7626034202180705
8542.49,0.7616745134065709
8542.5,0.7607401966061487
8542.51,0.7598004274367631
8542.52,0.7588546724062153
8542.529999999999,0.7579036992581673
8542.54,0.7569470785560503
8542.55,0.7559847301627309
8542.560000000001,0.7550167163842133
8542.57,0.7540429290397757
8542.58,0.7530633147364144
8542.59,0.7520778193459354
8542.6,0.751086387975366
8542.61,0.7500889649327894
8542.62,0.7490854936935851
8542.63,0.7480759168978613
8542.640000000001,0.7470601763246021
8542.65,0.7460563013600098
8542.66,0.7450277712750624
8542.67,0.7439929462356176
8542.68,0.742951766934914
8542.69,0.7419041720784457
8542.7,0.7408500920913316
8542.710000000001,0.7397894762872623
8542.720000000001,0.7387222571148866
8542.73,0.7376483699931093
8542.740000000002,0.7365677494585827
8542.75,0.7354803292144856
8542.76,0.7343860421391027
8542.77,0.7332848203638103
8542.779999999999,0.7321765954049186
8542.79,0.7310612983014885
8542.8,0.7299388598853469
8542.81,0.7288091935041484
8542.82,0.7276722461876272
8542.83,0.7265279438374684
8542.84,0.7253762160061893
8542.85,0.7242169934667868
8542.86,0.7230496710048717
8542.87,0.7218750217818287
8542.88,0.7206925079400344
8542.890000000001,0.7195021922329936
8542.9,0.7183039330476806
8542.91,0.7170976413653884
8542.92,0.7158832267008868
8542.93,0.7146605970373098
8542.94,0.7134296587594969
8542.95,0.7121903165894238
8542.96,0.7109424735990175
8542.970000000001,0.709703224278228
8542.98,0.7084377300782334
8542.99,0.7071635062151423
8543.0,0.7058804573562187
8543.01,0.7045884802964189
8543.02,0.7032874703622317
8543.03,0.7019773211698989
8543.04,0.7006579246427708
8543.050000000001,0.6993291711454578
8543.06,0.6979909497262891
8543.07,0.6966431485154011
8543.08,0.6952856553534474
8543.09,0.6939183301898774
8543.1,0.6925410896933707
8543.109999999999,0.6911538112096114
8543.12,0.6897563488777128
8543.13,0.6883481471834929
8543.140000000001,0.6869297102059015
8543.15,0.6855007065320163
8543.16,0.6840609673131872
8543.17,0.6826103474233212
8543.18,0.6811486988863862
8543.19,0.6796758706630717
8543.2,0.6781917085635564
8543.21,0.6766973480249131
8543.220000000001,0.6751900057307082
8543.23,0.6736866788342
8543.24,0.67215519267957
8543.25,0.6706116704781732
8543.26,0.6690559420592244
8543.27,0.6674878338431242
8543.28,0.6659071690253321
8543.29,0.6643137681223501
8543.300000000001,0.6627074499999689
8543.31,0.6610880133272945
8543.320000000002,0.6594552879540495
8543.33,0.6578090888590293
8543.34,0.6561491946394162
8543.35,0.654474947069386
8543.36,0.6527867361322945
8543.37,0.6510842010065463
8543.38,0.6493670593206652
8543.39,0.6476350705055262
8543.4,0.6458879880343058
8543.41,0.6441255593018071
8543.42,0.6423475246244561
8543.43,0.6405686238896873
8543.44,0.6387581341900417
8543.45,0.6369313897028365
8543.46,0.6350881113355404
8543.470000000001,0.6332280135310069
8543.48,0.631350805517461
8543.49,0.6294561941140608
8543.5,0.6275438441612021
8543.51,0.6256134724997758
8543.52,0.6236648073442498
8543.53,0.6216968698758029
8543.539999999999,0.6197101346840875
8543.550000000001,0.6177039396276662
8543.56,0.6156778962321616
8543.57,0.6136316045926609
8543.58,0.6115646525572362
8543.59,0.6094766088351002
8543.6,0.6073810386140999
8543.61,0.6052491169177789
8543.62,0.6030950032108381
8543.630000000001,0.6009182319042795
8543.64,0.5987183290530116
8543.650000000001,0.59649477938189
8543.66,0.5942471007584131
8543.67,0.5919744990324376
8543.68,0.5896766252249848
8543.689999999999,0.587352911968928
8543.7,0.5850027091926255
8543.71,0.5826253685945904
8543.72,0.5802202178766204
8543.73,0.5778004399828424
8543.74,0.5753369559382644
8543.75,0.572843839977218
8543.76,0.5703203374664217
8543.77,0.5677656599280041
8543.78,0.5651789966775542
8543.789999999999,0.5625595927659809
8543.800000000001,0.559905817698266
8543.81,0.5572175833243308
8543.82,0.5544935907505013
8543.83,0.5517327729944036
8543.84,0.5489340039669313
8543.85,0.5461084532920857
8543.86,0.5432300149961539
8543.87,0.5403104943197579
8543.880000000001,0.5373485914778341
8543.89,0.5343430100363639
8543.900000000001,0.5312916937856992
8543.91,0.5281937938767665
8543.92,0.5250474344715416
8543.93,0.521850847741115
8543.94,0.5186139621930652
8543.95,0.5153109260962259
8543.960000000001,0.511952495959952
8543.97,0.5085365324752191
8543.980000000001,0.5050604866640962
8543.99,0.5015221535976865
8544.0,0.4979188547191955
8544.01,0.4942477196009913
8544.02,0.4905168162824935
8544.03,0.48670072643616674
8544.039999999999,0.48280806669155224
8544.050000000001,0.47883495871869136
8544.06,0.47477757586467334
8544.07,0.47063158035849106
8544.08,0.4664031116236717
8544.09,0.4620649910427799
8544.1,0.4576242265238125
8544.11,0.4530746507899672
8544.119999999999,0.4484099116703115
8544.130000000001,0.4436227372454186
8544.14,0.4387149936812024
8544.15,0.4336592927448216
8544.16,0.4284563617607066
8544.17,0.4230957371425018
8544.18,0.41757503512322736
8544.19,0.4118618289552182
8544.2,0.4059525344243821
8544.210000000001,0.3998301677225621
8544.22,0.39349114479541764
8544.230000000001,0.3867063975069387
8544.24,0.3797417784165746
8544.25,0.3726106875929516
8544.26,0.365132405424386
8544.27,0.35718031337874795
8544.28,0.3485833881992476
8544.29,0.33911113647385355
8544.3,0.3281104961638713
8544.31,0.31396932518158716
8544.32,0.29362955628083354
8544.33,0.2651475104928801
8544.34,0.23358427493648504
8544.35,0.20762193214174082
8544.36,0.1904848683154646
8544.369999999999,0.17995790297358202
8544.380000000001,0.17297605787361955
8544.39,0.16794109019476186
8544.4,0.1643384219146015
8544.41,0.1619224970105318
8544.42,0.16047009832010944
8544.43,0.15979544408068316
8544.44,0.15979778669957392
8544.45,0.16047502663227206
8544.460000000001,0.16192088183475298
8544.47,0.16430276790179751
8544.480000000001,0.16779494551490884
8544.49,0.1725030713681149
8544.5,0.17845328597681948
8544.51,0.18545448278579102
8544.52,0.19211981564422576
8544.53,0.19638961445965963
8544.54,0.1985882183115382
8544.55,0.20069462000433252
8544.560000000001,0.20428272617502194
8544.57,0.2104486654151335
8544.58,0.22024267666480338
8544.59,0.2346434938729566
8544.6,0.25362643748061686
8544.61,0.2738861216137896
8544.619999999999,0.28872328176946477
8544.630000000001,0.29437582882353136
8544.64,0.29423886871374894
8544.65,0.2938248039977657
8544.66,0.29662692994818557
8544.67,0.30432889480184255
8544.68,0.31757306095826915
8544.69,0.3361480564312302
8544.699999999999,0.35858844102723963
8544.710000000001,0.3821199222221814
8544.72,0.403356130467134
8544.73,0.42013113180832673
8544.74,0.43227860730673845
8544.75,0.4409599414569449
8544.76,0.4475461462139039
8544.77,0.4530308429597587
8544.78,0.45796237059973044
8544.79,0.46260602435106796
8544.8,0.467070052791959
8544.810000000001,0.47138531899087766
8544.82,0.4755947370838046
8544.83,0.4796995343750118
8544.84,0.4837085284831403
8544.85,0.48762932067445314
8544.86,0.491468516196106
8544.87,0.495218375602166
8544.88,0.4989026279243386
8544.890000000001,0.5025157592925331
8544.9,0.5060612464263285
8544.910000000002,0.5095420711332974
8544.92,0.5129610332895824
8544.93,0.5163209005149427
8544.94,0.5196240473407723
8544.949999999999,0.522859533089973
8544.960000000001,0.5260540201657739
8544.97,0.5291975210895941
8544.98,0.5322919235024348
8544.99,0.5353390813505353
8545.0,0.5383402144319821
8545.01,0.5412972440463627
8545.02,0.5442115624430426
8545.029999999999,0.5470845234420613
8545.04,0.5499040455080427
8545.05,0.5526967909483206
8545.060000000001,0.5554514557964566
8545.07,0.5581691923182034
8545.08,0.5608510942638614
8545.09,0.5634983522578755
8545.1,0.5661113916998735
8545.11,0.5686915998774932
8545.12,0.5712397927788219
8545.13,0.5737568157269319
8545.140000000001,0.5762434571836166
8545.15,0.5786863112837131
8545.16,0.5811134363118948
8545.17,0.5835120852303753
8545.18,0.5858829704457078
8545.19,0.5882267695534611
8545.2,0.5905441357052439
8545.210000000001,0.5928359328364278
8545.220000000001,0.5951020313664375
8545.23,0.5973435341168394
8545.24,0.5995609741788163
8545.25,0.6017548314722387
8545.26,0.6039256147043718
8545.27,0.6060738025697235
8545.279999999999,0.6081998629310336
8545.29,0.6102893659818007
8545.3,0.6123715957128213
8545.31,0.6144328106572183
8545.32,0.616473436332266
8545.33,0.6184938845669227
8545.34,0.6204945551751347
8545.35,0.6224758794139577
8545.36,0.6244382814293372
8545.37,0.6263816790437748
8545.38,0.62830678637932
8545.390000000001,0.630213943454718
8545.4,0.6321034287266741
8545.41,0.6339755668591002
8545.42,0.6358306528292859
8545.43,0.6376689777920374
8545.44,0.6394908269282682
8545.45,0.6412812670094112
8545.46,0.6430703390187249
8545.470000000001,0.6448435921131531
8545.48,0.646601296355764
8545.490000000002,0.648343709905135
8545.5,0.650071084235932
8545.51,0.6517836645999611
8545.52,0.6534816903074575
8545.53,0.6551654209321471
8545.54,0.6568351862763572
8545.55,0.658490733208725
8545.56,0.6601326241451828
8545.57,0.6617610877432819
8545.58,0.6633762683368973
8545.59,0.6649783839905452
8545.6,0.6665676157587955
8545.609999999999,0.6681441438765006
8545.62,0.6697081462575086
8545.63,0.6712597976898879
8545.640000000001,0.672799269391472
8545.65,0.6743267322798658
8545.66,0.6758258540625777
8545.67,0.677329168203294
8545.68,0.6788208470336533
8545.69,0.6803010470166091
8545.7,0.6817699210091893
8545.71,0.6832276180340632
8545.720000000001,0.6846742832900121
8545.73,0.6861100580947549
8545.74,0.6875351380603414
8545.75,0.6889494924023317
8545.76,0.6903536160855255
8545.77,0.6917469657118731
8545.78,0.6931300946999238
8545.79,0.6945030994551008
8545.800000000001,0.6958660778206578
8545.81,0.6972191018541227
8545.820000000002,0.6985622741469792
8545.83,0.6998956701872379
8545.84,0.7012193555455366
8545.85,0.702533382368307
8545.859999999999,0.7038377881551798
8545.87,0.7051324958951063
8545.88,0.7064175996296477
8545.89,0.7076930645069832
8545.9,0.7089586750447796
8545.91,0.7101967891477626
8545.92,0.7114410896287681
8545.93,0.7126737410974238
8545.94,0.7138930310784348
8545.95,0.7150945744600395
8545.96,0.7162685738892879
8545.970000000001,0.7173888041207579
8545.98,0.7184017565927093
8545.99,0.7191991826731652
8546.0,0.7196068943403594
8546.01,0.7193999637035572
8546.02,0.7183892075110444
8546.03,0.7166038173972752
8546.039999999999,0.7143683546823727
8546.050000000001,0.7123789992829552
8546.06,0.711474273053663
8546.070000000002,0.7122362713906213
8546.08,0.7147775426391357
8546.09,0.7186828943034057
8546.1,0.7231709183788507
8546.11,0.7274491693981646
8546.12,0.7310542499703577
8546.130000000001,0.7338324241496083
8546.14,0.7359177308672216
8546.150000000001,0.7375299933507704
8546.16,0.738866428266916
8546.17,0.740060332617971
8546.18,0.7411834878000768
8546.189999999999,0.7422718485511075
8546.2,0.743340898741315
8546.21,0.7443965408296829
8546.220000000001,0.7454417885333012
8546.23,0.7464598389800541
8546.24,0.7474875903270849
8546.25,0.748507775005363
8546.26,0.7495208549568705
8546.27,0.7505271562061737
8546.28,0.7515266578006508
8546.289999999999,0.7525196598367344
8546.300000000001,0.7535063219018846
8546.31,0.7544867730481442
8546.32,0.7554611261321083
8546.33,0.7564294815981343
8546.34,0.7573919721812766
8546.35,0.7583485957487083
8546.36,0.7592998756102904
8546.37,0.7602449130467421
8546.380000000001,0.7611843641583445
8546.39,0.7621182865475052
8546.400000000001,0.7630467360819279
8546.41,0.7639697817410124
8546.42,0.7648874354005016
8546.43,0.7657997766196837
8546.44,0.766706854797747
8546.45,0.7676087184504322
8546.460000000001,0.768505415232949
8546.47,0.7693969919859858
8546.48,0.7702834947171265
8546.49,0.7711649686321808
8546.5,0.7720414582153458
8546.51,0.7729130071540526
8546.52,0.7737796584742822
8546.53,0.7746414545046237
8546.539999999999,0.7754984369077504
8546.550000000001,0.7763506467306197
8546.56,0.7771981263773903
8546.57,0.778040907332828
8546.58,0.7788790354168499
8546.59,0.7797125487942307
8546.6,0.7805414852089302
8546.61,0.7813658819443928
8546.619999999999,0.7821857758412493
8546.630000000001,0.7830012032906538
8546.64,0.7838122002341028
8546.650000000001,0.7845995015844432
8546.66,0.7854014698493691
8546.67,0.7861990874432414
8546.68,0.7869923895029619
8546.69,0.7877814107061379
8546.7,0.7885661853179143
8546.710000000001,0.78934674719704
8546.72,0.7901231297635795
8546.730000000001,0.7908953660911398
8546.74,0.7916635243078556
8546.75,0.7924276293272984
8546.76,0.7931875905077597
8546.77,0.7939435367221327
8546.78,0.7946954998897614
8546.789999999999,0.7954435094426624
8546.800000000001,0.7961879656584229
8546.81,0.7969280535300544
8546.82,0.7976642862281548
8546.83,0.7983966904338632
8546.84,0.799125308747466
8546.85,0.7998501262711784
8546.86,0.8005711965832434
8546.869999999999,0.801288545705242
8546.880000000001,0.8020021996534428
8546.89,0.8027121843798859
8546.9,0.8034185257469149
8546.91,0.8041212494985268
8546.92,0.8048203812400497
8546.93,0.8055159464046773
8546.94,0.8062079702641557
8546.95,0.8068964778950015
8546.960000000001,0.8075814941758382
8546.97,0.8082630437866618
8546.980000000001,0.8089411512056408
8546.99,0.8096158406815337
8547.0,0.8102871362812154
8547.01,0.810955061842303
8547.02,0.8116196450682592
8547.03,0.8122808973213475
8547.04,0.8129388500751772
8547.05,0.8135935259952014
8547.060000000001,0.8142449475908357
8547.07,0.8148931371651227
8547.080000000002,0.8155381168697547
8547.09,0.8161799086567294
8547.1,0.8168185342878851
8547.11,0.8174540153330129
8547.119999999999,0.8180863731701039
8547.130000000001,0.8187156289793215
8547.14,0.8193418037400144
8547.15,0.8199649182592625
8547.16,0.8205849931366885
8547.17,0.8212020487966502
8547.18,0.8218161054625592
8547.19,0.822427183194471
8547.199999999999,0.8230353018468275
8547.210000000001,0.8236204461002237
8547.22,0.8242225113114757
8547.230000000001,0.8248216628833157
8547.24,0.8254179204229015
8547.25,0.8260113376968512
8547.26,0.8266018632612764
8547.27,0.8271895534442659
8547.28,0.8277744273552394
8547.29,0.8283565666422259
8547.3,0.828935837759256
8547.310000000001,0.8295146831944641
8547.32,0.8300884285574369
8547.33,0.8306594501619358
8547.34,0.8312277653766448
8547.35,0.8317933914746312
8547.36,0.8323568236696031
8547.37,0.8329170351329834
8547.380000000001,0.8334746162481148
8547.390000000001,0.8340295828229202
8547.4,0.8345819629010183
8547.41,0.8351317400281377
8547.42,0.8356789504181896
8547.43,0.8362236094431734
8547.44,0.8367657324612447
8547.449999999999,0.8373053347623435
8547.460000000001,0.8378424316193438
8547.47,0.8383770382327423
8547.48,0.8389091697314887
8547.49,0.8394388411870499
8547.5,0.8399660675512672
8547.51,0.8404908637556426
8547.52,0.8410132445811217
8547.53,0.8415247868647777
8547.54,0.8420422848000487
8547.55,0.8425574101180507
8547.560000000001,0.8430701772442385
8547.57,0.8435806004927159
8547.58,0.8440886940861696
8547.59,0.8445944721385905
8547.6,0.8450979486660432
8547.61,0.8455991377908174
8547.62,0.8460980566106688
8547.63,0.8465947085319082
8547.640000000001,0.8470891141547964
8547.65,0.8475812868577982
8547.66,0.8480712399033474
8547.67,0.8485589864840215
8547.68,0.8490445397006543
8547.69,0.8495279125288632
8547.7,0.8500091179118439
8547.710000000001,0.8504881686475891
8547.72,0.8509650774542759
8547.73,0.8514398569919647
8547.74,0.851912519748916
8547.75,0.8523830781961326
8547.76,0.8528515446630875
8547.77,0.8533179314132809
8547.779999999999,0.8537822505904439
8547.79,0.8542445142703924
8547.8,0.8547047344123258
8547.810000000001,0.8551629229119931
8547.82,0.855619091545372
8547.83,0.8560732520341731
8547.84,0.8565254159743028
8547.85,0.8569755948950504
8547.86,0.8574238002376182
8547.87,0.8578700433574533
8547.88,0.8583143355188444
8547.890000000001,0.8587567259228043
8547.9,0.8591971475814876
8547.91,0.8596356522925392
8547.92,0.860072250870966
8547.93,0.8605069541138626
8547.94,0.8609397727276924
8547.95,0.8613707181330872
8547.960000000001,0.8617997984720029
8547.970000000001,0.862227025975816
8547.98,0.8626524110340128
8547.990000000002,0.8630759639994839
8548.0,0.8634976951349564
8548.01,0.8638961145187706
8548.02,0.8643140802230687
8548.029999999999,0.8647302499012403
8548.04,0.8651446334922342
8548.05,0.8655572408443116
8548.06,0.8659680817811528
8548.07,0.8663771660573939
8548.08,0.8667845033725684
8548.09,0.8671901033740432
8548.1,0.8675939756623916
8548.11,0.8679961297409675
8548.12,0.8683965750935156
8548.13,0.8687953405103988
8548.140000000001,0.8691928712873634
8548.15,0.8695881772866522
8548.16,0.86998181608277
8548.17,0.8703737963224251
8548.18,0.8707641266541042
8548.19,0.8711528156836915
8548.2,0.8715398719868809
8548.21,0.8719253041141984
8548.220000000001,0.8723091205691632
8548.23,0.87269132983656
8548.24,0.8730719403357973
8548.25,0.8734509604665953
8548.26,0.8738283985877211
8548.27,0.8742042629912368
8548.28,0.8745785619576097
8548.29,0.8749513036978339
8548.300000000001,0.8753224963843453
8548.31,0.8756921481422918
8548.320000000002,0.8760602670607215
8548.33,0.8764268611611823
8548.34,0.8767919384344857
8548.35,0.8771555068202452
8548.359999999999,0.8775175742040009
8548.37,0.8778781484188881
8548.38,0.8782372376062568
8548.390000000001,0.8785948484803028
8548.4,0.8789509894356256
8548.41,0.8793056680756595
8548.42,0.8796588968964425
8548.43,0.8800106715145537
8548.44,0.8803610065540303
8548.45,0.8807099094143065
8548.46,0.8810573874352973
8548.470000000001,0.8814034478899927
8548.48,0.8817480980390827
8548.49,0.8820913450720921
8548.5,0.8824331961416065
8548.51,0.882773658369169
8548.52,0.8831127387921379
8548.53,0.8834504444359237
8548.54,0.8837867822597929
8548.550000000001,0.8841217591704122
8548.56,0.8844553820509826
8548.570000000002,0.8847876577090718
8548.58,0.8851185929268213
8548.59,0.8854481944196244
8548.6,0.8857764688615841
8548.61,0.8861034229021831
8548.62,0.8864290631098052
8548.630000000001,0.886753396006331
8548.64,0.8870764281011206
8548.65,0.8873981658131563
8548.66,0.8877186155547072
8548.67,0.8880377836518354
8548.68,0.8883556764160131
8548.69,0.8886723000986362
8548.7,0.8889876609034594
8548.71,0.8893017649830998
8548.720000000001,0.8896146184502779
8548.73,0.8899262273797758
8548.74,0.8902366387010343
8548.75,0.8905457746900696
8548.76,0.8908536844563482
8548.77,0.8911603738421314
8548.78,0.8914658486537301
8548.789999999999,0.891770114640009
8548.800000000001,0.89207317750435
8548.81,0.8923750429228425
8548.82,0.8926757165385045
8548.83,0.8929752039110368
8548.84,0.8932735106028376
8548.85,0.8935706436866673
8548.86,0.8938666047169719
8548.87,0.8941614014738892
8548.880000000001,0.8944550392881742
8548.89,0.8947475234777159
8548.900000000001,0.8950388592981717
8548.91,0.8953290519563546
8548.92,0.8956181066319715
8548.93,0.8959060284479421
8548.939999999999,0.8961927910125244
8548.95,0.8964784620742832
8548.96,0.8967630153680868
8548.97,0.8970464558147999
8548.98,0.8973287883216018
8548.99,0.8976100177170204
8549.0,0.8978901487894007
8549.01,0.8981691862729227
8549.02,0.8984472166039483
8549.03,0.8987238955009875
8549.039999999999,0.8989996644092734
8549.050000000001,0.899274358694031
8549.06,0.8995479827652608
8549.07,0.8998160236039918
8549.08,0.9000874660621135
8549.09,0.9003578503906278
8549.1,0.9006271807498133
8549.11,0.9008954612698982
8549.12,0.9011626960066671
8549.130000000001,0.9014288889692185
8549.14,0.9016940441015003
8549.150000000001,0.9019581652800079
8549.16,0.9022212563284423
8549.17,0.9024833381379137
8549.18,0.9027443757899547
8549.19,0.9030043945952049
8549.2,0.9032633980355689
8549.210000000001,0.9035213895676961
8549.22,0.9037783725493753
8549.230000000001,0.9040343502617187
8549.24,0.9042893259118873
8549.25,0.9045433026358404
8549.26,0.9047962834680118
8549.27,0.9050254939256714
8549.28,0.9052769349049862
8549.289999999999,0.9055268237147498
8549.300000000001,0.9057757278354178
8549.31,0.9060236497714151
8549.32,0.9062705919014578
8549.33,0.9065165565348381
8549.34,0.9067615458390781
8549.35,0.9070055618617912
8549.36,0.9072486065671882
8549.369999999999,0.9074906817491438
8549.380000000001,0.907734347995748
8549.39,0.9079744843657764
8549.4,0.9082136558128258
8549.41,0.9084518635574532
8549.42,0.9086891086820782
8549.43,0.9089253920722121
8549.44,0.9091607149879808
8549.45,0.9093950765961624
8549.460000000001,0.9096284780169427
8549.47,0.9098609193505078
8549.480000000001,0.9100924004729852
8549.49,0.9103229209905346
8549.5,0.9105524803051639
8549.51,0.9107810775009867
8549.52,0.9110082135566564
8549.53,0.911234859889787
8549.54,0.9114605381066265
8549.55,0.911685251900323
8549.56,0.9119089851071703
8549.57,0.9121317422475784
8549.58,0.9123535197810908
8549.59,0.9125743137042523
8549.6,0.912794119517081
8549.61,0.9130129321762269
8549.619999999999,0.9132307460538285
8549.630000000001,0.9134475548917668
8549.64,0.9136633517583594
8549.65,0.9138781289795883
8549.66,0.9140918781011379
8549.67,0.9143045897734614
8549.68,0.914516253754415
8549.69,0.9147268587111507
8549.699999999999,0.9149363922185282
8549.710000000001,0.9151448406039486
8549.72,0.9153521888356635
8549.730000000001,0.9155584203509088
8549.74,0.9157635169357858
8549.75,0.9159674584840041
8549.76,0.9161702227528687
8549.77,0.916371785148551
8549.78,0.9165721183466661
8549.79,0.9167711918611858
8549.8,0.91696897156074
8549.810000000001,0.9171654189569096
8549.82,0.9173604903280471
8549.83,0.9175541360225181
8549.84,0.917746298086066
8549.85,0.9179369084571835
8549.86,0.918125885765259
8549.869999999999,0.9183131305628719
8549.880000000001,0.9184985178514177
8549.89,0.9186818559998469
8549.9,0.9188628817411307
8549.91,0.9190414179372765
8549.92,0.9192170997460776
8549.93,0.9193888932239103
8549.94,0.919556181503889
8549.949999999999,0.9197190932963892
8549.960000000001,0.9198770448468429
8549.97,0.920032655358281
8549.98,0.9201844315591142
8549.99,0.9203366963888989
8550.0,0.9204923200602383
8550.01,0.9206510169964598
8550.02,0.9208117759079457
8550.03,0.9209748669579556
8550.04,0.9211343277320946
8550.05,0.9212883464168082
8550.060000000001,0.9214370668636772
8550.07,0.9215778222189237
8550.08,0.9217103925716967
8550.09,0.9218340512147427
8550.1,0.9219492345762126
8550.11,0.9220556008508466
8550.12,0.9221523151379127
8550.13,0.9222383655120586
8550.140000000001,0.9223125864764602
8550.15,0.9223734466544082
8550.160000000002,0.9224190740856323
8550.17,0.9224471878478155
8550.18,0.9224550029321185
8550.19,0.9224391011962622
8550.199999999999,0.9223952562250343
8550.210000000001,0.9223181991551684
8550.22,0.9222012914022425
8550.23,0.9220343182343953
8550.24,0.9218038792594787
8550.25,0.9215053655113709
8550.26,0.9211165643602525
8550.27,0.9206068608398816
8550.279999999999,0.9199339514177857
8550.29,0.9190378666944272
8550.3,0.9178277306521158
8550.310000000001,0.9161191494610375
8550.32,0.9134146637365956
8550.33,0.9092561578715689
8550.34,0.9020884551617537
8550.35,0.8895697766561396
8550.36,0.8680628387194307
8550.37,0.8341755343356455
8550.38,0.7870445227924012
8550.390000000001,0.7308964557081652
8550.4,0.6746821151748696
8550.41,0.6261613310656332
8550.42,0.5910919461529706
8550.43,0.5719355100698987
8550.44,0.5690011592611764
8550.45,0.5823735103079937
8550.460000000001,0.6119048792282653
8550.470000000001,0.6561712192179443
8550.48,0.7106553850622552
8550.49,0.7682478344590197
8550.5,0.8197880103965399
8550.51,0.859075393321967
8550.52,0.8852041442120019
8550.529999999999,0.900972838089517
8550.54,0.9101169282178831
8550.55,0.915559859713548
8550.56,0.9190128159161177
8550.57,0.9214221341645065
8550.58,0.923131116520512
8550.59,0.9244776277157519
8550.6,0.9255708141107697
8550.61,0.9264802111546414
8550.62,0.927253713898389
8550.63,0.9279258061623805
8550.640000000001,0.928521943704947
8550.65,0.9290538598010136
8550.66,0.9295283920258506
8550.67,0.9299595344242173
8550.68,0.9303545947132486
8550.69,0.9307193562472307
8550.7,0.9310585311342513
8550.71,0.9313756728744843
8550.720000000001,0.931673927151941
8550.73,0.9319557945997745
8550.740000000002,0.9322233426403875
8550.75,0.9324782906699681
8550.76,0.9327220758039918
8550.77,0.9329559040592681
8550.78,0.9331807904807679
8550.79,0.9333975907338284
8550.8,0.933607048018072
8550.81,0.9338097218711321
8550.82,0.9340061457391096
8550.83,0.9341967408756969
8550.84,0.9343818513815118
8550.85,0.9345617512689013
8550.859999999999,0.9347366494189376
8550.87,0.9349066925045552
8550.88,0.9350719661341278
8550.890000000001,0.9352324939638871
8550.9,0.9353882347004965
8550.91,0.9355390767874777
8550.92,0.9356848300816244
8550.93,0.9358252140590428
8550.94,0.9359598413598588
8550.95,0.9360881952477246
8550.96,0.9362095987822537
8550.970000000001,0.9363231726879913
8550.98,0.936427777060038
8550.99,0.9365219299296522
8551.0,0.9366031090517695
8551.01,0.9366690361111911
8551.02,0.9367175250953461
8551.03,0.9367431956424719
8551.04,0.9367386150793182
8551.050000000001,0.9366932822057522
8551.06,0.9365917155758847
8551.070000000002,0.9364093708898154
8551.08,0.9360626895533954
8551.09,0.9354814187659655
8551.1,0.9344328805621557
8551.109999999999,0.9324943961329957
8551.12,0.928869804013541
8551.13,0.9223793498518854
8551.14,0.9116124188132834
8551.15,0.8955543787847713
8551.16,0.8748968073576374
8551.17,0.8519656041891448
8551.18,0.8306873853692064
8551.19,0.8156676527445758
8551.2,0.8097862975170322
8551.21,0.8143848673820472
8551.220000000001,0.8283892231641853
8551.23,0.8492522370688484
8551.24,0.8724782213028834
8551.25,0.8938984075853706
8551.26,0.9110455172179353
8551.27,0.922848493621714
8551.28,0.9301826839039398
8551.289999999999,0.934447316417943
8551.300000000001,0.9368691566810665
8551.31,0.9383099875376117
8551.320000000002,0.9392266471769374
8551.33,0.939895323776259
8551.34,0.9403779459736658
8551.35,0.940774510266834
8551.36,0.9411117822886577
8551.37,0.9414064544315033
8551.380000000001,0.9416697968921611
8551.39,0.9419097610442735
8551.400000000001,0.9421321475726847
8551.41,0.9423398312764109
8551.42,0.942534749130792
8551.43,0.9427198282977917
8551.439999999999,0.9428967252579079
8551.45,0.9430667434384435
8551.46,0.9432309209147091
8551.470000000001,0.9433895871361163
8551.48,0.9435444154861636
8551.49,0.9436954747788042
8551.5,0.9438432260793804
8551.51,0.9439880536986933
8551.52,0.9441302802288665
8551.53,0.9442701782420256
8551.539999999999,0.9444079794255025
8551.550000000001,0.9445438818407865
8551.56,0.9446780557309322
8551.57,0.9448106481108072
8551.58,0.9449417865821459
8551.59,0.9450715823677459
8551.6,0.9452001327797943
8551.61,0.94532752336077
8551.62,0.9454534806079012
8551.630000000001,0.9455787567260925
8551.64,0.9457030738087645
8551.650000000001,0.9458264846070735
8551.66,0.9459490362080718
8551.67,0.9460707708080293
8551.68,0.9461917262460386
8551.69,0.9463119365669874
8551.7,0.9464314324522501
8551.710000000001,0.9465502415686505
8551.72,0.9466448932993144
8551.73,0.9467623696081925
8551.74,0.9468792269590958
8551.75,0.9469955289489332
8551.76,0.9471115149593876
8551.77,0.9472266139699954
8551.78,0.9473411574140861
8551.789999999999,0.9474551570462537
8551.800000000001,0.9475686230726686
8551.81,0.9476815641630185
8551.82,0.9477939874250045
8551.83,0.9479058982401144
8551.84,0.9480171691397838
8551.85,0.9481280602257383
8551.86,0.9482384425782722
8551.869999999999,0.9483483119562802
8551.880000000001,0.948457660380912
8551.89,0.9485664750760573
8551.900000000001,0.9486747364038208
8551.91,0.9487824157730518
8551.92,0.9488894721037874
8551.93,0.9489958463759565
8551.94,0.9491014531285741
8551.95,0.9492061238386308
8551.960000000001,0.9493096396411683
8551.97,0.9494118464033099
8551.980000000001,0.9495124824720422
8551.99,0.9496106041155211
8552.0,0.9497050843248621
8552.01,0.9497967965591334
8552.02,0.9498853362433162
8552.03,0.9499743181402586
8552.039999999999,0.9500611800831923
8552.050000000001,0.9501515179186409
8552.06,0.9502491619557918
8552.07,0.9503527509848813
8552.08,0.9504615847194728
8552.09,0.9505778252512127
8552.1,0.9506943161660881
8552.11,0.9508087113186364
8552.119999999999,0.9509226980002141
8552.130000000001,0.9510327567750325
8552.14,0.9511386804191452
8552.15,0.9512399964341403
8552.16,0.9513363198371783
8552.17,0.9514287970973672
8552.18,0.9515171439741548
8552.19,0.951603895081048
8552.2,0.9516887243602021
8552.210000000001,0.9517732606969397
8552.22,0.9518636767588021
8552.230000000001,0.9519594144150639
8552.24,0.9520621256965183
8552.25,0.9521709825994723
8552.26,0.952283968431039
8552.27,0.9523956109825743
8552.28,0.9525066877619585
8552.29,0.9526152834103881
8552.3,0.9527208735339457
8552.310000000001,0.9528234262299448
8552.32,0.9529233673065494
8552.33,0.9530217704169002
8552.34,0.9531190229319353
8552.35,0.9532152762359688
8552.36,0.9533107280351587
8552.369999999999,0.9534055644585567
8552.380000000001,0.9534998704886145
8552.39,0.9535937056207028
8552.4,0.9536871125398401
8552.41,0.953780122608418
8552.42,0.9538727592469219
8552.43,0.953965039986549
8552.44,0.9540569782374342
8552.449999999999,0.9541485844560724
8552.460000000001,0.9542398665982958
8552.47,0.9543308306685717
8552.480000000001,0.954421481051901
8552.49,0.9545118206976959
8552.5,0.9546018512944237
8552.51,0.9546915732357409
8552.52,0.954780985629378
8552.53,0.9548700862195563
8552.54,0.9549588711978835
8552.55,0.9550473349953515
8552.560000000001,0.9551354697852293
8552.57,0.955223262915364
8552.58,0.9553107018910109
8552.59,0.9553977904906923
8552.6,0.955484561242189
8552.61,0.9555708993663317
8552.62,0.9556567299818438
8552.630000000001,0.9557421792720969
8552.640000000001,0.9558272852209032
8552.65,0.9559121762529401
8552.66,0.9559970421550564
8552.67,0.9560820707786771
8552.68,0.9561662429027562
8552.69,0.9562506902426146
8552.699999999999,0.9563352686704489
8552.710000000001,0.9564202562973226
8552.72,0.956505249528314
8552.73,0.9565906355314455
8552.74,0.9566760104686276
8552.75,0.9567609723739317
8552.76,0.9568457140886161
8552.77,0.9569304828429032
8552.78,0.9570149077308067
8552.79,0.9570990027024815
8552.8,0.9571827145644307
8552.810000000001,0.9572658758581648
8552.82,0.9573487573752771
8552.83,0.9574313328531123
8552.84,0.9575139935416694
8552.85,0.9575959229579448
8552.86,0.9576775576327977
8552.87,0.9577589104327594
8552.88,0.957839991211212
8552.890000000001,0.957920808182717
8552.9,0.9580013682461318
8552.91,0.9580816771975766
8552.92,0.9581617400237791
8552.93,0.9582415609582611
8552.94,0.9583211436841997
8552.95,0.9584004914279095
8552.960000000001,0.9584796070281711
8552.97,0.9585584930027035
8552.98,0.9586371516352745
8552.99,0.9587155849465095
8553.0,0.9587937948155427
8553.01,0.9588717829136462
8553.02,0.958949550862002
8553.029999999999,0.9590271001426381
8553.04,0.9591044321420404
8553.05,0.9591815481492834
8553.060000000001,0.9592584493935049
8553.07,0.9593351370699741
8553.08,0.95941161228996
8553.09,0.9594878761248381
8553.1,0.9595639296254928
8553.11,0.9596397737808261
8553.12,0.9597154095801806
8553.13,0.9597908379561559
8553.140000000001,0.9598660598362174
8553.15,0.959941076110144
8553.16,0.960015887669056
8553.17,0.9600904953673877
8553.18,0.9601649000496518
8553.19,0.9602391025485094
8553.2,0.9603131036741669
8553.210000000001,0.9603869042439486
8553.220000000001,0.9604605050425601
8553.23,0.9605339068636927
8553.240000000002,0.9606071104651321
8553.25,0.960680116618234
8553.26,0.9607529260805027
8553.27,0.9608255396005285
8553.279999999999,0.9608979579134486
8553.29,0.9609701817410388
8553.3,0.9610422118313263
8553.31,0.9611140488897004
8553.32,0.9611856936330828
8553.33,0.9612571467752707
8553.34,0.9613363668828107
8553.35,0.9614305888044533
8553.36,0.9615012591240417
8553.37,0.9615717429139162
8553.38,0.9616420408154088
8553.390000000001,0.9617121534852314
8553.4,0.9617820815595816
8553.41,0.9618518256669644
8553.42,0.9619213864320771
8553.43,0.9619907645054846
8553.44,0.9620599604992895
8553.45,0.9621289750356792
8553.46,0.9621978087326033
8553.470000000001,0.9622664622157793
8553.48,0.9623349360792591
8553.49,0.9624032309348873
8553.5,0.9624713474172186
8553.51,0.9625392860863997
8553.52,0.9626070475779025
8553.53,0.9626747278364268
8553.54,0.9627421329407743
8553.550000000001,0.9628093627093104
8553.56,0.9628764177030114
8553.570000000002,0.9629432985380106
8553.58,0.9630101691314772
8553.59,0.9630766999093412
8553.6,0.9631430583603839
8553.609999999999,0.9632092680377269
8553.62,0.9632752821960582
8553.63,0.9633411257571739
8553.64,0.9634067992734313
8553.65,0.9634723033182252
8553.66,0.963537638447429
8553.67,0.9636028052089914
8553.68,0.9636678041653022
8553.69,0.9637326358699788
8553.7,0.9637973008597078
8553.71,0.9638617996803905
8553.720000000001,0.96392613289172
8553.73,0.9639903010146944
8553.74,0.964054305232585
8553.75,0.9641181447430703
8553.76,0.9641818208144649
8553.77,0.964245333944155
8553.78,0.9643086846884142
8553.79,0.9643718735712953
8553.800000000001,0.9644349011130585
8553.81,0.9644977678492607
8553.820000000002,0.9645604743087842
8553.83,0.9646230209857387
8553.84,0.9646854084386377
8553.85,0.964747637152896
8553.86,0.9648097076602546
8553.87,0.9648716204813909
8553.880000000001,0.9649333761018484
8553.89,0.9649949750478707
8553.9,0.9650564178337672
8553.91,0.9651177049565473
8553.92,0.9651788369166319
8553.93,0.9652398142268619
8553.94,0.9653006373777046
8553.95,0.965361306864408
8553.96,0.9654218231978411
8553.970000000001,0.9654821868606228
8553.98,0.9655423983439927
8553.99,0.9656024581430318
8554.0,0.96566236674993
8554.01,0.9657221243971861
8554.02,0.9657817318427678
8554.03,0.9658411895300872
8554.039999999999,0.9659004979613484
8554.050000000001,0.9659596576084725
8554.06,0.966018668953265
8554.07,0.9660775324743011
8554.08,0.9661362486243328
8554.09,0.9661948178894428
8554.1,0.9662532407557421
8554.11,0.9663115176679765
8554.12,0.9663696490956257
8554.130000000001,0.9664276355120781
8554.14,0.966485477371552
8554.150000000001,0.9665431751508922
8554.16,0.9666007292879137
8554.17,0.966658140260795
8554.18,0.9667154085044095
8554.19,0.9667725344908192
8554.2,0.9668295186522771
8554.21,0.9668863614612249
8554.22,0.9669430633637417
8554.23,0.966999624792748
8554.24,0.9670560461945416
8554.25,0.9671123280210179
8554.26,0.9671684707261462
8554.27,0.967224474723016
8554.28,0.9672803404633147
8554.289999999999,0.967336068393034
8554.300000000001,0.9673916589285003
8554.31,0.9674471125231322
8554.32,0.9675024296019851
8554.33,0.9675576105794469
8554.34,0.9676126558991366
8554.35,0.9676675659998668
8554.36,0.9677223412876785
8554.369999999999,0.9677769821980661
8554.380000000001,0.9678314891375214
8554.39,0.9678858625481593
8554.400000000001,0.967940102831912
8554.41,0.9679942104107475
8554.42,0.9680481857116022
8554.43,0.9681020291316454
8554.44,0.9681557410920654
8554.45,0.9682093220117249
8554.460000000001,0.9682627722844707
8554.47,0.9683160923285428
8554.480000000001,0.9683692825479344
8554.49,0.9684223433496597
8554.5,0.9684752751324943
8554.51,0.9685280782997084
8554.52,0.9685807532595824
8554.53,0.9686333003990498
8554.539999999999,0.9686857201239527
8554.550000000001,0.968738012826779
8554.56,0.9687901789086212
8554.57,0.9688422187561303
8554.58,0.968894132757728
8554.59,0.9689459213022839
8554.6,0.968997584793419
8554.61,0.9690491298124941
8554.619999999999,0.9691005439085999
8554.630000000001,0.9691518341175772
8554.64,0.9692030008052012
8554.65,0.9692540443478289
8554.66,0.9693049651414171
8554.67,0.9693557635628686
8554.68,0.9694064399830703
8554.69,0.9694569947787683
8554.7,0.969507428309078
8554.710000000001,0.9695577409689157
8554.72,0.9696079331234494
8554.730000000001,0.9696580051441258
8554.74,0.9697079574009946
8554.75,0.9697577902446667
8554.76,0.9698075040539913
8554.77,0.9698570991937179
8554.78,0.9699065760217769
8554.79,0.9699559349039883
8554.8,0.9700051762025586
8554.810000000001,0.9700543002646719
8554.82,0.9701033074723818
8554.83,0.9701521981589982
8554.84,0.9702009726926063
8554.85,0.9702496314113273
8554.86,0.9702981746892467
8554.869999999999,0.9703466028679094
8554.880000000001,0.9703949162882373
8554.89,0.9704431153019121
8554.9,0.9704912002629484
8554.91,0.9705391715297511
8554.92,0.9705870294187259
8554.93,0.9706347742961594
8554.94,0.9706824064957609
8554.949999999999,0.9707299263543147
8554.960000000001,0.9707773342131953
8554.97,0.9708246304109508
8554.980000000001,0.970871815300034
8554.99,0.9709188891908093
8555.0,0.9709658524485386
8555.01,0.9710127530112158
8555.02,0.971059495509059
8555.03,0.9711061283663708
8555.04,0.9711526519283714
8555.05,0.9711990665030186
8555.060000000001,0.971245372427035
8555.07,0.971291570031352
8555.08,0.9713376596312325
8555.09,0.9713836415646981
8555.1,0.9714295161229277
8555.11,0.9714752836745052
8555.12,0.9715209444915791
8555.130000000001,0.9715664989254902
8555.14,0.9716119472807736
8555.15,0.9716572898820269
8555.16,0.9717025270349182
8555.17,0.97174765905376
8555.18,0.9717926862623393
8555.19,0.9718376089640478
8555.199999999999,0.9718824274728756
8555.210000000001,0.9719271420924563
8555.22,0.9719717531409648
8555.23,0.9720162609296874
8555.24,0.9720606657504001
8555.25,0.9721049679183679
8555.26,0.9721491677229702
8555.27,0.9721932655002007
8555.28,0.9722372615042217
8555.29,0.9722811560778706
8555.3,0.9723249494967651
8555.310000000001,0.9723686420781689
8555.32,0.9724122341016719
8555.33,0.9724557258872946
8555.34,0.9724991177014954
8555.35,0.9725424098617882
8555.36,0.9725856026557889
8555.37,0.9726286963640804
8555.38,0.9726716912856783
8555.390000000001,0.9727145877187257
8555.4,0.9727573859528323
8555.410000000002,0.9728000862579758
8555.42,0.9728426889415526
8555.43,0.9728851942712169
8555.44,0.9729276025461613
8555.449999999999,0.972969914048126
8555.460000000001,0.9730121290563742
8555.47,0.9730542478589599
8555.48,0.9730962707301924
8555.49,0.9731387964884349
8555.5,0.9731806203597576
8555.51,0.9732223492122019
8555.52,0.9732639833279151
8555.529999999999,0.9733055229608164
8555.54,0.9733469684019597
8555.55,0.9733883199222337
8555.560000000001,0.9734295777913337
8555.57,0.9734707422836826
8555.58,0.9735118136641521
8555.59,0.9735527922050751
8555.6,0.9735936781783527
8555.61,0.9736344718529463
8555.62,0.9736751734855007
8555.63,0.9737157833479173
8555.640000000001,0.9737563016986547
8555.65,0.9737967288168489
8555.66,0.9738370649502702
8555.67,0.9738773103644358
8555.68,0.9739174653170474
8555.69,0.97395753007935
8555.7,0.9739975049005685
8555.710000000001,0.9740373900464165
8555.720000000001,0.9740771857745696
8555.73,0.9741168923268096
8555.74,0.9741565099731205
8555.75,0.9741960389656428
8555.76,0.9742354795484347
8555.77,0.9742748319921828
8555.779999999999,0.9743140965265988
8555.79,0.9743532734188272
8555.8,0.974392362925542
8555.81,0.9744313652710362
8555.82,0.9744702807204217
8555.83,0.9745091095246815
8555.84,0.9745478519197415
8555.85,0.9745865081561211
8555.86,0.9746250784718242
8555.87,0.974663563134167
8555.88,0.9747019623516672
8555.890000000001,0.9747402763976578
8555.9,0.974778505487522
8555.91,0.9748166498797721
8555.92,0.9748547098111119
8555.93,0.9748926855089421
8555.94,0.9749305772321395
8555.95,0.9749683852059334
8555.96,0.9750061096587864
8555.970000000001,0.975043750842773
8555.98,0.9750813089797998
8555.990000000002,0.9751187843026062
8556.0,0.9751561770442743
8556.01,0.975193487460432
8556.02,0.9752307157621
8556.03,0.975267862181467
8556.04,0.9753049269439016
8556.05,0.9753419102840293
8556.06,0.9753788124255465
8556.07,0.9754156336129555
8556.08,0.9754523740449806
8556.09,0.9754890339681039
8556.1,0.975525613596701
8556.109999999999,0.9755621131653589
8556.12,0.9755985328828792
8556.13,0.9756348729820845
8556.140000000001,0.975671133680494
8556.15,0.9757073152004809
8556.16,0.9757434177598852
8556.17,0.9757794415830244
8556.18,0.9758153868902044
8556.19,0.975851253890332
8556.2,0.9758870428062749
8556.21,0.9759227538533687
8556.220000000001,0.9759583872358061
8556.23,0.9759939431818673
8556.24,0.9760294219061223
8556.25,0.976064823627924
8556.26,0.976100148539267
8556.27,0.9761353968496831
8556.28,0.9761705688021513
8556.29,0.9762056645910249
8556.300000000001,0.9762406844043415
8556.31,0.9762756284792756
8556.320000000002,0.9763104970005385
8556.33,0.9763452901989741
8556.34,0.976380008255146
8556.35,0.9764146513944372
8556.359999999999,0.9764492198271884
8556.37,0.9764837137347113
8556.38,0.976518133329032
8556.39,0.9765524788163701
8556.4,0.9765867504116809
8556.41,0.9766209482868256
8556.42,0.9766550726580836
8556.43,0.976689123725242
8556.44,0.9767231016920571
8556.45,0.976757006749278
8556.46,0.9767908390820123
8556.470000000001,0.976824598915335
8556.48,0.976858286424937
8556.49,0.9768919018112528
8556.5,0.9769254452788988
8556.51,0.976958917004014
8556.52,0.9769923171890402
8556.53,0.9770256460235625
8556.539999999999,0.9770589037084789
8556.550000000001,0.9770920904183067
8556.56,0.9771252063487578
8556.570000000002,0.9771582516960161
8556.58,0.9771912266535187
8556.59,0.9772241313994691
8556.6,0.9772569661147842
8556.61,0.977289730992472
8556.62,0.977322428224128
8556.630000000001,0.9773550538830285
8556.64,0.9773876102554103
8556.650000000001,0.9774200975254508
8556.66,0.9774525158990415
8556.67,0.9774848655439303
8556.68,0.9775171466339607
8556.689999999999,0.9775493593580591
8556.7,0.9775815038877151
8556.71,0.9776135804173158
8556.720000000001,0.9776455891200431
8556.73,0.9776775301575674
8556.74,0.9777094037170989
8556.75,0.9777412100070971
8556.76,0.9777729491480049
8556.77,0.977804621353913
8556.78,0.977836226787696
8556.789999999999,0.9778677656228592
8556.800000000001,0.9778992380278656
8556.81,0.9779306441854942
8556.82,0.9779619842562529
8556.83,0.9779932584103974
8556.84,0.9780244668396905
8556.85,0.9780556096741759
8556.86,0.97808668711923
8556.87,0.9781176993309902
8556.880000000001,0.9781486464722526
8556.89,0.9781795287028036
8556.900000000001,0.9782103462053273
8556.91,0.9782410991333926
8556.92,0.9782717876561839
8556.93,0.9783024119423251
8556.94,0.9783233883348963
8556.95,0.9783536681836676
8556.960000000001,0.9783838769309039
8556.97,0.978414014387732
8556.98,0.978444080362638
8556.99,0.9784740746481947
8557.0,0.9785039969971243
8557.01,0.9785338471496623
8557.02,0.9785636248128468
8557.03,0.9785933296470947
8557.039999999999,0.9786229613318183
8557.050000000001,0.9786525194685234
8557.06,0.9786820036263755
8557.07,0.9787114133846133
8557.08,0.978740748211086
8557.09,0.9787700075878794
8557.1,0.9787991909155964
8557.11,0.9788282975589447
8557.119999999999,0.9788573268271809
8557.130000000001,0.9788862779610851
8557.14,0.9789151501515623
8557.150000000001,0.9789439424923343
8557.16,0.9789726540249297
8557.17,0.9790012837064443
8557.18,0.9790298303934118
8557.19,0.9790582928340504
8557.2,0.979086669703903
8557.210000000001,0.9791149595145414
8557.22,0.9791431606792572
8557.230000000001,0.9791712714522434
8557.24,0.9791992899436505
8557.25,0.9792272140841249
8557.26,0.9792550416132015
8557.27,0.9792827700616407
8557.28,0.9793103967207781
8557.289999999999,0.9793379186327091
8557.300000000001,0.9793653325637252
8557.31,0.9793926349306705
8557.32,0.9794198218181035
8557.33,0.9794468889030316
8557.34,0.9794738314296368
8557.35,0.9795006441345343
8557.36,0.9795273211754226
8557.369999999999,0.9795538561172616
8557.380000000001,0.9795802417662482
8557.39,0.9796064701534021
8557.4,0.9796325323595638
8557.41,0.9796584184237763
8557.42,0.9796841171847004
8557.43,0.9797096161013195
8557.44,0.9797349010445182
8557.45,0.979759956049431
8557.460000000001,0.9797847630183071
8557.47,0.9798093014032297
8557.480000000001,0.9798335477332945
8557.49,0.979857475205939
8557.5,0.9798810529448048
8557.51,0.979904245385776
8557.52,0.9799270113407652
8557.53,0.9799493028292511
8557.54,0.9799710637633682
8557.55,0.9799922282423734
8557.560000000001,0.9800127182776316
8557.57,0.9800324411927769
8557.58,0.9800512859927512
8557.59,0.980069118858139
8557.6,0.9800857771889222
8557.61,0.9801010617830077
8557.619999999999,0.9801147262872276
8557.630000000001,0.9801264629877031
8557.64,0.9801358832114095
8557.65,0.9801424924932856
8557.66,0.9801453734735847
8557.67,0.9801441505126247
8557.68,0.980137613338334
8557.69,0.9801240223336716
8557.699999999999,0.9801009587001055
8557.710000000001,0.9800649454520235
8557.72,0.9800107208478558
8557.730000000001,0.9799296244037503
8557.74,0.9797847399344811
8557.75,0.9795610775369599
8557.76,0.9791684995278557
8557.77,0.9784648645913896
8557.78,0.9772022615422246
8557.79,0.9750388959270525
8557.8,0.9716027007378124
8557.810000000001,0.9666603909935297
8557.82,0.9605481338718087
8557.83,0.9539411278545856
8557.84,0.9482387896243887
8557.85,0.944921514601974
8557.86,0.9447727385440777
8557.87,0.9478417362787335
8557.880000000001,0.9534096060783606
8557.890000000001,0.9600463628739103
8557.9,0.9663022965557666
8557.91,0.9714438756450023
8557.92,0.9750701727637836
8557.93,0.9773985092783248
8557.94,0.9787869575566661
8557.949999999999,0.9795859419419761
8557.960000000001,0.980053085957783
8557.97,0.9803406388947172
8557.98,0.9805422132177607
8557.99,0.9806791017099873
8558.0,0.9807863048009928
8558.01,0.9808745690145158
8558.02,0.9809494137464827
8558.03,0.9810144623750621
8558.04,0.9810722256094734
8558.05,0.9811245043038479
8558.060000000001,0.9811725795264297
8558.07,0.981216862972364
8558.08,0.9812582447951661
8558.09,0.9812972552188771
8558.1,0.9813342935789062
8558.11,0.9813696756351639
8558.12,0.9814036538711619
8558.13,0.9814364322511755
8558.140000000001,0.9814681770630737
8558.15,0.981499025005758
8558.16,0.9815290893168451
8558.17,0.9815584644886498
8558.18,0.9815872298193625
8558.19,0.9816154523010484
8558.2,0.9816431888276574
8558.210000000001,0.9816704879252888
8558.22,0.9816973911971694
8558.23,0.981723934453946
8558.24,0.9817501486376251
8558.25,0.9817760605636969
8558.26,0.981801693561867
8558.27,0.9818270679257204
8558.279999999999,0.9818522014172065
8558.29,0.9818771095663243
8558.3,0.9819018059787703
8558.31,0.9819263025881656
8558.32,0.9819506098498162
8558.33,0.9819747369343372
8558.34,0.9819986918484456
8558.35,0.9820224815880693
8558.36,0.982046112244051
8558.37,0.9820695890878015
8558.38,0.9820929166225233
8558.390000000001,0.982116098685863
8558.4,0.9821391384922877
8558.41,0.9821620386574014
8558.42,0.9821848012611784
8558.43,0.9822074278961894
8558.44,0.9822299196306924
8558.45,0.9822522770595562
8558.460000000001,0.9822745003609987
8558.470000000001,0.982296589222106
8558.48,0.9823185428897662
8558.490000000002,0.9823403602073755
8558.5,0.9823620395045964
8558.51,0.9823835786648754
8558.52,0.9824049751100484
8558.529999999999,0.9824262257590982
8558.54,0.9824473269668709
8558.55,0.982468274579873
8558.56,0.9824890638275025
8558.57,0.9825096892950166
8558.58,0.9825301448812551
8558.59,0.9825504237354895
8558.6,0.9825705181943791
8558.61,0.9825904196678775
8558.62,0.9826101186134908
8558.63,0.9826296043539299
8558.640000000001,0.9826488650099642
8558.65,0.9826678873525397
8558.66,0.9826866565849653
8558.67,0.9827051562517332
8558.68,0.982723367943398
8558.69,0.9827412710703569
8558.7,0.9827588425532641
8558.71,0.9827760565338997
8558.720000000001,0.9827928839112884
8558.73,0.9828092918918216
8558.74,0.9828252434537841
8558.75,0.9828406966980409
8558.76,0.9828556040159236
8558.77,0.9828699112306691
8558.78,0.9828933797863305
8558.79,0.9829060830770094
8558.800000000001,0.9829179783158921
8558.81,0.9829289710455639
8558.820000000002,0.9829389517652755
8558.83,0.9829477930846776
8558.84,0.9829553460177564
8558.85,0.9829614355356571
8558.859999999999,0.9829658548653075
8558.87,0.9829683583131813
8558.88,0.9829686522940205
8558.89,0.9829663828821134
8558.9,0.9829611224757508
8558.91,0.9829523505834904
8558.92,0.9829394245019504
8558.93,0.9829215469256627
8558.94,0.9828977197883814
8558.95,0.9828666810605868
8558.96,0.9828268181452059
8558.970000000001,0.982776046637341
8558.98,0.982711638647066
8558.99,0.9826284552064641
8559.0,0.9825214247619112
8559.01,0.9823936750944555
8559.02,0.9822315297571111
8559.03,0.9820353067146982
8559.04,0.9817473863410745
8559.050000000001,0.9813995977882372
8559.06,0.9810003028112783
8559.070000000002,0.9805263480693642
8559.08,0.9801039432272259
8559.09,0.9796574080920378
8559.1,0.9791721521842498
8559.11,0.9788102196620561
8559.12,0.9786494060075871
8559.130000000001,0.9785593739786889
8559.14,0.9786565208636228
8559.15,0.9789038325530037
8559.16,0.979339409918599
8559.17,0.979810396565248
8559.18,0.9802510043294509
8559.19,0.9807466951990054
8559.2,0.9812343305079968
8559.21,0.9816599259221847
8559.220000000001,0.9820436429097835
8559.23,0.9823512854279236
8559.24,0.9825912731631875
8559.25,0.9827998292078176
8559.26,0.9829773989806768
8559.27,0.9831278563631229
8559.28,0.9832542559654508
8559.289999999999,0.9833638798308278
8559.300000000001,0.9834593491330108
8559.31,0.9835433907169505
8559.32,0.9836181765566817
8559.33,0.9836853476080162
8559.34,0.9837462013622643
8559.35,0.9838017737461887
8559.36,0.9838528990022715
8559.37,0.9839002539393779
8559.380000000001,0.9839443892516324
8559.39,0.9839857627153887
8559.400000000001,0.9840247520885915
8559.41,0.9840616727429892
8559.42,0.9840967894217485
8559.43,0.9841303255396281
8559.44,0.9841624706534043
8559.45,0.9841933864174927
8559.46,0.9842232112749358
8559.47,0.98425206437498
8559.48,0.9842800486875217
8559.49,0.9843072535078201
8559.5,0.9843337566203623
8559.51,0.9843596259968523
8559.52,0.984384921256134
8559.53,0.9844096948292025
8559.539999999999,0.9844339930248034
8559.550000000001,0.9844578568063056
8559.56,0.9844813225508896
8559.57,0.9845044226308317
8559.58,0.9845271859467941
8559.59,0.9845496383612644
8559.6,0.9845718030454624
8559.61,0.9845937008541074
8559.619999999999,0.984615350566871
8559.630000000001,0.984636769134184
8559.64,0.9846579718859552
8559.650000000001,0.9846789727461079
8559.66,0.9846997843143708
8559.67,0.9847204181047188
8559.68,0.9847408845770377
8559.69,0.9847611932966281
8559.7,0.9847813530149261
8559.710000000001,0.9848013717370283
8559.72,0.9848212568187663
8559.730000000001,0.9848410150273934
8559.74,0.9848606525555959
8559.75,0.9848801751583678
8559.76,0.9848995880925308
8559.77,0.9849188962756051
8559.78,0.9849381042087682
8559.789999999999,0.9849572160937768
8559.800000000001,0.9849762358054419
8559.81,0.9849951669641797
8559.82,0.9850140129108466
8559.83,0.985032776788177
8559.84,0.9850514614981535
8559.85,0.9850700697562543
8559.86,0.9850886041033372
8559.869999999999,0.9851070669060357
8559.880000000001,0.9851254603974398
8559.89,0.9851437866510139
8559.9,0.98516204761609
8559.91,0.9851802451316454
8559.92,0.9851983809268604
8559.93,0.985216456592331
8559.94,0.9852344736773191
8559.95,0.9852524336215979
8559.960000000001,0.9852703377571052
8559.97,0.9852881873833643
8559.980000000001,0.9853059836863379
8559.99,0.9853237278365685
8560.0,0.9853414208897892
8560.01,0.9853590639377644
8560.02,0.9853766578929092
8560.03,0.9853942036739369
8560.04,0.9854117021749053
8560.05,0.9854291541828444
8560.060000000001,0.9854465605208663
8560.07,0.9854639219324871
8560.08,0.9854812391293766
8560.09,0.985498512792234
8560.1,0.9855157435577195
8560.11,0.9855329320727423
8560.119999999999,0.9855500789153376
8560.130000000001,0.9855671846461436
8560.14,0.9855842498183272
8560.15,0.9856012749401092
8560.16,0.9856182605075808
8560.17,0.9856352069977203
8560.18,0.9856521148684643
8560.19,0.9856689845598143
8560.199999999999,0.9856858164809953
8560.210000000001,0.9857026110294688
8560.22,0.9857193686157217
8560.230000000001,0.9857360895979959
8560.24,0.9857527743305273
8560.25,0.9857694231721835
8560.26,0.9857860364428088
8560.27,0.9858026144703939
8560.28,0.9858191575534316
8560.29,0.9858356660058845
8560.3,0.9858521401021599
8560.310000000001,0.9858685801418715
8560.32,0.9858849863713172
8560.33,0.9859013590635626
8560.34,0.9859176984707513
8560.35,0.98593400483581
8560.36,0.985950278391226
8560.37,0.9859665193750716
8560.380000000001,0.9859827280065684
8560.39,0.9859989044976546
8560.4,0.9860150490672502
8560.41,0.9860311619148474
8560.42,0.9860472432391434
8560.43,0.9860632932350474
8560.44,0.98607931208634
8560.449999999999,0.986095299976701
8560.460000000001,0.9861112570990271
8560.47,0.9861271836028298
8560.48,0.9861430796810504
8560.49,0.9861589454718014
8560.5,0.9861747811523984
8560.51,0.9861905868857327
8560.52,0.9862063628198183
8560.53,0.9862221090899613
8560.54,0.9862378258626354
8560.55,0.9862527707962658
8560.560000000001,0.9862684190783817
8560.57,0.9862840380813653
8560.58,0.9862996279323671
8560.59,0.9863151887631926
8560.6,0.9863307206807685
8560.61,0.9863462238268637
8560.62,0.9863616983085749
8560.63,0.986377144245502
8560.640000000001,0.9863925617409409
8560.65,0.9864079509144642
8560.660000000002,0.9864233118789865
8560.67,0.9864386447302019
8560.68,0.9864539495801704
8560.69,0.9864692265166438
8560.699999999999,0.9864844756635016
8560.710000000001,0.9864996970862148
8560.72,0.986514890898658
8560.73,0.9865300571967933
8560.74,0.986545196065476
8560.75,0.9865603075982244
8560.76,0.9865753925473876
8560.77,0.9865904496390044
8560.779999999999,0.9866054796590241
8560.79,0.9866204826729821
8560.8,0.986635458766297
8560.810000000001,0.9866504080295945
8560.82,0.9866653305435426
8560.83,0.9866802263585015
8560.84,0.9866950955623502
8560.85,0.9867099382381429
8560.86,0.9867247544360144
8560.87,0.9867395442425753
8560.88,0.9867543077103265
8560.890000000001,0.9867690449129707
8560.9,0.9867837559196593
8560.91,0.986798440770681
8560.92,0.9868130995619941
8560.93,0.9868277323276925
8560.94,0.986842339126405
8560.95,0.9868569200241486
8560.960000000001,0.9868714750602822
8560.970000000001,0.9868860043128446
8560.98,0.9869005077867827
8560.990000000002,0.9869149855849321
8561.0,0.9869294377121549
8561.01,0.9869438642542999
8561.02,0.9869582652249301
8561.029999999999,0.9869726406593555
8561.04,0.986986990603326
8561.05,0.9870013151076619
8561.06,0.9870156141831768
8561.07,0.987029887877725
8561.08,0.987044136207642
8561.09,0.9870583592070873
8561.1,0.9870725568927119
8561.11,0.987086729298726
8561.12,0.9871008764239677
8561.13,0.9871149983156958
8561.140000000001,0.9871290949522364
8561.15,0.9871431663635795
8561.16,0.9871572125483994
8561.17,0.9871712335141456
8561.18,0.9871852292358111
8561.19,0.9871991997475372
8561.2,0.9872131450040947
8561.21,0.9872270649952366
8561.220000000001,0.9872409597165138
8561.23,0.9872548291407213
8561.240000000002,0.9872686732209007
8561.25,0.9872824919254838
8561.26,0.9872962852331479
8561.27,0.9873100530591258
8561.28,0.9873237953747539
8561.29,0.9873375120969129
8561.300000000001,0.9873512031744547
8561.31,0.9873648684954417
8561.32,0.9873785079967161
8561.33,0.9873921215734005
8561.34,0.9874057090882867
8561.35,0.9874192704452885
8561.359999999999,0.9874328054877474
8561.37,0.9874463140801212
8561.38,0.9874597960397317
8561.390000000001,0.9874732512001938
8561.4,0.9874866793521367
8561.41,0.9875000802765713
8561.42,0.9875134537381717
8561.43,0.9875267994757708
8561.44,0.9875401171717277
8561.45,0.9875534065359454
8561.46,0.9875666672130416
8561.470000000001,0.9875798988343043
8561.48,0.9875931009581305
8561.49,0.9876062731413112
8561.5,0.9876194148881993
8561.51,0.9876325256416131
8561.52,0.987645604803059
8561.53,0.9876586516913662
8561.54,0.9876716655874715
8561.550000000001,0.9876846456804661
8561.56,0.987697591080843
8561.570000000002,0.9877105008053296
8561.58,0.9877233737807278
8561.59,0.9877362087692122
8561.6,0.9877490044568015
8561.61,0.9877617593555408
8561.62,0.9877744718151537
8561.63,0.987787139974359
8561.64,0.9877997617791813
8561.65,0.9878123349241225
8561.66,0.9878248567924602
8561.67,0.987837324473034
8561.68,0.9878497346701837
8561.69,0.9878620836279385
8561.7,0.9878743671078184
8561.71,0.9878865802904961
8561.720000000001,0.9878987176209634
8561.73,0.9879107727787081
8561.74,0.9879227384630838
8561.75,0.9879346062257807
8561.76,0.9879463662896535
8561.77,0.9879580072046037
8561.78,0.9879695155905479
8561.789999999999,0.9879808756586742
8561.800000000001,0.9879920686673688
8561.81,0.9880030723294425
8561.820000000002,0.9880138598267171
8561.83,0.9880243987606464
8561.84,0.9880346495995496
8561.85,0.9880445638140599
8561.86,0.9880540811089447
8561.87,0.9880631259085173
8561.880000000001,0.9880716023827653
8561.89,0.9880793848086126
8561.900000000001,0.9880863002015541
8561.91,0.9880921679712797
8561.92,0.9880966921051044
8561.93,0.9880994652235141
8561.939999999999,0.9880999150519111
8561.95,0.9880972137618534
8561.96,0.9880901163614929
8561.970000000001,0.9880755111874973
8561.98,0.9880476848673218
8561.99,0.9880022829836599
8562.0,0.987925483228495
8562.01,0.9877946684094497
8562.02,0.9875809616667549
8562.03,0.987250410422098
8562.039999999999,0.9867724854279921
8562.050000000001,0.9861755073467241
8562.06,0.9854983754597765
8562.07,0.9848443463584712
8562.08,0.9843972911925852
8562.09,0.9842440222114675
8562.1,0.9844531598945204
8562.11,0.9849516968370362
8562.12,0.9856399192221662
8562.130000000001,0.986335582535915
8562.14,0.9869482275010238
8562.150000000001,0.9874345567856763
8562.16,0.9877763795114815
8562.17,0.9880047369404541
8562.18,0.9881533235563114
8562.19,0.9882502896844395
8562.2,0.9883177388994981
8562.210000000001,0.9883686927378377
8562.22,0.9884063837498537
8562.23,0.9884372190146726
8562.24,0.9884638024452729
8562.25,0.9884873284610108
8562.26,0.9885085949478798
8562.27,0.9885281553672869
8562.28,0.9885464047547828
8562.289999999999,0.9885636298754473
8562.300000000001,0.988580002201038
8562.31,0.9885956965584506
8562.32,0.9886108336765214
8562.33,0.9886255073719452
8562.34,0.9886397917250129
8562.35,0.9886537459127768
8562.36,0.9886674176831871
8562.369999999999,0.9886808459402853
8562.380000000001,0.9886940626205534
8562.39,0.9887070941982489
8562.400000000001,0.98871996272241
8562.41,0.9887326867289545
8562.42,0.9887452818703282
8562.43,0.9887577614539328
8562.44,0.9887701368507567
8562.45,0.9887824178053818
8562.460000000001,0.9887946127702335
8562.47,0.9888067290287283
8562.480000000001,0.9888187729487137
8562.49,0.988830750064308
8562.5,0.9888426652598472
8562.51,0.988854522822673
8562.52,0.9888663265552027
8562.53,0.9888780797981342
8562.539999999999,0.988889785547913
8562.550000000001,0.9889014464524116
8562.56,0.988913064902745
8562.57,0.9889246430313752
8562.58,0.9889361827451576
8562.59,0.9889476857948478
8562.6,0.9889591537221095
8562.61,0.9889705879514114
8562.619999999999,0.9889819897624358
8562.630000000001,0.9889933603128952
8562.64,0.9890047006778152
8562.65,0.9890160118290762
8562.66,0.9890272946441744
8562.67,0.9890385499527607
8562.68,0.9890497784756108
8562.69,0.9890609809426225
8562.7,0.9890721579571922
8562.710000000001,0.9890833101182478
8562.72,0.9890944379553567
8562.730000000001,0.9891055419839582
8562.74,0.9891166226680006
8562.75,0.9891276804341085
8562.76,0.9891387156906836
8562.77,0.9891497288125196
8562.78,0.9891371045729903
8562.79,0.989148072115563
8562.8,0.9891590185216533
8562.810000000001,0.9891699440549089
8562.82,0.9891808490133719
8562.83,0.9891917336213322
8562.84,0.989202598162632
8562.85,0.9892134660524219
8562.86,0.9892237462103269
8562.869999999999,0.989234541377245
8562.880000000001,0.9892453169953688
8562.89,0.9892560732391483
8562.9,0.9892668102738817
8562.91,0.9892775282446232
8562.92,0.9892882272983532
8562.93,0.9892989075596702
8562.94,0.9893095691736449
8562.949999999999,0.9893202122501771
8562.960000000001,0.9893308368996209
8562.97,0.9893414432426986
8562.98,0.98935203137155
8562.99,0.9893626013706333
8563.0,0.9893731533597021
8563.01,0.9893836874648019
8563.02,0.9893942037045255
8563.03,0.989404702153688
8563.04,0.9894151829004447
8563.05,0.9894256459840601
8563.060000000001,0.9894360914818543
8563.07,0.9894465194469123
8563.08,0.9894569299214188
8563.09,0.9894673229769647
8563.1,0.9894776986388389
8563.11,0.9894880569555505
8563.12,0.9894983979672848
8563.130000000001,0.9895087216893209
8563.140000000001,0.9895190281715034
8563.15,0.9895293174143815
8563.16,0.989539589459878
8563.17,0.989549844311909
8563.18,0.9895600819690419
8563.19,0.9895703024542367
8563.199999999999,0.9895805057577323
8563.210000000001,0.9895906918901533
8563.22,0.9896008608050659
8563.23,0.9896110125175668
8563.24,0.9896211469991929
8563.25,0.9896312642180952
8563.26,0.9896413641369066
8563.27,0.9896514467061049
8563.28,0.9896615118773354
8563.29,0.9896715596076144
8563.3,0.9896815898071293
8563.310000000001,0.989691602418259
8563.32,0.9897015973315167
8563.33,0.9897115744536565
8563.34,0.989721533663965
8563.35,0.9897314748534479
8563.36,0.9897413978663142
8563.37,0.9897513025438636
8563.38,0.9897611887133385
8563.390000000001,0.989771056173898
8563.4,0.98978090470963
8563.41,0.9897907340669988
8563.42,0.9898005439845029
8563.43,0.9898103341729616
8563.44,0.9898201042686163
8563.45,0.9898298539130123
8563.460000000001,0.9898395827045315
8563.47,0.989849290161704
8563.48,0.989858975791591
8563.49,0.9898686389884399
8563.5,0.9898782791268235
8563.51,0.9898878954783367
8563.52,0.9898974872647814
8563.529999999999,0.9899070535322162
8563.54,0.9899165933022901
8563.55,0.9899261053878546
8563.56,0.989935588509897
8563.57,0.9899450411564047
8563.58,0.9899544616725067
8563.59,0.9899638481216059
8563.6,0.9899731983162805
8563.61,0.9899825097236667
8563.62,0.9899917794432851
8563.63,0.9900017848521387
8563.640000000001,0.9900109506073484
8563.65,0.9900200630463931
8563.66,0.9900291168356696
8563.67,0.9900381056708927
8563.68,0.9900470221302413
8563.69,0.9900558573570286
8563.7,0.9900646007353883
8563.710000000001,0.9900717369710226
8563.720000000001,0.9900802141778619
8563.73,0.9900885505203268
8563.740000000002,0.9900967224801048
8563.75,0.9901047008062802
8563.76,0.9901124487332853
8563.77,0.9901199190473676
8563.779999999999,0.9901270528491034
8563.79,0.9901337718612956
8563.8,0.9901399726433333
8563.81,0.9901455165983555
8563.82,0.9901502145581046
8563.83,0.9901538030911529
8563.84,0.9901558741384089
8563.85,0.9901555965340141
8563.86,0.9901525654018722
8563.87,0.9901461279275039
8563.88,0.9901341653998076
8563.890000000001,0.9901121738837658
8563.9,0.9900816227785851
8563.91,0.9900417544763054
8563.92,0.9900032193162932
8563.93,0.9899602053173471
8563.94,0.9899198944169915
8563.95,0.9899041358585695
8563.96,0.9899075639957398
8563.970000000001,0.9899328830013476
8563.98,0.9899826012581091
8563.99,0.9900449708127448
8564.0,0.9901023298318157
8564.01,0.9901619977767372
8564.02,0.9902132092047466
8564.03,0.9902567536153188
8564.04,0.9902908892343207
8564.050000000001,0.9903170612001172
8564.06,0.9903392482071027
8564.070000000002,0.9903585592341325
8564.08,0.9903752447704425
8564.09,0.9903900806854969
8564.1,0.990403639762182
8564.109999999999,0.9904162232351226
8564.12,0.9904280437702404
8564.13,0.9904392541396012
8564.14,0.9904499654602704
8564.15,0.990460259104422
8564.16,0.9904701937806497
8564.17,0.9904798118731584
8564.18,0.9904891434623349
8564.19,0.9904982076915644
8564.2,0.9905070146048108
8564.21,0.9905155658878309
8564.220000000001,0.9905238549568663
8564.23,0.9905318666105271
8564.24,0.9905395758007761
8564.25,0.9905469458059946
8564.26,0.9905539233208982
8564.27,0.9905604381129308
8564.28,0.9905663987936157
8564.289999999999,0.9905716699118219
8564.300000000001,0.9905760633982433
8564.31,0.990579313404156
8564.320000000002,0.9905810350305877
8564.33,0.9905806520395292
8564.34,0.9905766175904769
8564.35,0.9905671595247414
8564.36,0.9905503769411691
8564.37,0.9905211625412033
8564.380000000001,0.9904707330745521
8564.39,0.9903900124138755
8564.4,0.9902708970305257
8564.41,0.9901071428879352
8564.42,0.9899198795652892
8564.43,0.9897136809384977
8564.44,0.9895338325708436
8564.45,0.9894389173171887
8564.46,0.9894378838706229
8564.470000000001,0.9895336033855571
8564.48,0.9897185266538127
8564.49,0.9899418747177773
8564.5,0.990150673324128
8564.51,0.9903386569490831
8564.52,0.9904816432188794
8564.53,0.9905859778246607
8564.539999999999,0.9906587341792089
8564.550000000001,0.990708402634804
8564.56,0.9907439513654006
8564.57,0.9907719029259253
8564.58,0.99079418652027
8564.59,0.9908123600462136
8564.6,0.9908283147367345
8564.61,0.9908426762899147
8564.62,0.9908558609763173
8564.630000000001,0.9908681562974431
8564.64,0.9908797665308523
8564.650000000001,0.9908908403320875
8564.66,0.9909014827264945
8564.67,0.9909117721233475
8564.68,0.9909217738259269
8564.69,0.9909315364311676
8564.7,0.9909410981803981
8564.71,0.9909504895832643
8564.72,0.990959735152974
8564.73,0.9909688548375194
8564.74,0.9909778649679177
8564.75,0.9909867790500857
8564.76,0.9909956083308649
8564.77,0.9910043622426721
8564.78,0.9910130487396304
8564.789999999999,0.9910216745642034
8564.800000000001,0.9910302454656432
8564.81,0.9910387664012645
8564.82,0.991047241608067
8564.83,0.9910556747949893
8564.84,0.9910640691623889
8564.85,0.9910724275108472
8564.86,0.9910807522984874
8564.869999999999,0.9910890456744818
8564.880000000001,0.9910973095587451
8564.89,0.9911055456488836
8564.900000000001,0.9911137554288557
8564.91,0.9911219402464525
8564.92,0.9911301013078444
8564.93,0.9911382396735304
8564.94,0.9911463563258872
8564.95,0.9911544521203992
8564.960000000001,0.9911625278576781
8564.97,0.9911705842369634
8564.980000000001,0.9911786219156111
8564.99,0.9911866414822273
8565.0,0.991194643460478
8565.01,0.9912026284157593
8565.019999999999,0.9912105967368322
8565.03,0.9912185488318992
8565.039999999999,0.9912264850775501
8565.050000000001,0.991234405824033
8565.06,0.9912423114047515
8565.07,0.9912507473050979
8565.08,0.991258613799455
8565.09,0.9912664662033629
8565.1,0.9912743047325812
8565.11,0.99128212962428
8565.119999999999,0.9912899410451963
8565.130000000001,0.9912977392190266
8565.14,0.9913055242899346
8565.15,0.9913132964337058
8565.16,0.9913210557944881
8565.17,0.9913288025122945
8565.18,0.9913365840097413
8565.19,0.9913443057535415
8565.2,0.9913520152514749
8565.210000000001,0.9913612069450924
8565.22,0.9913688534058126
8565.230000000001,0.9913764894408629
8565.24,0.9913841150381556
8565.25,0.9913917302388464
8565.26,0.9913993350466087
8565.27,0.9914069294832966
8565.28,0.9914145135701874
8565.29,0.9914220873421107
8565.3,0.9914296507891461
8565.310000000001,0.991437203927007
8565.32,0.9914447468165573
8565.33,0.9914522794255962
8565.34,0.9914598018059438
8565.35,0.9914673139581492
8565.36,0.991474815906401
8565.369999999999,0.9914823076777153
8565.380000000001,0.9914897892688982
8565.39,0.9914972607237977
8565.4,0.991504722043106
8565.41,0.9915121732471248
8565.42,0.9915196143518074
8565.43,0.9915270453871996
8565.44,0.9915344663624281
8565.449999999999,0.9915418772940644
8565.460000000001,0.9915492781949642
8565.47,0.9915566690898924
8565.480000000001,0.9915640500061588
8565.49,0.9915714209449485
8565.5,0.9915787819252418
8565.51,0.9915861329775855
8565.52,0.9915934741070832
8565.53,0.9916008053399579
8565.54,0.9916081266808897
8565.55,0.9916154381608587
8565.560000000001,0.9916227397918645
8565.57,0.9916300315935874
8565.58,0.9916373135803439
8565.59,0.9916445857665328
8565.6,0.9916518481707582
8565.61,0.9916591008197363
8565.62,0.9916663437174622
8565.630000000001,0.9916735768983458
8565.64,0.9916808003591965
8565.65,0.9916880141204709
8565.66,0.9916952182135431
8565.67,0.9917024126391154
8565.68,0.9917095974347295
8565.69,0.9917167725920931
8565.699999999999,0.9917239381448293
8565.710000000001,0.9917310941042646
8565.72,0.9917382404804452
8565.73,0.9917453773054182
8565.74,0.9917525045831784
8565.75,0.9917596223377702
8565.76,0.9917667305873961
8565.77,0.9917738293358213
8565.78,0.9917809186194674
8565.79,0.9917879984339879
8565.8,0.991795068807056
8565.810000000001,0.9918021297508753
8565.82,0.9918091812859215
8565.83,0.9918162234292468
8565.84,0.9918232562066592
8565.85,0.9918302796078498
8565.86,0.9918372936719041
8565.87,0.9918442983959609
8565.88,0.9918512938181555
8565.890000000001,0.9918582799423874
8565.9,0.991865256779399
8565.910000000002,0.9918722243639989
8565.92,0.9918791826938382
8565.93,0.9918861317997081
8565.94,0.9918930716734722
8565.949999999999,0.9919000023666619
8565.960000000001,0.9919069238607641
8565.97,0.9919138361886338
8565.98,0.9919207393690108
8565.99,0.9919276334090857
8566.0,0.991934518342951
8566.01,0.9919413941581811
8566.02,0.991948260907535
8566.029999999999,0.9919551185615543
8566.04,0.991961967175117
8566.05,0.9919688067394951
8566.060000000001,0.991975637290425
8566.07,0.9919824588112427
8566.08,0.9919892713507024
8566.09,0.9919960749020107
8566.1,0.9920028694907698
8566.11,0.992009655130502
8566.12,0.992016431838219
8566.13,0.9920231996154227
8566.140000000001,0.9920299585059172
8566.15,0.992036708506947
8566.16,0.992043568878267
8566.17,0.9920503008154306
8566.18,0.9920570239197173
8566.19,0.9920637381911587
8566.2,0.9920704436640623
8566.210000000001,0.9920771403275771
8566.220000000001,0.9920838282127231
8566.23,0.9920905073403304
8566.240000000002,0.9920971777205214
8566.25,0.9921038393569156
8566.26,0.9921104922709992
8566.27,0.9921171364853243
8566.279999999999,0.99212377201096
8566.29,0.992130398854672
8566.3,0.9921370170394035
8566.31,0.992143626577211
8566.32,0.9921502274843701
8566.33,0.9921568197824348
8566.34,0.9921634034613914
8566.35,0.9921699785677631
8566.36,0.9921765450987827
8566.37,0.9921831030685735
8566.38,0.9921896524922827
8566.390000000001,0.9921961933859822
8566.4,0.9922027257728706
8566.41,0.9922092496518037
8566.42,0.9922157650438187
8566.43,0.9922222719790752
8566.44,0.9922287704418284
8566.45,0.9922352604737137
8566.46,0.9922417420683189
8566.470000000001,0.9922482152528841
8566.48,0.99225468003355
8566.490000000002,0.9922611364277477
8566.5,0.9922675844559611
8566.51,0.9922740241308851
8566.52,0.9922804554488963
8566.53,0.9922868784491137
8566.54,0.9922932931289846
8566.550000000001,0.9922996995202166
8566.56,0.992306097608439
8566.57,0.9923124874298739
8566.58,0.9923188689941004
8566.59,0.9923252423085559
8566.6,0.9923316073971037
8566.609999999999,0.9923379642649517
8566.62,0.9923443129304081
8566.63,0.9923506534121187
8566.640000000001,0.9923569857146057
8566.65,0.9923633098441331
8566.66,0.9923696258464579
8566.67,0.9923759336903679
8566.68,0.9923822334291387
8566.69,0.9923885250579985
8566.7,0.9923948085892402
8566.71,0.9924010840434127
8566.720000000001,0.992407351431289
8566.73,0.9924136107645017
8566.74,0.9924198620570265
8566.75,0.9924261053268231
8566.76,0.99243234058455
8566.77,0.9924385678501088
8566.78,0.9924447871069542
8566.79,0.9924509984063576
8566.800000000001,0.9924572017541253
8566.81,0.9924633971403352
8566.820000000002,0.9924695846072118
8566.83,0.9924757641479101
8566.84,0.9924819357876221
8566.85,0.9924880995205839
8566.86,0.9924942553894628
8566.87,0.9925004033818546
8566.88,0.9925065435302292
8566.89,0.9925126758323376
8566.9,0.9925188003089807
8566.91,0.9925249169701348
8566.92,0.9925310258355686
8566.93,0.9925371269013902
8566.94,0.992543220197737
8566.95,0.9925493057339408
8566.96,0.9925553835226175
8566.970000000001,0.9925614535731154
8566.98,0.9925675158884217
8566.99,0.9925735705070086
8567.0,0.9925796174251441
8567.01,0.9925856566546701
8567.02,0.9925916882113109
8567.03,0.9925977121126234
8567.039999999999,0.9926037283727438
8567.050000000001,0.9926097369907739
8567.06,0.9926157379897778
8567.070000000002,0.9926217313763447
8567.08,0.9926277171671806
8567.09,0.9926336953704842
8567.1,0.9926396660005069
8567.11,0.9926456290839067
8567.12,0.9926515846105597
8567.130000000001,0.9926575326074587
8567.14,0.9926634730822887
8567.150000000001,0.9926694060433242
8567.16,0.9926753315140452
8567.17,0.9926812495028541
8567.18,0.992687160011248
8567.189999999999,0.9926930630523474
8567.2,0.9926989586513625
8567.21,0.9927048468226362
8567.220000000001,0.9927107275701423
8567.23,0.9927166009002028
8567.24,0.9927224668323881
8567.25,0.9927283253754534
8567.26,0.9927341830906666
8567.27,0.9927400268452793
8567.28,0.992745863248151
8567.289999999999,0.9927516923147216
8567.300000000001,0.9927575140704629
8567.31,0.9927633284876132
8567.32,0.9927691356162194
8567.33,0.9927749354511877
8567.34,0.9927807280024304
8567.35,0.9927865132934212
8567.36,0.9927922913341833
8567.37,0.9927980621169281
8567.380000000001,0.9928038256829973
8567.39,0.9928095820221786
8567.400000000001,0.9928153311542187
8567.41,0.9928210731047702
8567.42,0.9928268078539656
8567.43,0.9928325354382557
8567.44,0.9928382558614226
8567.45,0.9928439691329909
8567.460000000001,0.9928496752702439
8567.47,0.9928553742842109
8567.480000000001,0.992861066183244
8567.49,0.9928667509744824
8567.5,0.9928724286885482
8567.51,0.9928780992980443
8567.52,0.9928837628621464
8567.53,0.9928894193640224
8567.539999999999,0.9928950688296828
8567.550000000001,0.9929007112450812
8567.56,0.9929063466499123
8567.57,0.9929119750369743
8567.58,0.9929175964250985
8567.59,0.99292321084295
8567.6,0.9929288182599323
8567.61,0.992934418722622
8567.619999999999,0.9929400122288848
8567.630000000001,0.9929455987986548
8567.64,0.9929511784240624
8567.650000000001,0.9929365227576549
8567.66,0.9929380647137743
8567.67,0.992938277663495
8567.68,0.9929361590691339
8567.69,0.9929327092140364
8567.7,0.9929276894069073
8567.710000000001,0.9929238232984664
8567.72,0.9929186694431901
8567.730000000001,0.9929161637757573
8567.74,0.9929187451764125
8567.75,0.9929254902337958
8567.76,0.9929357738994438
8567.77,0.9929513640571644
8567.78,0.9929669584538592
8567.79,0.9929819323096551
8567.800000000001,0.9929976102086314
8567.81,0.9930115805108124
8567.82,0.9930236206642773
8567.83,0.993033649443753
8567.84,0.9930613325900332
8567.85,0.9930667692097872
8567.86,0.9930721991488711
8567.869999999999,0.9930776224122267
8567.880000000001,0.9930830389967997
8567.89,0.993088448932183
8567.9,0.9930938522151872
8567.91,0.9930992488641741
8567.92,0.9931046388820907
8567.93,0.9931100222894876
8567.94,0.9931153990851587
8567.95,0.9931207692992328
8567.960000000001,0.9931261329192158
8567.97,0.99313148996419
8567.980000000001,0.9931368404517977
8567.99,0.9931421843812965
8568.0,0.9931475217746607
8568.01,0.9931528526497045
8568.02,0.9931581769969056
8568.03,0.993163494826233
8568.04,0.9931688061551809
8568.05,0.9931741110109851
8568.060000000001,0.9931794093664613
8568.07,0.9931847012749485
8568.08,0.9931899867019264
8568.09,0.9931952657029887
8568.1,0.9932005382529133
8568.11,0.9932058043606171
8568.119999999999,0.9932110640747059
8568.130000000001,0.9932163173708488
8568.14,0.993221564274895
8568.15,0.9932268047807811
8568.16,0.9932320389122515
8568.17,0.993237266687128
8568.18,0.9932424880883743
8568.19,0.993247703144546
8568.199999999999,0.9932529118787118
8568.210000000001,0.9932581142737487
8568.22,0.9932633103505923
8568.23,0.9932685001304047
8568.24,0.9932736836003765
8568.25,0.993278860785389
8568.26,0.9932840317024443
8568.27,0.9932891963532481
8568.28,0.9932943547300865
8568.29,0.9932995068599346
8568.3,0.9933046527754624
8568.310000000001,0.9933097924428316
8568.32,0.9933149258970039
8568.33,0.9933200531415116
8568.34,0.9933251741975332
8568.35,0.993330289052634
8568.36,0.9933353977386764
8568.37,0.9933405002445683
8568.380000000001,0.9933455966046908
8568.390000000001,0.9933506867972155
8568.4,0.9933557708545752
8568.41,0.9933608487802112
8568.42,0.9933659205933572
8568.43,0.9933709862990177
8568.44,0.9933760458949219
8568.449999999999,0.9933810993942636
8568.460000000001,0.9933861467991755
8568.47,0.9933911881603757
8568.48,0.9933962234454156
8568.49,0.993401252675465
8568.5,0.9934062758535989
8568.51,0.9934112929998902
8568.52,0.9934163041271107
8568.53,0.9934213092356575
8568.54,0.9934263083205866
8568.55,0.9934313014325292
8568.560000000001,0.9934362885410792
8568.57,0.9934412696861239
8568.58,0.9934462448441219
8568.59,0.9934512140513195
8568.6,0.993456177300821
8568.61,0.9934611346142583
8568.62,0.9934660859927424
8568.63,0.9934710314454703
8568.640000000001,0.9934759709884475
8568.65,0.9934809046188362
8568.66,0.9934858323680729
8568.67,0.9934907542129658
8568.68,0.9934956702007633
8568.69,0.9935005803089306
8568.7,0.9935054845528608
8568.710000000001,0.9935103829607804
8568.72,0.993515275509079
8568.73,0.9935201622283177
8568.74,0.9935250431403273
8568.75,0.9935299182283788
8568.76,0.9935347875212276
8568.77,0.9935396510050571
8568.779999999999,0.9935445087046355
8568.79,0.9935493606275844
8568.8,0.9935542067845549
8568.81,0.993559047181915
8568.82,0.9935638818206864
8568.83,0.9935687107285229
8568.84,0.9935735338943974
8568.85,0.9935783513387216
8568.86,0.9935831630614552
8568.87,0.9935879690855676
8568.88,0.9935927694160469
8568.890000000001,0.993597564046281
8568.9,0.993602352998718
8568.91,0.9936071362739434
8568.92,0.9936119138976892
8568.93,0.9936166858548217
8568.94,0.9936214521686048
8568.95,0.9936262128577839
8568.96,0.9936309679079761
8568.970000000001,0.9936357173358719
8568.98,0.9936404611597954
8568.990000000002,0.9936451993775277
8569.0,0.9936499319977912
8569.01,0.9936546590409101
8569.02,0.9936593805084998
8569.029999999999,0.9936640963991864
8569.04,0.9936688067307826
8569.05,0.9936735115236649
8569.06,0.9936782107587154
8569.07,0.9936829044664115
8569.08,0.9936875926522556
8569.09,0.9936922753152356
8569.1,0.993696952469434
8569.11,0.993701624126166
8569.12,0.9937062902950851
8569.13,0.9937109509646784
8569.140000000001,0.9937156061808522
8569.15,0.9937202559107466
8569.16,0.9937249002011008
8569.17,0.9937295390288016
8569.18,0.9937341724186454
8569.19,0.9937388003698694
8569.2,0.9937434228954327
8569.21,0.993748040010896
8569.220000000001,0.9937526517163265
8569.23,0.9937572580206657
8569.24,0.99376185893228
8569.25,0.9937664544574661
8569.26,0.9937710446103559
8569.27,0.9937756293974644
8569.28,0.9937802088263596
8569.29,0.9937847828896803
8569.300000000001,0.9937882597278977
8569.31,0.9937927966344616
8569.320000000002,0.9937974886496842
8569.33,0.9938020126018682
8569.34,0.9938065301798591
8569.35,0.9938110413180768
8569.359999999999,0.9938155459774494
8569.37,0.9938200440957451
8569.38,0.9938245356296261
8569.39,0.99382902049896
8569.4,0.9938334986451732
8569.41,0.9938379699966821
8569.42,0.9938424344721856
8569.43,0.9938468919796043
8569.44,0.9938513424413044
8569.45,0.9938557857531066
8569.46,0.9938602218046793
8569.470000000001,0.9938646504800325
8569.48,0.9938690716772566
8569.49,0.9938734852253904
8569.5,0.9938778909984628
8569.51,0.9938822888425126
8569.52,0.9938866785708038
8569.53,0.9938910600023204
8569.539999999999,0.9938954329442319
8569.550000000001,0.9938997971545973
8569.56,0.9939041524068887
8569.570000000002,0.9939084984426432
8569.58,0.9939128349491293
8569.59,0.993917161634218
8569.6,0.9939214781449135
8569.61,0.9939257840950667
8569.62,0.993930079080862
8569.630000000001,0.9939343626180608
8569.64,0.9939386342180261
8569.65,0.9939428933188837
8569.66,0.9939471392975879
8569.67,0.993951371460976
8569.68,0.9939555890431973
8569.689999999999,0.9939597911790935
8569.7,0.9939639769343148
8569.71,0.99396814523064
8569.720000000001,0.9939722948608605
8569.73,0.9939764244818095
8569.74,0.993980532578255
8569.75,0.9939846173977454
8569.76,0.9939886770033433
8569.77,0.99399270914967
8569.78,0.9939967112962682
8569.789999999999,0.994000680480432
8569.800000000001,0.9940046133554906
8569.81,0.9940085060081977
8569.82,0.9940123538889183
8569.83,0.9940161516840795
8569.84,0.9940198931820675
8569.85,0.9940235710265211
8569.86,0.9940271764921041
8569.87,0.9940306991690314
8569.880000000001,0.994034126504304
8569.89,0.9940374433333922
8569.900000000001,0.9940406311126145
8569.91,0.994043667001632
8569.92,0.9940465225992503
8569.93,0.9940491622263826
8569.94,0.9940515405319735
8569.95,0.994053596550267
8569.96,0.994055257447378
8569.97,0.9940564240138344
8569.98,0.9940569574618886
8569.99,0.9940566669061083
8570.0,0.9940552837041953
8570.01,0.9940524191139881
8570.02,0.9940474903161356
8570.03,0.9940387941120765
8570.039999999999,0.9940249398044425
8570.050000000001,0.9940041835392889
8570.06,0.9939709917616938
8570.07,0.9939178154418142
8570.08,0.9938381885038355
8570.09,0.9937276697399285
8570.1,0.9935817357482736
8570.11,0.9934223154772504
8570.119999999999,0.9932530272277085
8570.130000000001,0.9931192579447963
8570.14,0.9930587149016055
8570.150000000001,0.9930755963134593
8570.16,0.9931658393276829
8570.17,0.9933245881948933
8570.18,0.9935022572031409
8570.19,0.9936646203373298
8570.2,0.9938102265591401
8570.210000000001,0.9939202098825838
8570.22,0.9939995407467765
8570.230000000001,0.9940541097728883
8570.24,0.9940911490652469
8570.25,0.9941178573581791
8570.26,0.9941384090967017
8570.269999999999,0.9941539853241707
8570.28,0.9941665107875571
8570.289999999999,0.9941771730825105
8570.300000000001,0.9941864863059914
8570.31,0.9941947973871147
8570.32,0.9942023482777905
8570.33,0.9942093121456749
8570.34,0.9942158156654368
8570.35,0.9942219467584364
8570.36,0.9942277760346272
8570.369999999999,0.9942333589076402
8570.380000000001,0.994238737554845
8570.39,0.9942439452831099
8570.4,0.9942490087125208
8570.41,0.9942539492865261
8570.42,0.9942587844978096
8570.43,0.9942635286898291
8570.44,0.9942681937207415
8570.45,0.9942727895006339
8570.460000000001,0.9942773243311188
8570.47,0.9942818052030946
8570.480000000001,0.9942862380868288
8570.49,0.9942906280509288
8570.5,0.9942949794509276
8570.51,0.994299296064089
8570.52,0.9943035811270009
8570.53,0.9943078374573228
8570.54,0.9943120675410845
8570.55,0.9943162735457924
8570.560000000001,0.9943204573541349
8570.57,0.9943246206757919
8570.58,0.9943287649665015
8570.59,0.9943328915567115
8570.6,0.9943370016275973
8570.61,0.994341096206701
8570.619999999999,0.994345176247176
8570.630000000001,0.9943492425924255
8570.64,0.9943532960040561
8570.65,0.9943573371480282
8570.66,0.9943613666586337
8570.67,0.9943653850869375
8570.68,0.9943693929363092
8570.69,0.994373390686196
8570.699999999999,0.9943773787396798
8570.710000000001,0.9943751841101895
8570.72,0.9943791453705241
8570.730000000001,0.9943830979782704
8570.74,0.994387042220571
8570.75,0.9943909783866117
8570.76,0.9943949067195067
8570.77,0.9943988274445189
8570.78,0.994402740782824
8570.79,0.9944066469163181
8570.8,0.9944105460394557
8570.810000000001,0.9944144383140975
8570.82,0.9944183239103496
8570.83,0.9944222029712118
8570.84,0.9944260756100832
8570.85,0.9944299419677705
8570.86,0.99443380217716
8570.87,0.9944376563327391
8570.880000000001,0.9944415045380777
8570.89,0.994445346898708
8570.9,0.9944491834876293
8570.91,0.9944530144039079
8570.92,0.9944568397301413
8570.93,0.994460659543671
8570.94,0.9944644739083188
8570.949999999999,0.9944682828780049
8570.960000000001,0.9944720865450506
8570.97,0.9944758849466161
8570.98,0.9944796781599234
8570.99,0.9944834662173099
8571.0,0.9944883180111437
8571.01,0.9944920713970699
8571.02,0.9944958206048546
8571.03,0.9944750215425556
8571.04,0.9944782919488979
8571.05,0.9944815445636442
8571.060000000001,0.9944847788405586
8571.07,0.9944879942432595
8571.08,0.9944911901827177
8571.09,0.994494366043699
8571.1,0.9944975211797866
8571.11,0.9945006549369496
8571.12,0.9945037665817216
8571.13,0.9945068553603397
8571.140000000001,0.9945099204977245
8571.15,0.9945129611641574
8571.160000000002,0.9945159764738547
8571.17,0.9945189654996757
8571.18,0.9945219272690835
8571.19,0.9945248607418079
8571.199999999999,0.9945277648367759
8571.210000000001,0.994530638380622
8571.22,0.9945334801783106
8571.23,0.9945362889132833
8571.24,0.9945390632119325
8571.25,0.9945418016473313
8571.26,0.9945445026603845
8571.27,0.9945471646010423
8571.279999999999,0.9945497857479023
8571.29,0.9945523642366978
8571.3,0.9945548980958239
8571.310000000001,0.9945573852418822
8571.32,0.994559823423596
8571.33,0.9945622102804408
8571.34,0.9945645432424675
8571.35,0.9945668195890457
8571.36,0.9945690364122274
8571.37,0.9945711906046233
8571.38,0.9945732788213912
8571.390000000001,0.9945752974777855
8571.4,0.9945772427527836
8571.41,0.9945791104810776
8571.42,0.994580896261341
8571.43,0.9945825952700746
8571.44,0.9945842023814186
8571.45,0.9945857119945573
8571.460000000001,0.9945871181130618
8571.470000000001,0.9945884142196288
8571.48,0.9945895932555168
8571.490000000002,0.9945906475612708
8571.5,0.9945915688255123
8571.51,0.9945923480099632
8571.52,0.9945905336787514
8571.529999999999,0.9945908908297869
8571.54,0.9945901577542763
8571.55,0.994590130987793
8571.56,0.9945898940579706
8571.57,0.994589430622323
8571.58,0.9945887227145769
8571.59,0.994587750449272
8571.6,0.994586491881506
8571.61,0.9945849226779483
8571.62,0.9945830157653628
8571.63,0.994580741044312
8571.640000000001,0.9945780648898138
8571.65,0.9945749496944516
8571.66,0.9945713532070073
8571.67,0.99456722792223
8571.68,0.9945625201894314
8571.69,0.994557169227439
8571.7,0.9945511060042267
8571.71,0.9945442517741626
8571.720000000001,0.9945365163610357
8571.73,0.9945277961097458
8571.740000000002,0.994517971339713
8571.75,0.9945069032343775
8571.76,0.9944944298578194
8571.77,0.9944803614009441
8571.78,0.9944644739643127
8571.79,0.9944465016509806
8571.800000000001,0.9944261250487408
8571.81,0.9944029612339916
8571.82,0.9943765475978259
8571.83,0.9943463085909561
8571.84,0.9943115281257526
8571.85,0.9942713029214165
8571.859999999999,0.9942244738114824
8571.87,0.9941695201378957
8571.88,0.9941039504703062
8571.890000000001,0.9940240473739367
8571.9,0.9939268580645543
8571.91,0.993805641054772
8571.92,0.993649412025436
8571.93,0.9934454144574787
8571.94,0.9931799973417914
8571.95,0.9928357310454192
8571.96,0.9924094155652877
8571.970000000001,0.9918405877064823
8571.98,0.991110607122274
8571.99,0.9901171163489483
8572.0,0.9885983968594091
8572.01,0.9861058000207562
8572.02,0.9819272591682534
8572.03,0.9752490133134333
8572.04,0.9653936524642871
8572.050000000001,0.9526082582110369
8572.06,0.9380287445418334
8572.070000000002,0.9237452039311604
8572.08,0.9129334915464029
8572.09,0.9078775663950185
8572.1,0.9096484355885843
8572.11,0.9177831505081238
8572.12,0.9307605998825113
8572.13,0.9456284823745574
8572.14,0.9595611882760668
8572.15,0.9711731247087627
8572.16,0.9795261156181095
8572.17,0.9850129504925939
8572.18,0.9883674128402111
8572.19,0.9903743652484094
8572.2,0.9915810787507536
8572.21,0.9923350918875229
8572.220000000001,0.992867899911227
8572.23,0.9932095258082835
8572.24,0.9934692138250998
8572.25,0.993672489888041
8572.26,0.9938352247398684
8572.27,0.9939680419236349
8572.28,0.9940783910136461
8572.289999999999,0.9941778410185476
8572.300000000001,0.9942579516134453
8572.31,0.994326524979668
8572.320000000002,0.9943859710901759
8572.33,0.9944380376201626
8572.34,0.9944839768975072
8572.35,0.9945247835080016
8572.36,0.994561256007029
8572.37,0.9945940418277152
8572.380000000001,0.9946236706986453
8572.39,0.9946505796124502
8572.400000000001,0.994675131732158
8572.41,0.9946976310280311
8572.42,0.994718333570022
8572.43,0.9947374563356949
8572.439999999999,0.9947551842589568
8572.45,0.9947716756962407
8572.46,0.9947870669922256
8572.470000000001,0.9948038892288312
8572.48,0.9948173198413098
8572.49,0.994829965702848
8572.5,0.9948419044615255
8572.51,0.9948532042773516
8572.52,0.9948639252426921
8572.53,0.9948741204440014
8572.539999999999,0.9948838369666778
8572.550000000001,0.9948931166891363
8572.56,0.9949019969316139
8572.57,0.9949105110756007
8572.58,0.9949186890416848
8572.59,0.9949265576931742
8572.6,0.9949341412424478
8572.61,0.9949414615233233
8572.62,0.9949485382990692
8572.630000000001,0.9949553894534363
8572.64,0.9949620312291317
8572.650000000001,0.9949684784226295
8572.66,0.9949747444919306
8572.67,0.9949808417270266
8572.68,0.9949867813720917
8572.69,0.9949925737097021
8572.7,0.9949982281799598
8572.710000000001,0.9950037534559554
8572.72,0.9950091574947711
8572.730000000001,0.9950144476566408
8572.74,0.9950196306824315
8572.75,0.9950247128553313
8572.76,0.9950296999173328
8572.77,0.9950345972527108
8572.78,0.9950394097849404
8572.789999999999,0.9950441421328796
8572.800000000001,0.9950487985385951
8572.81,0.9950531118393262
8572.82,0.9950576215671357
8572.83,0.9950620662337906
8572.84,0.9950653449122875
8572.85,0.9950695899303637
8572.86,0.9950737702898766
8572.869999999999,0.9950778873334387
8572.880000000001,0.995081942001877
8572.89,0.995085934823256
8572.9,0.9950898658186508
8572.91,0.9950937344679843
8572.92,0.9950975395951143
8572.93,0.9951006768310018
8572.94,0.9951043356588347
8572.95,0.9951079218054494
8572.960000000001,0.9951114298857426
8572.97,0.9951148528399345
8572.980000000001,0.9951181794667535
8572.99,0.9951213967394166
8573.0,0.99512451136816
8573.01,0.9951275025093761
8573.02,0.9951304122038268
8573.03,0.9951330056333689
8573.04,0.9951354368744701
8573.050000000001,0.9951377816033558
8573.06,0.9951399530264541
8573.07,0.9951423818144335
8573.08,0.995144724580127
8573.09,0.9951469125588136
8573.1,0.9951493841552498
8573.11,0.9951523918891267
8573.119999999999,0.9951556415758268
8573.130000000001,0.9951592980270646
8573.14,0.9951633713374323
8573.15,0.995167860446683
8573.16,0.9951967450984759
8573.17,0.9952005538979484
8573.18,0.9952045888557721
8573.19,0.9952085813282753
8573.2,0.9952124857771566
8573.210000000001,0.995216255655417
8573.22,0.9952197822051458
8573.230000000001,0.995223134334575
8573.24,0.9952264241346982
8573.25,0.9952296253298334
8573.26,0.9952327341048703
8573.27,0.9952357622047558
8573.28,0.9952387225555762
8573.29,0.9952416233629175
8573.3,0.9952444708564283
8573.310000000001,0.9952472698022218
8573.32,0.9952500237956787
8573.33,0.9952527354484138
8573.34,0.9952554065360477
8573.35,0.9952580381353848
8573.36,0.9952606306950603
8573.369999999999,0.9952631840673557
8573.380000000001,0.9952656976092449
8573.39,0.9952681701010072
8573.4,0.9952716540997795
8573.41,0.995273972196583
8573.42,0.9952762483186969
8573.43,0.9952784781827317
8573.44,0.9952806568520666
8573.449999999999,0.9952827785798058
8573.460000000001,0.9952848366216063
8573.47,0.9952868230649891
8573.48,0.9952887285296952
8573.49,0.9952905418825155
8573.5,0.9952922498106365
8573.51,0.9952938363048947
8573.52,0.9952952812563802
8573.53,0.9952965566533978
8573.54,0.9952976423168284
8573.55,0.9952985566798028
8573.560000000001,0.995299353382599
8573.57,0.9952997092218724
8573.58,0.9952995318630586
8573.59,0.9952991008357205
8573.6,0.9952984112390582
8573.61,0.9952979926378335
8573.62,0.995297792767852
8573.63,0.9952971236611438
8573.640000000001,0.9952965015555182
8573.65,0.9952969453287803
8573.660000000002,0.9952973750277313
8573.67,0.9952991090418541
8573.68,0.995300632784827
8573.69,0.995303208091947
8573.699999999999,0.9953059296183111
8573.710000000001,0.9953080312853624
8573.72,0.9953099856106197
8573.73,0.995312123873891
8573.74,0.9953136847780791
8573.75,0.9953146304937719
8573.76,0.9953145927941912
8573.77,0.9953134917065228
8573.78,0.995311507312506
8573.79,0.9953083882417928
8573.8,0.9953037575394988
8573.810000000001,0.9952973663454893
8573.82,0.9952890787403172
8573.83,0.9952784337463008
8573.84,0.9952627851788141
8573.85,0.9952434353219042
8573.86,0.9952203071359634
8573.87,0.9951980793652673
8573.88,0.9951741230021841
8573.890000000001,0.9951492134244798
8573.9,0.9951333881134928
8573.91,0.9951247582251495
8573.92,0.9951257630010867
8573.93,0.9951353398753554
8573.94,0.9951491123021793
8573.95,0.9951587528296755
8573.960000000001,0.9951679867654685
8573.970000000001,0.9951723871233297
8573.98,0.9951707665329105
8573.99,0.9951609821575079
8574.0,0.9951425083761765
8574.01,0.9951155270794821
8574.02,0.9950780182147378
8574.029999999999,0.9950270074030949
8574.04,0.9949577678120658
8574.05,0.99485739217468
8574.06,0.9947195010729397
8574.07,0.9945344179887642
8574.08,0.9942563284898497
8574.09,0.9938359802690888
8574.1,0.9932566189537275
8574.11,0.992488945721937
8574.12,0.9916364631009246
8574.13,0.9907092921659548
8574.140000000001,0.9897994960852321
8574.15,0.9892312712281319
8574.16,0.9890146906488289
8574.17,0.9892895715351645
8574.18,0.9899270529269881
8574.19,0.9908640821627366
8574.2,0.991785032716806
8574.21,0.9926440038561094
8574.220000000001,0.9933890649809942
8574.23,0.9939521401648038
8574.240000000002,0.9943554592530723
8574.25,0.9946248722341994
8574.26,0.9948140280425224
8574.27,0.9949545608640447
8574.28,0.9950589681648413
8574.29,0.9951349472168389
8574.3,0.9951948296007754
8574.31,0.995243036457406
8574.32,0.995282560553456
8574.33,0.9953154928948514
8574.34,0.9953433319934148
8574.35,0.9953671750259039
8574.36,0.9953878334491584
8574.37,0.9954058969689873
8574.38,0.9954218543706707
8574.390000000001,0.9954360731715268
8574.4,0.9954488442616563
8574.41,0.9954603997499493
8574.42,0.9954709267523796
8574.43,0.9954805774559541
8574.44,0.9954894767061636
8574.45,0.9954977277139114
8574.46,0.9955054164222088
8574.470000000001,0.9955126148642363
8574.48,0.9955193838024873
8574.49,0.9955257747597648
8574.5,0.995531831707256
8574.51,0.9955375923176821
8574.52,0.9955433574348109
8574.53,0.995548612279029
8574.54,0.9955536558695275
8574.550000000001,0.9955585094882768
8574.56,0.9955631917118106
8574.570000000002,0.9955677189130362
8574.58,0.995572105487305
8574.59,0.9955763641622523
8574.6,0.9955805062562862
8574.609999999999,0.9955845418082698
8574.62,0.9955884797565011
8574.63,0.9955923281411999
8574.64,0.9955960941442665
8574.65,0.9955997842094193
8574.66,0.9956034041482665
8574.67,0.9956069592255192
8574.68,0.9956104541779822
8574.69,0.9956138932986546
8574.7,0.9956172804993826
8574.71,0.9956206193481204
8574.720000000001,0.9956239130534685
8574.73,0.9956271646104351
8574.74,0.9956303766848963
8574.75,0.9956335517865256
8574.76,0.9956366921573931
8574.77,0.9956397999148283
8574.78,0.9956428769669899
8574.789999999999,0.9956459250765455
8574.800000000001,0.9956489458848894
8574.81,0.9956519409076496
8574.820000000002,0.9956549115340702
8574.83,0.9956578590433011
8574.84,0.9956607846555647
8574.85,0.9956636894820832
8574.86,0.9956665745303248
8574.87,0.9956694407849601
8574.880000000001,0.9956722891410498
8574.89,0.9956757228968439
8574.9,0.9956785258851191
8574.91,0.995681313663184
8574.92,0.995684086917705
8574.93,0.9956868462514187
8574.939999999999,0.9956895922613211
8574.95,0.9956923254862622
8574.96,0.9956950464409952
8574.970000000001,0.9956977556330432
8574.98,0.9957004534687152
8574.99,0.9957031404173573
8575.0,0.9957058168550889
8575.01,0.9957084831688432
8575.02,0.9957111397115926
8575.03,0.9957137868153569
8575.039999999999,0.9957164248110321
8575.050000000001,0.9957190539886422
8575.06,0.9957216746277054
8575.07,0.9957242869925805
8575.08,0.9957268913572552
8575.09,0.9957294879327415
8575.1,0.995732076967866
8575.11,0.9957346586711987
8575.12,0.9957372332534741
8575.130000000001,0.9957398008946741
8575.14,0.9957423617896529
8575.150000000001,0.9957449161154617
8575.16,0.995747464026055
8575.17,0.9957500056945698
8575.18,0.9957525412515942
8575.19,0.9957550708694959
8575.2,0.9957575946627082
8575.21,0.9957601127714316
8575.22,0.995762625310562
8575.23,0.9957651324147734
8575.24,0.9957676341839047
8575.25,0.9957701307434063
8575.26,0.9957726221723269
8575.27,0.9957751085861752
8575.28,0.9957775900816938
8575.289999999999,0.9957800667316379
8575.300000000001,0.9957825386423198
8575.31,0.9957850058889873
8575.32,0.9957874685496878
8575.33,0.9957899267126725
8575.34,0.995792380424546
8575.35,0.9957948297914846
8575.36,0.9957972748480366
8575.369999999999,0.995799715684969
8575.380000000001,0.9958021523499666
8575.39,0.9958045848919082
8575.400000000001,0.9958070133984805
8575.41,0.9958094379053068
8575.42,0.995811858463366
8575.43,0.9958142751449252
8575.44,0.9958166879660512
8575.45,0.9958190970142975
8575.460000000001,0.9958215022936077
8575.47,0.9958239038738289
8575.480000000001,0.9958263017982218
8575.49,0.9958286960974615
8575.5,0.9958310868187722
8575.51,0.9958334739900297
8575.519999999999,0.9958358576661974
8575.53,0.9958382378673726
8575.539999999999,0.9958406146265906
8575.550000000001,0.9958429879853049
8575.56,0.995845357979227
8575.57,0.9958477246281796
8575.58,0.9958500879644285
8575.59,0.9958524480376867
8575.6,0.9958548048441427
8575.61,0.9958571584323179
8575.619999999999,0.9958595088295688
8575.630000000001,0.9958618560505936
8575.64,0.9958642001252941
8575.65,0.9958665410657231
8575.66,0.9958688789144587
8575.67,0.9958712136894037
8575.68,0.9958735454067209
8575.69,0.9958758740935195
8575.7,0.9958781997630289
8575.710000000001,0.9958805224389522
8575.72,0.9958828421511617
8575.730000000001,0.9958851589153522
8575.74,0.9958874727209368
8575.75,0.9958897836200086
8575.76,0.9958920916264348
8575.77,0.9958943967408519
8575.78,0.9958966989923264
8575.79,0.995898998404495
8575.8,0.9959012949779324
8575.810000000001,0.9959035887203241
8575.82,0.9959058796654444
8575.83,0.9959081678112642
8575.84,0.9959104531950583
8575.85,0.9959127358065791
8575.86,0.9959150156791997
8575.869999999999,0.9959172928179995
8575.880000000001,0.9959195672298564
8575.89,0.9959218389298374
8575.9,0.9959241079351793
8575.91,0.9959263742548001
8575.92,0.9959286379149374
8575.93,0.9959308988893105
8575.94,0.9959331572189744
8575.949999999999,0.9959354129088356
8575.960000000001,0.9959376659774484
8575.97,0.9959399164217771
8575.980000000001,0.9959421642485213
8575.99,0.995944409476217
8576.0,0.9959466521283946
8576.01,0.9959488921815516
8576.02,0.9959511296752998
8576.03,0.9959533646025832
8576.04,0.9959555969757382
8576.05,0.9959578268138155
8576.060000000001,0.9959600540937863
8576.07,0.9959622788602629
8576.08,0.9959645011177161
8576.09,0.9959667208473431
8576.1,0.9959689380865063
8576.11,0.995971152813471
8576.12,0.9959733650628211
8576.130000000001,0.9959755748351866
8576.14,0.995977782136572
8576.15,0.9959799869598825
8576.16,0.9959821893236714
8576.17,0.995984389234188
8576.18,0.9959795273975471
8576.19,0.9959815221986109
8576.199999999999,0.9959835059109623
8576.210000000001,0.9959854780408823
8576.22,0.9959874380595762
8576.23,0.9959893853778937
8576.24,0.9959913193627264
8576.25,0.9959932393608585
8576.26,0.9959951446310101
8576.27,0.9959970344019456
8576.28,0.9959989077956702
8576.29,0.996000763920102
8576.3,0.9960026017627185
8576.310000000001,0.9960044202472399
8576.32,0.9960062181648062
8576.33,0.996007994246611
8576.34,0.9960097470907164
8576.35,0.9960114751520543
8576.36,0.9960131767450829
8576.37,0.9960148500318691
8576.38,0.9960164929859638
8576.390000000001,0.9960181033849035
8576.4,0.9960196787539837
8576.410000000002,0.9960212164035366
8576.42,0.9960227133194914
8576.43,0.9960241661744984
8576.44,0.9960255712787729
8576.449999999999,0.9960269244983121
8576.460000000001,0.9960282212257541
8576.47,0.996029456314545
8576.48,0.9960306239881086
8576.49,0.9960317177282352
8576.5,0.996032730191706
8576.51,0.9960336530389715
8576.52,0.9960344768363422
8576.529999999999,0.996035190765212
8576.54,0.9960357825282402
8576.55,0.9960362379311953
8576.560000000001,0.9960365406473325
8576.57,0.9960366717359117
8576.58,0.9960366091763933
8576.59,0.9960363271886629
8576.6,0.9960357954984619
8576.61,0.9960349783006016
8576.62,0.9960338329759425
8576.63,0.996032308539818
8576.640000000001,0.9960303434305331
8576.65,0.9960278629100084
8576.66,0.9960247753293376
8576.67,0.9960209673406493
8576.68,0.9960162972719
8576.69,0.9960105861391229
8576.7,0.9960036049202345
8576.710000000001,0.9959949831171332
8576.720000000001,0.9959844053378889
8576.73,0.9959714311951994
8576.740000000002,0.995955263123734
8576.75,0.995934790792521
8576.76,0.9959084224960426
8576.77,0.9958737720416141
8576.779999999999,0.9958269925644089
8576.79,0.9957549646242914
8576.8,0.9956389498774258
8576.81,0.995457633153151
8576.82,0.9951423349770365
8576.83,0.9945835543496169
8576.84,0.9936283478962157
8576.85,0.9921060193361423
8576.86,0.9899031702985942
8576.87,0.9871751296838585
8576.88,0.9842546826298031
8576.890000000001,0.9817804337490594
8576.9,0.9804697807173777
8576.91,0.9806603542666099
8576.92,0.9822942713480115
8576.93,0.9849574881403113
8576.94,0.9878805510515559
8576.95,0.99050046110729
8576.96,0.9925435799454921
8576.970000000001,0.9939215222891069
8576.98,0.99476902740117
8576.990000000002,0.9952607167786075
8577.0,0.9955389858474123
8577.01,0.9957022614266285
8577.02,0.9958047311949443
8577.03,0.9958738883701327
8577.04,0.9959209082829811
8577.050000000001,0.9959568935892807
8577.06,0.9959852435239143
8577.07,0.9960081102223931
8577.08,0.9960269468732748
8577.09,0.996042774835603
8577.1,0.9960563278578975
8577.109999999999,0.9960679327083392
8577.12,0.9960779720630982
8577.13,0.9960867609324671
8577.140000000001,0.9960945115339974
8577.15,0.9961013891334343
8577.16,0.9961075237291466
8577.17,0.9961130182571034
8577.18,0.9961179547315595
8577.19,0.9961223986331275
8577.2,0.9961264022071916
8577.21,0.9961300069590233
8577.220000000001,0.996133245429707
8577.23,0.9961361426751634
8577.24,0.9961387171816584
8577.25,0.9961409816729806
8577.26,0.9961429435941884
8577.27,0.9961446053812371
8577.28,0.9961459645990232
8577.29,0.9961470138965595
8577.300000000001,0.9961477407741514
8577.31,0.9961481271581539
8577.320000000002,0.9961481487444107
8577.33,0.9961477741888727
8577.34,0.9961469638348495
8577.35,0.9961456681528772
8577.36,0.996150132882148
8577.37,0.9961476633305796
8577.38,0.9961444759445958
8577.39,0.9961404526059793
8577.4,0.9961354449890275
8577.41,0.9961292654037104
8577.42,0.9961216740265665
8577.43,0.9961123521043178
8577.44,0.9961007724130866
8577.45,0.9960866418597667
8577.46,0.9960691613350116
8577.470000000001,0.996047205999737
8577.48,0.9960191873245653
8577.49,0.9959827786359035
8577.5,0.9959343720773315
8577.51,0.9958647131516595
8577.52,0.9957563098410367
8577.53,0.9955876856279301
8577.539999999999,0.9953012169690274
8577.550000000001,0.9947942086533973
8577.56,0.9939115261956555
8577.57,0.9924529076968257
8577.58,0.9902335400755796
8577.59,0.987302466523951
8577.6,0.9839247752629895
8577.61,0.980663752808448
8577.62,0.9784280035083971
8577.630000000001,0.9777848570257482
8577.64,0.978955948746927
8577.650000000001,0.9815886673098442
8577.66,0.9849859272669567
8577.67,0.9882673711498755
8577.68,0.9910206555201915
8577.689999999999,0.992993710136201
8577.7,0.9942618820388005
8577.71,0.9950165375920451
8577.720000000001,0.9954474255560471
8577.73,0.9956950285897018
8577.74,0.9958438083192099
8577.75,0.9959453895664091
8577.76,0.9960096849907548
8577.77,0.9960580979217659
8577.78,0.9960957991071676
8577.789999999999,0.9961259289771157
8577.800000000001,0.9961505547228596
8577.81,0.9961711060395568
8577.82,0.9961886047240365
8577.83,0.9962037173170104
8577.84,0.9962167242982771
8577.85,0.9962281551897378
8577.86,0.9962382877928765
8577.87,0.9962473478041037
8577.880000000001,0.9962555133203932
8577.89,0.9962629265700453
8577.900000000001,0.996269702246361
8577.91,0.9962759337608749
8577.92,0.9962816978055248
8577.93,0.9962870579016279
8577.94,0.9962920669863209
8577.95,0.9962967695314485
8577.960000000001,0.9963012030451752
8577.97,0.9963053994426772
8577.980000000001,0.9963093859654804
8577.99,0.9963131859961967
8578.0,0.9963168196994231
8578.01,0.9963203045145023
8578.02,0.996323655682027
8578.03,0.9963268864430707
8578.039999999999,0.9963300084661731
8578.050000000001,0.9963330319734022
8578.06,0.9963346379264381
8578.07,0.9963374550750951
8578.08,0.9963401963808981
8578.09,0.9963428681073911
8578.1,0.9963454757883449
8578.11,0.9963480244051206
8578.119999999999,0.9963505183803038
8578.130000000001,0.9963529616760317
8578.14,0.9963553578750987
8578.15,0.9963577101667456
8578.16,0.9963600214290823
8578.17,0.9963622942425981
8578.18,0.9963645309431792
8578.19,0.9963667336234474
8578.2,0.9963689041619731
8578.210000000001,0.9963710442439175
8578.22,0.9963731554033692
8578.230000000001,0.9963752389727537
8578.24,0.9963772961679026
8578.25,0.9963793280600753
8578.26,0.9963813355673853
8578.27,0.9963833195277411
8578.28,0.9963852806352874
8578.29,0.996387219479761
8578.300000000001,0.9963891365409505
8578.31,0.996391032194288
8578.32,0.9963929067239466
8578.33,0.996394760276651
8578.34,0.9963965928991565
8578.35,0.9963984045735733
8578.36,0.9964001951127516
8578.369999999999,0.9964019642358023
8578.380000000001,0.996403711507801
8578.39,0.9964054363910154
8578.4,0.9964071381630851
8578.41,0.9964088159313711
8578.42,0.9964104686285012
8578.43,0.9964120949709827
8578.44,0.9964136934342823
8578.45,0.9964152622105963
8578.460000000001,0.9964231927202527
8578.47,0.9964245439178095
8578.480000000001,0.9964258632116768
8578.49,0.9964271469034077
8578.5,0.9964283907422778
8578.51,0.9964295897135526
8578.52,0.996430738000195
8578.53,0.9964318287082496
8578.54,0.9964328537045014
8578.55,0.9964338032454723
8578.560000000001,0.9964346656464846
8578.57,0.9964354268036874
8578.58,0.9964360694952866
8578.59,0.9964365725388065
8578.6,0.9964369096475983
8578.61,0.996437047823231
8578.619999999999,0.9964369451590084
8578.630000000001,0.9964365443967004
8578.64,0.9964357690721481
8578.65,0.9964345480256528
8578.66,0.996432747293518
8578.67,0.9964301822525032
8578.68,0.9964265928690885
8578.69,0.9964216006891079
8578.699999999999,0.9964146287246848
8578.710000000001,0.9964040317177046
8578.72,0.996387322020448
8578.73,0.9963616385569714
8578.74,0.9963193500922004
8578.75,0.9962476086345381
8578.76,0.996128306286575
8578.77,0.995938881911177
8578.78,0.9956583947664983
8578.79,0.9952945804272433
8578.8,0.9948735519108067
8578.810000000001,0.9944593214292667
8578.82,0.9941611029211944
8578.83,0.9940462532871366
8578.84,0.9941601084796141
8578.85,0.9944581692403456
8578.86,0.9948743885080972
8578.87,0.9952993564083257
8578.88,0.9956677128421165
8578.890000000001,0.995953422053313
8578.9,0.9961477147109151
8578.910000000002,0.9962714227172693
8578.92,0.9963471530764573
8578.93,0.9963931104257545
8578.94,0.996422216201413
8578.949999999999,0.996442359101397
8578.960000000001,0.9964562616421863
8578.97,0.9964665034087449
8578.98,0.9964747504117065
8578.99,0.9964815850070567
8579.0,0.9964873887168608
8579.01,0.9964924235017287
8579.02,0.9964968752519372
8579.03,0.9965008787899541
8579.04,0.996504506690422
8579.05,0.9965078346876102
8579.060000000001,0.9965109207395719
8579.07,0.9965138069711508
8579.08,0.9965165265323987
8579.09,0.9965191058509584
8579.1,0.9965215661798182
8579.11,0.9965239248125164
8579.12,0.9965261959377899
8579.13,0.9965283912506373
8579.140000000001,0.9965305205309817
8579.15,0.9965325919661305
8579.16,0.9965346124466185
8579.17,0.9965365878314576
8579.18,0.9965385231219218
8579.19,0.996540422598446
8579.2,0.996542289959649
8579.210000000001,0.9965441283833979
8579.220000000001,0.9965459406781859
8579.23,0.9965477292571461
8579.24,0.9965494962261014
8579.25,0.9965512434626347
8579.26,0.9965529726098895
8579.27,0.9965546851303536
8579.279999999999,0.9965563823072701
8579.29,0.9965580652816439
8579.3,0.9965597350844118
8579.31,0.9965613926369234
8579.32,0.9965630387498904
8579.33,0.9965646741801023
8579.34,0.9965662995708471
8579.35,0.996567915532788
8579.36,0.9965695225974619
8579.37,0.9965711212651858
8579.38,0.996572711987665
8579.390000000001,0.996574295159682
8579.4,0.9965758711461222
8579.41,0.9965774402969434
8579.42,0.9965790029072967
8579.43,0.996580559274897
8579.44,0.9965821096432982
8579.45,0.996583654266084
8579.46,0.9965851933426532
8579.470000000001,0.9965867270760539
8579.48,0.9965882556620488
8579.490000000002,0.9965897792647469
8579.5,0.996591298036974
8579.51,0.9965928121250236
8579.52,0.9965943216583689
8579.53,0.9965958267754332
8579.54,0.9965973275798579
8579.55,0.9965988241801728
8579.56,0.9966003166754641
8579.57,0.9966018051591156
8579.58,0.9966032897249881
8579.59,0.9966047704294567
8579.6,0.9966062473583461
8579.609999999999,0.9966090198636027
8579.62,0.9966104566642047
8579.63,0.9966118911135603
8579.640000000001,0.996613323195512
8579.65,0.9966147529175567
8579.66,0.9966161802619443
8579.67,0.9966176052469162
8579.68,0.9966190278379988
8579.69,0.9966204480480672
8579.7,0.9966218658709538
8579.71,0.9966232812931214
8579.720000000001,0.9966246943171319
8579.73,0.9966261049330027
8579.74,0.9966275131398767
8579.75,0.9966289189185578
8579.76,0.996630322270819
8579.77,0.9966317231905577
8579.78,0.9966331216761032
8579.79,0.996634517720258
8579.800000000001,0.9966359113164591
8579.81,0.9966373024615369
8579.820000000002,0.9966386911392533
8579.83,0.9966400773483624
8579.84,0.9966414610816422
8579.85,0.996642842334688
8579.859999999999,0.9966442211086316
8579.87,0.9966455973828414
8579.88,0.9966469711521675
8579.89,0.9966483424240485
8579.9,0.9966497111703271
8579.91,0.996651077392495
8579.92,0.9966524410988756
8579.93,0.9966538022576238
8579.94,0.9966551608800314
8579.95,0.9966565169551398
8579.96,0.996657870466106
8579.970000000001,0.9966592214154721
8579.98,0.9966605698002875
8579.99,0.9966619155845292
8580.0,0.9966632587978186
8580.01,0.9966645994089859
8580.02,0.996665937427035
8580.03,0.9966672728195092
8580.039999999999,0.9966686055912238
8580.050000000001,0.9966699357467433
8580.06,0.9966712632605094
8580.070000000002,0.9966725881189734
8580.08,0.9966739103382866
8580.09,0.9966752298921071
8580.1,0.9966765467737337
8580.11,0.9966778609833873
8580.12,0.9966791725006912
8580.130000000001,0.996680481312789
8580.14,0.9966817874224402
8580.150000000001,0.9966830908111646
8580.16,0.9966843914912689
8580.17,0.9966856894335713
8580.18,0.9966869846235685
8580.189999999999,0.9966882770665569
8580.2,0.9966895667446176
8580.21,0.996690853655181
8580.220000000001,0.9966921377704525
8580.23,0.9966934191087982
8580.24,0.9966946976404291
8580.25,0.9966959733402682
8580.26,0.9966972462347568
8580.27,0.9966985162864734
8580.28,0.9966997834922428
8580.289999999999,0.9967010478435602
8580.300000000001,0.9967023093304354
8580.31,0.9967035679388279
8580.32,0.9967048236547754
8580.33,0.9967060764751603
8580.34,0.9967073263860233
8580.35,0.9967085733667641
8580.36,0.996709817417945
8580.37,0.9967110585221007
8580.380000000001,0.9967122966595963
8580.39,0.9967135318246695
8580.400000000001,0.9967147640138403
8580.41,0.996715993202385
8580.42,0.9967172193874663
8580.43,0.996718442545633
8580.44,0.996719662665345
8580.45,0.9967208797406282
8580.460000000001,0.9967220937616444
8580.47,0.9967233047132064
8580.48,0.9967245125650702
8580.49,0.996725717319681
8580.5,0.9967269189550432
8580.51,0.9967281174604309
8580.52,0.9967293128355833
8580.53,0.9967305050451204
8580.539999999999,0.996731694075835
8580.550000000001,0.9967328799291612
8580.56,0.996734062587871
8580.57,0.9967352420177888
8580.58,0.9967364182202306
8580.59,0.9967375911762777
8580.6,0.9967387608650712
8580.61,0.9967399272816272
8580.619999999999,0.9967410903985777
8580.630000000001,0.9967422502094405
8580.64,0.9967434066939883
8580.650000000001,0.9967445598398835
8580.66,0.996745709611901
8580.67,0.996746856015392
8580.68,0.9967479990288309
8580.69,0.9967491386168008
8580.7,0.9967502747794605
8580.710000000001,0.9967514075018283
8580.72,0.9967525367566554
8580.730000000001,0.996753662528163
8580.74,0.9967483967311028
8580.75,0.9967495138784912
8580.76,0.9967506275007737
8580.77,0.9967517375559023
8580.78,0.9967528440365682
8580.789999999999,0.9967539469223236
8580.800000000001,0.9967550461905732
8580.81,0.9967561418080975
8580.82,0.9967572337782282
8580.83,0.9967583220734205
8580.84,0.9967594066687427
8580.85,0.9967604875513074
8580.86,0.9967615646748345
8580.869999999999,0.9967626380520692
8580.880000000001,0.9967637076307471
8580.89,0.9967647734088624
8580.9,0.9967658353598063
8580.91,0.996766893453502
8580.92,0.9967679476644743
8580.93,0.9967689979986318
8580.94,0.9967700444013031
8580.95,0.9967710868469957
8580.960000000001,0.996772125339251
8580.97,0.9967731598264189
8580.980000000001,0.9967741902992633
8580.99,0.9967752167210816
8581.0,0.9967762390773006
8581.01,0.9967772573368656
8581.02,0.9967782714772202
8581.03,0.9967792814737231
8581.04,0.9967802872860672
8581.05,0.9967812888955511
8581.060000000001,0.9967822862920436
8581.07,0.9967832794105028
8581.08,0.9967842682475861
8581.09,0.9967852527808672
8581.1,0.9967862329668201
8581.11,0.9967872087824797
8581.119999999999,0.996788180199198
8581.130000000001,0.996789147175503
8581.14,0.9967901096923578
8581.15,0.9967910677122253
8581.16,0.9967920212143705
8581.17,0.9967929701637436
8581.18,0.9967939145179266
8581.19,0.9967948542596031
8581.199999999999,0.9967957893392502
8581.210000000001,0.9967967197362345
8581.22,0.9967976454025927
8581.230000000001,0.9967985663307727
8581.24,0.9967994824563053
8581.25,0.9968003937664067
8581.26,0.9968013002020982
8581.27,0.996802201749496
8581.28,0.9968030983683457
8581.29,0.9968039900051741
8581.3,0.9968048766467895
8581.310000000001,0.9968057582401145
8581.32,0.9968066347370809
8581.33,0.996807506124589
8581.34,0.9968083723343191
8581.35,0.9968066117510653
8581.36,0.9968022862090737
8581.37,0.9968022191322865
8581.380000000001,0.9968020542948511
8581.39,0.996801770874509
8581.4,0.9968016651088788
8581.41,0.9968015654815306
8581.42,0.9968013179857529
8581.43,0.9968012369630639
8581.44,0.9968016621763678
8581.449999999999,0.9968021618443427
8581.460000000001,0.9968032561860287
8581.47,0.9968044960207455
8581.48,0.9968062089486924
8581.49,0.9968079802766715
8581.5,0.9968095980311225
8581.51,0.9968113066067622
8581.52,0.9968131128184738
8581.53,0.9968148037166189
8581.54,0.9968163853160744
8581.55,0.9968220569283441
8581.560000000001,0.996822762013478
8581.57,0.9968234602488796
8581.58,0.996824151543872
8581.59,0.9968248358403464
8581.6,0.9968255130587191
8581.61,0.9968261831495966
8581.62,0.9968268460036727
8581.63,0.9968275015598687
8581.640000000001,0.99682814974049
8581.65,0.996828790466868
8581.660000000002,0.9968294236743044
8581.67,0.9968300492576728
8581.68,0.9968306671418705
8581.69,0.9968312772433607
8581.699999999999,0.9968318794700555
8581.710000000001,0.9968324737523384
8581.72,0.9968330599841242
8581.73,0.9968336380722618
8581.74,0.9968342079367388
8581.75,0.996834769467349
8581.76,0.9968353225802686
8581.77,0.99683586718041
8581.779999999999,0.9968364031490504
8581.79,0.9968369304012726
8581.8,0.996837448835967
8581.810000000001,0.9968379583269319
8581.82,0.9968384587807348
8581.83,0.9968389500794491
8581.84,0.996839432110523
8581.85,0.9968399047750707
8581.86,0.9968403679232287
8581.87,0.9968408214624755
8581.88,0.9968412652575118
8581.890000000001,0.996841699188879
8581.9,0.9968421231196596
8581.91,0.9968425369281776
8581.92,0.996842940481289
8581.93,0.9968433336405542
8581.94,0.9968437162570694
8581.95,0.9968440881892012
8581.960000000001,0.9968444493013788
8581.970000000001,0.9968447994444198
8581.98,0.9968451384520021
8581.990000000002,0.9968442187418687
8582.0,0.996844449445281
8582.01,0.9968446593752062
8582.02,0.9968448470055704
8582.029999999999,0.9968450105253687
8582.04,0.9968451477866662
8582.05,0.9968452562542982
8582.06,0.9968453328309218
8582.07,0.9968453737555806
8582.08,0.9968453743869029
8582.09,0.9968453289776363
8582.1,0.9968452302140659
8582.11,0.9968450684804888
8582.12,0.9968448321547639
8582.13,0.9968445054382652
8582.140000000001,0.9968440666601431
8582.15,0.9968434862062011
8582.16,0.9968427225944297
8582.17,0.9968417161549745
8582.18,0.9968403781447149
8582.19,0.9968384609857741
8582.2,0.9968357994289773
8582.21,0.9968321124533861
8582.220000000001,0.996826700408443
8582.23,0.9968184214255488
8582.24,0.9968065751796157
8582.25,0.9967905913440179
8582.26,0.9967713384847618
8582.27,0.9967505241064594
8582.28,0.9967291051921087
8582.29,0.9967140662763775
8582.300000000001,0.9967076219192783
8582.31,0.9967122129135302
8582.32,0.9967251759081651
8582.33,0.996745761685478
8582.34,0.9967666919378939
8582.35,0.9967857359571499
8582.359999999999,0.9968023699548889
8582.37,0.9968146264819707
8582.38,0.9968231894563819
8582.390000000001,0.9968288181750565
8582.4,0.9968323614195579
8582.41,0.996834866002107
8582.42,0.9968365926141278
8582.43,0.996837671745965
8582.44,0.9968383840115929
8582.45,0.9968388287830389
8582.46,0.9968390690294211
8582.470000000001,0.9968391480112045
8582.48,0.996839096190904
8582.49,0.9968389354782601
8582.5,0.9968386816914133
8582.51,0.9968383457203606
8582.52,0.9968379367422666
8582.53,0.9968374611819018
8582.54,0.9968369239313941
8582.550000000001,0.9968363286101827
8582.56,0.9968356778597802
8582.570000000002,0.9968349736022742
8582.58,0.9968342171201291
8582.59,0.9968334092264831
8582.6,0.9968325503006391
8582.61,0.9968316403996668
8582.62,0.996831862160308
8582.63,0.9968307775279793
8582.64,0.9968296467100265
8582.65,0.9968284679841551
8582.66,0.9968272395121465
8582.67,0.9968259593541172
8582.68,0.9968246254293998
8582.69,0.9968232355412169
8582.7,0.9968217873346402
8582.71,0.9968202782606514
8582.720000000001,0.9968187056472744
8582.73,0.9968170665759335
8582.74,0.9968153579311176
8582.75,0.9968135763917235
8582.76,0.9968117183395702
8582.77,0.9968097798671395
8582.78,0.9968077567846411
8582.789999999999,0.9968056445310621
8582.800000000001,0.9968034381635056
8582.81,0.996801132322029
8582.82,0.9967987211408158
8582.83,0.9967961982501429
8582.84,0.9967935566798948
8582.85,0.9967907887810599
8582.86,0.9967878861486449
8582.87,0.9967848395572729
8582.880000000001,0.9967816388411687
8582.89,0.9967782726941586
8582.900000000001,0.9967747286403562
8582.91,0.996770992780281
8582.92,0.9967670496400106
8582.93,0.9967628818983384
8582.939999999999,0.9967584701787667
8582.95,0.9967537926049249
8582.96,0.9967488245474806
8582.970000000001,0.9967435381288878
8582.98,0.9967379015852653
8582.99,0.9967318787373338
8583.0,0.9967254281382962
8583.01,0.9967185020832131
8583.02,0.99671104543206
8583.03,0.9967029941968588
8583.039999999999,0.9966942736382376
8583.050000000001,0.9966847961262556
8583.06,0.9966744581821743
8583.07,0.9966631369779367
8583.08,0.9966506856436627
8583.09,0.9966369273335335
8583.1,0.9966216475284991
8583.11,0.9966045837021531
8583.12,0.9965854116862745
8583.130000000001,0.9965637271699367
8583.14,0.9965390202906118
8583.150000000001,0.9965106239046617
8583.16,0.996477640321407
8583.17,0.9964391168946503
8583.18,0.9963935275166931
8583.19,0.9963387928798422
8583.2,0.9962720245574949
8583.210000000001,0.9961890998720371
8583.22,0.9960839214213226
8583.230000000001,0.9959449505073064
8583.24,0.995737257498931
8583.25,0.9954510922542908
8583.26,0.9950237137685312
8583.27,0.9943542489090059
8583.28,0.9933097630716123
8583.289999999999,0.991741384565163
8583.300000000001,0.9895178732628276
8583.31,0.9866863341009272
8583.32,0.9834572168732562
8583.33,0.9801685587867845
8583.34,0.9776263419832896
8583.35,0.976426301891398
8583.36,0.9767850454287509
8583.369999999999,0.9785852827888537
8583.380000000001,0.9815572527776465
8583.39,0.984890612100319
8583.4,0.9879488490294155
8583.41,0.990539539766196
8583.42,0.9924522953736532
8583.43,0.9937621443831641
8583.44,0.9946166429920223
8583.45,0.9951538224068059
8583.460000000001,0.995501653035937
8583.47,0.9957383110651388
8583.480000000001,0.9959056679812405
8583.49,0.9960182714564914
8583.5,0.9961037984618232
8583.51,0.996169989088909
8583.52,0.9962219408502005
8583.53,0.9962631571871055
8583.54,0.9962961217641395
8583.55,0.9963226387393913
8583.56,0.9963439784596405
8583.57,0.9963609962422413
8583.58,0.9963745112151007
8583.59,0.9963850983725043
8583.6,0.9963932086398624
8583.61,0.9963991993088582
8583.619999999999,0.9964033561011373
8583.630000000001,0.9964059093032583
8583.64,0.996407045749854
8583.65,0.9964069178426981
8583.66,0.996405650452981
8583.67,0.9964033461611732
8583.68,0.9964000893666323
8583.69,0.9963959495256328
8583.7,0.9963909836014445
8583.710000000001,0.9963852381748131
8583.72,0.9963787509603916
8583.730000000001,0.9963715521262431
8583.74,0.9963636653539315
8583.75,0.9963551086306304
8583.76,0.9963458949359919
8583.77,0.9963360327902612
8583.78,0.9963255267386996
8583.79,0.9963143776140655
8583.8,0.9963025828596479
8583.810000000001,0.996290136805607
8583.82,0.9962770307166919
8583.83,0.9962632529875012
8583.84,0.9962487892032331
8583.85,0.9962336221733199
8583.86,0.996217731917704
8583.869999999999,0.9962010957019767
8583.880000000001,0.9961836879109074
8583.89,0.9961654800238059
8583.9,0.9961464404836294
8583.91,0.9961265345684676
8583.92,0.9961057241887787
8583.93,0.9960839677428732
8583.94,0.9960612198515342
8583.949999999999,0.9960374310956623
8583.960000000001,0.9960116345829293
8583.97,0.9959855843542017
8583.98,0.995958317306276
8583.99,0.9959297644366079
8584.0,0.9958998507478712
8584.01,0.9958684946824714
8584.02,0.995835607498248
8584.03,0.9958010926128166
8584.04,0.9957648446897811
8584.05,0.9957267488454871
8584.060000000001,0.9956866795876768
8584.07,0.9956444996551856
8584.08,0.995600058711155
8584.09,0.9955531919012826
8584.1,0.9955037180651889
8584.11,0.9954514378772585
8584.12,0.9953961315996079
8584.13,0.9953375565357677
8584.140000000001,0.9952754441041735
8584.15,0.9952094964727596
8584.160000000002,0.9951393826353271
8584.17,0.9950647338718567
8584.18,0.9949851384656634
8584.19,0.9949001355560368
8584.199999999999,0.9948092078326908
8584.210000000001,0.9947117730614277
8584.22,0.9946071740015019
8584.23,0.994494666405165
8584.24,0.994373404809655
8584.25,0.9942424254125036
8584.26,0.9941006255700252
8584.27,0.9939467389128404
8584.279999999999,0.9937793050936081
8584.29,0.9935966328864946
8584.3,0.993396754524182
8584.310000000001,0.9931773694187102
8584.32,0.9929357736767059
8584.33,0.9926687716538924
8584.34,0.9923725549858422
8584.35,0.9920425912191181
8584.36,0.9916733948437632
8584.37,0.9912583130396433
8584.38,0.9907891505678664
8584.390000000001,0.9902558250359936
8584.4,0.9896459366095521
8584.41,0.9889670690613064
8584.42,0.9881452882384977
8584.43,0.9871874195667394
8584.44,0.9860619506125263
8584.45,0.9847174759878623
8584.460000000001,0.983084519877602
8584.470000000001,0.9810667033583481
8584.48,0.9785246829067582
8584.49,0.9752417117181045
8584.5,0.9703103926308156
8584.51,0.9634708577311868
8584.52,0.9528107199516392
8584.529999999999,0.9358325950309491
8584.54,0.9088918829565819
8584.55,0.8692817092819733
8584.56,0.8173824586947348
8584.57,0.7585466882509612
8584.58,0.702060321361379
8584.59,0.6547900019253258
8584.6,0.6217501094064131
8584.61,0.6049573452961785
8584.62,0.6046254149930083
8584.63,0.6207602548175917
8584.640000000001,0.6531668654792138
8584.65,0.6999526790771342
8584.66,0.756167069636568
8584.67,0.815065960810106
8584.68,0.8673283606475244
8584.69,0.9074178078735403
8584.7,0.934766546278751
8584.71,0.9520159556838061
8584.720000000001,0.9628151220252416
8584.73,0.9697161338945577
8584.740000000002,0.974663850763533
8584.75,0.977931060011768
8584.76,0.9804463755437235
8584.77,0.9824306819284444
8584.78,0.9840254014179728
8584.79,0.9853281028899307
8584.8,0.9864090028253335
8584.81,0.9873199808872601
8584.82,0.9880940898916524
8584.83,0.988746124291135
8584.84,0.9892810098809036
8584.85,0.9897611681957879
8584.859999999999,0.9901757498824917
8584.87,0.9905348073867521
8584.88,0.9908465826226892
8584.890000000001,0.9911174132662474
8584.9,0.9913528655343454
8584.91,0.9915574139727841
8584.92,0.9917347752974838
8584.93,0.9918871538788832
8584.94,0.9920189390189145
8584.95,0.9921314310982274
8584.96,0.9922264767665613
8584.970000000001,0.9923056426273754
8584.98,0.9923702334471637
8584.99,0.9924213694535394
8585.0,0.9924599869636268
8585.01,0.9924868691594407
8585.02,0.9925026647546027
8585.03,0.99250790264683
8585.04,0.9925030031971301
8585.050000000001,0.9924882862429938
8585.06,0.9924639762247683
8585.070000000002,0.9924301980876762
8585.08,0.9923869946034781
8585.09,0.9923342943872454
8585.1,0.9922719071653416
8585.109999999999,0.9921995001231924
8585.12,0.9921165573803401
8585.13,0.9920223122123615
8585.14,0.9919156292530151
8585.15,0.991793456970644
8585.16,0.9916538098055389
8585.17,0.9914935332062849
8585.18,0.9913048592126478
8585.19,0.991075470153216
8585.2,0.9907976570639427
8585.21,0.9904672495389438
8585.220000000001,0.9900809859710975
8585.23,0.9896701487079999
8585.24,0.989232144129726
8585.25,0.9888533943142828
8585.26,0.9885393716786997
8585.27,0.988309378558189
8585.28,0.9881578663827689
8585.289999999999,0.988087353487942
8585.300000000001,0.9880296695683451
8585.31,0.9879306679721703
8585.320000000002,0.987794033667803
8585.33,0.9875856644936262
8585.34,0.9873086650619701
8585.35,0.9869662469216194
8585.36,0.9865636422415196
8585.37,0.986111571126003
8585.380000000001,0.9856092884966201
8585.39,0.9850570134625405
8585.400000000001,0.984452916287137
8585.41,0.9837945087879121
8585.42,0.9830772673166112
8585.43,0.9822955977440042
8585.439999999999,0.9814429089554789
8585.45,0.9805113683757332
8585.46,0.9794918335499884
8585.470000000001,0.9783736035632884
8585.48,0.9771440074316258
8585.49,0.9757885226351175
8585.5,0.9742895872647372
8585.51,0.9726263198159881
8585.52,0.970773625939916
8585.53,0.9687010538875513
8585.539999999999,0.9663712103481462
8585.550000000001,0.9637374723421843
8585.56,0.9607203277664014
8585.57,0.9572379679443521
8585.58,0.9532993282051588
8585.59,0.9487301813812432
8585.6,0.9435423792488983
8585.61,0.9366974067519774
8585.62,0.9290252682620497
8585.630000000001,0.9205728675366937
8585.64,0.9131452991841457
8585.650000000001,0.9054532694607362
8585.66,0.8978131838677024
8585.67,0.8934668679074196
8585.68,0.8909873824690641
8585.69,0.8934305458200669
8585.7,0.8977003230544028
8585.710000000001,0.9053162912062884
8585.72,0.913034618983354
8585.73,0.9204548195107767
8585.74,0.928920666134509
8585.75,0.9366162092207739
8585.76,0.9434917546208533
8585.77,0.9487160742447929
8585.78,0.9533127573329265
8585.789999999999,0.9572760826788954
8585.800000000001,0.9607817307151204
8585.81,0.9638204959141461
8585.82,0.9664746603840034
8585.83,0.9688243203834072
8585.84,0.9709163389462581
8585.85,0.9727883014407782
8585.86,0.974470823147189
8585.869999999999,0.9759891907706247
8585.880000000001,0.9773643380333094
8585.89,0.9786139729112852
8585.900000000001,0.9797528735633975
8585.91,0.9807938305711548
8585.92,0.981747759612351
8585.93,0.9826240893911542
8585.94,0.9834305426702343
8585.95,0.9841750257150423
8585.960000000001,0.9848633637535594
8585.97,0.9855010106483458
8585.980000000001,0.9860927721606888
8585.99,0.9866428973770078
8586.0,0.9871551550862164
8586.01,0.9876328980571248
8586.02,0.9880791173899748
8586.03,0.9884965778751681
8586.039999999999,0.9888874887483536
8586.050000000001,0.9892541077224407
8586.06,0.9895752142742753
8586.07,0.9898987865180416
8586.08,0.9902033595560888
8586.09,0.9904903580906731
8586.1,0.9907610950615271
8586.11,0.9910167583458093
8586.119999999999,0.9912584303797081
8586.130000000001,0.9914870991748689
8586.14,0.9917036679827474
8586.15,0.9919089638074083
8586.16,0.9921037449770403
8586.17,0.9922887078212017
8586.18,0.9924644926078163
8586.19,0.9926316888196173
8586.2,0.9927908399110017
8586.210000000001,0.9929424474956768
8586.22,0.9930869750967082
8586.230000000001,0.9932248516052696
8586.24,0.9933564742445479
8586.25,0.9934822113148598
8586.26,0.9936024046927876
8586.27,0.9937173720557014
8586.28,0.9938274088023467
8586.29,0.993932790016861
8586.3,0.9940337719568744
8586.310000000001,0.9941305937070668
8586.32,0.9942234783861266
8586.330000000002,0.9943126344965755
8586.34,0.9943982569786156
8586.35,0.9944805282943268
8586.36,0.9945596193003057
8586.369999999999,0.9946356901711062
8586.380000000001,0.9947088911023012
8586.39,0.9947793631109288
8586.4,0.9948472386402091
8586.41,0.994912642165378
8586.42,0.9949756907690465
8586.43,0.9950364946380896
8586.44,0.9950951575213236
8586.449999999999,0.9951517771788714
8586.460000000001,0.9952064457673008
8586.47,0.9952592501892378
8586.480000000001,0.9953102724791083
8586.49,0.9953595900532562
8586.5,0.9954072760314884
8586.51,0.9954533995233222
8586.52,0.9954980257825797
8586.53,0.9955412165601544
8586.54,0.9955830301927715
8586.55,0.995623521879442
8586.560000000001,0.9956627438088523
8586.57,0.995701651446801
8586.58,0.995738465990403
8586.59,0.9957741511771324
8586.6,0.9958087487388017
8586.61,0.9958422980378188
8586.62,0.9958748362188663
8586.630000000001,0.9959063983347785
8586.640000000001,0.9959370173546284
8586.65,0.9959667243075709
8586.66,0.9959955482776912
8586.67,0.9960235164606567
8586.68,0.9960506542414542
8586.69,0.9960769851605956
8586.699999999999,0.9961025309389581
8586.710000000001,0.99612731150355
8586.72,0.9961513448924111
8586.73,0.9961746472770653
8586.74,0.9961972328436406
8586.75,0.9962191137645761
8586.76,0.9962403000131083
8586.77,0.9962607992296408
8586.78,0.9962806165520248
8586.79,0.9962997543106533
8586.8,0.9963182117771612
8586.810000000001,0.9963359847002377
8586.82,0.9963530648957644
8586.83,0.9963694395560491
8586.84,0.9963850905527584
8586.85,0.9963999934616627
8586.86,0.9964141162892203
8586.87,0.996427418027133
8586.88,0.9964398465912027
8586.890000000001,0.996451336310466
8586.9,0.9964618046289977
8586.910000000002,0.9964711476625588
8586.92,0.9964792344894883
8586.93,0.9964858992845753
8586.94,0.996490930674827
8586.95,0.996494058186946
8586.960000000001,0.9964949126955395
8586.97,0.9964930560179894
8586.98,0.9964878709044869
8586.99,0.9964785124029323
8587.0,0.9964638165542005
8587.01,0.9964421444818582
8587.02,0.996411126844187
8587.029999999999,0.9963672209343071
8587.04,0.9962997645583447
8587.05,0.9962024428860088
8587.060000000001,0.996066390665037
8587.07,0.9958560905233009
8587.08,0.9955311070137695
8587.09,0.9950662121907704
8587.1,0.994435527147798
8587.11,0.9936698210069527
8587.12,0.992840584326671
8587.13,0.991989449954643
8587.140000000001,0.9913776008107107
8587.15,0.9911215832376251
8587.16,0.9912818582374373
8587.17,0.9917879380633959
8587.18,0.9926143144699878
8587.19,0.9934874450273123
8587.2,0.9942831727126579
8587.210000000001,0.9949958379363392
8587.220000000001,0.995531182838094
8587.23,0.9959176036865492
8587.240000000002,0.9961792587304956
8587.25,0.9963563006252841
8587.26,0.9964842929674053
8587.27,0.996581430570353
8587.279999999999,0.9966519803822101
8587.29,0.9967071513686426
8587.3,0.9967521189319758
8587.31,0.9967895791184087
8587.32,0.9968213820951808
8587.33,0.9968488350321864
8587.34,0.9968728838104219
8587.35,0.9968942263610985
8587.36,0.996913353988923
8587.37,0.9969306750030683
8587.38,0.9969464979260018
8587.390000000001,0.9969610640076105
8587.4,0.9969745650498382
8587.41,0.9969871552043689
8587.42,0.9969989595944931
8587.43,0.9970100807460648
8587.44,0.9970206034031202
8587.45,0.9970305980861967
8587.46,0.9970401240221213
8587.470000000001,0.9970492312232165
8587.48,0.9970579622269711
8587.49,0.9970663533846233
8587.5,0.9970744360249169
8587.51,0.9970822372198535
8587.52,0.9970897804928925
8587.53,0.997097086415394
8587.54,0.9971041730241977
8587.550000000001,0.9971110562363286
8587.56,0.9971177501321213
8587.57,0.997124267209776
8587.58,0.9971306186244216
8587.59,0.9971368143643929
8587.6,0.9971428634182171
8587.609999999999,0.9971487738296566
8587.62,0.9971545529198412
8587.63,0.9971602072983365
8587.640000000001,0.9971657429690405
8587.65,0.997171165411404
8587.66,0.997176479625309
8587.67,0.9971816901901084
8587.68,0.9971868012940411
8587.69,0.9971918167856413
8587.7,0.9971967402088441
8587.71,0.9972015748329434
8587.720000000001,0.9972063236835138
8587.73,0.9972109895085516
8587.74,0.9972155748931443
8587.75,0.9972200822250735
8587.76,0.9972245136814215
8587.77,0.9972288712910704
8587.78,0.99723315694289
8587.79,0.9972373723472043
8587.800000000001,0.9972415191073657
8587.81,0.9972455986729293
8587.820000000002,0.9972496123975442
8587.83,0.9972535615043265
8587.84,0.9972574470848212
8587.85,0.9972612701473297
8587.86,0.9972650315812874
8587.87,0.9972687321623157
8587.88,0.9972723725670857
8587.89,0.9972759533908793
8587.9,0.9972794750815939
8587.91,0.9972829379961079
8587.92,0.9972863423916514
8587.93,0.9972896883997012
8587.94,0.9972929760458049
8587.95,0.9972962052188217
8587.96,0.9972993756689282
8587.970000000001,0.9973024870392595
8587.98,0.9973055388153905
8587.99,0.9973085302981277
8588.0,0.9973114606471742
8588.01,0.9973143288175422
8588.02,0.9973171335722723
8588.03,0.9973198734430782
8588.039999999999,0.9973225467258732
8588.050000000001,0.9973251514184187
8588.06,0.9973276852330574
8588.07,0.9973301455290031
8588.08,0.9973325292791392
8588.09,0.9973348330163787
8588.1,0.9973370527842497
8588.11,0.9973391840584317
8588.12,0.9973412216382056
8588.130000000001,0.9973431596185947
8588.14,0.9973449912164912
8588.150000000001,0.9973467085932982
8588.16,0.9973483027899267
8588.17,0.9973497634495234
8588.18,0.9973510785595654
8588.189999999999,0.9973522341736489
8588.2,0.9973532140249732
8588.21,0.9973539990353146
8588.22,0.9973545667260889
8588.23,0.997354890429347
8588.24,0.997354938353912
8588.25,0.9973546723190102
8588.26,0.9973540460706781
8588.27,0.997353003089566
8588.28,0.9973514736170424
8588.289999999999,0.9973493696435126
8588.300000000001,0.9973465836268848
8588.31,0.9973429744521362
8588.32,0.9973361936224152
8588.33,0.9973302660351232
8588.34,0.9973227592092917
8588.35,0.9973132208248329
8588.36,0.9973009419131726
8588.37,0.997284457307167
8588.380000000001,0.9972631294053145
8588.39,0.9972354148548274
8588.400000000001,0.9971971904279427
8588.41,0.9971418029656115
8588.42,0.9970694587435595
8588.43,0.9969775799916244
8588.44,0.9968807051335046
8588.45,0.9967735843849016
8588.460000000001,0.9966649817385459
8588.47,0.9965895585620937
8588.480000000001,0.9965398177071112
8588.49,0.9965238882082943
8588.5,0.9965346613314051
8588.51,0.9965588883307067
8588.52,0.9965470340738861
8588.53,0.9965016639212572
8588.539999999999,0.9964182334046212
8588.550000000001,0.9963204861248355
8588.56,0.996204777952323
8588.57,0.9960645231580169
8588.58,0.9959867423865887
8588.59,0.9959524345564861
8588.6,0.9960204284682416
8588.61,0.9961358147437815
8588.619999999999,0.9963161912497456
8588.630000000001,0.9964826578746562
8588.64,0.9966482443427859
8588.65,0.996812347408303
8588.66,0.9969487251366193
8588.67,0.997053131776266
8588.68,0.9971265717438159
8588.69,0.9971856405006182
8588.7,0.9972335586583222
8588.710000000001,0.9972714405552248
8588.72,0.9973015400357803
8588.730000000001,0.9973262000449755
8588.74,0.9973466418523798
8588.75,0.9973637504361489
8588.76,0.9973781771623809
8588.77,0.9973904065324152
8588.78,0.9974008007452344
8588.79,0.9974096290898762
8588.8,0.9974170875880279
8588.81,0.9974233174999311
8588.82,0.9974284094569873
8588.83,0.9974324077943283
8588.84,0.9974353088657706
8588.85,0.9974370744626136
8588.86,0.9974375933727662
8588.869999999999,0.9974366771170969
8588.880000000001,0.997434030432158
8588.89,0.9974292007590364
8588.9,0.9974214882914267
8588.91,0.9974091697449263
8588.92,0.9973895325973745
8588.93,0.9973606190906614
8588.94,0.9973156095910122
8588.95,0.9972427392959323
8588.960000000001,0.9971291645539994
8588.97,0.99696324543175
8588.980000000001,0.9967353576043717
8588.99,0.9964728088039486
8589.0,0.9961828436933817
8589.01,0.9959269692060069
8589.02,0.9957871572311867
8589.03,0.9957778718870598
8589.04,0.995902480024506
8589.05,0.9961489538417725
8589.060000000001,0.996444314439175
8589.07,0.9967172775825118
8589.08,0.9969585398102794
8589.09,0.9971383703387299
8589.1,0.9972647357909364
8589.11,0.9973484576633292
8589.119999999999,0.9974024176258333
8589.130000000001,0.9974390288011661
8589.14,0.9974655628194149
8589.15,0.9974847652727148
8589.16,0.9974990424144875
8589.17,0.9975105129911748
8589.18,0.9975199637378824
8589.19,0.9975279195257373
8589.199999999999,0.9975347438737202
8589.210000000001,0.9975406957318769
8589.22,0.997545963941257
8589.23,0.997550677908834
8589.24,0.9975549417730364
8589.25,0.9975588377533225
8589.26,0.9975624280931965
8589.27,0.9975657619430847
8589.28,0.997568878574997
8589.29,0.9975718096662194
8589.3,0.997574581060317
8589.310000000001,0.9975772140112369
8589.32,0.9975797260998311
8589.33,0.9975821320812004
8589.34,0.9975844443087827
8589.35,0.9975866732699299
8589.36,0.9975888278977028
8589.37,0.9975909158460828
8589.38,0.9975939085232147
8589.390000000001,0.997595873424884
8589.4,0.9975977890038835
8589.410000000002,0.9975996596245669
8589.42,0.9976014890648158
8589.43,0.997603280690563
8589.44,0.9976050374650532
8589.449999999999,0.9976067620315446
8589.460000000001,0.9976084567033656
8589.47,0.997610123589743
8589.48,0.9976117645897609
8589.49,0.9976133813484128
8589.5,0.9976149754165501
8589.51,0.997616548162219
8589.52,0.9976181008311958
8589.529999999999,0.9976196345573847
8589.54,0.9976211503765718
8589.55,0.9976226492264723
8589.560000000001,0.9976231976444647
8589.57,0.9976246389573279
8589.58,0.9976260645860552
8589.59,0.9976274751172667
8589.6,0.9976288711123243
8589.61,0.9976302530694623
8589.62,0.997631151528456
8589.63,0.9976324971815412
8589.640000000001,0.997633829732594
8589.65,0.9976351494786246
8589.66,0.9976364567070163
8589.67,0.9976377516644561
8589.68,0.9976390345403219
8589.69,0.9976403055124471
8589.7,0.9976415647362185
8589.710000000001,0.997642812305344
8589.720000000001,0.997644048310216
8589.73,0.9976452727813822
8589.74,0.9976486089498654
8589.75,0.9976497519717124
8589.76,0.9976508857823414
8589.77,0.9976520101560901
8589.779999999999,0.9976531248278588
8589.79,0.9976542295009309
8589.8,0.9976558191385929
8589.81,0.9976568954076064
8589.82,0.9976579607521625
8589.83,0.9976590146618826
8589.84,0.9976600566434279
8589.85,0.9976610860556349
8589.86,0.997662102224743
8589.87,0.9976631043813232
8589.88,0.9976640916347547
8589.890000000001,0.9976650630166021
8589.9,0.9976660173602707
8589.91,0.9976669534196657
8589.92,0.9976678696667504
8589.93,0.9976687644686602
8589.94,0.9976696358526359
8589.95,0.9976704815826576
8589.96,0.9976712990600552
8589.970000000001,0.9976720852667463
8589.98,0.9976728366726035
8589.990000000002,0.9976735491033007
8590.0,0.997674217687191
8590.01,0.9976748365548429
8590.02,0.9976753987533038
8590.03,0.9976758958887845
8590.04,0.9976763177452953
8590.05,0.9976766518572668
8590.06,0.9976768828395504
8590.07,0.9976769914486685
8590.08,0.9976769534931293
8590.09,0.997676738774173
8590.1,0.9976762995305144
8590.109999999999,0.9976755942573697
8590.12,0.9976745521032532
8590.13,0.9976730729439949
8590.140000000001,0.9976710176179758
8590.15,0.9976681872860858
8590.16,0.9976642874488172
8590.17,0.9976588593552727
8590.18,0.9976499452535074
8590.19,0.9976370959011194
8590.2,0.9976168541355562
8590.21,0.9975839032472053
8590.220000000001,0.9975301668465067
8590.23,0.997445705705385
8590.24,0.9973212547956455
8590.25,0.997150289789053
8590.26,0.9969504522513274
8590.27,0.9967381648435601
8590.28,0.996556109685859
8590.29,0.9964646783433478
8590.300000000001,0.9964748890036387
8590.31,0.9965838161621768
8590.320000000002,0.9967713938331914
8590.33,0.9969853705913359
8590.34,0.997181284583671
8590.35,0.9973454878712226
8590.359999999999,0.9974636379271803
8590.37,0.9975425772259026
8590.38,0.9975926272404251
8590.39,0.9976233592831417
8590.4,0.9976424048190276
8590.41,0.9976547138323225
8590.42,0.9976630035305718
8590.43,0.99766800190377
8590.44,0.9976712942511078
8590.45,0.9976732419938886
8590.46,0.9976740404471983
8590.470000000001,0.9976737730699212
8590.48,0.997672433677849
8590.49,0.9976699298574737
8590.5,0.997666063950225
8590.51,0.9976603536917922
8590.52,0.9976522565556307
8590.53,0.9976417272800825
8590.539999999999,0.9976267582769279
8590.550000000001,0.9976057091965427
8590.56,0.9975758181653975
8590.570000000002,0.9975387870210798
8590.58,0.9974938753042853
8590.59,0.9974497532691824
8590.6,0.9974003136936072
8590.61,0.9973599454168616
8590.62,0.9973379733804282
8590.630000000001,0.997329921228247
8590.64,0.9973330012181052
8590.650000000001,0.9973506065470662
8590.66,0.9973586574179807
8590.67,0.99734476345947
8590.68,0.9972961676219045
8590.689999999999,0.9971738652429513
8590.7,0.996930875823849
8590.71,0.9965028137215091
8590.720000000001,0.995829533904413
8590.73,0.9948974295924039
8590.74,0.9937787763118497
8590.75,0.9926293557312023
8590.76,0.9917387441146636
8590.77,0.9913433497090708
8590.78,0.9915597199434951
8590.789999999999,0.9923158468558513
8590.800000000001,0.9934251190812566
8590.81,0.9945893127492795
8590.82,0.9955991526730575
8590.83,0.9963760536654507
8590.84,0.9968952014335227
8590.85,0.9972156333580159
8590.86,0.9974037185414771
8590.87,0.9975121280816688
8590.880000000001,0.9975771736803398
8590.89,0.997618985037427
8590.900000000001,0.997647668176626
8590.91,0.9976674983666521
8590.92,0.9976828799222343
8590.93,0.997695155237268
8590.94,0.997705183891055
8590.95,0.9977135507021935
8590.960000000001,0.997720669357495
8590.97,0.9977268394781021
8590.98,0.9977322106178681
8590.99,0.9977369285675771
8591.0,0.99774112919636
8591.01,0.9977449025093516
8591.02,0.9977483193014877
8591.03,0.9977514360941304
8591.039999999999,0.9977552048239648
8591.050000000001,0.9977578256456945
8591.06,0.9977602602587499
8591.07,0.9977625337207183
8591.08,0.9977646669524274
8591.09,0.9977666774960974
8591.1,0.9977685801844144
8591.11,0.9977703876200994
8591.119999999999,0.9977721105688034
8591.130000000001,0.9977737582730529
8591.14,0.9977753387079129
8591.150000000001,0.9977768587950105
8591.16,0.9977783245608101
8591.17,0.9977797412621502
8591.18,0.9977811135289332
8591.19,0.9977824454179294
8591.2,0.9977837405221465
8591.210000000001,0.9977850020285602
8591.22,0.9977862327697494
8591.230000000001,0.9977874352725556
8591.24,0.9977886117826132
8591.25,0.9977902259309931
8591.26,0.9977913528975219
8591.27,0.9977988891348873
8591.28,0.9977997239141123
8591.289999999999,0.9978005556973115
8591.300000000001,0.997801384581395
8591.31,0.9978022106528956
8591.32,0.9978030339950427
8591.33,0.9978038546929886
8591.34,0.9978046728165315
8591.35,0.997804519512053
8591.36,0.997805327763928
8591.369999999999,0.9978061336132242
8591.380000000001,0.9978069370876399
8591.39,0.9978077382682312
8591.4,0.9978085371857215
8591.41,0.99780933389823
8591.42,0.99781012844769
8591.43,0.9978109208847084
8591.44,0.997811711231126
8591.45,0.9978124995437264
8591.460000000001,0.997813285863605
8591.47,0.9978140701946981
8591.480000000001,0.9978148525904537
8591.49,0.9978156330927194
8591.5,0.9978164116982929
8591.51,0.9978171884662355
8591.52,0.9978179634165196
8591.53,0.9978187365595582
8591.54,0.9978195079324332
8591.55,0.9978202775625185
8591.560000000001,0.9978210454581536
8591.57,0.997821811665901
8591.580000000002,0.9978225761725456
8591.59,0.9978233390167373
8591.6,0.9978241002125567
8591.61,0.9978248597996948
8591.619999999999,0.9978256177642676
8591.630000000001,0.9978268420405373
8591.64,0.9978275876849365
8591.65,0.9978283320267725
8591.66,0.9978290750732697
8591.67,0.9978298168473583
8591.68,0.9978305573209088
8591.69,0.9978312965275409
8591.699999999999,0.9978320344598052
8591.710000000001,0.9978327711257292
8591.72,0.9978335065360008
8591.730000000001,0.9978342406757255
8591.74,0.9978349735671417
8591.75,0.9978357052043807
8591.76,0.9978364355998458
8591.77,0.997837164754068
8591.78,0.9978378926635894
8591.79,0.9978386193419032
8591.8,0.997839344801171
8591.810000000001,0.9978400690327791
8591.82,0.9978407920323041
8591.83,0.9978415138208767
8591.84,0.9978422343936652
8591.85,0.9978429537644863
8591.86,0.9978436719209823
8591.87,0.9978443888876528
8591.880000000001,0.9978451046439842
8591.890000000001,0.9978458192088558
8591.9,0.9978465325794729
8591.91,0.9978472447614876
8591.92,0.9978479557806641
8591.93,0.997848665606627
8591.94,0.997849374248317
8591.949999999999,0.9978500817273521
8591.960000000001,0.997850788022554
8591.97,0.9978514931575525
8591.98,0.9978521971379556
8591.99,0.9978528999495694
8592.0,0.997853601605212
8592.01,0.9978543021130938
8592.02,0.9978550014575931
8592.03,0.9978556996729894
8592.04,0.9978563967200048
8592.05,0.9978570926400581
8592.060000000001,0.997857787419185
8592.07,0.9978584810679099
8592.08,0.9978591735682701
8592.09,0.9978598649604831
8592.1,0.9978605552147959
8592.11,0.9978612443386086
8592.12,0.997861932349311
8592.13,0.9978626192449657
8592.140000000001,0.997863305008135
8592.15,0.9978639896625748
8592.16,0.9978646732212144
8592.17,0.9978653556531129
8592.18,0.9978660369819263
8592.19,0.9978667172092246
8592.2,0.9978673963365347
8592.210000000001,0.99786807435995
8592.22,0.9978687512884273
8592.23,0.9978694271224025
8592.24,0.9978701018633412
8592.25,0.9978707755164038
8592.26,0.9978714480726408
8592.27,0.9978721195406507
8592.279999999999,0.9978781281358564
8592.29,0.9978787835737979
8592.3,0.9978794379840354
8592.310000000001,0.997880091359224
8592.32,0.9978807437317448
8592.33,0.997881395068711
8592.34,0.9978820453913345
8592.35,0.997882694685058
8592.36,0.9978833429598376
8592.37,0.9978839902260352
8592.38,0.9978846364756329
8592.390000000001,0.9978852817033628
8592.4,0.9978859259263932
8592.41,0.997886569130926
8592.42,0.9978872113194992
8592.43,0.9978878525191325
8592.44,0.9978884926892877
8592.45,0.9978891318484113
8592.460000000001,0.9978897700095022
8592.470000000001,0.9978904071559811
8592.48,0.9978910433089861
8592.490000000002,0.9978916784466959
8592.5,0.9978923125835861
8592.51,0.9978929457103048
8592.52,0.9978935778409215
8592.529999999999,0.9978942089703181
8592.54,0.9978948390842992
8592.55,0.9978954682028507
8592.56,0.9978960963155845
8592.57,0.9978967234361406
8592.58,0.9978973495482235
8592.59,0.9978979746607466
8592.6,0.9978985987663597
8592.61,0.9978992218704068
8592.62,0.9978998439833516
8592.63,0.9979004650818382
8592.640000000001,0.9979010851804928
8592.65,0.9979017042737081
8592.66,0.9979023223736239
8592.67,0.9979029394622579
8592.68,0.9979035555535002
8592.69,0.9979041706362708
8592.7,0.9979047847205174
8592.71,0.9979053978002306
8592.720000000001,0.9979060098630306
8592.73,0.9979066209200997
8592.74,0.9979072309785088
8592.75,0.997907840026513
8592.76,0.9979084480676846
8592.77,0.9979090550897831
8592.78,0.9979096611026121
8592.79,0.9979102660925694
8592.800000000001,0.9979108700853627
8592.81,0.9979114730540504
8592.820000000002,0.9979120750062346
8592.83,0.9979126759347631
8592.84,0.9979132758400733
8592.85,0.9979138747369753
8592.859999999999,0.9979144725976986
8592.87,0.9979150694284811
8592.88,0.9979156652305791
8592.89,0.9979162600109494
8592.9,0.9979168537557476
8592.91,0.997917446464652
8592.92,0.9979180381246879
8592.93,0.9979186287527796
8592.94,0.9979192183364821
8592.95,0.9979198068730395
8592.96,0.9979203943667029
8592.970000000001,0.997920980800303
8592.98,0.9979215661850689
8592.99,0.9979221505009368
8593.0,0.9979227337596966
8593.01,0.9979233159524463
8593.02,0.9979238970784021
8593.03,0.9979244771216903
8593.04,0.9979250560925816
8593.050000000001,0.99792563399029
8593.06,0.9979262107884894
8593.070000000002,0.9979267865055979
8593.08,0.9979273611212408
8593.09,0.9979279346396926
8593.1,0.9979285070588388
8593.11,0.9979290783665716
8593.12,0.9979296485551774
8593.130000000001,0.9979302176289139
8593.14,0.9979307855649856
8593.15,0.9979313523904602
8593.16,0.9979319180603611
8593.17,0.9979324826038449
8593.18,0.9979330459838635
8593.19,0.9979336082097631
8593.2,0.9979341692827755
8593.21,0.9979347291720752
8593.220000000001,0.9979352878924779
8593.23,0.9979358454272865
8593.24,0.997936268257267
8593.25,0.9979368228686228
8593.26,0.9979373762841919
8593.27,0.9979379284582655
8593.28,0.9979384794291166
8593.289999999999,0.9979390291509639
8593.300000000001,0.9979395776202307
8593.31,0.9979401248397392
8593.32,0.9979406708017592
8593.33,0.997941215478704
8593.34,0.9979417588785306
8593.35,0.9979423009700331
8593.36,0.9979428417722649
8593.37,0.9979433812533686
8593.380000000001,0.9979439193924946
8593.39,0.9979444561970535
8593.400000000001,0.997944991658145
8593.41,0.9979455257404921
8593.42,0.9979460584480642
8593.43,0.9979465897709401
8593.44,0.99794711966925
8593.45,0.9979476481615839
8593.46,0.9979481752208702
8593.47,0.997948700810863
8593.48,0.9979492249477853
8593.49,0.9979497475905847
8593.5,0.9979502687517948
8593.51,0.9979507883895096
8593.52,0.9979513064816736
8593.53,0.9979518230272372
8593.539999999999,0.9979523380158378
8593.550000000001,0.9979528514025606
8593.56,0.9979533631834807
8593.57,0.9979538733281558
8593.58,0.9979543818318718
8593.59,0.9979548886568368
8593.6,0.9979553937742888
8593.61,0.9979558971698584
8593.62,0.9979563988413623
8593.630000000001,0.9979568987363059
8593.64,0.9979573968307749
8593.650000000001,0.9979578931163114
8593.66,0.9979583875528798
8593.67,0.9979588801043167
8593.68,0.997959370747914
8593.69,0.9979598594704598
8593.7,0.9979603462247717
8593.710000000001,0.9979608309728443
8593.72,0.9979613136924906
8593.730000000001,0.9979617943486672
8593.74,0.9979622729063409
8593.75,0.9979627493241309
8593.76,0.9979632235770751
8593.77,0.9979636956185786
8593.78,0.9979641653822597
8593.789999999999,0.9979646328740447
8593.800000000001,0.997965098025356
8593.81,0.9979655607817749
8593.82,0.9979660211203685
8593.83,0.9979664789728442
8593.84,0.9979669343083836
8593.85,0.9979673870609137
8593.86,0.9979678371929774
8593.869999999999,0.9979682846354213
8593.880000000001,0.997968729327773
8593.89,0.9979691712346601
8593.9,0.9979696102628821
8593.91,0.9979700463807094
8593.92,0.9979704794864684
8593.93,0.997970909558645
8593.94,0.9979713364915448
8593.95,0.9979717602224724
8593.960000000001,0.997972180663544
8593.97,0.997972597762074
8593.980000000001,0.9979730114180912
8593.99,0.9979734215491455
8594.0,0.9979738280574925
8594.01,0.997974230856404
8594.02,0.9979746298516995
8594.03,0.9979750249486834
8594.04,0.997975416038921
8594.05,0.9979758030151011
8594.06,0.9979761857746067
8594.07,0.9979765641956471
8594.08,0.9979769381578587
8594.09,0.9979773075409437
8594.1,0.9979776721947783
8594.11,0.9979780320070604
8594.119999999999,0.9979783868146039
8594.130000000001,0.997978736480615
8594.14,0.9979790808486436
8594.15,0.9979794197474179
8594.16,0.9979797530190847
8594.17,0.9979800804814838
8594.18,0.9979804019475784
8594.19,0.9979807172272246
8594.199999999999,0.9979810261211656
8594.210000000001,0.9979813284157315
8594.22,0.9979816238895847
8594.230000000001,0.9979819123028313
8594.24,0.997982193429821
8594.25,0.9979824670120586
8594.26,0.997982732772595
8594.27,0.9979829904529838
8594.28,0.9979832397396319
8594.29,0.9979834803406253
8594.3,0.997983711922202
8594.310000000001,0.9979823614029761
8594.32,0.9979825693487175
8594.33,0.9979827671789335
8594.34,0.9979829545223177
8594.35,0.9979831309460857
8594.36,0.9979832960375788
8594.369999999999,0.997983449315059
8594.380000000001,0.9979835902998743
8594.39,0.9979837184852836
8594.4,0.9979838333288833
8594.41,0.9979839342643355
8594.42,0.9979840206940901
8594.43,0.9979840919621822
8594.44,0.9979841474082851
8594.449999999999,0.9979841863234523
8594.460000000001,0.9979842079410748
8594.47,0.9979842114733566
8594.48,0.9979841960683908
8594.49,0.9979841608157789
8594.5,0.9979841047668215
8594.51,0.9979840269020579
8594.52,0.9979839261436553
8594.53,0.9979838013241454
8594.54,0.9979836512228627
8594.55,0.9979834745392006
8594.560000000001,0.9979832698614236
8594.57,0.9979830357092371
8594.58,0.99798277046384
8594.59,0.9979824724417103
8594.6,0.9979821398004649
8594.61,0.9979817705787142
8594.62,0.9979813626799975
8594.63,0.9979809138258717
8594.640000000001,0.9979804215942512
8594.65,0.9979798833619598
8594.660000000002,0.9979792963028773
8594.67,0.997978657385814
8594.68,0.9979779633020286
8594.69,0.9979772105094387
8594.699999999999,0.9979763951495422
8594.710000000001,0.9979755130397946
8594.72,0.9979745596345738
8594.73,0.9979735300148715
8594.74,0.9979724188049695
8594.75,0.9979712201344249
8594.76,0.9979699276143991
8594.77,0.9979685342547767
8594.779999999999,0.9979670323671421
8594.79,0.997965413546301
8594.8,0.9979636685398812
8594.810000000001,0.9979617871383504
8594.82,0.9979597580901854
8594.83,0.9979575689632
8594.84,0.9979552059475154
8594.85,0.9979526537338488
8594.86,0.9979498952649518
8594.87,0.9979469115150068
8594.88,0.9979436811929653
8594.890000000001,0.9979401804197517
8594.9,0.9979363823614135
8594.91,0.9979322567369486
8594.92,0.9979277692718176
8594.93,0.9979228811199828
8594.94,0.9979175480214412
8594.95,0.9979117194034266
8594.960000000001,0.9979053372795554
8594.970000000001,0.997898334890561
8594.98,0.9978906350414016
8594.99,0.9978821480911143
8595.0,0.997872769454861
8595.01,0.997862376513735
8595.02,0.9978508246912066
8595.029999999999,0.9978379426053798
8595.04,0.9978235258023123
8595.05,0.9978073287538297
8595.06,0.997789054506146
8595.07,0.9977683411638949
8595.08,0.9977447439242951
8595.09,0.9977177111489893
8595.1,0.9976865517673597
8595.11,0.9976503933207372
8595.12,0.9976080749182472
8595.13,0.9975581980464532
8595.140000000001,0.9974988400775989
8595.15,0.9974274018987427
8595.16,0.9973403365284441
8595.17,0.9972326988204896
8595.18,0.9970974173838695
8595.19,0.9969240551135301
8595.2,0.9966833309571761
8595.21,0.9963552632166078
8595.220000000001,0.9959223064881639
8595.23,0.9952859259457117
8595.240000000002,0.9943240959506332
8595.25,0.9929899572692337
8595.26,0.9912237638101677
8595.27,0.9891493018470114
8595.28,0.9869594526874823
8595.29,0.9847022691485523
8595.3,0.9831161409357273
8595.31,0.982444407751185
8595.32,0.98288143460212
8595.33,0.9841952797013872
8595.34,0.9863572111440844
8595.35,0.9886002438780991
8595.359999999999,0.9906829162002571
8595.37,0.992580545947638
8595.38,0.9940219724684165
8595.390000000001,0.9950748205233547
8595.4,0.9957823329955455
8595.41,0.9962639950978079
8595.42,0.996615084240529
8595.43,0.996879159210171
8595.44,0.9970682655694044
8595.45,0.9972131970897745
8595.46,0.9973281614400502
8595.470000000001,0.9974209571079715
8595.48,0.9974969969351105
8595.49,0.9975601396330525
8595.5,0.9976131979085912
8595.51,0.9976582591395382
8595.52,0.9976968180945222
8595.53,0.9977301095518443
8595.54,0.9977590664512652
8595.550000000001,0.997784422843275
8595.56,0.9978067631076478
8595.570000000002,0.9978265572615723
8595.58,0.9978441868149132
8595.59,0.9978599642083719
8595.6,0.9978741472180379
8595.609999999999,0.9978869501465552
8595.62,0.9978985523301849
8595.63,0.9979091048085211
8595.64,0.9979187355123346
8595.65,0.9979275533898959
8595.66,0.9979356517169741
8595.67,0.9979431106912653
8595.68,0.9979499996600703
8595.69,0.997956378736178
8595.7,0.9979623002891899
8595.71,0.997967810161749
8595.720000000001,0.9979729485193424
8595.73,0.9979777507653821
8595.74,0.9979822481376031
8595.75,0.9979864683716515
8595.76,0.9979904360419949
8595.77,0.9979941730898071
8595.78,0.9979976991099797
8595.789999999999,0.9980010316295121
8595.800000000001,0.9980041864048936
8595.81,0.9980071776221436
8595.820000000002,0.9980100180663779
8595.83,0.9980127192638067
8595.84,0.9980152916963742
8595.85,0.9980177448420987
8595.86,0.9980200873290347
8595.87,0.9980223270367818
8595.880000000001,0.9980244711135523
8595.89,0.9980265261015372
8595.900000000001,0.9980284979950199
8595.91,0.9980303923020336
8595.92,0.9980322140658474
8595.93,0.9980339679157486
8595.939999999999,0.9980356581192102
8595.95,0.9980372886254782
8595.96,0.998038863047475
8595.970000000001,0.9980403847496465
8595.98,0.9980418568432015
8595.99,0.9980432822251356
8596.0,0.9980446635288893
8596.01,0.9980460032652932
8596.02,0.9980473037157699
8596.03,0.9980485670376379
8596.039999999999,0.9980497952253597
8596.050000000001,0.9980509901397381
8596.06,0.9980521535280219
8596.07,0.9980532870127682
8596.08,0.998054392102745
8596.09,0.9980554702280457
8596.1,0.9980565227204774
8596.11,0.9980575508296347
8596.12,0.9980585557193644
8596.130000000001,0.9980595384959865
8596.14,0.9980605001851374
8596.150000000001,0.9980614417675581
8596.16,0.9980623641503096
8596.17,0.9980632682064723
8596.18,0.9980641547287854
8596.19,0.9980650245064341
8596.2,0.9980658782394356
8596.210000000001,0.9980667166196835
8596.22,0.9980675402951672
8596.23,0.9980683498770014
8596.24,0.9980691459336933
8596.25,0.9980699290131786
8596.26,0.9980706996382702
8596.27,0.9980714582838911
8596.28,0.9980722054341218
8596.289999999999,0.9980729415128564
8596.300000000001,0.9980736669512278
8596.31,0.9980743821376652
8596.32,0.9980750874605018
8596.33,0.9980757832709068
8596.34,0.9980764698931746
8596.35,0.9980771476895434
8596.36,0.9980778169309319
8596.369999999999,0.998078477942946
8596.380000000001,0.9980791309776459
8596.39,0.9980797763251675
8596.400000000001,0.9980804142174
8596.41,0.9980810449198865
8596.42,0.9980816686508427
8596.43,0.9980822856415801
8596.44,0.9980828960842958
8596.45,0.998083500199028
8596.460000000001,0.9980840981754647
8596.47,0.9980846901887128
8596.480000000001,0.9980852764246732
8596.49,0.9980857030586222
8596.5,0.9980862771641389
8596.51,0.9980868459499425
8596.52,0.9980874095956245
8596.53,0.9980879681938718
8596.539999999999,0.9980885219150428
8596.550000000001,0.9980890708690414
8596.56,0.9980896151925543
8596.57,0.9980901549961175
8596.58,0.9980906903968194
8596.59,0.9980912214964913
8596.6,0.9980917484056323
8596.61,0.9980922712226749
8596.619999999999,0.9980927900413266
8596.630000000001,0.9980933049542992
8596.64,0.9980938160459427
8596.65,0.9980943233994455
8596.66,0.9980948271061632
8596.67,0.9980953272306906
8596.68,0.9980958238382069
8596.69,0.9980963170218516
8596.7,0.9980968068368338
8596.710000000001,0.9980972933403276
8596.72,0.9980977766114237
8596.730000000001,0.9980982566960209
8596.74,0.9980987336556162
8596.75,0.9980992075406642
8596.76,0.9980996784069116
8596.77,0.9981001463034839
8596.78,0.9981006112734507
8596.79,0.998101073359946
8596.8,0.9981015326086592
8596.810000000001,0.9981019890570535
8596.82,0.9981024427566074
8596.83,0.9981028937174863
8596.84,0.9981033420049594
8596.85,0.9981037876306795
8596.86,0.998104230621964
8596.869999999999,0.9981046710227064
8596.880000000001,0.9981051088572833
8596.89,0.9981055441394305
8596.9,0.9981059769064665
8596.91,0.9981064071638899
8596.92,0.998106834955537
8596.93,0.9981072602771852
8596.94,0.9981076831675976
8596.949999999999,0.998108103622336
8596.960000000001,0.9981085216656406
8596.97,0.9981089373099769
8596.980000000001,0.9981093505684652
8596.99,0.9981097614328073
8597.0,0.9981101699347977
8597.01,0.9981105760649928
8597.02,0.9981109798353486
8597.03,0.9981113812472765
8597.04,0.998111780304197
8597.05,0.9981121769942926
8597.060000000001,0.9981125713306355
8597.07,0.9981129632987804
8597.08,0.9981133528978904
8597.09,0.9981137401280002
8597.1,0.9981141249772079
8597.11,0.9981145074263367
8597.12,0.9981148874727015
8597.130000000001,0.998115265095235
8597.140000000001,0.9981156402875617
8597.15,0.9981160130252685
8597.16,0.9981163833001827
8597.17,0.9981167510691287
8597.18,0.998117116324296
8597.19,0.998117479035268
8597.199999999999,0.9981178391847839
8597.210000000001,0.9981181967253732
8597.22,0.99811855164216
8597.23,0.998118903872438
8597.24,0.9981192533999682
8597.25,0.9981196002003127
8597.26,0.9981199441836072
8597.27,0.9981202853468043
8597.28,0.9981206236274989
8597.29,0.9981209589655704
8597.3,0.9981212913061409
8597.310000000001,0.9981216205881966
8597.32,0.9981219467562558
8597.33,0.998122269748853
8597.34,0.9981225894787678
8597.35,0.9981229058828527
8597.36,0.9981232188663558
8597.37,0.9981235283647019
8597.38,0.9981238342629095
8597.390000000001,0.9981241364896805
8597.4,0.9981244349385414
8597.41,0.9981247294897043
8597.42,0.9981250200388174
8597.43,0.9981253064668543
8597.44,0.9981255886380341
8597.45,0.9981258664156758
8597.460000000001,0.9981261396686093
8597.47,0.9981264082365634
8597.48,0.9981266719525859
8597.49,0.9981269306495183
8597.5,0.9981271841530395
8597.51,0.9981274322626332
8597.52,0.9981276747631944
8597.529999999999,0.9981279114360143
8597.54,0.9981281420672068
8597.55,0.9981283663882031
8597.560000000001,0.9981285841340547
8597.57,0.9981287950329947
8597.58,0.9981289987865418
8597.59,0.9981291950614742
8597.6,0.9981293835263274
8597.61,0.9981295637982424
8597.62,0.9981297354866331
8597.63,0.9981298981854335
8597.640000000001,0.9981300514404093
8597.65,0.9981301947554632
8597.66,0.9981303276401089
8597.67,0.9981304495156992
8597.68,0.9981305597857891
8597.69,0.998130657814423
8597.7,0.9981307429139357
8597.710000000001,0.998130814332964
8597.720000000001,0.9981308712514072
8597.73,0.9981309128166692
8597.740000000002,0.9981309380813469
8597.75,0.998130946020921
8597.76,0.9981309355421757
8597.77,0.9981309054400536
8597.779999999999,0.9981308544070824
8597.79,0.9981307810259118
8597.8,0.9981306837550296
8597.81,0.9981305608874553
8597.82,0.9981304106017598
8597.83,0.9981302308833186
8597.84,0.9981300195002623
8597.85,0.9981297740366583
8597.86,0.9981294918262533
8597.87,0.9981291699203041
8597.88,0.9981288050861716
8597.890000000001,0.9981283937082136
8597.9,0.9981279318536912
8597.91,0.9981274151024947
8597.92,0.9981268385471885
8597.93,0.998126196748978
8597.94,0.9981254836228941
8597.95,0.9981246923206539
8597.96,0.9981238152265303
8597.970000000001,0.9981228437562282
8597.98,0.9981217682146337
8597.99,0.9981205776812369
8598.0,0.9981192597680693
8598.01,0.9981178004101064
8598.02,0.9981161835950749
8598.03,0.9981143910235373
8598.04,0.9981124017379948
8598.050000000001,0.9981101916469999
8598.06,0.9981077329829126
8598.070000000002,0.9981049936113077
8598.08,0.9981019362662594
8598.09,0.9980985174424041
8598.1,0.9980946864582336
8598.109999999999,0.9980903837599686
8598.12,0.9980855392400029
8598.13,0.9980800700731639
8598.14,0.9980738780966056
8598.15,0.9980668465863516
8598.16,0.9980588364242504
8598.17,0.9980496814337846
8598.18,0.9980391752625097
8598.19,0.9980270315263708
8598.2,0.9980130367400368
8598.21,0.9979974615075172
8598.220000000001,0.997979750448426
8598.23,0.9979605353483707
8598.24,0.9979339036561852
8598.25,0.9979051282971372
8598.26,0.9978745067588727
8598.27,0.9978477514699703
8598.28,0.9978256140029219
8598.29,0.9977991705718676
8598.300000000001,0.997773904890937
8598.31,0.9977627149021547
8598.320000000002,0.9977548326303248
8598.33,0.997762304404233
8598.34,0.9977700604347923
8598.35,0.9977929252017991
8598.36,0.9978208259863369
8598.37,0.9978442804801889
8598.380000000001,0.9978690510658497
8598.39,0.9979006818938835
8598.4,0.9979302753421149
8598.41,0.9979581975046716
8598.42,0.9979807633758817
8598.43,0.9979984283231603
8598.44,0.9980153404829822
8598.45,0.9980302834027422
8598.46,0.9980434764384983
8598.470000000001,0.9980549553326794
8598.48,0.99806500389366
8598.49,0.9980738546403143
8598.5,0.9980816821453851
8598.51,0.9980886325482914
8598.52,0.9980948283297922
8598.53,0.9981003724240272
8598.539999999999,0.9981053515965689
8598.550000000001,0.9981098391717621
8598.56,0.9981138973859088
8598.57,0.9981175791614894
8598.58,0.9981209297780966
8598.59,0.9981239880591836
8598.6,0.9981267873689192
8598.61,0.9981293565266113
8598.62,0.9981317204820371
8598.630000000001,0.9981339009050569
8598.64,0.9981359166651944
8598.650000000001,0.9981377842737538
8598.66,0.9981395181394898
8598.67,0.9981411309903152
8598.68,0.9981426339575844
8598.69,0.9981440369136771
8598.7,0.9981453485728696
8598.71,0.9981465766303801
8598.72,0.9981477279449329
8598.73,0.9981488086005462
8598.74,0.9981498239849497
8598.75,0.9981507789429963
8598.76,0.998151677753856
8598.77,0.9981525242443958
8598.78,0.998153321820789
8598.789999999999,0.9981540735062987
8598.800000000001,0.9981547820407746
8598.81,0.9981554497817111
8598.82,0.9981560788511169
8598.83,0.9981566711353493
8598.84,0.9981572282615756
8598.85,0.9981577516393243
8598.86,0.9981582425101195
8598.869999999999,0.9981587018830804
8598.880000000001,0.9981591306506535
8598.89,0.9981595294466825
8598.900000000001,0.9981598988311106
8598.91,0.9981602391460336
8598.92,0.9981605505590829
8598.93,0.9981608331446035
8598.94,0.9981610867490934
8598.95,0.9981613110827722
8598.960000000001,0.9981615056524539
8598.97,0.9981616698100408
8598.980000000001,0.9981618027038979
8598.99,0.9981619032652543
8599.0,0.9981619702011525
8599.01,0.9981620019450641
8599.02,0.998161996689834
8599.03,0.9981619522775909
8599.039999999999,0.9981618662415038
8599.050000000001,0.9981617356970398
8599.06,0.9981615573078074
8599.07,0.9981613272522785
8599.08,0.9981610411059637
8599.09,0.9981606937632314
8599.1,0.9981602793278912
8599.11,0.9981597910258336
8599.119999999999,0.9981592209567186
8599.130000000001,0.998158559975903
8599.14,0.9981577974555472
8599.15,0.9981569209985731
8599.16,0.9981559160588458
8599.17,0.9981547655767162
8599.18,0.9981534494015725
8599.19,0.9981519437689762
8599.2,0.9981502203648411
8599.210000000001,0.9981482453846134
8599.22,0.9981459783559711
8599.230000000001,0.9981433704876469
8599.24,0.9981403628407716
8599.25,0.9981368838923512
8599.26,0.9981328465095262
8599.27,0.9981281393797696
8599.28,0.9981226035604093
8599.29,0.9981170888540467
8599.3,0.9981097961014392
8599.310000000001,0.9981013465559346
8599.32,0.998092000859058
8599.33,0.9980788443771484
8599.34,0.9980644095484267
8599.35,0.9980241744993703
8599.36,0.9980097322462146
8599.369999999999,0.9979977498245016
8599.380000000001,0.9979835193929973
8599.39,0.9979695650034767
8599.4,0.997962659262889
8599.41,0.9979585112030879
8599.42,0.997961090672582
8599.43,0.99796430636748
8599.44,0.9979752730597719
8599.449999999999,0.9979893545130396
8599.460000000001,0.9980011753699912
8599.47,0.9980130661715307
8599.480000000001,0.9980285855760589
8599.49,0.998042857391014
8599.5,0.9980561684400455
8599.51,0.9980667926067829
8599.52,0.998075161674753
8599.53,0.9980820764671929
8599.54,0.9980883726616019
8599.55,0.9980937444864705
8599.560000000001,0.9980982031476023
8599.57,0.9981019078526576
8599.58,0.9981049886180192
8599.59,0.9981075386553238
8599.6,0.9981096341395139
8599.61,0.9981113375066762
8599.62,0.9981127000165098
8599.630000000001,0.9981137638847553
8599.64,0.9981145640197138
8599.65,0.9981151292659027
8599.66,0.9981154835184536
8599.67,0.9981156466106852
8599.68,0.9981156350297089
8599.69,0.9981154623869524
8599.699999999999,0.9981151399288135
8599.710000000001,0.9981146769058958
8599.72,0.9981140808177293
8599.73,0.9981133577245981
8599.74,0.9981125123644391
8599.75,0.9981115483800926
8599.76,0.9981104683998459
8599.77,0.9981092741777872
8599.78,0.9981079666389355
8599.79,0.9981065459987672
8599.8,0.9981050117620343
8599.810000000001,0.9981033627997106
8599.82,0.9981015973544551
8599.83,0.9980997130667211
8599.84,0.9980977070039746
8599.85,0.9980955756291338
8599.86,0.9980933148172273
8599.87,0.9980909198366528
8599.88,0.9980883853457444
8599.890000000001,0.9980857053259442
8599.9,0.9980828730926768
8599.910000000002,0.9980798812469585
8599.92,0.9980767215898929
8599.93,0.9980733850974294
8599.94,0.9980698618644006
8599.949999999999,0.9980661409850069
8599.960000000001,0.9980622105112045
8599.97,0.9980580573024016
8599.98,0.9980536669638689
8599.99,0.9980490236627273
8600.0,0.998044110007977
8600.01,0.9980389068444935
8600.02,0.9980333931164994
8600.029999999999,0.9980275455558987
8600.04,0.998021338502154
8600.05,0.9980147435187922
8600.060000000001,0.998007729113597
8600.07,0.9980002603109165
8600.08,0.9979922981445531
8600.09,0.99798379919073
8600.1,0.9979747148492712
8600.11,0.9979649906483395
8600.12,0.9979545653390649
8600.13,0.9979433698886361
8600.140000000001,0.9979313262042114
8600.15,0.997918345673142
8600.16,0.9979043274448819
8600.17,0.9978891562312282
8600.18,0.9978726998688738
8600.19,0.9978548060674534
8600.2,0.9978352987041231
8600.210000000001,0.9978139730972525
8600.220000000001,0.99779059017289
8600.23,0.9977648692476809
8600.240000000002,0.9977364788857681
8600.25,0.9977050253143152
8600.26,0.9976700376325562
8600.27,0.9976309486461182
8600.279999999999,0.99758706986028
8600.29,0.9975375585441796
8600.3,0.9974813735773841
8600.31,0.9974172156703921
8600.32,0.9973434452702858
8600.33,0.997257518367474
8600.34,0.9971570219150017
8600.35,0.9970391806488924
8600.36,0.9968987460045502
8600.37,0.9967285737650642
8600.38,0.9965187258282423
8600.390000000001,0.9962548977767178
8600.4,0.9959153886413418
8600.41,0.9954442105278227
8600.42,0.9947363753772082
8600.43,0.9936941998269795
8600.44,0.9920090189105509
8600.45,0.9891768706066824
8600.46,0.9844628107390194
8600.470000000001,0.9768767243323038
8600.48,0.9656393687808948
8600.490000000002,0.9505154397243314
8600.5,0.9330279647367729
8600.51,0.9152308504214823
8600.52,0.9006317389494275
8600.53,0.8924189979557527
8600.54,0.892002463283967
8600.55,0.8994785132073051
8600.56,0.913548620580094
8600.57,0.9311870047809642
8600.58,0.9488232946739295
8600.59,0.9642307802947426
8600.6,0.975868734554472
8600.609999999999,0.9837802574842972
8600.62,0.9887219664709826
8600.63,0.9916945226933782
8600.640000000001,0.9934536306823435
8600.65,0.9945336196427468
8600.66,0.9952556790970118
8600.67,0.9957370183736791
8600.68,0.996072074692295
8600.69,0.9963281531702426
8600.7,0.996527897568089
8600.71,0.9966861061113246
8600.720000000001,0.9968129891981495
8600.73,0.9969158374434476
8600.74,0.9969999732557085
8600.75,0.9970683830231968
8600.76,0.9971231750667895
8600.77,0.9971669184023138
8600.78,0.9972011547267834
8600.79,0.9972270588974094
8600.800000000001,0.9972455211250136
8600.81,0.997257205348825
8600.820000000002,0.9972625907425543
8600.83,0.9972620011125853
8600.84,0.9972556248538167
8600.85,0.9972435278661992
8600.859999999999,0.997225660402069
8600.87,0.9972018587880125
8600.88,0.9971718421285213
8600.89,0.9971352040807355
8600.9,0.9970913991191935
8600.91,0.9970397225682736
8600.92,0.9969792827763589
8600.93,0.9969089636921306
8600.94,0.9968273746822667
8600.95,0.9967327833544938
8600.96,0.9966230255258712
8600.970000000001,0.9964953831368524
8600.98,0.9963406871268821
8600.99,0.9961660215768232
8601.0,0.9959595662488908
8601.01,0.9957146547378923
8601.02,0.9954212759439034
8601.03,0.9950658755339701
8601.039999999999,0.994629817488428
8601.050000000001,0.9940868673409864
8601.06,0.99339895782541
8601.070000000002,0.9924998123718848
8601.08,0.9911951939129855
8601.09,0.9894295795514482
8601.1,0.9869358993857947
8601.11,0.9831441234997184
8601.12,0.9774660696431834
8601.130000000001,0.9694318638889419
8601.14,0.9586920978116914
8601.150000000001,0.9462072990728017
8601.16,0.9329224241584596
8601.17,0.9204618842328905
8601.18,0.9120830688653514
8601.189999999999,0.9087850611699774
8601.2,0.9118668158148304
8601.21,0.9200352534092642
8601.220000000001,0.9323981012927245
8601.23,0.9457049164108586
8601.24,0.9582230082702455
8601.25,0.9690831471501411
8601.26,0.9772258145376465
8601.27,0.982995041309932
8601.28,0.9868874326058971
8601.289999999999,0.9893961262239681
8601.300000000001,0.9911955153770667
8601.31,0.9925183185454736
8601.32,0.993440686112877
8601.33,0.9941425697381975
8601.34,0.9946978566994759
8601.35,0.9951452474315639
8601.36,0.9955113874865821
8601.37,0.9958151971946628
8601.380000000001,0.9960704384415358
8601.39,0.9962872879083554
8601.400000000001,0.9964725778115693
8601.41,0.9966324503432006
8601.42,0.9967714079841811
8601.43,0.9968929856590881
8601.44,0.9969999972813299
8601.45,0.9970947060497714
8601.460000000001,0.997178949482319
8601.47,0.9972542324976182
8601.48,0.997321797314137
8601.49,0.997382676957289
8601.5,0.9974377362544056
8601.51,0.9974877038351976
8601.52,0.9975331971427577
8601.53,0.9975747422924277
8601.539999999999,0.9976127898724297
8601.550000000001,0.9976477276419551
8601.56,0.9976798907774759
8601.57,0.9977095702345599
8601.58,0.9977370196392323
8601.59,0.9977624608329236
8601.6,0.9977860886117412
8601.61,0.9978080745831639
8601.619999999999,0.9978285704077846
8601.630000000001,0.9978477105306143
8601.64,0.9978656144729423
8601.650000000001,0.9978823888008735
8601.66,0.997898128792821
8601.67,0.9979129197909747
8601.68,0.9979268384825751
8601.69,0.9979399539123213
8601.7,0.9979523283731622
8601.710000000001,0.9979640182187094
8601.72,0.9979750744627796
8601.730000000001,0.9980098462526852
8601.74,0.9980193701923591
8601.75,0.9980283971910702
8601.76,0.9980369619762179
8601.77,0.998045096326653
8601.78,0.9980528293210682
8601.789999999999,0.9980601876235115
8601.800000000001,0.9980671957120563
8601.81,0.9980738760881056
8601.82,0.9980802494783627
8601.83,0.9980863349865883
8601.84,0.9980921502675837
8601.85,0.9980977116218691
8601.86,0.9981030341421947
8601.869999999999,0.9981081318103936
8601.880000000001,0.9981130176134762
8601.89,0.9981177035793052
8601.9,0.9981222009415279
8601.91,0.9981265201155136
8601.92,0.9981306708004379
8601.93,0.998134662078361
8601.94,0.9981385023892517
8601.95,0.998142199661526
8601.960000000001,0.9981457612597175
8601.97,0.998149194106347
8601.980000000001,0.9981525046916104
8601.99,0.9981556990937094
8602.0,0.9981587830103346
8602.01,0.9981608828965783
8602.02,0.9981637488258427
8602.03,0.9981665191308677
8602.04,0.9981691982428146
8602.05,0.9981717903460169
8602.060000000001,0.9981742994168445
8602.07,0.998176729157268
8602.08,0.9981790830964801
8602.09,0.99818136455297
8602.1,0.9981835766548882
8602.11,0.998185722373118
8602.119999999999,0.9981878045213914
8602.130000000001,0.9981898257476264
8602.14,0.9981917885699623
8602.15,0.9981936953623001
8602.16,0.9981955484035648
8602.17,0.9981973498271087
8602.18,0.9981991016569169
8602.19,0.9982008058503851
8602.199999999999,0.9982024642197087
8602.210000000001,0.9982040785151637
8602.22,0.9982056503997753
8602.230000000001,0.998207181452897
8602.24,0.9982086731831186
8602.25,0.9982101269927363
8602.26,0.9982115442585902
8602.27,0.9982129262823548
8602.28,0.9982142742937307
8602.29,0.9982155894566951
8602.3,0.9982168729009514
8602.310000000001,0.9982181257044308
8602.32,0.9982193488883819
8602.33,0.9982205434150123
8602.34,0.9982217102201446
8602.35,0.9982230027669438
8602.36,0.9982241157123579
8602.37,0.9982252034928562
8602.380000000001,0.9982262668647733
8602.390000000001,0.9982273065737759
8602.4,0.9982283233171056
8602.41,0.9982293177625976
8602.42,0.9982302905562751
8602.43,0.9982312422992973
8602.44,0.998232173576757
8602.449999999999,0.9982330849529103
8602.460000000001,0.9982339769412122
8602.47,0.9982348500532356
8602.48,0.9982357047586384
8602.49,0.9982365415229997
8602.5,0.9982373607781175
8602.51,0.9982381629220315
8602.52,0.9982389483520722
8602.53,0.9982397174347407
8602.54,0.9982404705092409
8602.55,0.9982407401494315
8602.560000000001,0.998241457467406
8602.57,0.9982421596335147
8602.58,0.9982428469183252
8602.59,0.9982435195601956
8602.6,0.9982441777936971
8602.61,0.9982448218304121
8602.62,0.9982454518577042
8602.63,0.998246068047701
8602.640000000001,0.9982466705505397
8602.65,0.9982472595025192
8602.66,0.9982478350183429
8602.67,0.9982483971697981
8602.68,0.9982489460614544
8602.69,0.9982494817261616
8602.7,0.9982500041844511
8602.710000000001,0.9982505134422391
8602.72,0.9982510094881722
8602.73,0.9982514922771705
8602.74,0.9982519617265696
8602.75,0.9982524177385784
8602.76,0.9982528601773728
8602.77,0.9982532888866018
8602.779999999999,0.9982537036566309
8602.79,0.9982541042593682
8602.8,0.9982544904151275
8602.81,0.9982548618098763
8602.82,0.9982552180657785
8602.83,0.9982555587731947
8602.84,0.9982558834372586
8602.85,0.9982561915421676
8602.86,0.9982564824737777
8602.87,0.9982567555555417
8602.88,0.9982570100211391
8602.890000000001,0.9982572450088788
8602.9,0.9982574595637423
8602.91,0.9982576525979401
8602.92,0.9982578229184053
8602.93,0.9982579691766386
8602.94,0.9982580898375978
8602.95,0.9982581832120149
8602.960000000001,0.9982582474048586
8602.970000000001,0.998258280249459
8602.98,0.9982582793020333
8602.990000000002,0.9982582418493069
8603.0,0.998258164780566
8603.01,0.9982580445675773
8603.02,0.9982578772029685
8603.029999999999,0.9982576581103536
8603.04,0.9982573820581351
8603.05,0.9982570430570467
8603.06,0.9982566341482269
8603.07,0.9982561473385787
8603.08,0.9982555733093659
8603.09,0.9982549011814444
8603.1,0.9982541182174463
8603.11,0.9982532093982313
8603.12,0.9982521568849388
8603.13,0.9982509394484538
8603.140000000001,0.9982495315509503
8603.15,0.9982479023602896
8603.16,0.9982460142355211
8603.17,0.9982438209513326
8603.18,0.9982412651380511
8603.19,0.9982382748673279
8603.2,0.9982347589369149
8603.21,0.9982305958676604
8603.220000000001,0.9982256285139102
8603.23,0.9982196775956228
8603.24,0.9982124625517679
8603.25,0.9982035982925901
8603.26,0.9981925442106312
8603.27,0.998178519143386
8603.28,0.9981603503715785
8603.29,0.9981351547753782
8603.300000000001,0.9980973433862027
8603.31,0.9980438250424956
8603.320000000002,0.9979615109209318
8603.33,0.9978303147212307
8603.34,0.9976254242995275
8603.35,0.9973183161769946
8603.359999999999,0.9968835871548791
8603.37,0.9963511712248819
8603.38,0.9957516979664696
8603.39,0.9951756647055163
8603.4,0.9947836015798598
8603.41,0.9946445602554117
8603.42,0.9948175454204948
8603.43,0.9952394021520868
8603.44,0.9958270412570023
8603.45,0.9964214409430601
8603.46,0.9969458533060542
8603.470000000001,0.9973648301634944
8603.48,0.9976588038645797
8603.49,0.9978539446970941
8603.5,0.9979786221617357
8603.51,0.9980571847300693
8603.52,0.9981087918093515
8603.53,0.9981455581052655
8603.539999999999,0.9981700616710656
8603.550000000001,0.99818820086254
8603.56,0.998202365568056
8603.570000000002,0.9982136700013882
8603.58,0.9982228602679508
8603.59,0.9982304546911296
8603.6,0.9982368236956091
8603.61,0.9982422373246718
8603.62,0.9982468632743144
8603.630000000001,0.998250860540039
8603.64,0.9982543445988972
8603.65,0.9982574040258011
8603.66,0.9982601087603691
8603.67,0.9982625146946225
8603.68,0.9982646668904006
8603.69,0.9982666020623042
8603.7,0.9982683503330108
8603.71,0.9982699366490332
8603.720000000001,0.9982713817752448
8603.73,0.9982727031387268
8603.74,0.9982739154359584
8603.75,0.9982750311292182
8603.76,0.9982760608311979
8603.77,0.9982770136374063
8603.78,0.9982778973650992
8603.789999999999,0.9982787187478696
8603.800000000001,0.9982794836238545
8603.81,0.9982801970595293
8603.82,0.9982808634555376
8603.83,0.9982814866528981
8603.84,0.9982820699851226
8603.85,0.9982826163984231
8603.86,0.9982831284296675
8603.87,0.9982836083182652
8603.880000000001,0.998284057991914
8603.89,0.9982844791436818
8603.900000000001,0.9982848732367426
8603.91,0.9982852414943556
8603.92,0.9982855850069657
8603.93,0.9982859046419846
8603.94,0.9982862011202832
8603.95,0.998286475054337
8603.96,0.9982867268576222
8603.97,0.9982869568479371
8603.98,0.9982871651933775
8603.99,0.9982873519370333
8604.0,0.998287516996358
8604.01,0.9982876601705111
8604.02,0.9982877811162902
8604.03,0.9982878793671417
8604.039999999999,0.9982879543107624
8604.050000000001,0.9982880051979378
8604.06,0.9982880310788788
8604.07,0.9982880309085194
8604.08,0.9982880034065408
8604.09,0.9982879470887066
8604.1,0.9982878602652159
8604.11,0.9982877409954154
8604.119999999999,0.9982875870555756
8604.130000000001,0.9982873959426586
8604.14,0.9982871647496272
8604.150000000001,0.998286890203385
8604.16,0.9982865685767819
8604.17,0.9982861955965953
8604.18,0.9982857664105103
8604.19,0.9982852754538833
8604.2,0.998284716350453
8604.210000000001,0.9982840817668632
8604.22,0.9982833632517317
8604.230000000001,0.9982825510668483
8604.24,0.9982816338716624
8604.25,0.9982805984849118
8604.26,0.9982794294957844
8604.27,0.9982781087928285
8604.28,0.9982766150212343
8604.289999999999,0.9982749228347243
8604.300000000001,0.9982730020418147
8604.31,0.9982708164012097
8604.32,0.9982683221682442
8604.33,0.9982654661669699
8604.34,0.9982621833487804
8604.35,0.998258393310578
8604.36,0.9982539957342216
8604.369999999999,0.9982488659607562
8604.380000000001,0.9982428443945967
8604.39,0.9982357262558094
8604.4,0.9982272456941298
8604.41,0.9982170528199906
8604.42,0.9982046800935593
8604.43,0.9981894334976517
8604.44,0.9981701341953614
8604.45,0.9981461816718331
8604.460000000001,0.9981171725757179
8604.47,0.9980803716938115
8604.480000000001,0.9980263683866871
8604.49,0.9979613387361366
8604.5,0.9978853902054459
8604.51,0.9978179183635393
8604.52,0.9977433139048035
8604.53,0.9976729379476682
8604.54,0.9976427161096543
8604.55,0.9976374387356376
8604.560000000001,0.9976596992246602
8604.57,0.9977207136137373
8604.58,0.9977981371324811
8604.59,0.9978660674153166
8604.6,0.9979435820170777
8604.61,0.9980102754705853
8604.619999999999,0.9980681796991936
8604.630000000001,0.9981112238683842
8604.64,0.9981418426148896
8604.65,0.9981672963245904
8604.66,0.998188353735347
8604.67,0.9982050715074037
8604.68,0.9982185901782494
8604.69,0.9982297595364488
8604.699999999999,0.9982390913823176
8604.710000000001,0.9982469667942068
8604.72,0.9982536741091746
8604.730000000001,0.9982594345507909
8604.74,0.9982644200039308
8604.75,0.9982687647356014
8604.76,0.998272575587476
8604.77,0.9982759385760388
8604.78,0.998278923041107
8604.79,0.9982815855079977
8604.8,0.9982839724144001
8604.810000000001,0.9982861221702723
8604.82,0.9982889331823416
8604.83,0.9982906872424882
8604.84,0.9982922857464267
8604.85,0.9982937478158667
8604.86,0.9982950897295635
8604.87,0.998296325410933
8604.880000000001,0.9982974668534154
8604.89,0.9982985243716066
8604.9,0.9982995069195841
8604.91,0.9983004222975266
8604.92,0.9983012772989587
8604.93,0.9983020778931757
8604.94,0.9983028293240171
8604.949999999999,0.9983035361968311
8604.960000000001,0.9983042026204632
8604.97,0.9983048321978151
8604.98,0.998305428167835
8604.99,0.9983059934147539
8605.0,0.9983065304946267
8605.01,0.9983070416971905
8605.02,0.9983075291196291
8605.03,0.9983079946306995
8605.04,0.9983084398834341
8605.05,0.9983088664306292
8605.060000000001,0.9983092756225712
8605.07,0.9983096687188546
8605.08,0.998310046855656
8605.09,0.9983104110618866
8605.1,0.9983107622899592
8605.11,0.9983111014023243
8605.12,0.9983114291747892
8605.13,0.998311746355534
8605.140000000001,0.9983120535788191
8605.15,0.9983123514819707
8605.160000000002,0.9983126406144883
8605.17,0.9983129214880079
8605.18,0.998313194591674
8605.19,0.998313460365005
8605.199999999999,0.9983137192105387
8605.210000000001,0.9983139715309194
8605.22,0.9983142176506007
8605.23,0.9983144579107452
8605.24,0.998314692600686
8605.25,0.9983149220171056
8605.26,0.9983151464077489
8605.27,0.998315366043896
8605.279999999999,0.9983155811313773
8605.29,0.9983157918846354
8605.3,0.9983159985091145
8605.310000000001,0.998316201198089
8605.32,0.9983164001168932
8605.33,0.9983230366731787
8605.34,0.9983232264399623
8605.35,0.9983234128914811
8605.36,0.9983235961800115
8605.37,0.9983237764405182
8605.38,0.9983239537734045
8605.390000000001,0.9983241283059665
8605.4,0.9983243001287574
8605.41,0.9983244693646841
8605.42,0.9983246360934034
8605.43,0.9983248004103026
8605.44,0.9983249624078807
8605.45,0.9983251221412157
8605.460000000001,0.9983252797198736
8605.470000000001,0.9983254352003533
8605.48,0.9983255886375584
8605.490000000002,0.9983257401196712
8605.5,0.9983258896872551
8605.51,0.9983260374076294
8605.52,0.998326183344375
8605.529999999999,0.9983263275368472
8605.54,0.9983264700537503
8605.55,0.9983266109077448
8605.56,0.9983267501835501
8605.57,0.9983268879031088
8605.58,0.9983270240966555
8605.59,0.9983271588206589
8605.6,0.9983272921215925
8605.61,0.9983274240105677
8605.62,0.9983275545350568
8605.63,0.9983276837315727
8605.640000000001,0.9983278116150294
8605.65,0.9983279382286748
8605.66,0.9983280635944339
8605.67,0.998328187750067
8605.68,0.9983283106901976
8605.69,0.9983284324811534
8605.7,0.9983285531237366
8605.71,0.9983286726463948
8605.720000000001,0.9983287910599391
8605.73,0.9983289083991563
8605.740000000002,0.9983290246789421
8605.75,0.9983291399108404
8605.76,0.9983292541233959
8605.77,0.998329367337535
8605.78,0.998329479567266
8605.79,0.9983295908086548
8605.800000000001,0.9983297011059062
8605.81,0.9983298104599012
8605.82,0.9983299188774682
8605.83,0.9983300264035525
8605.84,0.9983301330038522
8605.85,0.9983302387328161
8605.859999999999,0.9983303435829244
8605.87,0.9983304475789149
8605.88,0.9983305506954268
8605.890000000001,0.9983306530048399
8605.9,0.9983307544695813
8605.91,0.9983308551157138
8605.92,0.9983309549456263
8605.93,0.9983310539860403
8605.94,0.9983311522237097
8605.95,0.9983312496761831
8605.96,0.9983313463598953
8605.970000000001,0.998331442280681
8605.98,0.9983315374323284
8605.99,0.9983316318377065
8606.0,0.9983317254940663
8606.01,0.9983318184123049
8606.02,0.9983319106185916
8606.03,0.998332002086323
8606.04,0.998332092845786
8606.050000000001,0.9983321828854924
8606.06,0.9983322722233601
8606.070000000002,0.9983323608602609
8606.08,0.9983324488112454
8606.09,0.9983325360600221
8606.1,0.9983326226381245
8606.11,0.9983327085322355
8606.12,0.998332793747021
8606.13,0.9983328783036184
8606.14,0.9983329621871623
8606.15,0.9983330454018087
8606.16,0.998333127970189
8606.17,0.9983332098941397
8606.18,0.9983332911611953
8606.19,0.9983333717853171
8606.2,0.9983334517559665
8606.21,0.9983335311073175
8606.220000000001,0.9983336098113149
8606.23,0.9983336878945738
8606.24,0.9983337653452393
8606.25,0.9983338421678428
8606.26,0.9983339183722919
8606.27,0.9983339939497194
8606.28,0.9983340689224722
8606.289999999999,0.9983341432816202
8606.300000000001,0.9983342170277916
8606.31,0.998334290162975
8606.320000000002,0.9983343626932991
8606.33,0.9983344346165453
8606.34,0.9983345059404247
8606.35,0.9983345766634125
8606.36,0.9983346467856681
8606.37,0.998334716317491
8606.380000000001,0.9983347852518807
8606.39,0.9983348536017244
8606.400000000001,0.9983349213534565
8606.41,0.998334988525934
8606.42,0.9983350551103939
8606.43,0.9983351210992105
8606.439999999999,0.9983351865042775
8606.45,0.998335251332073
8606.46,0.9983353155793642
8606.470000000001,0.9983353792489554
8606.48,0.9983354423343052
8606.49,0.9983355048503317
8606.5,0.9983355667823932
8606.51,0.9983356281409148
8606.52,0.9983356889261227
8606.53,0.9983357491370121
8606.539999999999,0.9983358087880119
8606.550000000001,0.9983358678540295
8606.56,0.998336386808549
8606.57,0.9983364402131442
8606.58,0.9983364931094982
8606.59,0.998336545500882
8606.6,0.9983365973860532
8606.61,0.9983366487658034
8606.62,0.9983366996527959
8606.630000000001,0.9983367500378696
8606.64,0.9983367999048778
8606.650000000001,0.9983368492650351
8606.66,0.9983368981222783
8606.67,0.9983369464913454
8606.68,0.998336994324657
8606.69,0.9983370416673617
8606.7,0.9983370884938121
8606.710000000001,0.9983371348066635
8606.72,0.9983371806139963
8606.730000000001,0.9983372259121533
8606.74,0.9983372706958815
8606.75,0.9983373149670225
8606.76,0.9983373587194695
8606.77,0.9983374019605665
8606.78,0.9983374446935673
8606.789999999999,0.9983374869127536
8606.800000000001,0.9983375286118811
8606.81,0.998337569789924
8606.82,0.998337610460082
8606.83,0.998337650592361
8606.84,0.9983376902157207
8606.85,0.9983377293277931
8606.86,0.9983377679106021
8606.869999999999,0.9983378059601461
8606.880000000001,0.9983378435061799
8606.89,0.9983378805108092
8606.900000000001,0.9983379170101623
8606.91,0.99833795296473
8606.92,0.998337988399812
8606.93,0.998338023321221
8606.94,0.9983380576963728
8606.95,0.998338091545327
8606.960000000001,0.9983381248730316
8606.97,0.9983381576603999
8606.980000000001,0.9983381899172472
8606.99,0.998338221643429
8607.0,0.9983382528354829
8607.01,0.998338283475285
8607.02,0.9983383135827725
8607.03,0.9983383431629018
8607.039999999999,0.9983383721881514
8607.050000000001,0.9983384006781385
8607.06,0.998338428632278
8607.07,0.9983384560452488
8607.08,0.9983384829121487
8607.09,0.9983385092420944
8607.1,0.9983385350211234
8607.11,0.9983385602503102
8607.119999999999,0.9983385849339267
8607.130000000001,0.9983386090827724
8607.14,0.9983386326677055
8607.15,0.9983386557082994
8607.16,0.9983386781874947
8607.17,0.998338700132375
8607.18,0.9983387215157811
8607.19,0.9983387423383029
8607.2,0.99833876260604
8607.210000000001,0.9983387823216796
8607.22,0.9983388014739676
8607.230000000001,0.9983388200682493
8607.24,0.9983388380932213
8607.25,0.9983388555612744
8607.26,0.9983388724643253
8607.27,0.9983388887956394
8607.28,0.998338904570111
8607.29,0.9983389197711269
8607.3,0.9983389344065714
8607.310000000001,0.9983389484655463
8607.32,0.9983389619495981
8607.33,0.9983380127646768
8607.34,0.9983380159287804
8607.35,0.9983380184004177
8607.36,0.9983380201495842
8607.369999999999,0.9983380211946553
8607.380000000001,0.9983380215064129
8607.39,0.9983380211025554
8607.4,0.9983380199642954
8607.41,0.9983380181004432
8607.42,0.9983377489203908
8607.43,0.9983377399397169
8607.44,0.9983377300175966
8607.449999999999,0.998337719165032
8607.460000000001,0.9983377073472536
8607.47,0.9983376945697081
8607.48,0.9983376808061939
8607.49,0.9983376660494664
8607.5,0.9983376502861477
8607.51,0.9983376334941144
8607.52,0.9983376156378739
8607.53,0.9983375967388246
8607.54,0.9983368871731358
8607.55,0.9983368544187186
8607.560000000001,0.9983368202436348
8607.57,0.9983367846192056
8607.58,0.9983367475203324
8607.59,0.9983367088903717
8607.6,0.9983366687087867
8607.61,0.9983366269301235
8607.62,0.9983365835141776
8607.630000000001,0.9983365384219115
8607.640000000001,0.9983364916171438
8607.65,0.9983364430358664
8607.66,0.9983363926448592
8607.67,0.9983363403697914
8607.68,0.9983362861663071
8607.69,0.998336229978133
8607.699999999999,0.9983361717436718
8607.710000000001,0.9983361113892335
8607.72,0.9983360488600813
8607.73,0.9983359840494289
8607.74,0.9983359169258353
8607.75,0.9983358473520195
8607.76,0.9983357752757959
8607.77,0.9983357005808541
8607.78,0.9983356231808269
8607.79,0.9983355429555094
8607.8,0.9983354597810896
8607.810000000001,0.9983353735401796
8607.82,0.9983352840898119
8607.83,0.9983351912785675
8607.84,0.9983350949645531
8607.85,0.9983349949691597
8607.86,0.9983348911118132
8607.87,0.9983347831712567
8607.88,0.9983346709482516
8607.890000000001,0.9983345542140796
8607.9,0.9983344326766787
8607.91,0.9983343060849064
8607.92,0.9983341741236188
8607.93,0.9983340364521488
8607.94,0.9983338927053139
8607.95,0.9983337424526159
8607.960000000001,0.9983335852672762
8607.97,0.9983334206216091
8607.98,0.9983332479837845
8607.99,0.9983330667454059
8608.0,0.9983328761800474
8608.01,0.9983326755170379
8608.02,0.9983324639100748
8608.029999999999,0.9983322403684861
8608.04,0.9983320037730762
8608.05,0.998331752870444
8608.06,0.9983314862200935
8608.07,0.9983312021992289
8608.08,0.9983324720422152
8608.09,0.9983321427131814
8608.1,0.9983317894119474
8608.11,0.9983314091993218
8608.12,0.9983309986190456
8608.13,0.998330553624276
8608.140000000001,0.9983300693646204
8608.15,0.9983295401298374
8608.16,0.9983289590734967
8608.17,0.9983283178727734
8608.18,0.9983276064897791
8608.19,0.9983268126012721
8608.2,0.9983259210513228
8608.210000000001,0.9983249130577281
8608.220000000001,0.9983237651389623
8608.23,0.9983224475545145
8608.240000000002,0.9983209101852842
8608.25,0.998319113064468
8608.26,0.9983170661156529
8608.27,0.9983148407802851
8608.279999999999,0.998312051347628
8608.29,0.9983084383362321
8608.3,0.9983043220236377
8608.31,0.9982999557365732
8608.32,0.9982949953203025
8608.33,0.9982909473565454
8608.34,0.9982865694252249
8608.35,0.9982817972805621
8608.36,0.9982781979200692
8608.37,0.9982764772005017
8608.38,0.9982756605164186
8608.390000000001,0.9982761740705444
8608.4,0.9982782210137556
8608.41,0.9982817561478401
8608.42,0.9982850888734934
8608.43,0.9982878893676201
8608.44,0.9982913523269317
8608.45,0.9982945797959397
8608.46,0.9982973723252138
8608.470000000001,0.9982995919325018
8608.48,0.9983008956307271
8608.49,0.9983014614716234
8608.5,0.9983016722267346
8608.51,0.9983014302992335
8608.52,0.9983006836912719
8608.53,0.9982994249186469
8608.54,0.998297640953424
8608.550000000001,0.9982952781524671
8608.56,0.9982922586525905
8608.570000000002,0.9982884579045012
8608.58,0.9982836966480638
8608.59,0.9982777189350526
8608.6,0.9982701562366705
8608.609999999999,0.9982604676658099
8608.62,0.9982477055132383
8608.63,0.9982296413895497
8608.64,0.9982050863048173
8608.65,0.998172005160448
8608.66,0.9981218405732304
8608.67,0.9980469462360246
8608.68,0.997943870413102
8608.69,0.9978076111862645
8608.7,0.9976592404627476
8608.71,0.9974962468881406
8608.720000000001,0.9973435938755504
8608.73,0.9972569118538221
8608.74,0.9972354204409257
8608.75,0.997287806895088
8608.76,0.9974107149632734
8608.77,0.9975746443975401
8608.78,0.9977294939381152
8608.789999999999,0.9978767394243839
8608.800000000001,0.9979941349560848
8608.81,0.9980826746035671
8608.820000000002,0.9981446635304233
8608.83,0.9981852150751966
8608.84,0.9982130110040264
8608.85,0.9982337569829354
8608.86,0.9982486569758248
8608.87,0.9982593436811117
8608.880000000001,0.9982675449222579
8608.89,0.9982739340104387
8608.9,0.9982789665093672
8608.91,0.9982829600949004
8608.92,0.9982861417342533
8608.93,0.9982886767653202
8608.94,0.9982906844310948
8608.95,0.998292253782609
8608.96,0.9982934553453202
8608.970000000001,0.9982943417512962
8608.98,0.998294953329758
8608.99,0.9982953209674454
8609.0,0.9982954681219673
8609.01,0.9982954123209847
8609.02,0.9982951662022964
8609.03,0.9982947382764836
8609.039999999999,0.9982941335001149
8609.050000000001,0.9982933536116737
8609.06,0.9982923974054552
8609.07,0.9982912607865793
8609.08,0.9982899368087274
8609.09,0.9982884155853167
8609.1,0.9982866840305294
8609.11,0.9982847256510329
8609.12,0.9982825200006678
8609.130000000001,0.9982800421948685
8609.14,0.9982772621066904
8609.150000000001,0.9982741434330652
8609.16,0.9982706424270675
8609.17,0.9982667062999624
8609.18,0.9982622711550628
8609.19,0.9982572593279085
8609.2,0.9982515758091434
8609.21,0.998245103637995
8609.22,0.9982376976631696
8609.23,0.9982291760992741
8609.24,0.9982193090009425
8609.25,0.9982077965971732
8609.26,0.9981942627665831
8609.27,0.9981782141192193
8609.28,0.9981589752377444
8609.289999999999,0.9981356281446209
8609.300000000001,0.9981068994819003
8609.31,0.9980709797411307
8609.32,0.9980252207716612
8609.33,0.9979631525844761
8609.34,0.9978777352220797
8609.35,0.9977631650271948
8609.36,0.9976012447210486
8609.369999999999,0.997357821860638
8609.380000000001,0.9970045716986099
8609.39,0.9965340545285725
8609.400000000001,0.9959306852873572
8609.41,0.9952976719185119
8609.42,0.9946111309240339
8609.43,0.9940433141853495
8609.44,0.9937755219999944
8609.45,0.9937850728323212
8609.460000000001,0.9940690334261637
8609.47,0.9946510043252392
8609.480000000001,0.9953368853925803
8609.49,0.9959660335045193
8609.5,0.9965623455725918
8609.51,0.9970275068346234
8609.519999999999,0.9973737099129606
8609.53,0.9976112486428532
8609.539999999999,0.997769154018826
8609.550000000001,0.9978810666447597
8609.56,0.9979648309712589
8609.57,0.9980255953379257
8609.58,0.9980704493012752
8609.59,0.9981056592280221
8609.6,0.9981338114119083
8609.61,0.9981566766939126
8609.619999999999,0.9981755034246204
8609.630000000001,0.9981911928585588
8609.64,0.9982044091283618
8609.65,0.9982156363393081
8609.66,0.9982252472988973
8609.67,0.9982335375110359
8609.68,0.9982407345411608
8609.69,0.9982470186772755
8609.7,0.9982525343273787
8609.710000000001,0.998257398201415
8609.72,0.9982617055602284
8609.730000000001,0.9982655347173564
8609.74,0.9982689506028927
8609.75,0.9982720073680263
8609.76,0.9982747505298547
8609.77,0.998277218520991
8609.78,0.9982794440087354
8609.79,0.9982814549082406
8609.8,0.9982832751771761
8609.810000000001,0.9982849254608731
8609.82,0.9982864236517051
8609.83,0.998287785318355
8609.84,0.9982890240496698
8609.85,0.9982901517277066
8609.86,0.9982911788349618
8609.869999999999,0.998292114572527
8609.880000000001,0.9982929671420174
8609.89,0.9982937437710381
8609.9,0.9982944509070418
8609.91,0.9982950943056147
8609.92,0.9982956791135985
8609.93,0.9982962099463902
8609.94,0.9982973744064162
8609.949999999999,0.9982977980809196
8609.960000000001,0.9982981793202453
8609.97,0.998298521143358
8609.980000000001,0.998298826320198
8609.99,0.9982990973489884
8610.0,0.9982993364954821
8610.01,0.9982995458340292
8610.02,0.9982997272499908
8610.03,0.9982998824763315
8610.04,0.9983000130929564
8610.05,0.9983001205422771
8610.060000000001,0.9983002061577405
8610.07,0.998300271155869
8610.08,0.9983003166384538
8610.09,0.998300343675093
8610.1,0.9983003532034992
8610.11,0.9983003460908646
8610.12,0.9983003231666892
8610.130000000001,0.9983002851713301
8610.14,0.9983002328074677
8610.15,0.9983001667161693
8610.16,0.9983000874983569
8610.17,0.9982999957081963
8610.18,0.9982998918553251
8610.19,0.9982997764210866
8610.199999999999,0.9982996498595118
8610.210000000001,0.9982995125697324
8610.22,0.9982993649510868
8610.23,0.9982992073484663
8610.24,0.9982990401137756
8610.25,0.9982988635495036
8610.26,0.9982986779464351
8610.27,0.9982984835888066
8610.28,0.9982982806988598
8610.29,0.9982980695527423
8610.3,0.9982978503445834
8610.310000000001,0.9982976232888927
8610.32,0.9982973885785398
8610.33,0.9982971463889924
8610.34,0.9982968968985143
8610.35,0.9982966402460309
8610.36,0.998296376591937
8610.37,0.9982961060742992
8610.38,0.9982958288128386
8610.390000000001,0.9982955449240029
8610.4,0.9982952545172887
8610.410000000002,0.9982949577027216
8610.42,0.9982946545672324
8610.43,0.9982943451948856
8610.44,0.9982940296941265
8610.449999999999,0.9982937080970593
8610.460000000001,0.9982933805080908
8610.47,0.9982930469698099
8610.48,0.9982927075635103
8610.49,0.9982923623284632
8610.5,0.9982920113086613
8610.51,0.9982916545587397
8610.52,0.9982912921189132
8610.529999999999,0.9982909240180486
8610.54,0.9982905502898255
8610.55,0.9982901709711938
8610.560000000001,0.9982897860797626
8610.57,0.9982893956412685
8610.58,0.9982889996748994
8610.59,0.9982885981835349
8610.6,0.9982881912059994
8610.61,0.9982877787290299
8610.62,0.9982873607629886
8610.63,0.9982869373126328
8610.640000000001,0.9982865083826953
8610.65,0.9982860739812514
8610.66,0.9982856340858218
8610.67,0.9982851887043082
8610.68,0.998284737808072
8610.69,0.9982842814187283
8610.7,0.9982838194956359
8610.710000000001,0.9982833520529473
8610.720000000001,0.9982828790467081
8610.73,0.9982824004728137
8610.740000000002,0.9982819162923806
8610.75,0.9982814265229693
8610.76,0.9982809311084033
8610.77,0.9982804300249334
8610.779999999999,0.9982799232393696
8610.79,0.9982794107559159
8610.8,0.9982788925073536
8610.81,0.9982783684696843
8610.82,0.9982778386118725
8610.83,0.9982773029045284
8610.84,0.9982767613022928
8610.85,0.998276213763904
8610.86,0.9982756602553575
8610.87,0.9982751007182104
8610.88,0.9982745351389831
8610.890000000001,0.9982739634475376
8610.9,0.9982733855886069
8610.91,0.9982728015277081
8610.92,0.9982722112305874
8610.93,0.9982716146133769
8610.94,0.9982710116421755
8610.95,0.9982704022513871
8610.96,0.9982697863910629
8610.970000000001,0.9982691640027863
8610.98,0.9982685350312505
8610.990000000002,0.9982678993996769
8611.0,0.9982672570575721
8611.01,0.9982666079347057
8611.02,0.9982659519700858
8611.03,0.998265289083975
8611.04,0.9982646192295064
8611.050000000001,0.9982639423162966
8611.06,0.9982632582899462
8611.07,0.9982625670592898
8611.08,0.9982618685537245
8611.09,0.9982611626978212
8611.1,0.9982604494231795
8611.109999999999,0.9982597286167672
8611.12,0.9982590002396907
8611.13,0.9982582641832052
8611.140000000001,0.9982575203552281
8611.15,0.998256768677885
8611.16,0.9982560090718706
8611.17,0.9982552414151291
8611.18,0.9982544656540265
8611.19,0.9982536816667534
8611.2,0.9982528893695153
8611.21,0.9982520886421552
8611.220000000001,0.998251279416805
8611.23,0.998250461570059
8611.24,0.9982496349963135
8611.25,0.9982487995806331
8611.26,0.9982479552478649
8611.27,0.9982471018505534
8611.28,0.9982462392900174
8611.29,0.9982453674579584
8611.300000000001,0.9982444862231827
8611.31,0.9982435954836041
8611.320000000002,0.9982426950945682
8611.33,0.9982417849483401
8611.34,0.9982408649113094
8611.35,0.998239934856251
8611.36,0.9982389946415966
8611.37,0.9982380441446663
8611.38,0.9982370832366795
8611.39,0.9982361117489587
8611.4,0.998235129570042
8611.41,0.998234136531863
8611.42,0.9982331324938687
8611.43,0.9982321173103784
8611.44,0.9982310908277029
8611.45,0.9982300528754106
8611.46,0.9982290033120294
8611.470000000001,0.998227941958103
8611.48,0.9982268686610112
8611.49,0.9982257832460045
8611.5,0.9982246855427458
8611.51,0.9982235753725024
8611.52,0.9982224525570218
8611.53,0.9982213169121428
8611.539999999999,0.9982201682530145
8611.550000000001,0.9982190063975925
8611.56,0.9982178311306724
8611.570000000002,0.9982175927534704
8611.58,0.9982163811885307
8611.59,0.9982151557497784
8611.6,0.9982139162219651
8611.61,0.9982126623746528
8611.62,0.9982113940116337
8611.630000000001,0.9982101108902433
8611.64,0.9982088127824441
8611.650000000001,0.9982074994519115
8611.66,0.9982061706779114
8611.67,0.9982048262042655
8611.68,0.9982034657814188
8611.689999999999,0.9982020891508943
8611.7,0.9982006960728501
8611.71,0.9981992862577237
8611.720000000001,0.9981978594696506
8611.73,0.9981964154045064
8611.74,0.9981949537910594
8611.75,0.9981934743543431
8611.76,0.9981919767878054
8611.77,0.9981904608090821
8611.78,0.9981889260959227
8611.789999999999,0.9981873723604424
8611.800000000001,0.9981857992473221
8611.81,0.9981842064664632
8611.82,0.9981825936768062
8611.83,0.9981809605402462
8611.84,0.9981793067113193
8611.85,0.9981776318400213
8611.86,0.9981759355722669
8611.87,0.9981742175183401
8611.880000000001,0.9981724773248617
8611.89,0.9981707145867668
8611.900000000001,0.998168928939405
8611.91,0.9981671199528585
8611.92,0.9981652872404991
8611.93,0.9981634303594793
8611.94,0.9981615488893413
8611.95,0.9981596423968998
8611.960000000001,0.9981577104389576
8611.97,0.998154122890931
8611.980000000001,0.9981521056412556
8611.99,0.9981500604923157
8612.0,0.9981479869185528
8612.01,0.9981458843754372
8612.02,0.9981437522965448
8612.03,0.9981415901072805
8612.039999999999,0.9981393972265956
8612.050000000001,0.9981371730318316
8612.06,0.9981349169061329
8612.07,0.9981326282339932
8612.08,0.9981303063258353
8612.09,0.9981279505285395
8612.1,0.9981255601474673
8612.11,0.9981231344666087
8612.119999999999,0.9981206727529061
8612.130000000001,0.9981181742662616
8612.14,0.9981156382167335
8612.15,0.9981130638270975
8612.16,0.9981104502506116
8612.17,0.9981077966720819
8612.18,0.9981051022039972
8612.19,0.9981023659595635
8612.2,0.9980995870067673
8612.210000000001,0.998096764401451
8612.22,0.9980938971715213
8612.230000000001,0.9980909842767123
8612.24,0.9980880246840685
8612.25,0.9980850173165202
8612.26,0.9980819610499909
8612.27,0.9980788547165734
8612.28,0.9980756971449133
8612.29,0.99807248708047
8612.300000000001,0.9980692232345048
8612.31,0.9980659042895049
8612.32,0.998062528855895
8612.33,0.9980590954979645
8612.34,0.9980556027370918
8612.35,0.9980520490119968
8612.36,0.9980484327076957
8612.369999999999,0.9980447521453572
8612.380000000001,0.9980410055892222
8612.39,0.9980371911835998
8612.4,0.9980333070373961
8612.41,0.9980293511131866
8612.42,0.9980253213460972
8612.43,0.99802121551375
8612.44,0.9980170313147037
8612.45,0.9980127662868431
8612.460000000001,0.998008417872957
8612.47,0.998003983342492
8612.480000000001,0.9979994598272877
8612.49,0.997994844284271
8612.5,0.9979890956027934
8612.51,0.9979842826934902
8612.52,0.9979793673310083
8612.53,0.997974345549386
8612.54,0.9979692130624777
8612.55,0.9979639652946665
8612.560000000001,0.9979585972711209
8612.57,0.997953103588953
8612.58,0.9979474783755946
8612.59,0.9979417151558785
8612.6,0.9979358068766861
8612.61,0.9979297457117582
8612.619999999999,0.997923522969658
8612.630000000001,0.9979171289800394
8612.64,0.9979105528474626
8612.65,0.9979037823389338
8612.66,0.9978968034986282
8612.67,0.9978896004227762
8612.68,0.9978821547673713
8612.69,0.9978744452660103
8612.699999999999,0.9978664470848057
8612.710000000001,0.9978581309127339
8612.72,0.9978494619078504
8612.73,0.9978403982344655
8612.74,0.9978308891370254
8612.75,0.9978208723760505
8612.76,0.9978102707583508
8612.77,0.9977989872580451
8612.78,0.9977868924463011
8612.79,0.9977738340459029
8612.8,0.9977596054557639
8612.810000000001,0.9977439195959008
8612.82,0.9977263842785448
8612.83,0.9977064507204911
8612.84,0.9976833286018866
8612.85,0.997655836630054
8612.86,0.9976204479305054
8612.87,0.9975744853033149
8612.880000000001,0.9975142578221118
8612.890000000001,0.9974279443684341
8612.9,0.9972990451397483
8612.910000000002,0.9971127570636472
8612.92,0.996857278150596
8612.93,0.9965211947055713
8612.94,0.9961496596631302
8612.949999999999,0.9957509507278506
8612.960000000001,0.9954194387073525
8612.97,0.9952481475302724
8612.98,0.9952477175504368
8612.99,0.9954146636958912
8613.0,0.9957370779879027
8613.01,0.9961119424985682
8613.02,0.9964542136896415
8613.03,0.9967574552829551
8613.04,0.9969810859319705
8613.05,0.9971350778453644
8613.060000000001,0.9972326770610532
8613.07,0.9972901126028775
8613.08,0.9973237274451314
8613.09,0.9973430940792807
8613.1,0.9973516424016524
8613.11,0.9973527378776968
8613.12,0.9973493506872914
8613.13,0.9973416064521007
8613.140000000001,0.9973321726413216
8613.15,0.9973205832426257
8613.16,0.9973071885758332
8613.17,0.9972922377300942
8613.18,0.9972758990921589
8613.19,0.9972582933171406
8613.2,0.9972395144056712
8613.210000000001,0.9972196247541109
8613.22,0.9971986663830134
8613.23,0.9971766653980929
8613.24,0.9971536353074991
8613.25,0.9971295793750862
8613.26,0.9971044923484669
8613.27,0.997078361698271
8613.279999999999,0.9970511685990032
8613.29,0.9970228885651254
8613.3,0.9969934919456094
8613.31,0.996962944284447
8613.32,0.9969312064741674
8613.33,0.9968982349586968
8613.34,0.9968639816809731
8613.35,0.996828394153693
8613.36,0.9967914153158494
8613.37,0.9967529834151787
8613.38,0.9967130318248617
8613.390000000001,0.9966714887862266
8613.4,0.9966282772103374
8613.41,0.9965833142650008
8613.42,0.9965365110705822
8613.43,0.9964877722640283
8613.44,0.9964369955490493
8613.45,0.9963840711410361
8613.46,0.9963288812181671
8613.470000000001,0.9962712992666646
8613.48,0.9962111893691445
8613.490000000002,0.9961484054347282
8613.5,0.9960827902516409
8613.51,0.9960141745841842
8613.52,0.9959423760576669
8613.529999999999,0.995867197961694
8613.54,0.9957884279040848
8613.55,0.9957058363069672
8613.56,0.9956191747998474
8613.57,0.9955281742944816
8613.58,0.9954325429644032
8613.59,0.9953319638874792
8613.6,0.9952260924418415
8613.61,0.9951145534440184
8613.62,0.9949969377171705
8613.63,0.9948727984977455
8613.640000000001,0.9947416471455074
8613.65,0.9946029484155979
8613.66,0.9944561150522431
8613.67,0.9943005015860156
8613.68,0.9941353973713415
8613.69,0.9939600184858135
8613.7,0.9937734985678112
8613.71,0.993574878221182
8613.720000000001,0.9933630927862531
8613.73,0.9931369582479954
8613.74,0.9928951548891269
8613.75,0.9926362082205292
8613.76,0.9923584594291406
8613.77,0.9920600661699281
8613.78,0.9917389353534348
8613.79,0.9913927093195907
8613.800000000001,0.9910187180633376
8613.81,0.9906138771903544
8613.820000000002,0.9901747145927703
8613.83,0.9896974213158928
8613.84,0.989177370846039
8613.85,0.9886326776486888
8613.859999999999,0.9880104537454886
8613.87,0.9873271439988095
8613.88,0.9865745346662095
8613.89,0.9857429888646316
8613.9,0.9848211424828403
8613.91,0.9837955178537899
8613.92,0.9826500340308592
8613.93,0.9813653794926698
8613.94,0.9799181999098012
8613.95,0.9782800361716347
8613.96,0.9764159205447744
8613.970000000001,0.9742767287090325
8613.98,0.9718046967188294
8613.99,0.9689560899662522
8614.0,0.9656296787653693
8614.01,0.9616983975394547
8614.02,0.9569925994867512
8614.03,0.9512823810463218
8614.039999999999,0.9442590773004962
8614.050000000001,0.9347768243877648
8614.06,0.9217663718173045
8614.070000000002,0.9036466094532446
8614.08,0.8770625577417016
8614.09,0.8378229490190785
8614.1,0.7837376537093204
8614.11,0.7172593599847622
8614.12,0.6465068837546872
8614.130000000001,0.5820907810128916
8614.14,0.5303922368445461
8614.15,0.4941248223041971
8614.16,0.4735582480433364
8614.17,0.46784479028388776
8614.18,0.47677748903261724
8614.189999999999,0.500741070736515
8614.2,0.5404883405942823
8614.21,0.595322284684481
8614.220000000001,0.6620108278412318
8614.23,0.7326060256195084
8614.24,0.796886204900432
8614.25,0.8477151812652117
8614.26,0.8838625413655969
8614.27,0.908282416312849
8614.28,0.9249370671861972
8614.289999999999,0.9372752369637162
8614.300000000001,0.9459459304249985
8614.31,0.9526384314850028
8614.32,0.9581032921423621
8614.33,0.9626210873936647
8614.34,0.9664060315505787
8614.35,0.9696173519322532
8614.36,0.9723766005963861
8614.37,0.9747740564006732
8614.380000000001,0.9768448973957402
8614.39,0.9786555933417234
8614.400000000001,0.9802486787704361
8614.41,0.9816575473838975
8614.42,0.9829094284252292
8614.43,0.984026705550774
8614.44,0.9850279171180509
8614.45,0.9859285234967321
8614.46,0.9867414976266509
8614.47,0.9874777954134405
8614.48,0.9881467161744902
8614.49,0.9887561953189189
8614.5,0.9892895309488343
8614.51,0.9897994705469024
8614.52,0.9902677099654397
8614.53,0.9906987340007677
8614.539999999999,0.9910962443083401
8614.550000000001,0.991463610263553
8614.56,0.9918038304967945
8614.57,0.992119502252306
8614.58,0.9924129205161717
8614.59,0.9926861237733969
8614.6,0.9929409081807781
8614.61,0.9931788911464133
8614.619999999999,0.9934015114108944
8614.630000000001,0.9936100574419298
8614.64,0.9938056857610602
8614.650000000001,0.9939894368818398
8614.66,0.9941622488939394
8614.67,0.9943249693409266
8614.68,0.9944779621369034
8614.69,0.9946227261903114
8614.7,0.9947594941047322
8614.710000000001,0.9948888414374528
8614.72,0.9950112930158567
8614.730000000001,0.9951273281531632
8614.74,0.9952373853532066
8614.75,0.9953418663360153
8614.76,0.9954411397196937
8614.769999999999,0.9955355442130283
8614.78,0.9956253914670575
8614.789999999999,0.9957109686310924
8614.800000000001,0.9957925406437936
8614.81,0.9958703522172614
8614.82,0.9959446297069615
8614.83,0.9960155826698155
8614.84,0.9960834054276414
8614.85,0.996148278265179
8614.86,0.9962103687394335
8614.869999999999,0.996269832638867
8614.880000000001,0.9963268150088317
8614.89,0.9963814510748892
8614.9,0.9964338669204906
8614.91,0.9964841802942256
8614.92,0.9965325012410895
8614.93,0.9965789326989515
8614.94,0.9966235710085118
8614.95,0.9966665064915905
8614.960000000001,0.9967078238143922
8614.97,0.9967476024483104
8614.980000000001,0.9967859170283249
8614.99,0.996822837731384
8615.0,0.9968584305335623
8615.01,0.9968927575821735
8615.02,0.9969258773919053
8615.03,0.9969578451231119
8615.04,0.9969887128310168
8615.05,0.9970185296225679
8615.060000000001,0.9970473418919844
8615.07,0.9970751934985745
8615.08,0.9971021258872151
8615.09,0.9971281783156329
8615.1,0.9971533879132526
8615.11,0.9971777898740921
8615.119999999999,0.9972014175484595
8615.130000000001,0.9972243025618218
8615.14,0.9972464749426436
8615.15,0.9972679631688263
8615.16,0.9972887942844451
8615.17,0.9973089940226216
8615.18,0.9973285868165126
8615.19,0.9973475959165818
8615.199999999999,0.9973660434343863
8615.210000000001,0.9973839504394482
8615.22,0.9974013369787551
8615.230000000001,0.9974182221424125
8615.24,0.9974346241533597
8615.25,0.9974505603640175
8615.26,0.99746604731473
8615.27,0.9974811008153087
8615.28,0.9974957359248823
8615.29,0.9975099670384651
8615.3,0.9975238078795693
8615.310000000001,0.9975372715850255
8615.32,0.9975503706670481
8615.33,0.9975631171185467
8615.34,0.9975755223931763
8615.35,0.9975875974134474
8615.36,0.9975993526488414
8615.37,0.9976107980878609
8615.380000000001,0.9976219432977548
8615.39,0.997632797429554
8615.4,0.9976433691961673
8615.41,0.997653666974672
8615.42,0.9976636987548916
8615.43,0.9976734721545799
8615.44,0.9976829944687222
8615.449999999999,0.9976922726669777
8615.460000000001,0.9977013134058873
8615.47,0.9977101230399849
8615.48,0.9977187076149381
8615.49,0.9977270729035617
8615.5,0.9977352243954787
8615.51,0.9977431673176572
8615.52,0.9977509066314597
8615.53,0.9977584470704514
8615.54,0.9977657930591455
8615.55,0.9977729488332576
8615.560000000001,0.99777991835695
8615.57,0.9977867053596543
8615.58,0.9977933133543466
8615.59,0.9977997455841465
8615.6,0.9978060050722423
8615.61,0.9978120946043096
8615.62,0.9978180167398532
8615.63,0.9978237737850868
8615.640000000001,0.9978293677863911
8615.65,0.997834800558072
8615.660000000002,0.9978400736550495
8615.67,0.9978451883516648
8615.68,0.997850145646999
8615.69,0.9978549462742778
8615.699999999999,0.9978595906337288
8615.710000000001,0.9978640788181845
8615.72,0.9978684105650905
8615.73,0.9978725852827296
8615.74,0.997876601954614
8615.75,0.9978804591642674
8615.76,0.9978841550439969
8615.77,0.9978876872243291
8615.779999999999,0.9978910528128108
8615.79,0.997894248301267
8615.8,0.9978972695643957
8615.810000000001,0.9979001117413148
8615.82,0.9979027691554038
8615.83,0.9979052352893539
8615.84,0.9979075025915555
8615.85,0.9979095623966546
8615.86,0.9979114047722547
8615.87,0.9979130183454126
8615.88,0.9979143901357967
8615.890000000001,0.9979155052921826
8615.9,0.997916346799509
8615.91,0.9979168952084102
8615.92,0.9979171282164886
8615.93,0.9979170202298767
8615.94,0.99791654177538
8615.95,0.9979156588746634
8615.960000000001,0.9979143322296207
8615.970000000001,0.9979125162471412
8615.98,0.9979101578463329
8615.990000000002,0.9979071949764922
8616.0,0.9979035548140645
8616.01,0.9978991514604179
8616.02,0.9978938831204656
8616.029999999999,0.9978876284672749
8616.04,0.997880241988673
8616.05,0.9978715480865186
8616.06,0.997861333245967
8616.07,0.9978493358727976
8616.08,0.9978352327146353
8616.09,0.9978186205319728
8616.1,0.9977989911448901
8616.11,0.9977756860755166
8616.12,0.9977478747434869
8616.13,0.9977144862012916
8616.140000000001,0.9976740518038993
8616.15,0.9976245861204294
8616.16,0.997563351656763
8616.17,0.9974864861693871
8616.18,0.9973883859124675
8616.19,0.9972566667168333
8616.2,0.99707425308337
8616.21,0.996829916212358
8616.220000000001,0.9965005072331838
8616.23,0.9959911687823093
8616.240000000002,0.9952611424325275
8616.25,0.9942852448595525
8616.26,0.9930402854912259
8616.27,0.9917360803497645
8616.28,0.9903142826236273
8616.29,0.9890899129660323
8616.300000000001,0.9884819652284709
8616.31,0.9884368460146551
8616.32,0.9889692747232793
8616.33,0.9901269490455156
8616.34,0.9915541307677069
8616.35,0.9928783664300947
8616.359999999999,0.9941589866292723
8616.37,0.995162445827521
8616.38,0.9959291412024035
8616.390000000001,0.9964697029827174
8616.4,0.996827906910708
8616.41,0.9970819371589258
8616.42,0.9972754370048957
8616.43,0.9974175721574299
8616.44,0.9975229733236176
8616.45,0.9976061739818513
8616.46,0.9976730948708776
8616.470000000001,0.9977277988733148
8616.48,0.9977731558661977
8616.49,0.9978112414137886
8616.5,0.9978435872549957
8616.51,0.9978713176456346
8616.52,0.9978952852210836
8616.53,0.9979161765334766
8616.54,0.9979345182321249
8616.550000000001,0.9979507278721111
8616.56,0.9979651399801167
8616.570000000002,0.9979780251812024
8616.58,0.9979896043587313
8616.59,0.99800005923625
8616.6,0.9980095404731854
8616.61,0.9980181738423651
8616.62,0.9980260650522176
8616.63,0.9980333033714262
8616.64,0.9980399647544338
8616.65,0.9980461140727451
8616.66,0.9980518070210354
8616.67,0.9980570916757915
8616.68,0.99806200963974
8616.69,0.9980665971367764
8616.7,0.9980708857941905
8616.71,0.9980749033113179
8616.720000000001,0.9980786740616632
8616.73,0.9980822195382761
8616.74,0.9980855587731399
8616.75,0.9980887086134494
8616.76,0.9980916840981537
8616.77,0.9980944986129054
8616.78,0.9980971641365064
8616.789999999999,0.9980996913897288
8616.800000000001,0.9981020900047413
8616.81,0.9981043686626414
8616.820000000002,0.9981065351593414
8616.83,0.9981085965418646
8616.84,0.9981105591824185
8616.85,0.9981124288562544
8616.86,0.9981142107592615
8616.87,0.9981159096325596
8616.880000000001,0.9981175297738812
8616.89,0.9981190750753313
8616.900000000001,0.9981205490694105
8616.91,0.9981219549660156
8616.92,0.9981232956596279
8616.93,0.9981245737780937
8616.939999999999,0.9981257917114307
8616.95,0.9981269515964647
8616.96,0.9981280553510208
8616.970000000001,0.998129104687594
8616.98,0.9981301011705981
8616.99,0.9981310461168119
8617.0,0.9981319407180751
8617.01,0.9981327859883622
8617.02,0.9981335827966498
8617.03,0.9981343318438872
8617.039999999999,0.998135033696134
8617.050000000001,0.9981356887674351
8617.06,0.9981362973321266
8617.07,0.9981368595064505
8617.08,0.9981373752899374
8617.09,0.998137844500723
8617.1,0.9981382668071517
8617.11,0.9981386417625276
8617.12,0.9981389686910556
8617.130000000001,0.9981392467958302
8617.14,0.9981394750705406
8617.150000000001,0.9981396523179398
8617.16,0.9981397771305428
8617.17,0.9981398478960165
8617.18,0.9981398627037427
8617.19,0.9981398194312908
8617.2,0.9981397156054284
8617.210000000001,0.9981395484720134
8617.22,0.9981393148830742
8617.230000000001,0.9981390113003036
8617.24,0.9981386337321688
8617.25,0.998138177665058
8617.26,0.9981376380274046
8617.27,0.9981370090928217
8617.28,0.9981362843748913
8617.289999999999,0.9981354565776805
8617.300000000001,0.9981345174134346
8617.31,0.9981334574956651
8617.32,0.9981322661685778
8617.33,0.998130931241491
8617.34,0.998129438840255
8617.35,0.9981277730620008
8617.36,0.9981259156238775
8617.369999999999,0.9981238454495063
8617.380000000001,0.9981215381558459
8617.39,0.9981189654255779
8617.4,0.9981160942255856
8617.41,0.9981128858550153
8617.42,0.9981092947907136
8617.43,0.9981052671232622
8617.44,0.9980951774943672
8617.45,0.998090055141555
8617.460000000001,0.9980842631165858
8617.47,0.9980776896372444
8617.480000000001,0.9980701982762766
8617.49,0.9980616203246924
8617.5,0.9980517490181766
8617.51,0.9980403234072208
8617.52,0.9980270135363888
8617.53,0.9980113975655257
8617.54,0.9979929296437934
8617.550000000001,0.9979708934075808
8617.56,0.997944286871421
8617.57,0.9979114088222789
8617.58,0.9978707223096223
8617.59,0.9978237502151973
8617.6,0.997762154380582
8617.61,0.9976791962391768
8617.619999999999,0.9975751058279576
8617.630000000001,0.9974539495893953
8617.64,0.9973458457283184
8617.65,0.9972312674538956
8617.66,0.997115022764772
8617.67,0.9970596375378961
8617.68,0.9970409447927473
8617.69,0.9970724456082913
8617.7,0.9971566285573289
8617.710000000001,0.9972776673546667
8617.72,0.997383742252012
8617.730000000001,0.9975024632581211
8617.74,0.9976065281829708
8617.75,0.9977026178064934
8617.76,0.9977750432142053
8617.77,0.9978264970430869
8617.78,0.9978697495202008
8617.79,0.9979056958176343
8617.8,0.9979344600451694
8617.810000000001,0.9979576487171047
8617.82,0.9979767191385348
8617.83,0.9979925134866806
8617.84,0.9979992171694343
8617.85,0.9980102117167473
8617.86,0.9980194280002183
8617.869999999999,0.9980271612796411
8617.880000000001,0.9980336444595722
8617.89,0.998039063233019
8617.9,0.9980435677906137
8617.91,0.9980472793051365
8617.92,0.998050296374045
8617.93,0.9980526995312894
8617.94,0.9980545547609039
8617.949999999999,0.9980559162043365
8617.960000000001,0.9980568282496302
8617.97,0.9980573272337148
8617.98,0.9980574427098066
8617.99,0.9980571985284826
8618.0,0.9980566136036041
8618.01,0.9980557026380693
8618.02,0.998054476580734
8618.03,0.9980529430970606
8618.04,0.9980511068040754
8618.05,0.9980489695945353
8618.060000000001,0.9980465307590058
8618.07,0.9980437871339948
8618.08,0.9980407331773014
8618.09,0.9980373609593421
8618.1,0.9980336602217015
8618.11,0.9980296182379854
8618.12,0.9980252197938768
8618.13,0.9980204470109302
8618.140000000001,0.9980152791834247
8618.15,0.9980096925544694
8618.160000000002,0.9980036600531217
8618.17,0.9979971509556252
8618.18,0.9979901304804276
8618.19,0.9979825593793206
8618.199999999999,0.9979743933021227
8618.210000000001,0.9979655822382468
8618.22,0.9979560696752737
8618.23,0.9979457917620226
8618.24,0.9979346761722718
8618.25,0.9979226409047781
8618.26,0.9979095927013981
8618.27,0.9978954253298647
8618.28,0.9978800173213062
8618.29,0.9978632294306661
8618.3,0.9978449014783647
8618.310000000001,0.9978248485027381
8618.32,0.9978028560431791
8618.33,0.9977786744176315
8618.34,0.9977520115491455
8618.35,0.997722524053807
8618.36,0.9976898060308402
8618.37,0.9976533749463369
8618.38,0.9976126535030831
8618.390000000001,0.9975669463995169
8618.4,0.9975154099817981
8618.41,0.9974570125296237
8618.42,0.9973904812672035
8618.43,0.9973142310926765
8618.44,0.9972262677178079
8618.45,0.99712400764182
8618.460000000001,0.9970041638587588
8618.470000000001,0.9968626293942058
8618.48,0.9966936482268778
8618.49,0.9964894459999506
8618.5,0.9962393094337744
8618.51,0.9959280857866959
8618.52,0.9955339207302657
8618.529999999999,0.9950099239741093
8618.54,0.9942788055017086
8618.55,0.9933017311176605
8618.56,0.9919327358196571
8618.57,0.9898970448830187
8618.58,0.9869640903110282
8618.59,0.9829558634708411
8618.6,0.9777729445929999
8618.61,0.9721969294783779
8618.62,0.9662224277126279
8618.63,0.9609202788625488
8618.640000000001,0.957945932380734
8618.65,0.9573387670502433
8618.66,0.9593065529647962
8618.67,0.9637431208002946
8618.68,0.969656477390615
8618.69,0.975436137949413
8618.7,0.9809347680580355
8618.71,0.9854023596274155
8618.720000000001,0.9887996534506029
8618.73,0.9911928497184109
8618.740000000002,0.9928074262278478
8618.75,0.9939181592608549
8618.76,0.994742236747992
8618.77,0.9953515133937562
8618.78,0.9957878251686546
8618.79,0.9961291627214756
8618.8,0.9964014645506396
8618.81,0.9966223179844457
8618.82,0.9968040412625458
8618.83,0.9969554860574185
8618.84,0.9970831510346815
8618.85,0.9971918068551284
8618.859999999999,0.9972849262600433
8618.87,0.9973654242379028
8618.88,0.997435493846589
8618.890000000001,0.997496869404305
8618.9,0.9975509373408444
8618.91,0.9975988170657554
8618.92,0.9976414205490718
8618.93,0.997679497053792
8618.94,0.9977136667618707
8618.95,0.9977444467833729
8618.96,0.997772271019817
8618.970000000001,0.9977975058568297
8618.98,0.9978204623773892
8618.99,0.9978414061385932
8619.0,0.9978595228684486
8619.01,0.9978770787665843
8619.02,0.9978932157527584
8619.03,0.9979080816002167
8619.04,0.9979218051879799
8619.050000000001,0.9979344994496542
8619.06,0.9979462636065465
8619.070000000002,0.9979571851678332
8619.08,0.9979673415553192
8619.09,0.997976801422304
8619.1,0.9979856258732658
8619.109999999999,0.9979938694305043
8619.12,0.9980015808329641
8619.13,0.9980088038147727
8619.14,0.9980155776518029
8619.15,0.9980219377337112
8619.16,0.998027916013893
8619.17,0.9980335414015252
8619.18,0.9980388400794327
8619.19,0.9980438358357459
8619.2,0.9980485503082593
8619.21,0.9980530032379188
8619.220000000001,0.9980572126248006
8619.23,0.9980611949281708
8619.24,0.9980649652310613
8619.25,0.9980685373703705
8619.26,0.9980719240489614
8619.27,0.998075136948482
8619.28,0.9980781868517898
8619.289999999999,0.9980810836665492
8619.300000000001,0.9980838365887583
8619.31,0.9980864540831501
8619.320000000002,0.9980889439878403
8619.33,0.9980913136024565
8619.34,0.9980935696641983
8619.35,0.9980957184384197
8619.36,0.9980977657547252
8619.37,0.9980997170458595
8619.380000000001,0.9981015773617072
8619.39,0.9981033513994326
8619.400000000001,0.9981050435647649
8619.41,0.998106657958726
8619.42,0.998108198422947
8619.43,0.9981096685566522
8619.439999999999,0.9981110716970987
8619.45,0.998112411010826
8619.46,0.9981136894396184
8619.470000000001,0.9981149097581102
8619.48,0.9981160745608348
8619.49,0.9981181626301684
8619.5,0.998119217483016
8619.51,0.9981202237660716
8619.52,0.9981211834935838
8619.53,0.9981220985834872
8619.539999999999,0.9981229708234728
8619.550000000001,0.9981245866539779
8619.56,0.9981253617412232
8619.57,0.9981260992568275
8619.58,0.9981268005855486
8619.59,0.9981274670099132
8619.6,0.9981280997895928
8619.61,0.998128700072134
8619.62,0.9981292689318874
8619.630000000001,0.998129807399592
8619.64,0.9981303164297564
8619.650000000001,0.9981307969191735
8619.66,0.9981312497264387
8619.67,0.9981316756135431
8619.68,0.9981320753403606
8619.69,0.9981324495819832
8619.7,0.99813279897486
8619.71,0.9981331241182392
8619.72,0.9981334255480651
8619.73,0.9981337037740692
8619.74,0.9981339592598361
8619.75,0.9981341924068055
8619.76,0.9981344035871069
8619.77,0.9981345931515156
8619.78,0.9981347613792887
8619.789999999999,0.9981349085182875
8619.800000000001,0.9981350347603832
8619.81,0.9981351402903111
8619.82,0.9981352252086885
8619.83,0.9981352896243973
8619.84,0.9981353335230113
8619.85,0.998135356912365
8619.86,0.9981353597102759
8619.869999999999,0.9981353418280137
8619.880000000001,0.998135303043381
8619.89,0.9981352431674338
8619.900000000001,0.9981351618826114
8619.91,0.9981350588431932
8619.92,0.9981349336123571
8619.93,0.9981347856849934
8619.94,0.9981346144732081
8619.95,0.998134419312604
8619.960000000001,0.9981341994193459
8619.97,0.9981339539070202
8619.980000000001,0.9981336817822944
8619.99,0.998133381897176
8620.0,0.998133052990528
8620.01,0.9981326936383343
8620.019999999999,0.9981323021808928
8620.03,0.998131876833351
8620.039999999999,0.9981314155368043
8620.050000000001,0.9981309159749245
8620.06,0.9981303755676
8620.07,0.9981297913721743
8620.08,0.9981291600946327
8620.09,0.9981284779908491
8620.1,0.9981277408304886
8620.11,0.9981269438164921
8620.119999999999,0.9981260814672215
8620.130000000001,0.9981251475465478
8620.14,0.9981241349173892
8620.15,0.9981230353946132
8620.16,0.9981218395250535
8620.17,0.9981205364188056
8620.18,0.9981191134027244
8620.19,0.9981175557222804
8620.2,0.9981158461078872
8620.210000000001,0.9981139642123865
8620.22,0.9981118859574325
8620.230000000001,0.9981095827432975
8620.24,0.998107020240092
8620.25,0.9981041571131445
8620.26,0.9981009431307322
8620.27,0.9980973167766916
8620.28,0.9980926828587767
8620.29,0.9980879764702868
8620.3,0.9980825674057021
8620.310000000001,0.9980763018889803
8620.32,0.9980689794347992
8620.33,0.9980603551236459
8620.34,0.9980500820781806
8620.35,0.998037690480494
8620.36,0.9980225315787711
8620.369999999999,0.998003688111924
8620.380000000001,0.9979798256480067
8620.39,0.9979483670008432
8620.4,0.997903978684873
8620.41,0.9978449877251043
8620.42,0.997762304718247
8620.43,0.9976385768366737
8620.44,0.9974549570740737
8620.449999999999,0.9972014587855155
8620.460000000001,0.9968652598612888
8620.47,0.9964948411499995
8620.480000000001,0.9960878033026455
8620.49,0.9957033705475784
8620.5,0.9954739871111249
8620.51,0.9954046908099926
8620.52,0.9955292858354016
8620.53,0.9958216619733399
8620.54,0.9962278048115636
8620.55,0.9966215979985229
8620.560000000001,0.9969873980144753
8620.57,0.9972927265341256
8620.58,0.997520690883628
8620.59,0.9976817139070824
8620.6,0.9977883776494811
8620.61,0.997861465171824
8620.62,0.9979146077527429
8620.630000000001,0.997953727568377
8620.64,0.9979813980637865
8620.65,0.9980028209936112
8620.66,0.9980197389706243
8620.67,0.9980333224860961
8620.68,0.998044384500903
8620.69,0.9980539266088938
8620.699999999999,0.9980615257383865
8620.710000000001,0.9980679180046576
8620.72,0.9980733234619718
8620.73,0.9980779313445746
8620.74,0.9980818808959148
8620.75,0.9980852823447931
8620.76,0.9980882234875664
8620.77,0.9980907749539932
8620.78,0.9980929940837907
8620.79,0.9980949278571033
8620.8,0.9980960392035345
8620.810000000001,0.9980974920499893
8620.82,0.9980987564095742
8620.83,0.9980998548904444
8620.84,0.998100806614709
8620.85,0.9981016278140623
8620.86,0.998102332325929
8620.87,0.9981029320292052
8620.88,0.998103437099917
8620.890000000001,0.9981038563113546
8620.9,0.9981041972510226
8620.910000000002,0.9981044664299997
8620.92,0.9981046695168841
8620.93,0.9981048114130596
8620.94,0.9981048963012029
8620.949999999999,0.9981049278154887
8620.960000000001,0.9981049090293808
8620.97,0.9981048425487882
8620.98,0.9981047305420191
8620.99,0.9981045747973164
8621.0,0.9981043767050823
8621.01,0.9981041373022668
8621.02,0.998103857300917
8621.029999999999,0.9981035370372752
8621.04,0.9981031765164707
8621.05,0.9981027754056411
8621.060000000001,0.998102332972929
8621.07,0.9981018481124457
8621.08,0.9981013192511934
8621.09,0.9981007443612293
8621.1,0.998100120826284
8621.11,0.9980994454167703
8621.12,0.9980987141831811
8621.13,0.9980979222655775
8621.140000000001,0.9980970637337064
8621.15,0.9980961314350262
8621.16,0.9980951166266412
8621.17,0.9980940086046322
8621.18,0.9980927942123918
8621.19,0.9980914571463623
8621.2,0.9980899767535756
8621.210000000001,0.9980883277039929
8621.220000000001,0.9980864772487315
8621.23,0.9980843824678921
8621.240000000002,0.9980819867807346
8621.25,0.9980792141042228
8621.26,0.9980759598096755
8621.27,0.9980720758447611
8621.279999999999,0.998067228303593
8621.29,0.9980610932913038
8621.3,0.9980533403399848
8621.31,0.9980431914347158
8621.32,0.9980290538841085
8621.33,0.998009660514917
8621.34,0.9979849968655763
8621.35,0.9979539628999767
8621.36,0.9979213015312598
8621.37,0.9978848767237894
8621.38,0.9978516365100136
8621.390000000001,0.9978280149712705
8621.4,0.9978119583710477
8621.41,0.9978014494747867
8621.42,0.9977931969584527
8621.43,0.9977776089375535
8621.44,0.997748593186225
8621.45,0.9977149941272311
8621.46,0.9976748716284292
8621.470000000001,0.9976261960170218
8621.48,0.9975946714806344
8621.490000000002,0.9975827190868632
8621.5,0.9976016977983813
8621.51,0.997639948492036
8621.52,0.9977034222567346
8621.53,0.9977656036149156
8621.54,0.9978235757417546
8621.550000000001,0.9978808888587216
8621.56,0.9979265902084502
8621.57,0.9979610215638106
8621.58,0.9979852472038095
8621.59,0.9980020572096994
8621.6,0.9980156122191507
8621.609999999999,0.9980258744821175
8621.62,0.9980335095822074
8621.63,0.9980394507049665
8621.640000000001,0.9980441399508009
8621.65,0.9980478726097137
8621.66,0.9980508614765945
8621.67,0.998053263107351
8621.68,0.9980551946681177
8621.69,0.9980567452355529
8621.7,0.9980579818533496
8621.71,0.998058958705229
8621.720000000001,0.9980597179737212
8621.73,0.998060293383968
8621.74,0.9980607121109981
8621.75,0.9980609962597354
8621.76,0.9980611639465267
8621.77,0.9980612301342386
8621.78,0.9980612072803365
8621.79,0.998061105792743
8621.800000000001,0.998060934431919
8621.81,0.9980607006294916
8621.820000000002,0.9980604106824906
8621.83,0.9980600699991418
8621.84,0.9980596831711676
8621.85,0.9980592542012201
8621.86,0.9980587865237778
8621.87,0.998058283101797
8621.88,0.9980577465453361
8621.89,0.9980571791041022
8621.9,0.9980565827404106
8621.91,0.9980559591703151
8621.92,0.9980553099024697
8621.93,0.9980546362625194
8621.94,0.9980539394156054
8621.95,0.9980532203553134
8621.96,0.998052479980757
8621.970000000001,0.9980517190657426
8621.98,0.9980509382949951
8621.99,0.9980507105998333
8622.0,0.9980498730099236
8622.01,0.9980490180408165
8622.02,0.9980491870685664
8622.03,0.9980482845779675
8622.039999999999,0.9980473657892305
8622.050000000001,0.9980464308661526
8622.06,0.9980454799587541
8622.07,0.9980445131623846
8622.08,0.9980435305425346
8622.09,0.998042532143193
8622.1,0.9980415179665549
8622.11,0.9980404879969584
8622.12,0.9980394422006831
8622.130000000001,0.998038380512079
8622.14,0.9980359204289714
8622.150000000001,0.9980347278382048
8622.16,0.9980335079823962
8622.17,0.9980322589909617
8622.18,0.9980309786279672
8622.189999999999,0.9980296642241925
8622.2,0.9980283124920443
8622.21,0.9980269194418451
8622.220000000001,0.9980254801470632
8622.23,0.9980239884515649
8622.24,0.9980224366247255
8622.25,0.9980208143100194
8622.26,0.9980191092502553
8622.27,0.998017304303612
8622.28,0.9980153764245095
8622.289999999999,0.9980132940315583
8622.300000000001,0.9980110129727755
8622.31,0.9980084696540681
8622.32,0.9980055611647015
8622.33,0.9980020179169411
8622.34,0.9979977423999159
8622.35,0.9979923964637033
8622.36,0.9979852242496313
8622.37,0.9979751486063863
8622.380000000001,0.9979617799351925
8622.39,0.9979444863202689
8622.400000000001,0.9979254217103669
8622.41,0.9979046817422103
8622.42,0.9978844541042277
8622.43,0.997871407964289
8622.44,0.9978659141185741
8622.45,0.9978700492650353
8622.460000000001,0.9978820700639576
8622.47,0.9978996334939816
8622.480000000001,0.9979164613910907
8622.49,0.9979320835683748
8622.5,0.9979447776806394
8622.51,0.9979538193799568
8622.52,0.9979597083324925
8622.53,0.9979628625526539
8622.539999999999,0.997964369317338
8622.550000000001,0.9979649918069463
8622.56,0.9979648567778596
8622.57,0.9979641562540378
8622.58,0.9979631096587812
8622.59,0.9979618005659316
8622.6,0.9979602851188006
8622.61,0.9979586022067157
8622.619999999999,0.9979567793060388
8622.630000000001,0.9979548361786034
8622.64,0.9979527869112615
8622.65,0.9979506415816318
8622.66,0.9979484080857861
8622.67,0.9979460919964142
8622.68,0.9979436973787501
8622.69,0.9979412271026599
8622.7,0.9979386831217483
8622.710000000001,0.9979365776497753
8622.72,0.9979338809776669
8622.730000000001,0.9979311127835646
8622.74,0.9979296289021476
8622.75,0.9979266296093003
8622.76,0.9979235650760696
8622.77,0.9979204331460737
8622.78,0.9979172315528667
8622.79,0.9979139579606855
8622.8,0.997910609917445
8622.81,0.997907184839278
8622.82,0.9979036800929253
8622.83,0.9979000928729819
8622.84,0.9978964202557543
8622.85,0.9978926592172175
8622.86,0.9978888065661623
8622.869999999999,0.9978848589668122
8622.880000000001,0.997880812952091
8622.89,0.997876664875887
8622.9,0.9978724109076031
8622.91,0.9978680470742974
8622.92,0.997863569168327
8622.93,0.9978589728082227
8622.94,0.9978542533876776
8622.95,0.9978494060556302
8622.960000000001,0.9978444257661739
8622.97,0.9978393071659183
8622.980000000001,0.99783404465242
8622.99,0.9978286323386516
8623.0,0.9978230640343688
8623.01,0.9978173332161829
8623.02,0.9978114330014827
8623.03,0.9978053561685171
8623.04,0.9977990950790857
8623.05,0.9977926416849818
8623.060000000001,0.997785987478665
8623.07,0.9977791235096973
8623.08,0.9977720402681787
8623.09,0.9977647277589502
8623.1,0.9977571753629775
8623.11,0.9977493718614229
8623.119999999999,0.9977413053385101
8623.130000000001,0.9977329631987285
8623.14,0.9977243320520922
8623.15,0.9977153977014245
8623.16,0.9977061450516825
8623.17,0.9976965580599986
8623.18,0.9976866196509173
8623.19,0.9976763116583343
8623.199999999999,0.997665614703228
8623.210000000001,0.997654508138388
8623.22,0.9976429698844091
8623.23,0.9976309763873075
8623.24,0.9976185024731569
8623.25,0.9976055211338993
8623.26,0.9975920035125699
8623.27,0.9975779186013086
8623.28,0.9975632331604335
8623.29,0.9975479114453583
8623.3,0.9975319150064585
8623.310000000001,0.9975152024699231
8623.32,0.9974977291869537
8623.33,0.9974794470133173
8623.34,0.9974603039031841
8623.35,0.9974402435227577
8623.36,0.9974192049207907
8623.37,0.9973971219003825
8623.38,0.9973739226251828
8623.390000000001,0.9973495289246515
8623.4,0.9973238556557541
8623.410000000002,0.9972968099541507
8623.42,0.9972682903370924
8623.43,0.9972381857605654
8623.44,0.9972063744944417
8623.449999999999,0.9971727228658095
8623.460000000001,0.9971370838349617
8623.47,0.9970992953612342
8623.48,0.9970591784523101
8623.49,0.9970165351140471
8623.5,0.9969711457719748
8623.51,0.9969227663971779
8623.52,0.9968711251762947
8623.53,0.996815918640539
8623.54,0.9967568070522121
8623.55,0.9966934091300323
8623.560000000001,0.9966252957607816
8623.57,0.9965519825655363
8623.58,0.9964729211478791
8623.59,0.9963874886168261
8623.6,0.9962949750310277
8623.61,0.9961945683595038
8623.62,0.9960853362840418
8623.63,0.9959662040071665
8623.640000000001,0.9958359272519142
8623.65,0.9956930589307648
8623.66,0.9955359079691948
8623.67,0.9953624879237518
8623.68,0.9951704524061113
8623.69,0.9949570134332028
8623.7,0.9947188370026426
8623.710000000001,0.9944519086122071
8623.720000000001,0.9941513580189903
8623.73,0.993811228718714
8623.74,0.9934241707506953
8623.75,0.9929810262546976
8623.76,0.9924702622817909
8623.77,0.9918741839626669
8623.779999999999,0.9911750874921519
8623.79,0.9903547948303284
8623.8,0.9893765514158057
8623.81,0.9882134285904073
8623.82,0.9867495122842886
8623.83,0.9849093926838403
8623.84,0.9825428480677868
8623.85,0.9791823021412057
8623.86,0.9742913604767474
8623.87,0.9669489838984078
8623.88,0.9552463727274924
8623.890000000001,0.9362694176962129
8623.9,0.9069264327071451
8623.91,0.8656423084470387
8623.92,0.8145086372830335
8623.93,0.7607682891499397
8623.94,0.7117344807152165
8623.95,0.673828658907214
8623.96,0.6510231656237594
8623.970000000001,0.6443642397532886
8623.98,0.6542947743305616
8623.990000000002,0.6802856545546065
8624.0,0.7208391244280175
8624.01,0.7713582238452689
8624.02,0.8253147428779545
8624.03,0.8748198798912831
8624.04,0.9137379335861664
8624.05,0.9408035156577704
8624.06,0.9580610345415255
8624.07,0.9686974648696914
8624.08,0.9753912971906372
8624.09,0.9799580532399504
8624.1,0.9830575485544267
8624.109999999999,0.9853018783511139
8624.12,0.9870557018112384
8624.13,0.9884562937633383
8624.140000000001,0.9895718308887475
8624.15,0.9905139418916011
8624.16,0.9913062370008472
8624.17,0.9919833701584686
8624.18,0.9925589764657937
8624.19,0.9930540964811184
8624.2,0.9934841331559854
8624.21,0.99386008895836
8624.220000000001,0.9941907199076071
8624.23,0.9944830676110464
8624.24,0.9947428491505349
8624.25,0.994974746812608
8624.26,0.9951826261971937
8624.27,0.9953697021396011
8624.28,0.9955386665496818
8624.29,0.9956917876839175
8624.300000000001,0.9958309880418538
8624.31,0.9959572157402354
8624.320000000002,0.9960732360055111
8624.33,0.9961795844349153
8624.34,0.9962773051753717
8624.35,0.9963673047096872
8624.359999999999,0.9964503731790176
8624.37,0.9965272018652569
8624.38,0.9965983977090971
8624.39,0.9966644953945284
8624.4,0.9967259674895613
8624.41,0.9967832328639622
8624.42,0.996836663914296
8624.43,0.9968865926239496
8624.44,0.9969333156564408
8624.45,0.9969770988870665
8624.46,0.9970181810427581
8624.470000000001,0.9970567770759154
8624.48,0.9970930808881151
8624.49,0.997127267754742
8624.5,0.9971594964439353
8624.51,0.9971899110771753
8624.52,0.9972186426799091
8624.53,0.9972458105777249
8624.539999999999,0.9972715236497229
8624.550000000001,0.9972958814276396
8624.56,0.9973189749655013
8624.570000000002,0.9973408877268016
8624.58,0.9973616963702645
8624.59,0.9973814713047918
8624.6,0.9974002773799988
8624.61,0.9974181743324118
8624.62,0.9974352172547459
8624.630000000001,0.9974514570572932
8624.64,0.9974669408026123
8624.650000000001,0.9974817120498093
8624.66,0.9974958111124899
8624.67,0.9975092753925332
8624.68,0.997522139564995
8624.689999999999,0.997534435791836
8624.7,0.9975461939719674
8624.71,0.9975574418155475
8624.720000000001,0.9975682050929094
8624.73,0.997578507729067
8624.74,0.9975883718714914
8624.75,0.997597818099042
8624.76,0.99760686541321
8624.77,0.9976155314223988
8624.78,0.9976238322831865
8624.789999999999,0.9976317828229158
8624.800000000001,0.9976404259785077
8624.81,0.997647711941033
8624.82,0.997654684295116
8624.83,0.9976613526768752
8624.84,0.9976677253620416
8624.85,0.9976738092055982
8624.86,0.997679609548416
8624.87,0.9976851300420057
8624.880000000001,0.9976903724914918
8624.89,0.9976953365630039
8624.900000000001,0.9977000194691095
8624.91,0.9977044154745568
8624.92,0.9977085152918176
8624.93,0.9977123053466166
8624.94,0.9977157666407522
8624.95,0.9977188732443477
8624.960000000001,0.9977215903803224
8624.97,0.9977238716904194
8624.98,0.9977256554301625
8624.99,0.9977268591082139
8625.0,0.997727345898144
8625.01,0.9977269587292655
8625.02,0.997725642525767
8625.03,0.997723371934509
8625.039999999999,0.9977191007433976
8625.050000000001,0.9977126297894466
8625.06,0.9977047588957657
8625.07,0.9976964893330126
8625.08,0.9976891390409962
8625.09,0.9976804281411237
8625.1,0.9976751533939081
8625.11,0.9976744032688138
8625.119999999999,0.997679305145929
8625.130000000001,0.9976877940227628
8625.14,0.9977014003122674
8625.150000000001,0.9977144710207482
8625.16,0.997727205215222
8625.17,0.9977409954254429
8625.18,0.9977532429818954
8625.19,0.9977638633032143
8625.2,0.9977718297726026
8625.210000000001,0.9977788176966031
8625.22,0.9977849862559475
8625.230000000001,0.9977903340905646
8625.24,0.9977949863900496
8625.25,0.9977991072893525
8625.26,0.9978027958189184
8625.27,0.9978061266170499
8625.28,0.9978091577963206
8625.289999999999,0.9978119351149696
8625.300000000001,0.9978144950778187
8625.31,0.9978168670329495
8625.32,0.9978190747635425
8625.33,0.9978211379138354
8625.34,0.9978230727068781
8625.35,0.997824892709258
8625.36,0.9978266092966427
8625.369999999999,0.9978282321415323
8625.380000000001,0.9978297695003606
8625.39,0.9978312284745116
8625.4,0.9978326152123858
8625.41,0.9978339350476385
8625.42,0.9978351926711351
8625.43,0.9978363922336507
8625.44,0.9978375373781786
8625.45,0.9978386313657694
8625.460000000001,0.9978396771113875
8625.47,0.99784067724861
8625.480000000001,0.9978416341580296
8625.49,0.9978425499680972
8625.5,0.9978434266558288
8625.51,0.9978442659832726
8625.52,0.9978450696331569
8625.53,0.9978458391141806
8625.54,0.9978465757906438
8625.55,0.9978472810021058
8625.560000000001,0.9978479559422322
8625.57,0.9978486017090532
8625.580000000002,0.9978492194073643
8625.59,0.9978498099783895
8625.6,0.9978503743621426
8625.61,0.9978509134207136
8625.619999999999,0.9978514279934618
8625.630000000001,0.9978519188334009
8625.64,0.9978523866948755
8625.65,0.9978528322469244
8625.66,0.9978532561760594
8625.67,0.9978536591144295
8625.68,0.9978540416258247
8625.69,0.9978544043180623
8625.699999999999,0.9978547477075781
8625.710000000001,0.99785507234292
8625.72,0.9978553786948661
8625.730000000001,0.9978556672584031
8625.74,0.9978559384855255
8625.75,0.9978561928323213
8625.76,0.9978564306816253
8625.77,0.99785665247242
8625.78,0.9978568585899167
8625.79,0.9978570493926278
8625.8,0.9978572252717263
8625.810000000001,0.9978573865457508
8625.82,0.9978575335700156
8625.83,0.9978576666652786
8625.84,0.9978577861425553
8625.85,0.9978578923143839
8625.86,0.9978579854569474
8625.87,0.997858065869692
8625.880000000001,0.9978581338296131
8625.890000000001,0.9978581895890154
8625.9,0.9978582334135927
8625.91,0.9978479533012072
8625.92,0.9978479686240804
8625.93,0.9978486546756521
8625.94,0.9978486315688191
8625.949999999999,0.9978485982748257
8625.960000000001,0.9978485549741748
8625.97,0.9978485018430373
8625.98,0.9978484390759692
8625.99,0.9978483668290092
8626.0,0.9978482852832069
8626.01,0.997848194599578
8626.02,0.9978480949400103
8626.03,0.9978479864656189
8626.04,0.9978478693306043
8626.05,0.9978477436738608
8626.060000000001,0.9978476096531524
8626.07,0.9978474674159815
8626.08,0.9978473170864852
8626.09,0.997847158817194
8626.1,0.997846992729016
8626.11,0.9978468189589544
8626.12,0.9978466376347502
8626.13,0.99784644887774
8626.140000000001,0.9978462528006211
8626.15,0.9978460495337621
8626.160000000002,0.9978458391886443
8626.17,0.9978456218745688
8626.18,0.9978453977154931
8626.19,0.9978451668050429
8626.199999999999,0.9978449292593614
8626.210000000001,0.997844685160389
8626.22,0.9978444346303773
8626.23,0.9978441777677884
8626.24,0.9978439146605204
8626.25,0.9978436453960352
8626.26,0.9978433700787646
8626.27,0.9978430888053096
8626.279999999999,0.9978428016543577
8626.29,0.99784250869958
8626.3,0.997842210034129
8626.310000000001,0.9978419057571457
8626.32,0.997841595930655
8626.33,0.9978412806365227
8626.34,0.9978409599569197
8626.35,0.9978406339550331
8626.36,0.9978403027287651
8626.37,0.9978399663224774
8626.38,0.997839624821665
8626.390000000001,0.99783927830436
8626.4,0.9978389268317183
8626.41,0.9978385704518297
8626.42,0.9978382092614747
8626.43,0.997837843307646
8626.44,0.9978374726564153
8626.45,0.9978370973614191
8626.460000000001,0.9978367174895577
8626.470000000001,0.9978363330940049
8626.48,0.9978359442420861
8626.490000000002,0.9978355509819647
8626.5,0.9978351533767351
8626.51,0.9978347514826991
8626.52,0.9978343453333224
8626.529999999999,0.997833935002211
8626.54,0.9978335205204948
8626.55,0.9978331019629936
8626.56,0.997832679347973
8626.57,0.9978322527533194
8626.58,0.9978318222052327
8626.59,0.9978313877619799
8626.6,0.9978309494608727
8626.61,0.9978305073505157
8626.62,0.9978300614769123
8626.63,0.9978296118813691
8626.640000000001,0.9978291586013008
8626.65,0.9978287016840734
8626.66,0.9978282411627045
8626.67,0.997827777082012
8626.68,0.9978273094742576
8626.69,0.997826838398762
8626.7,0.9978263638625465
8626.71,0.9978258859142327
8626.720000000001,0.9978254046013734
8626.73,0.9978249199473593
8626.74,0.9978244319822003
8626.75,0.9978239407552116
8626.76,0.9978234462740998
8626.77,0.9978229486062384
8626.78,0.9978224477688656
8626.79,0.997821943771511
8626.800000000001,0.9978214366854913
8626.81,0.9978209265073473
8626.82,0.9978204132721487
8626.83,0.9978198970292246
8626.84,0.9978193777879822
8626.85,0.9978188555794472
8626.859999999999,0.9978183304358785
8626.87,0.9978178023801503
8626.88,0.9978172714490451
8626.890000000001,0.997816737655084
8626.9,0.9978162010377225
8626.91,0.9978156616136289
8626.92,0.997815119411222
8626.93,0.9978145744391294
8626.94,0.9978140267416841
8626.95,0.9978134763411733
8626.96,0.9978129232394074
8626.970000000001,0.9978123674843402
8626.98,0.9978118090876925
8626.99,0.9978112480764155
8627.0,0.997810684460809
8627.01,0.9978101182550109
8627.02,0.9978095495049988
8627.03,0.9978089782084401
8627.04,0.9978084044040595
8627.050000000001,0.9978078281070151
8627.06,0.9978072493269736
8627.070000000002,0.9978066680887943
8627.08,0.9978060844129624
8627.09,0.9978054983203049
8627.1,0.9978049098099074
8627.11,0.9978043189281415
8627.12,0.9978037256746928
8627.13,0.9978031300640693
8627.14,0.9978025321263881
8627.15,0.997801931867044
8627.16,0.9978013293158527
8627.17,0.9978007244652589
8627.18,0.9978001173548118
8627.19,0.9977995079830229
8627.2,0.9977988963746005
8627.21,0.9977982825321651
8627.220000000001,0.9977976664928545
8627.23,0.9977970482528199
8627.24,0.9977964278231605
8627.25,0.9977958052437698
8627.26,0.9977951805014078
8627.27,0.9977945536171663
8627.28,0.9977939245993238
8627.289999999999,0.9977932934666353
8627.300000000001,0.9977926602380812
8627.31,0.9977920249219093
8627.32,0.9977913875328807
8627.33,0.9977907480681522
8627.34,0.9977901065472352
8627.35,0.9977894629945951
8627.36,0.9977946352756509
8627.37,0.9977939788130021
8627.380000000001,0.9977933203510566
8627.39,0.9977926599204077
8627.400000000001,0.9977919975224079
8627.41,0.9977913331664159
8627.42,0.9977906668655779
8627.43,0.997789998635803
8627.439999999999,0.9977893284729433
8627.45,0.9977886563916044
8627.46,0.9977879824014311
8627.470000000001,0.997787306518003
8627.48,0.9977866287430546
8627.49,0.9977859490913322
8627.5,0.9977852675760149
8627.51,0.9977845841866175
8627.52,0.9977838989526875
8627.53,0.9977832118787787
8627.539999999999,0.9977825229577424
8627.550000000001,0.9977818322164204
8627.56,0.9977811396566889
8627.57,0.9977804452677868
8627.58,0.997779749100279
8627.59,0.9977790511231229
8627.6,0.9977783513500191
8627.61,0.9977776498005142
8627.62,0.9977769464877508
8627.630000000001,0.997776241393888
8627.64,0.997775534546035
8627.650000000001,0.9977748259419338
8627.66,0.997774115580993
8627.67,0.9977734034976673
8627.68,0.9977726896716265
8627.69,0.9977719741057314
8627.7,0.9977712568367747
8627.710000000001,0.9977705378479897
8627.72,0.9977698171508564
8627.730000000001,0.9977690947452111
8627.74,0.9977683706442321
8627.75,0.9977676448590515
8627.76,0.9977669173706851
8627.77,0.9977661882099257
8627.78,0.9977654573708135
8627.789999999999,0.9977647248679584
8627.800000000001,0.9977639906964724
8627.81,0.9977632548565901
8627.82,0.9977625173692787
8627.83,0.9977617782375328
8627.84,0.9977610374431499
8627.85,0.9977602950222435
8627.86,0.9977595509676607
8627.869999999999,0.9977588052683385
8627.880000000001,0.9977580579505927
8627.89,0.9977573089956777
8627.9,0.997756558436956
8627.91,0.9977558062550715
8627.92,0.9977550524655397
8627.93,0.9977542970633605
8627.94,0.9977535400713414
8627.95,0.9977527814705666
8627.960000000001,0.9977520212769875
8627.97,0.9977512594904462
8627.980000000001,0.9977504961112066
8627.99,0.9977497311596669
8628.0,0.9977489646087113
8628.01,0.9977481964927999
8628.02,0.9977474268033641
8628.03,0.9977466555388762
8628.04,0.9977458827078988
8628.05,0.9977451083059123
8628.06,0.9977443323429082
8628.07,0.997743554826964
8628.08,0.9977427757436769
8628.09,0.9977419951096416
8628.1,0.9977412129245017
8628.11,0.9977404291892701
8628.119999999999,0.9977396439143054
8628.130000000001,0.9977388570875231
8628.14,0.9977380687197916
8628.15,0.9977372788189706
8628.16,0.9977364873819832
8628.17,0.9977356944046959
8628.18,0.9977348998938446
8628.19,0.9977341038646658
8628.2,0.9977333063032603
8628.210000000001,0.9977325072133002
8628.22,0.9977317065856748
8628.230000000001,0.997730904442203
8628.24,0.9977301007950555
8628.25,0.997729295618488
8628.26,0.9977284889170269
8628.27,0.9977276807090874
8628.28,0.9977268709921413
8628.29,0.997726059759513
8628.3,0.9977252470056471
8628.310000000001,0.9977244327566923
8628.32,0.9977236169869225
8628.33,0.9977227997084541
8628.34,0.9977219809389253
8628.35,0.997721160659297
8628.36,0.9977203388734253
8628.369999999999,0.9977195155849605
8628.380000000001,0.9977186908016126
8628.39,0.9977178645124835
8628.4,0.9977170367206296
8628.41,0.997716207438939
8628.42,0.9977153766507246
8628.43,0.997714544373807
8628.44,0.9977137105957892
8628.449999999999,0.997712875335206
8628.460000000001,0.9977120385658008
8628.47,0.997711200305229
8628.48,0.9977103605597875
8628.49,0.9977095193192198
8628.5,0.9977086765758673
8628.51,0.9977078323467276
8628.52,0.9977069866324207
8628.53,0.9977061394176845
8628.54,0.9977052907203121
8628.55,0.9977044405284666
8628.560000000001,0.997703588842424
8628.57,0.9977027356759688
8628.58,0.9977018810104107
8628.59,0.9977010248614611
8628.6,0.9977001672131625
8628.61,0.9976993080771981
8628.62,0.997698447470856
8628.63,0.9976975853514464
8628.640000000001,0.9976967217496583
8628.65,0.997695856656786
8628.660000000002,0.9976949900726396
8628.67,0.9976941219968758
8628.68,0.9976932524410488
8628.69,0.9976923813748709
8628.699999999999,0.9976915088277865
8628.710000000001,0.9976906347906538
8628.72,0.9976897592581845
8628.73,0.9976888822203566
8628.74,0.9976880037014819
8628.75,0.9976871236907695
8628.76,0.9976862421766746
8628.77,0.9976853591647566
8628.779999999999,0.9976844746720884
8628.79,0.9976835886698268
8628.8,0.99768270117016
8628.810000000001,0.9976818121758327
8628.82,0.9976809216765943
8628.83,0.9976800296747572
8628.84,0.9976791361900029
8628.85,0.9976782411784733
8628.86,0.9976773446754151
8628.87,0.9976764466678195
8628.88,0.9976755471538591
8628.890000000001,0.9976746461386047
8628.9,0.9976737436082512
8628.91,0.9976728395856158
8628.92,0.9976719340283743
8628.93,0.9976710269728465
8628.94,0.9976701184074542
8628.95,0.9976692083260605
8628.960000000001,0.9976682967297947
8628.970000000001,0.9976673836112931
8628.98,0.9976664689867949
8628.99,0.9976655528289828
8629.0,0.9976646351535895
8629.01,0.997663715954079
8629.02,0.9976627952369291
8629.029999999999,0.9976618729894808
8629.04,0.9976609492116704
8629.05,0.9976600239083185
8629.06,0.9976590970733626
8629.07,0.99765816871407
8629.08,0.9976572388151328
8629.09,0.9976563073752067
8629.1,0.9976553743963484
8629.11,0.9976544398861666
8629.12,0.9976535038241995
8629.13,0.997652566220893
8629.140000000001,0.997651627076332
8629.15,0.9976506863870042
8629.16,0.9976497441489319
8629.17,0.9976488003582572
8629.18,0.997647855001552
8629.19,0.9976469081014184
8629.2,0.9976459596337186
8629.21,0.9976450096165642
8629.220000000001,0.9976440580300456
8629.23,0.9976431048735135
8629.240000000002,0.9976421501623468
8629.25,0.997641193863244
8629.26,0.9976402360104666
8629.27,0.9976392765679843
8629.28,0.9976383155550648
8629.29,0.9976373529625466
8629.3,0.9976363887911577
8629.31,0.9976354230333907
8629.32,0.9976344556778542
8629.33,0.9976334867506867
8629.34,0.9976325162180129
8629.35,0.9976315440938467
8629.359999999999,0.9976305703691226
8629.37,0.997629595042606
8629.38,0.9976286181213881
8629.390000000001,0.9976276395850044
8629.4,0.9976266594439142
8629.41,0.9976256776827551
8629.42,0.9976246943123815
8629.43,0.997623709319421
8629.44,0.9976227227167691
8629.45,0.9976217344767268
8629.46,0.9976207446135013
8629.470000000001,0.99761975311633
8629.48,0.9976187599866707
8629.49,0.9976177652236554
8629.5,0.9976167688141793
8629.51,0.9976157707589569
8629.52,0.9976147710668362
8629.53,0.9976137697199239
8629.54,0.9976127667168677
8629.550000000001,0.9976117620517181
8629.56,0.9976107557360404
8629.570000000002,0.9976097477493132
8629.58,0.997608738098414
8629.59,0.9976077267705745
8629.6,0.9976067137731398
8629.609999999999,0.9976056991014425
8629.62,0.9976046827267964
8629.63,0.9976036646863685
8629.64,0.9976026449460629
8629.65,0.9976016235195532
8629.66,0.9976006003873765
8629.67,0.9975995755550482
8629.68,0.9975985490183481
8629.69,0.9975975207688538
8629.7,0.9975964908148032
8629.71,0.9975954591357316
8629.720000000001,0.9975944257408591
8629.73,0.9975933906128303
8629.74,0.9975923537491961
8629.75,0.9975913151666898
8629.76,0.9975902748412638
8629.77,0.997589232761504
8629.78,0.9975881889477998
8629.789999999999,0.9975871433825314
8629.800000000001,0.9975860960537828
8629.81,0.997585046973057
8629.820000000002,0.9975839961263582
8629.83,0.9975829434983502
8629.84,0.9975818891044348
8629.85,0.9975808329304806
8629.86,0.9975797749719653
8629.87,0.9975787152328
8629.880000000001,0.9975776537027986
8629.89,0.9975765903583653
8629.900000000001,0.9975755252305862
8629.91,0.9975744582822876
8629.92,0.9975733895227317
8629.93,0.997572318948702
8629.939999999999,0.9975712465476423
8629.95,0.9975701723282865
8629.96,0.9975690962682523
8629.970000000001,0.9975680183788419
8629.98,0.9975669386372277
8629.99,0.9975658570456636
8630.0,0.997564773612696
8630.01,0.997563688312258
8630.02,0.9975626011437079
8630.03,0.9975615121175896
8630.039999999999,0.9975604212074538
8630.050000000001,0.9975593284202244
8630.06,0.9975582337412922
8630.07,0.9975571371721562
8630.08,0.9975560387134823
8630.09,0.9975549383433047
8630.1,0.9975538360690999
8630.11,0.997552731873729
8630.12,0.997551625759368
8630.130000000001,0.9975505177129453
8630.14,0.9975494077398324
8630.150000000001,0.9975482958333619
8630.16,0.9975471819711986
8630.17,0.9975460661593764
8630.18,0.9975449483980021
8630.19,0.9975438286676043
8630.2,0.9975427069749807
8630.210000000001,0.9975415832872077
8630.22,0.9975404576340182
8630.23,0.9975393299862888
8630.24,0.9975382003457344
8630.25,0.9975370686983963
8630.26,0.9975359350431742
8630.27,0.9975347993742516
8630.28,0.997533661681968
8630.289999999999,0.9975325219578237
8630.300000000001,0.9975313802015975
8630.31,0.9975302363989257
8630.32,0.9975290905481796
8630.33,0.9975279426385468
8630.34,0.9975267926612026
8630.35,0.9975256406191054
8630.36,0.9975244864989712
8630.369999999999,0.9975233302820118
8630.380000000001,0.9975221719879876
8630.39,0.9975210115735204
8630.400000000001,0.9975198490612709
8630.41,0.9975186844403369
8630.42,0.9975175176791461
8630.43,0.9975163488009618
8630.44,0.9975151777877765
8630.45,0.9975140046191833
8630.460000000001,0.997512829291707
8630.47,0.9975116518028062
8630.480000000001,0.9975104721579037
8630.49,0.9975092903194567
8630.5,0.9975081062946752
8630.51,0.9975124185115855
8630.52,0.9975112132453067
8630.53,0.9975100058295231
8630.539999999999,0.9975087962858729
8630.550000000001,0.9975075845790013
8630.56,0.997506370707913
8630.57,0.9975051546810324
8630.58,0.997503936463111
8630.59,0.9975027160437703
8630.6,0.9975014934469982
8630.61,0.9975002686320367
8630.619999999999,0.9974990415910068
8630.630000000001,0.9974978123330851
8630.64,0.9974965808446535
8630.65,0.9974953470970667
8630.66,0.9974941111015175
8630.67,0.9974928728359527
8630.68,0.9974916323048997
8630.69,0.9974903894677919
8630.7,0.9974891443428775
8630.710000000001,0.997487896912014
8630.72,0.9974866471739849
8630.730000000001,0.9974853950905609
8630.74,0.997484140691499
8630.75,0.9974828839270458
8630.76,0.9974816248059029
8630.77,0.9974803633126054
8630.78,0.9974790994483186
8630.79,0.9974778331886126
8630.8,0.9974765645290117
8630.810000000001,0.997475293449191
8630.82,0.9974740199476476
8630.830000000002,0.9974727440140728
8630.84,0.9974714656296504
8630.85,0.9974701847937536
8630.86,0.9974689014811277
8630.869999999999,0.9974676156826265
8630.880000000001,0.9974663274028676
8630.89,0.9974650366099937
8630.9,0.9974637433067749
8630.91,0.9974624474702007
8630.92,0.9974611490897471
8630.93,0.9974598481551421
8630.94,0.9974585446627533
8630.949999999999,0.9974572385816348
8630.960000000001,0.9974559299136899
8630.97,0.9974546186478395
8630.980000000001,0.9974533047549446
8630.99,0.9974519882387698
8631.0,0.9974506690805353
8631.01,0.9974493472737003
8631.02,0.9974480227860073
8631.03,0.9974466956215905
8631.04,0.9974453657612112
8631.05,0.9974440332003768
8631.060000000001,0.9974426979149981
8631.07,0.9974413598802536
8631.08,0.9974400191016611
8631.09,0.9974386755634382
8631.1,0.9974373292476884
8631.11,0.9974359801279835
8631.12,0.9974346282094806
8631.130000000001,0.9974332734674227
8631.140000000001,0.9974319158883953
8631.15,0.9974305554606441
8631.16,0.9974291921683347
8631.17,0.9974278259911101
8631.18,0.9974264569135535
8631.19,0.9974250849269071
8631.199999999999,0.9974237100095428
8631.210000000001,0.9974223321578382
8631.22,0.9974209513466354
8631.23,0.997419567552719
8631.24,0.9974181807754658
8631.25,0.9974167909897024
8631.26,0.9974153981682562
8631.27,0.9974140023095472
8631.28,0.9974126034016125
8631.29,0.9974112014202545
8631.3,0.9974097963500101
8631.310000000001,0.997408388160485
8631.32,0.997406976857332
8631.33,0.9974055624012454
8631.34,0.9974041447919709
8631.35,0.9974027240010144
8631.36,0.9974013000165718
8631.37,0.9973998728169298
8631.38,0.9973984423890391
8631.390000000001,0.9973970087095249
8631.4,0.9973955717518016
8631.41,0.9973941315142417
8631.42,0.9973926879658005
8631.43,0.9973912410884725
8631.44,0.9973897908678776
8631.45,0.9973883372824744
8631.460000000001,0.9973868803018628
8631.47,0.9973854199183364
8631.48,0.9973839561128751
8631.49,0.9973824888619418
8631.5,0.9973810181409193
8631.51,0.9973795439320277
8631.52,0.9973780662091793
8631.529999999999,0.9973765849658194
8631.54,0.9973751001756834
8631.55,0.9973736117975832
8631.560000000001,0.9973721198372897
8631.57,0.9973706242535929
8631.58,0.9973691250361748
8631.59,0.9973676221482825
8631.6,0.9973661155810607
8631.61,0.9973646053215529
8631.62,0.997363091308505
8631.63,0.9973615735418968
8631.640000000001,0.9973600520123651
8631.65,0.9973585266767887
8631.66,0.9973569975101365
8631.67,0.9973554644950502
8631.68,0.9973539276157859
8631.69,0.9973523868275431
8631.7,0.9973508421008518
8631.710000000001,0.99734929345016
8631.720000000001,0.9973477408026548
8631.73,0.9973461841662595
8631.740000000002,0.997344623501662
8631.75,0.9973430587814668
8631.76,0.9973414899793627
8631.77,0.9973399170678561
8631.779999999999,0.9973383400198073
8631.79,0.9973367588085943
8631.8,0.9973351734117416
8631.81,0.9973335837894206
8631.82,0.99733198992125
8631.83,0.9973303917894539
8631.84,0.9973287893306523
8631.85,0.9973271825576621
8631.86,0.9973255713971982
8631.87,0.9973239558522485
8631.88,0.9973223358838601
8631.890000000001,0.9973207114510169
8631.9,0.9973190825447819
8631.91,0.997317449112994
8631.92,0.9973158111340141
8631.93,0.9973141685659063
8631.94,0.997312521384505
8631.95,0.9973108695647763
8631.96,0.9973092130628937
8631.970000000001,0.9973075518351447
8631.98,0.9973058858633105
8631.99,0.9973042151125603
8632.0,0.9973025395452302
8632.01,0.9973008591271931
8632.02,0.997299173815683
8632.03,0.9972974835776935
8632.04,0.9972957883871246
8632.050000000001,0.9972940882018346
8632.06,0.9972923829841517
8632.070000000002,0.9972906726827239
8632.08,0.9972889572864345
8632.09,0.9972872367391064
8632.1,0.9972855110115683
8632.109999999999,0.9972837800478268
8632.12,0.9972820438348435
8632.13,0.9972803023074014
8632.140000000001,0.9972785554279487
8632.15,0.997276803172212
8632.16,0.9972750454752134
8632.17,0.997273282326072
8632.18,0.9972715136512944
8632.19,0.9972697394238699
8632.2,0.9972679595979992
8632.21,0.9972661741338341
8632.220000000001,0.9972643829766951
8632.23,0.9972625860855316
8632.24,0.997260783414048
8632.25,0.9972589749282604
8632.26,0.9972571605605254
8632.27,0.9972553402805406
8632.28,0.9972535140329417
8632.29,0.9972409877810333
8632.300000000001,0.99723914602719
8632.31,0.9972372981554777
8632.320000000002,0.9972354441065197
8632.33,0.997233583857688
8632.34,0.9972317173256856
8632.35,0.9972298444898
8632.36,0.9972279652696984
8632.37,0.9972260796334922
8632.380000000001,0.9972241875134793
8632.39,0.9972222888591843
8632.4,0.9972203836212222
8632.41,0.9972184717244115
8632.42,0.9972165531351951
8632.43,0.9972146277930845
8632.44,0.9972126956256725
8632.45,0.9972107565846033
8632.46,0.9972088106030945
8632.470000000001,0.9972068576269599
8632.48,0.9972048975898826
8632.49,0.9972029304457458
8632.5,0.9972009561035782
8632.51,0.9971989745181229
8632.52,0.9971969856194873
8632.53,0.9971949893473181
8632.539999999999,0.9971929856343784
8632.550000000001,0.9971909744118873
8632.56,0.997188955622972
8632.57,0.9971869291767642
8632.58,0.9971848950121582
8632.59,0.9971828530667264
8632.6,0.9971808032628499
8632.61,0.9971787455369695
8632.62,0.9971766797978208
8632.630000000001,0.9971746059938263
8632.64,0.997172524028093
8632.650000000001,0.9971704338456754
8632.66,0.9971683353370802
8632.67,0.9971662284657549
8632.68,0.9971641131252723
8632.689999999999,0.9971599511711943
8632.7,0.9971577991064323
8632.71,0.9971556380571217
8632.72,0.9971534679209793
8632.73,0.9971512886240396
8632.74,0.9971491000609857
8632.75,0.9971469021466582
8632.76,0.9971446947663489
8632.77,0.997142477846399
8632.78,0.9971402512954076
8632.789999999999,0.9971380149918533
8632.800000000001,0.9971357688401866
8632.81,0.9971335127528099
8632.82,0.9971312466166212
8632.83,0.9971289703278013
8632.84,0.9971266837799931
8632.85,0.9971243868747687
8632.86,0.9971220794865397
8632.87,0.9971197615108962
8632.880000000001,0.9971174328483344
8632.89,0.9971150933622347
8632.900000000001,0.997112742941519
8632.91,0.9971103814833123
8632.92,0.9971080088461947
8632.93,0.9971056249394097
8632.94,0.9971032295986737
8632.95,0.9971008227323771
8632.960000000001,0.9970984041925178
8632.97,0.9970959738681914
8632.980000000001,0.9970935316005327
8632.99,0.9970910772895831
8633.0,0.9970886107780821
8633.01,0.9970861319314557
8633.02,0.9970836406063937
8633.03,0.9970811366730715
8633.039999999999,0.9970786199639456
8633.050000000001,0.997076090359803
8633.06,0.997073547702138
8633.07,0.9970709918251267
8633.08,0.9970684225870182
8633.09,0.9970658398351713
8633.1,0.997063243396034
8633.11,0.9970606331132024
8633.119999999999,0.9970580088221805
8633.130000000001,0.9970553703618534
8633.14,0.9970527175522614
8633.15,0.9970500502297447
8633.16,0.9970473682110612
8633.17,0.9970446713115899
8633.18,0.9970419593621114
8633.19,0.9970392321681012
8633.2,0.9970364895322333
8633.210000000001,0.9970337312840852
8633.22,0.9970309572053426
8633.230000000001,0.9970281671074285
8633.24,0.9970253607977823
8633.25,0.9970225380547272
8633.26,0.9970196986687958
8633.27,0.997016842439394
8633.28,0.9970139691285389
8633.29,0.9970110785322592
8633.3,0.9970081704118146
8633.31,0.9970052445548894
8633.32,0.9970023007019331
8633.33,0.9969993386391934
8633.34,0.9969963580983222
8633.35,0.9969933588575527
8633.36,0.9969903406393748
8633.369999999999,0.9969873032043142
8633.380000000001,0.9969842462817184
8633.39,0.9969811696045547
8633.4,0.996978072898429
8633.41,0.9969749558973239
8633.42,0.9969718183000551
8633.43,0.9969686598165977
8633.44,0.9969654801660444
8633.449999999999,0.9969622790387199
8633.460000000001,0.996959056122854
8633.47,0.9969558111115754
8633.480000000001,0.9969525436806203
8633.49,0.9969492535078729
8633.5,0.9969459402451246
8633.51,0.9969426035689176
8633.52,0.9969392431111979
8633.53,0.9969358585262581
8633.54,0.9969324494683239
8633.55,0.9969290155282511
8633.560000000001,0.9969255563516377
8633.57,0.9969220715404814
8633.58,0.9969185607028077
8633.59,0.9969150234119978
8633.6,0.9969114592784026
8633.61,0.9969078678580933
8633.619999999999,0.9969042487265197
8633.630000000001,0.9969006014303354
8633.64,0.9968969255030794
8633.65,0.9968932204900299
8633.66,0.9968894859188928
8633.67,0.9968857212738352
8633.68,0.9968819260805176
8633.69,0.996878099803383
8633.699999999999,0.9968742419093943
8633.710000000001,0.9968703518560375
8633.72,0.9968664290920577
8633.73,0.9968624730530604
8633.74,0.996858483124517
8633.75,0.9968544587254909
8633.76,0.9968503992316845
8633.77,0.9968463039991029
8633.78,0.9968421723681649
8633.79,0.996838003668501
8633.8,0.9968337972103575
8633.810000000001,0.9968295522703103
8633.82,0.9968252681150424
8633.83,0.9968209439928661
8633.84,0.9968165791004283
8633.85,0.9968121726444578
8633.86,0.996807723798622
8633.87,0.9968032316826206
8633.88,0.9967986954277638
8633.890000000001,0.996794114098541
8633.9,0.9967894867618887
8633.910000000002,0.9967848124233911
8633.92,0.9967800900672554
8633.93,0.996775318640268
8633.94,0.9967704970443267
8633.949999999999,0.996765624168928
8633.960000000001,0.9967606988044646
8633.97,0.9967557197457566
8633.98,0.996750685714047
8633.99,0.9967455953975153
8634.0,0.996740447412982
8634.01,0.9967352403108317
8634.02,0.9967299726055148
8634.029999999999,0.9967246427189058
8634.04,0.9967192490457385
8634.05,0.996713789836593
8634.060000000001,0.9967082633288171
8634.07,0.9967026676306311
8634.08,0.9966970007615905
8634.09,0.9966912606590834
8634.1,0.9966854451422335
8634.11,0.9966795519035111
8634.12,0.996673578524562
8634.13,0.9966675224424048
8634.140000000001,0.9966613809441466
8634.15,0.9966551511642255
8634.16,0.9966488300512251
8634.17,0.9966424143765507
8634.18,0.9966359006842154
8634.19,0.9966292853165831
8634.2,0.9966225643366985
8634.210000000001,0.996615733556016
8634.220000000001,0.9966087884664148
8634.23,0.9966017242334185
8634.24,0.996594535658597
8634.25,0.9965872171322371
8634.26,0.9965797625916951
8634.27,0.9965721654663732
8634.279999999999,0.9965644185942509
8634.29,0.9965565142536496
8634.3,0.9965484439463917
8634.31,0.9965401984007614
8634.32,0.9965317674432442
8634.33,0.996523139907284
8634.34,0.9965143034206907
8634.35,0.9965052443436265
8634.36,0.9964959475030087
8634.37,0.9964863960367047
8634.38,0.9964765710576569
8634.390000000001,0.9964664514182875
8634.4,0.9964560133210503
8634.41,0.9964452298454443
8634.42,0.9964340704829576
8634.43,0.9964225004883279
8634.44,0.9964104801013071
8634.45,0.9963979635718865
8634.46,0.996384898124055
8634.470000000001,0.9963712224346997
8634.48,0.9963568649140828
8634.490000000002,0.9963417415292212
8634.5,0.9963257529513869
8634.51,0.9963087810776637
8634.52,0.9962906844429587
8634.53,0.9962712922894628
8634.54,0.9962503969000531
8634.55,0.996227743257815
8634.56,0.996203015301094
8634.57,0.9961758171655655
8634.58,0.9961456473569632
8634.59,0.9961118225818171
8634.6,0.996073559982441
8634.609999999999,0.996029773133212
8634.62,0.9959789379593443
8634.63,0.9959189662066338
8634.640000000001,0.9958469293859087
8634.65,0.9957586018798682
8634.66,0.9956476521008392
8634.67,0.995494677384227
8634.68,0.9952870046185879
8634.69,0.9949986901283516
8634.7,0.9945746594373236
8634.71,0.9939245544491476
8634.720000000001,0.9929628015777019
8634.73,0.9916284158121319
8634.74,0.9898653439262679
8634.75,0.98791201817097
8634.76,0.9858470041718014
8634.77,0.9841216846873401
8634.78,0.9832472338787076
8634.79,0.9832857964086195
8634.800000000001,0.9842222745332595
8634.81,0.9859885529769946
8634.820000000002,0.9880304313770297
8634.83,0.9899355716275592
8634.84,0.9916346107333474
8634.85,0.9929088979328743
8634.859999999999,0.993809229811589
8634.87,0.9944063112363714
8634.88,0.994786073876906
8634.89,0.9950364433534836
8634.9,0.995211973428897
8634.91,0.995331767083337
8634.92,0.9954128658343043
8634.93,0.9954719783002572
8634.94,0.9955151541902313
8634.95,0.9955464437878142
8634.96,0.9955686586225491
8634.970000000001,0.995583804451013
8634.98,0.9955933442480218
8634.99,0.9955983042812694
8635.0,0.9955994459853262
8635.01,0.9955974154843169
8635.02,0.9955926868455875
8635.03,0.9955856312194433
8635.039999999999,0.9955765418549354
8635.050000000001,0.9955656522275409
8635.06,0.9955531493594723
8635.070000000002,0.9955391837584048
8635.08,0.9955238768945739
8635.09,0.995507326943164
8635.1,0.9954896131689188
8635.11,0.9954707993875911
8635.12,0.9954509365860322
8635.130000000001,0.9954300650881824
8635.14,0.9954082162330131
8635.150000000001,0.9953854137230552
8635.16,0.9953616746657937
8635.17,0.99533701051788
8635.18,0.9953114277336039
8635.189999999999,0.9952849283708854
8635.2,0.9952575105592042
8635.21,0.9952291688219199
8635.220000000001,0.9951998944607174
8635.23,0.9951696757726101
8635.24,0.9951384982084336
8635.25,0.9951063445781416
8635.26,0.9950731951497981
8635.27,0.995039027723398
8635.28,0.9950038177124717
8635.289999999999,0.9949675381786187
8635.300000000001,0.99493015983093
8635.31,0.994891651069094
8635.32,0.994851977913773
8635.33,0.9948111039964928
8635.34,0.9947689905074237
8635.35,0.9947255961317716
8635.36,0.9946808770048478
8635.37,0.9946347865704396
8635.380000000001,0.9945872755137558
8635.39,0.9945382916322396
8635.400000000001,0.9944877796988835
8635.41,0.9944356813484013
8635.42,0.9943819349081678
8635.43,0.9943264751994413
8635.44,0.9942692333878683
8635.45,0.9942098406647856
8635.460000000001,0.9941487883355022
8635.47,0.9940857196812664
8635.48,0.99402056132864
8635.49,0.9939532272500287
8635.5,0.9938836135724135
8635.51,0.9938116192259586
8635.52,0.993737144477056
8635.53,0.9936600718092815
8635.539999999999,0.9935802685605355
8635.550000000001,0.993497880841602
8635.56,0.9934122094015772
8635.57,0.9933234056678595
8635.58,0.993231317883756
8635.59,0.9931357849701616
8635.6,0.9930366358102953
8635.61,0.9929336885348644
8635.619999999999,0.9928267497098825
8635.630000000001,0.9927156134849964
8635.64,0.9926000606253784
8635.650000000001,0.9924798574855147
8635.66,0.9923547549072013
8635.67,0.9922244869066829
8635.68,0.9920887694389109
8635.69,0.9919472988307677
8635.7,0.9917997502218482
8635.710000000001,0.9916457757249563
8635.72,0.9914849957708953
8635.730000000001,0.9913170232079375
8635.74,0.9911414227351415
8635.75,0.9909577329910821
8635.76,0.9907654577160532
8635.77,0.9905640625110615
8635.78,0.9903529714023916
8635.789999999999,0.9901315628570615
8635.800000000001,0.9898991655134474
8635.81,0.989655053324073
8635.82,0.9894214746567868
8635.83,0.9891514189452426
8635.84,0.988867081875424
8635.85,0.9885674581541173
8635.86,0.988251453766039
8635.869999999999,0.9879178764926879
8635.880000000001,0.9875654252394949
8635.89,0.9871926778999905
8635.9,0.9867980777264086
8635.91,0.9863799177348708
8635.92,0.9859363231130722
8635.93,0.9854652060235887
8635.94,0.9849642923507741
8635.95,0.9844311389499784
8635.960000000001,0.9838629222183884
8635.97,0.9832565592384157
8635.980000000001,0.982608623053905
8635.99,0.9819152952351432
8636.0,0.9811723104437874
8636.01,0.9803748913989724
8636.02,0.9795176723693185
8636.03,0.9785946084143539
8636.04,0.9775988674689454
8636.05,0.9765227010985196
8636.060000000001,0.9753572888173013
8636.07,0.9740925492312481
8636.080000000002,0.9727169094130437
8636.09,0.9712170205183869
8636.1,0.9695773135825607
8636.11,0.9677798713955506
8636.119999999999,0.9658035307668138
8636.130000000001,0.9636231780603375
8636.14,0.9612088736694067
8636.15,0.9585245884808041
8636.16,0.95552578757058
8636.17,0.9521595055446538
8636.18,0.9483502865423994
8636.19,0.943968687198723
8636.199999999999,0.9389824614924227
8636.210000000001,0.9334723287718224
8636.22,0.9269317596578934
8636.230000000001,0.9188848679195307
8636.24,0.9092225294508884
8636.25,0.8986658126008823
8636.26,0.8881203225418548
8636.27,0.8786918196370511
8636.28,0.8684583101797732
8636.29,0.8605041591089094
8636.3,0.8574443904327801
8636.310000000001,0.8574436409384351
8636.32,0.8605018781222857
8636.33,0.868454361685027
8636.34,0.8786860225628952
8636.35,0.888112539206628
8636.36,0.8986558163129768
8636.37,0.9092100956895776
8636.380000000001,0.9188698104314093
8636.390000000001,0.9269139627842052
8636.4,0.9334517044347582
8636.41,0.9389589193684329
8636.42,0.9439421189083665
8636.43,0.9483206125743618
8636.44,0.9521266615482816
8636.449999999999,0.955489713916066
8636.460000000001,0.9584852389800649
8636.47,0.9611661932400959
8636.48,0.9635771248313421
8636.49,0.9657540674876091
8636.5,0.9677269651551844
8636.51,0.9695209352567191
8636.52,0.9711571444416791
8636.53,0.9726535129827403
8636.54,0.9740256125943347
8636.55,0.9752867945839839
8636.560000000001,0.9764486341430825
8636.57,0.9775212146545519
8636.58,0.9785133583813457
8636.59,0.9794328154295684
8636.6,0.9802864193045684
8636.61,0.9810802162878443
8636.62,0.9818195733143662
8636.63,0.9825092687514078
8636.640000000001,0.9831535689212471
8636.65,0.9837562931480616
8636.66,0.9843208692290681
8636.67,0.9848503808156409
8636.68,0.9853476082664072
8636.69,0.9858151078778596
8636.7,0.986255083970102
8636.710000000001,0.9866696036545021
8636.72,0.9870605653107614
8636.73,0.9874296763437506
8636.74,0.9877784939461974
8636.75,0.9881084406300618
8636.76,0.9884208178568837
8636.77,0.9887168182219993
8636.779999999999,0.988997536067719
8636.79,0.9892639770129459
8636.8,0.9894938905143054
8636.810000000001,0.9897345004106517
8636.82,0.989963299968228
8636.83,0.9901811164248701
8636.84,0.990388621443568
8636.85,0.9905864368437358
8636.86,0.990775138906137
8636.87,0.9909552623160263
8636.88,0.9911273036396215
8636.890000000001,0.9912936032391284
8636.9,0.9914508188460915
8636.91,0.9916012439705079
8636.92,0.9917452578990784
8636.93,0.991883195840786
8636.94,0.9920153899273234
8636.95,0.9921421442478582
8636.960000000001,0.9922637432482988
8636.970000000001,0.9923804533062349
8636.98,0.9924925240716561
8636.990000000002,0.9926001896706659
8637.0,0.9927036698014108
8637.01,0.9928031708824356
8637.02,0.992898886884424
8637.029999999999,0.9929910002918511
8637.04,0.9930796828269365
8637.05,0.993165096290866
8637.06,0.9932473931206343
8637.07,0.9933267171325462
8637.08,0.9934032040108959
8637.09,0.9934769819068133
8637.1,0.9935481719010316
8637.11,0.9936168884558865
8637.12,0.9936832398658124
8637.13,0.9937473286261254
8637.140000000001,0.9938092517981122
8637.15,0.9938691013675215
8637.16,0.993926964536934
8637.17,0.9939829240114094
8637.18,0.9940370583119296
8637.19,0.9940783264725344
8637.2,0.9941288651162369
8637.21,0.9941777877822556
8637.220000000001,0.994225158398178
8637.23,0.9942710377376744
8637.24,0.9943154836385766
8637.25,0.9943585511957392
8637.26,0.9944002928579083
8637.27,0.9944407586126737
8637.28,0.9944799961270376
8637.29,0.9945180508209532
8637.300000000001,0.9945549660812947
8637.31,0.9945907832826414
8637.320000000002,0.9946255419137682
8637.33,0.9946592797306321
8637.34,0.9946920327985116
8637.35,0.9947238355495682
8637.359999999999,0.9947547209674261
8637.37,0.9947847205424905
8637.38,0.9948138644431169
8637.39,0.994842181526737
8637.4,0.9948696994049986
8637.41,0.9948964445517292
8637.42,0.9949224422931997
8637.43,0.9949477169372578
8637.44,0.9949722917412849
8637.45,0.9949961889984332
8637.46,0.995019430122712
8637.470000000001,0.9950420356182501
8637.48,0.9950640251813103
8637.49,0.9950854176918426
8637.5,0.9951062312684585
8637.51,0.9951264833145976
8637.52,0.9951461905033189
8637.53,0.99516536890578
8637.54,0.9951840339001238
8637.550000000001,0.9952022002557399
8637.56,0.9952198821949394
8637.570000000002,0.9952370933396958
8637.58,0.9952538467852371
8637.59,0.995270155109326
8637.6,0.9952860304123563
8637.61,0.9953014842632146
8637.62,0.9953165278266672
8637.630000000001,0.9953311717779827
8637.64,0.9953454263939105
8637.65,0.9953593015191495
8637.66,0.9953728066018253
8637.67,0.9953859506997184
8637.68,0.9953987425145827
8637.69,0.9954111903455225
8637.7,0.9954233021704105
8637.71,0.9954350855975563
8637.720000000001,0.9954465479068588
8637.73,0.9954576960655775
8637.74,0.9954685366790202
8637.75,0.9954790760899609
8637.76,0.9954893202772283
8637.77,0.9954992749482311
8637.78,0.9955089454785153
8637.789999999999,0.995518336972037
8637.800000000001,0.9955274542142869
8637.81,0.9955363017066207
8637.82,0.9955448836394409
8637.83,0.9955532039008996
8637.84,0.995561266106161
8637.85,0.9955690735245345
8637.86,0.9955766291514067
8637.87,0.9955839356485675
8637.880000000001,0.9955909953496745
8637.89,0.9955978102603885
8637.900000000001,0.9956043820781245
8637.91,0.9956107120852636
8637.92,0.9956168012275902
8637.93,0.995622650069259
8637.94,0.9956282587487988
8637.95,0.995633626986855
8637.96,0.9956387540633096
8637.97,0.9956436387364554
8637.98,0.9956482792937148
8637.99,0.9956526734357859
8638.0,0.9956568182897729
8638.01,0.9956607103038686
8638.02,0.9956643452701854
8638.03,0.9956677181984092
8638.039999999999,0.9956708232765832
8638.050000000001,0.9956736537582976
8638.06,0.9956760755647138
8638.07,0.9956783323438275
8638.08,0.9956802878781338
8638.09,0.9956819307356596
8638.1,0.9956832479397496
8638.11,0.9956842248361898
8638.12,0.9956848448571316
8638.130000000001,0.995685089239933
8638.14,0.9956849368577667
8638.150000000001,0.9956843637404363
8638.16,0.9956833428517079
8638.17,0.9956818434990683
8638.18,0.9956798309416748
8638.19,0.9956772656671385
8638.2,0.9956719189971437
8638.210000000001,0.9956680693169477
8638.22,0.9956635110410015
8638.230000000001,0.995658176799377
8638.24,0.9956519891525577
8638.25,0.9956448586705203
8638.26,0.9956366817151198
8638.27,0.9956273377674576
8638.28,0.9956166859236292
8638.289999999999,0.9956045607664573
8638.300000000001,0.9955907670847968
8638.31,0.9955750731545772
8638.32,0.9955572022922782
8638.33,0.9955368219122345
8638.34,0.9955135292997189
8638.35,0.9954868330179989
8638.36,0.9954561281272877
8638.369999999999,0.9954206628285739
8638.380000000001,0.9953794930231764
8638.39,0.9953314191918818
8638.4,0.9952744139776428
8638.41,0.9952071064974347
8638.42,0.9951270841177038
8638.43,0.9950303279333422
8638.44,0.9949113204792989
8638.45,0.9947622733403629
8638.460000000001,0.9945717313399319
8638.47,0.994321692289923
8638.480000000001,0.9939450682954475
8638.49,0.9934013795622062
8638.5,0.9925357431179839
8638.51,0.991083469762937
8638.52,0.9885628935638905
8638.53,0.9843181763842505
8638.54,0.9774931965296779
8638.55,0.9674839958463598
8638.560000000001,0.9547127228001454
8638.57,0.9403623070379297
8638.58,0.9268061147458626
8638.59,0.9171838375087182
8638.6,0.9134434182485863
8638.61,0.9166581844239465
8638.619999999999,0.9258544798058556
8638.630000000001,0.9392111176599756
8638.64,0.9536074437977402
8638.65,0.9665539570475584
8638.66,0.9768234045908184
8638.67,0.9838863016555535
8638.68,0.9883074628132157
8638.69,0.990942089079616
8638.699999999999,0.9924611113031864
8638.710000000001,0.9933640962911634
8638.72,0.9939291254982353
8638.730000000001,0.9943189052191543
8638.74,0.9945766329057988
8638.75,0.9947729863649282
8638.76,0.9949267054408503
8638.77,0.9950496341481905
8638.78,0.9951497916920025
8638.79,0.9952328438325484
8638.8,0.995302910319667
8638.810000000001,0.995362648133535
8638.82,0.9954131539632894
8638.83,0.9954567119991634
8638.84,0.9954944864878782
8638.85,0.9955274386777719
8638.86,0.9955563329880475
8638.87,0.9955817835872791
8638.880000000001,0.9956042885209814
8638.89,0.9956242550435133
8638.9,0.9956420186175216
8638.91,0.9956578573865504
8638.92,0.9956720032236107
8638.93,0.9956846503604238
8638.94,0.9956959621073597
8638.949999999999,0.9957060761246803
8638.960000000001,0.995715108569083
8638.97,0.995723157431667
8638.98,0.9957303051498503
8638.99,0.9957366206562501
8639.0,0.9957421610534948
8639.01,0.9957469727962998
8639.02,0.9957510926510322
8639.03,0.9957545483172442
8639.04,0.9957573587818193
8639.05,0.9957595344399006
8639.060000000001,0.9957610768865635
8639.07,0.9957619784517577
8639.08,0.9957622213941233
8639.09,0.9957617766698919
8639.1,0.9957606021940938
8639.11,0.9957586403390544
8639.12,0.9957558147843979
8639.13,0.9957520259194172
8639.140000000001,0.9957471447944237
8639.15,0.9957410046163089
8639.160000000002,0.9957333860226718
8639.17,0.9957240070024516
8639.18,0.9957124877056077
8639.19,0.9956983524373694
8639.199999999999,0.9956809238965377
8639.210000000001,0.9956592493734422
8639.22,0.9956319843232166
8639.23,0.9955971736759476
8639.24,0.9955508929572001
8639.25,0.9954881218104624
8639.26,0.9953970495903581
8639.27,0.9952664118808355
8639.279999999999,0.995069643296698
8639.29,0.9947667709924376
8639.3,0.994308075023038
8639.310000000001,0.9936492744825441
8639.32,0.9927880122575371
8639.33,0.9917483805308432
8639.34,0.9906655390262137
8639.35,0.9896968926589993
8639.36,0.9890927482842478
8639.37,0.9889793906515237
8639.38,0.9894184291644254
8639.390000000001,0.990257169601564
8639.4,0.9913465216355509
8639.41,0.9924311020514243
8639.42,0.9933589662242787
8639.43,0.9941055633878768
8639.44,0.9946305852442687
8639.45,0.9949822899257396
8639.460000000001,0.9952108128423848
8639.470000000001,0.9953572251459163
8639.48,0.995458402507236
8639.49,0.9955307524640598
8639.5,0.99558127241352
8639.51,0.995619359292638
8639.52,0.9956491556037025
8639.529999999999,0.9956728844294169
8639.54,0.9956920645017526
8639.55,0.9957077673039296
8639.56,0.9957207561706037
8639.57,0.9957315965939104
8639.58,0.9957406731596972
8639.59,0.9957483286535693
8639.6,0.9957548112653882
8639.61,0.9957540424305479
8639.62,0.9957587202039407
8639.63,0.9957627008387198
8639.640000000001,0.9957660856592742
8639.65,0.995768957624236
8639.66,0.9957713852258662
8639.67,0.9957734254424008
8639.68,0.9957751259694803
8639.69,0.9957765270654022
8639.7,0.9957776628541737
8639.71,0.9957785624620519
8639.720000000001,0.9957792508495793
8639.73,0.9957797495627038
8639.740000000002,0.9957800772330713
8639.75,0.9957802500699469
8639.76,0.9957802822467477
8639.77,0.9957801861852773
8639.78,0.9957799728199846
8639.79,0.9957796518058214
8639.8,0.9957792317198779
8639.81,0.995778720139117
8639.82,0.995778123900772
8639.83,0.9957774490614559
8639.84,0.9957767010638847
8639.85,0.9957758848222348
8639.859999999999,0.9957750047674876
8639.87,0.9957740648814895
8639.88,0.995773068797925
8639.890000000001,0.9957720198100508
8639.9,0.9957709209215986
8639.91,0.9957697748737716
8639.92,0.9957685841659146
8639.93,0.995767351074743
8639.94,0.9957660777201711
8639.95,0.9957647660447827
8639.96,0.9957634177994076
8639.970000000001,0.9957620346630888
8639.98,0.9957606181475582
8639.99,0.995759169660567
8640.0,0.9957576905115303
8640.01,0.9957561818901887
8640.02,0.9957658057382581
8640.03,0.9957640855584895
8640.04,0.995762342345356
8640.050000000001,0.9957605768981667
8640.06,0.9957611217775625
8640.070000000002,0.9957592491063232
8640.08,0.9957573590701705
8640.09,0.9957554521467243
8640.1,0.995753528804321
8640.109999999999,0.9957515894589447
8640.12,0.9957496345083136
8640.13,0.9957476643272819
8640.14,0.9957456792859788
8640.15,0.9957436797084862
8640.16,0.9957416659159666
8640.17,0.9957396382159929
8640.18,0.9957375968826376
8640.19,0.9957355421757571
8640.2,0.9957334743809093
8640.21,0.9957313937179294
8640.220000000001,0.9957293004112399
8640.23,0.9957271946914713
8640.24,0.995725076764693
8640.25,0.9957229468353539
8640.26,0.9957208050882055
8640.27,0.9957186516972379
8640.28,0.9957164868395891
8640.289999999999,0.9957143106882481
8640.300000000001,0.9957121234040236
8640.31,0.9957099251195258
8640.320000000002,0.9957077159902445
8640.33,0.9957054961524748
8640.34,0.9957032657550371
8640.35,0.9957010249061247
8640.36,0.9956987737414462
8640.37,0.9956965123729443
8640.380000000001,0.9956942409268656
8640.39,0.9956919594887895
8640.400000000001,0.9956896681826174
8640.41,0.9956873671127375
8640.42,0.9956850563720889
8640.43,0.9956827360570114
8640.439999999999,0.9956804062582467
8640.45,0.9956780670544888
8640.46,0.9956757185452275
8640.470000000001,0.9956733608193136
8640.48,0.9956709939400908
8640.49,0.9956686179939134
8640.5,0.9956662330560149
8640.51,0.9956638391963617
8640.52,0.9956614364940316
8640.53,0.995659025008378
8640.539999999999,0.9956566048071942
8640.550000000001,0.9956541759538551
8640.56,0.9956538569958276
8640.57,0.9956513757308637
8640.58,0.9956488868746705
8640.59,0.9956463904590593
8640.6,0.995643886501261
8640.61,0.9956413750401594
8640.62,0.9956388561040801
8640.630000000001,0.9956363297082149
8640.64,0.9956337958974838
8640.650000000001,0.9956312546924078
8640.66,0.9956287061052208
8640.67,0.995626150175099
8640.68,0.9956235869224461
8640.69,0.9956210163943929
8640.7,0.9956184385714695
8640.710000000001,0.9956158535191906
8640.72,0.9956132612388537
8640.73,0.9956106617571618
8640.74,0.9956080551051878
8640.75,0.9956054413129485
8640.76,0.9956028203868649
8640.77,0.9956001923412329
8640.78,0.9955975572188941
8640.789999999999,0.995594915025841
8640.800000000001,0.9955922657920085
8640.81,0.9955896095360565
8640.82,0.9955869462896695
8640.83,0.9955842760583732
8640.84,0.9955815988632967
8640.85,0.9955789147267909
8640.86,0.9955762236774145
8640.869999999999,0.9955735257110105
8640.880000000001,0.9955708208794579
8640.89,0.9955681091719719
8640.900000000001,0.9955653906285891
8640.91,0.9955626652562135
8640.92,0.9955599330670892
8640.93,0.9955571940883284
8640.94,0.9955544483329372
8640.95,0.9955516958022925
8640.960000000001,0.9955489365545239
8640.97,0.9955461705688056
8640.980000000001,0.9955433978792665
8640.99,0.9955406184884369
8641.0,0.9955378324239164
8641.01,0.9955350396979822
8641.02,0.9955322403208159
8641.03,0.9955294343185582
8641.039999999999,0.9955266216918891
8641.050000000001,0.9955238024595086
8641.06,0.9955209766417372
8641.07,0.995518144253035
8641.08,0.9955153053037572
8641.09,0.9955124597955102
8641.1,0.9955096077485159
8641.11,0.995506749191892
8641.119999999999,0.9955038841184004
8641.130000000001,0.9955010125555942
8641.14,0.9954981345031108
8641.15,0.9954952499764501
8641.16,0.9954923589965748
8641.17,0.9954894615527866
8641.18,0.9954865576939725
8641.19,0.9954836473864355
8641.2,0.9954807306913981
8641.210000000001,0.9954778075775604
8641.22,0.995474878073439
8641.230000000001,0.9954719421874105
8641.24,0.9954689999336035
8641.25,0.9954660513085667
8641.26,0.9954630963400982
8641.27,0.9954601350294543
8641.28,0.9954571673929443
8641.29,0.9954541934196943
8641.3,0.9954512131352623
8641.310000000001,0.9954482265554764
8641.32,0.995445233675274
8641.33,0.9954422345192203
8641.34,0.9954392290757201
8641.35,0.9954362173604702
8641.36,0.9954331993974672
8641.369999999999,0.9954301751711427
8641.380000000001,0.9954271446973199
8641.39,0.9954241079936161
8641.4,0.9954210650554294
8641.41,0.9954180158996103
8641.42,0.9954149605219867
8641.43,0.9954118989501826
8641.44,0.9954088311614933
8641.449999999999,0.995405757183819
8641.460000000001,0.9954026770248776
8641.47,0.9953995906816121
8641.480000000001,0.9953964981570756
8641.49,0.9953933994705542
8641.5,0.9953902946152205
8641.51,0.9953871836150885
8641.52,0.995384066460107
8641.53,0.9953809431699537
8641.54,0.9953778137298234
8641.55,0.9953746781500666
8641.560000000001,0.9953715364422175
8641.57,0.9953683886188042
8641.58,0.9953652346757376
8641.59,0.9953620746183967
8641.6,0.9953589084565265
8641.61,0.9953557361836085
8641.62,0.9953525578142869
8641.630000000001,0.995349373343519
8641.640000000001,0.9953461827841665
8641.65,0.9953429861454969
8641.66,0.995339783416775
8641.67,0.9953365746124859
8641.68,0.9953333597271283
8641.69,0.9953301387711925
8641.699999999999,0.9953269117432102
8641.710000000001,0.9953236786488242
8641.72,0.9953204394951723
8641.73,0.9953171942843985
8641.74,0.9953139430131428
8641.75,0.9953106856881789
8641.76,0.9953074223164966
8641.77,0.9953041528919766
8641.78,0.9953008774254385
8641.79,0.9952975959195874
8641.8,0.995294308377049
8641.810000000001,0.9952910147865723
8641.82,0.9952877151586296
8641.83,0.9952836994326167
8641.84,0.9952803690873921
8641.85,0.9952770319708056
8641.86,0.9952736880500417
8641.87,0.9952703372642061
8641.88,0.995266979601594
8641.890000000001,0.9952636149809847
8641.9,0.9952602433683138
8641.91,0.9952568647046155
8641.92,0.9952534789264781
8641.93,0.9952500859871758
8641.94,0.9952466858056102
8641.95,0.9952432783114169
8641.960000000001,0.9952398634280423
8641.97,0.9952364410627144
8641.98,0.995233011127066
8641.99,0.9952295735222524
8642.0,0.9952261281180615
8642.01,0.9952226748384025
8642.02,0.9952192135318084
8642.029999999999,0.9952157440693103
8642.04,0.9952122662708737
8642.05,0.9952087800064785
8642.06,0.995205285073998
8642.07,0.9952017812916182
8642.08,0.995198268440795
8642.09,0.9951947462882543
8642.1,0.9951912145711848
8642.11,0.9951876730057891
8642.12,0.9951841212801794
8642.13,0.9951805590464367
8642.140000000001,0.9951769859245708
8642.15,0.9951734015078132
8642.16,0.9951698053036295
8642.17,0.9951661968222242
8642.18,0.9951625754451188
8642.19,0.9951589405523097
8642.2,0.99515529141489
8642.210000000001,0.995151627217827
8642.220000000001,0.9951479470466927
8642.23,0.9951442498574616
8642.240000000002,0.9951405344954894
8642.25,0.9951367996156311
8642.26,0.9951330437349961
8642.27,0.9951292651108218
8642.279999999999,0.995125461792048
8642.29,0.9951216314769893
8642.3,0.9951177715569198
8642.31,0.995113878988191
8642.32,0.9951099502375019
8642.33,0.9951059811937831
8642.34,0.9951019669757522
8642.35,0.9950979018789511
8642.36,0.995093779111045
8642.37,0.9950895905587572
8642.38,0.9950853265264179
8642.390000000001,0.9950809752751801
8642.4,0.9950765225505512
8642.41,0.995071950882525
8642.42,0.9950672388306699
8642.43,0.9950623596230496
8642.44,0.9950572796547335
8642.45,0.9950519563591673
8642.46,0.9950463352490357
8642.470000000001,0.9950403457209236
8642.48,0.9950338894424084
8642.49,0.9950268080551511
8642.5,0.995018999262969
8642.51,0.9950104451600773
8642.52,0.9950009320238434
8642.53,0.9949890109899363
8642.54,0.994975688122867
8642.550000000001,0.9949610468696112
8642.56,0.9949477891296229
8642.570000000002,0.9949338074567393
8642.58,0.9949199926453944
8642.59,0.9949115201037827
8642.6,0.9949065972965266
8642.609999999999,0.9949059410900768
8642.62,0.9949103978384918
8642.63,0.9949173327677262
8642.64,0.9949229723998062
8642.65,0.9949300797832097
8642.66,0.994936125374881
8642.67,0.9949411372493437
8642.68,0.9949441396974485
8642.69,0.9949454406696708
8642.7,0.9949459979657206
8642.71,0.9949458379503524
8642.720000000001,0.9949449866897551
8642.73,0.9949436102171326
8642.74,0.9949418293427472
8642.75,0.9949397231167376
8642.76,0.994937352197773
8642.77,0.994934763748517
8642.78,0.9949319948440377
8642.79,0.9949290748956536
8642.800000000001,0.994926027415027
8642.81,0.9949228713991741
8642.820000000002,0.9949196223674145
8642.83,0.9949162930362325
8642.84,0.9949128938864705
8642.85,0.994909433657989
8642.86,0.9949059196492878
8642.87,0.9949023579950808
8642.880000000001,0.9948987538780496
8642.89,0.9948951117011611
8642.9,0.9948914352360625
8642.91,0.9948877277318594
8642.92,0.9948839919221932
8642.93,0.9948802302475008
8642.94,0.9948764447643469
8642.95,0.994872637313191
8642.96,0.9948688094640357
8642.970000000001,0.994864962621507
8642.98,0.9948610979879543
8642.99,0.9948572166611763
8643.0,0.994853319587673
8643.01,0.9948494076084355
8643.02,0.9948454814923108
8643.03,0.9948415418854211
8643.039999999999,0.9948375894140726
8643.050000000001,0.9948336245885213
8643.06,0.9948296479035226
8643.07,0.9948256598015537
8643.08,0.9948216606562208
8643.09,0.9948176508186078
8643.1,0.994813630607816
8643.11,0.9948096003220962
8643.12,0.9948055602109596
8643.130000000001,0.9948015105208143
8643.14,0.9947974514549928
8643.150000000001,0.9947933832174198
8643.16,0.9947893059813944
8643.17,0.9947852199168057
8643.18,0.9947811251772198
8643.19,0.9947770218787789
8643.2,0.9947729101617286
8643.21,0.9947687901413598
8643.22,0.9947646619150367
8643.23,0.9947605255871385
8643.24,0.9947563812365222
8643.25,0.9947522289493542
8643.26,0.9947418649778663
8643.27,0.9947376915144241
8643.28,0.9947335103199973
8643.289999999999,0.9947293214466809
8643.300000000001,0.9947251249412149
8643.31,0.9947209208726236
8643.32,0.9947167092685524
8643.33,0.9947124901852092
8643.34,0.9947082636475167
8643.35,0.9947040297023096
8643.36,0.9946997883683325
8643.369999999999,0.9946962325662511
8643.380000000001,0.9946919591040984
8643.39,0.9946876789923823
8643.400000000001,0.9946833922262472
8643.41,0.9946790987957211
8643.42,0.994674798697427
8643.43,0.9946704919067099
8643.44,0.9946661784383865
8643.45,0.9946618582716812
8643.460000000001,0.9946575313970807
8643.47,0.9946531977992243
8643.480000000001,0.9946488574857674
8643.49,0.9946445104462582
8643.5,0.9946401566637035
8643.51,0.9946357961337755
8643.52,0.9946314288308155
8643.53,0.9946270547746423
8643.539999999999,0.9946226739354801
8643.550000000001,0.9946182863271209
8643.56,0.9946138919117368
8643.57,0.9946094906834063
8643.58,0.9946050826720455
8643.59,0.9946006678157288
8643.6,0.9945962461435329
8643.61,0.994591817620495
8643.619999999999,0.9945873822571608
8643.630000000001,0.994582940038679
8643.64,0.9945784909445153
8643.65,0.9945740349806589
8643.66,0.994569572129459
8643.67,0.994565102388714
8643.68,0.9945606257321746
8643.69,0.9945561421672584
8643.7,0.9945516516814239
8643.710000000001,0.994547154267116
8643.72,0.9945426498958468
8643.730000000001,0.9945381385815423
8643.74,0.9945336203054155
8643.75,0.9945290950510827
8643.76,0.9945245628106297
8643.77,0.9945200235815599
8643.78,0.9945154773594249
8643.79,0.9945109241211619
8643.8,0.9945063638603964
8643.810000000001,0.9945017965613921
8643.82,0.9944972222314257
8643.83,0.994481539684963
8643.84,0.994476808143067
8643.85,0.9944720667385141
8643.86,0.9944673153894357
8643.869999999999,0.9944625539921783
8643.880000000001,0.99445778249109
8643.89,0.9944530007722123
8643.9,0.994448208744833
8643.91,0.9944434063121178
8643.92,0.9944385933817966
8643.93,0.9944337698365403
8643.94,0.9944289355852829
8643.949999999999,0.9944240905149372
8643.960000000001,0.9944192344944224
8643.97,0.9944143674369675
8643.980000000001,0.994409489200538
8643.99,0.9944045996668418
8644.0,0.9943996987225379
8644.01,0.9943947862259647
8644.02,0.9943898620232301
8644.03,0.9943849259772134
8644.04,0.994379977959981
8644.05,0.9943750178034578
8644.060000000001,0.9943700453614329
8644.07,0.9943650604469684
8644.08,0.9943600629228001
8644.09,0.994355052579422
8644.1,0.9943500292756728
8644.11,0.9943449927870953
8644.12,0.9943399429291531
8644.130000000001,0.9943348795129819
8644.14,0.9943298023177685
8644.15,0.9943247111161326
8644.16,0.9943196056885106
8644.17,0.9943144858170465
8644.18,0.9943093512227658
8644.19,0.9943042016723372
8644.199999999999,0.9942990369077304
8644.210000000001,0.9942938566349396
8644.22,0.994288660565789
8644.23,0.9942834484051977
8644.24,0.9942782198457166
8644.25,0.9942729745545997
8644.26,0.9942677121935442
8644.27,0.9942624324249025
8644.28,0.9942571348535506
8644.29,0.9942518191047837
8644.3,0.9942464847715093
8644.310000000001,0.9942411314415653
8644.32,0.9942357586631739
8644.33,0.9942303659773464
8644.34,0.9942249529018705
8644.35,0.9942195189229412
8644.36,0.9942140635274794
8644.37,0.9942085861388394
8644.38,0.9942030861917528
8644.390000000001,0.9941975630610818
8644.4,0.994192016111437
8644.410000000002,0.9941864446776743
8644.42,0.9941808480313836
8644.43,0.9941752254387085
8644.44,0.9941695761047826
8644.449999999999,0.9941638992133187
8644.460000000001,0.9941581938875285
8644.47,0.9941524592213135
8644.48,0.9941466942302711
8644.49,0.9941408979048568
8644.5,0.9941350691735528
8644.51,0.9941292068826875
8644.52,0.9941233098216551
8644.529999999999,0.9941173767427449
8644.54,0.9941114062731654
8644.55,0.9941053969895239
8644.560000000001,0.9940993473799713
8644.57,0.9940932558188487
8644.58,0.9940871206285548
8644.59,0.9940809399667505
8644.6,0.9940747119139992
8644.61,0.99406843441201
8644.62,0.9940621052785283
8644.63,0.9940557221610224
8644.640000000001,0.9940492825884367
8644.65,0.9940427838866301
8644.66,0.9940362232244303
8644.67,0.9940295975583135
8644.68,0.9940229036195778
8644.69,0.9940161379179282
8644.7,0.9940092967088484
8644.710000000001,0.99400237596467
8644.720000000001,0.9939953713414184
8644.73,0.9939882781962182
8644.740000000002,0.9939810914810376
8644.75,0.9939738057815336
8644.76,0.9939664152312728
8644.77,0.9939589134998108
8644.779999999999,0.9939512937142018
8644.79,0.9939435484147056
8644.8,0.9939356695426403
8644.81,0.9939265530445169
8644.82,0.9939183542519114
8644.83,0.9939099921311304
8644.84,0.9939014551971481
8644.85,0.9938927309163165
8644.86,0.9938838055163335
8644.87,0.9938746638897027
8644.88,0.9938652894302076
8644.890000000001,0.9938556638073816
8644.9,0.9938457668016918
8644.91,0.9938355760285664
8644.92,0.9938250666576367
8644.93,0.9938142110899157
8644.94,0.9938029785614826
8644.95,0.9937913347523023
8644.96,0.9937792411799437
8644.970000000001,0.9937666546672713
8644.98,0.9937535265759
8644.990000000002,0.9937398020158197
8645.0,0.9937254187287068
8645.01,0.9937103060087099
8645.02,0.993694383182829
8645.03,0.9936775578730375
8645.04,0.9936597239133771
8645.050000000001,0.9936407587761328
8645.06,0.9936205204206288
8645.07,0.9935988433519235
8645.08,0.9935755339203816
8645.09,0.9935503641397179
8645.1,0.9935230641654534
8645.109999999999,0.9934933125509878
8645.12,0.993460723842335
8645.13,0.9934248323829974
8645.140000000001,0.9933850712819186
8645.15,0.9933407443222075
8645.16,0.993290988395783
8645.17,0.9932347223231333
8645.18,0.9931705760594588
8645.19,0.9930963415698263
8645.2,0.9930101230255342
8645.21,0.9929095256776364
8645.220000000001,0.9927900136615562
8645.23,0.9926453794031449
8645.24,0.9924669068511295
8645.25,0.9922419107914127
8645.26,0.9919507045829382
8645.27,0.991533281248736
8645.28,0.9909130975734106
8645.29,0.9899606016912145
8645.300000000001,0.9883999044654466
8645.31,0.9856622582301339
8645.320000000002,0.9810073649060093
8645.33,0.9734968592128803
8645.34,0.9623622744207082
8645.35,0.9478199273727466
8645.359999999999,0.9312640419762523
8645.37,0.9151836875031116
8645.38,0.9030703070374645
8645.39,0.897536235872331
8645.4,0.8997514323113965
8645.41,0.9091492822771903
8645.42,0.9239161979374703
8645.43,0.94064534640768
8645.44,0.9562363206546822
8645.45,0.969012256708043
8645.46,0.9780302101939659
8645.470000000001,0.9838078572457867
8645.48,0.9872662561859561
8645.49,0.9892384108916059
8645.5,0.9904103246257583
8645.51,0.9911264000906369
8645.52,0.9916190101800286
8645.53,0.9919315593329285
8645.539999999999,0.9921643650506432
8645.550000000001,0.9923415298710244
8645.56,0.9924775725417632
8645.570000000002,0.9925807105021297
8645.58,0.992657216530737
8645.59,0.9927101645111203
8645.6,0.9927367039424063
8645.61,0.9927310999447996
8645.62,0.9926914140524438
8645.630000000001,0.9926137969602126
8645.64,0.9925091445877667
8645.650000000001,0.9923864443103663
8645.66,0.9922583900762467
8645.67,0.992173377236654
8645.68,0.9921469582642509
8645.689999999999,0.9921972061187851
8645.7,0.9923058216730114
8645.71,0.9924671947043392
8645.720000000001,0.9926326813024252
8645.73,0.9927824238460579
8645.74,0.9929144565284124
8645.75,0.9930134772931514
8645.76,0.9930849884453975
8645.77,0.9931337358892905
8645.78,0.9931668323721805
8645.789999999999,0.9931905603147341
8645.800000000001,0.9932082393096281
8645.81,0.9932206821371313
8645.82,0.9932299047917872
8645.83,0.9932368707633822
8645.84,0.9932420929090711
8645.85,0.9932459317617707
8645.86,0.9932486491701753
8645.87,0.9932504404747814
8645.880000000001,0.9932514547444061
8645.89,0.9932518021235093
8645.900000000001,0.993251575509389
8645.91,0.9932508490157004
8645.92,0.9932496828372513
8645.93,0.9932481268761806
8645.94,0.9932462229750978
8645.95,0.9932440065363107
8645.960000000001,0.9932415078563768
8645.97,0.9932387530188631
8645.98,0.9932357646760347
8645.99,0.9932325626018927
8646.0,0.9932291641829005
8646.01,0.9932255848102294
8646.02,0.9932218380998651
8646.03,0.99321793625602
8646.039999999999,0.993213890190431
8646.050000000001,0.9932097096861685
8646.06,0.9932054036196019
8646.07,0.9932009799840384
8646.08,0.9931964460687405
8646.09,0.9931918084612497
8646.1,0.9931870732394495
8646.11,0.9931822459087554
8646.119999999999,0.9931773315548359
8646.130000000001,0.993172334818343
8646.14,0.993167259986027
8646.150000000001,0.9931621110167483
8646.16,0.993156891545138
8646.17,0.9931516049689674
8646.18,0.9931462544101701
8646.19,0.993140842770651
8646.2,0.99313537274774
8646.210000000001,0.9931298468664782
8646.22,0.9931242674539559
8646.230000000001,0.993118636693418
8646.24,0.9931129566229793
8646.25,0.9931072291567167
8646.26,0.9931014560739255
8646.27,0.9930956390367752
8646.28,0.9930897796146949
8646.289999999999,0.9930838792909591
8646.300000000001,0.99307793943192
8646.31,0.9930719613401767
8646.32,0.9930659462367282
8646.33,0.993059895251593
8646.34,0.9930538095075457
8646.35,0.9930476899891207
8646.36,0.9930415376840246
8646.369999999999,0.9930353534750861
8646.380000000001,0.9930291382552213
8646.39,0.9930228928131558
8646.4,0.9930166179206238
8646.41,0.9930103143111993
8646.42,0.9930039826579233
8646.43,0.9929976236450798
8646.44,0.9929912378564382
8646.45,0.9929848259017373
8646.460000000001,0.9929783883281281
8646.47,0.9929719256704488
8646.480000000001,0.9929654384184816
8646.49,0.9929589270660798
8646.5,0.9929523920369372
8646.51,0.9929458338036805
8646.52,0.9929392527333599
8646.53,0.9929326492392958
8646.54,0.992926023702559
8646.55,0.9929193764483776
8646.560000000001,0.9929137675710761
8646.57,0.9929070540702873
8646.58,0.9929003206133584
8646.59,0.9928935674660438
8646.6,0.9928867948845854
8646.61,0.9928800030776087
8646.619999999999,0.9928731922958465
8646.630000000001,0.9928663627259872
8646.64,0.992859514602594
8646.65,0.9928526480895825
8646.66,0.9928457633818712
8646.67,0.9928388606598201
8646.68,0.9928319400999462
8646.69,0.992825001845778
8646.699999999999,0.9928180460730829
8646.710000000001,0.992811072920249
8646.72,0.9928040825287964
8646.730000000001,0.9927970750241488
8646.74,0.9927900505482824
8646.75,0.9927830092293248
8646.76,0.992775951168444
8646.77,0.9927688764917256
8646.78,0.992761785300474
8646.79,0.9927546776996546
8646.8,0.9927475537790552
8646.810000000001,0.9927404136374852
8646.82,0.992733257377423
8646.83,0.9927260850760544
8646.84,0.9927188968007317
8646.85,0.9927116860938489
8646.86,0.9927044660656857
8646.87,0.9926972302947312
8646.880000000001,0.9926899788417675
8646.890000000001,0.9926827117919632
8646.9,0.9926754291933454
8646.91,0.9926681310994248
8646.92,0.9926608175808648
8646.93,0.9926534886658384
8646.94,0.9926461444354361
8646.949999999999,0.9926387849097995
8646.960000000001,0.992631410156224
8646.97,0.992634691256399
8646.98,0.9926271511889618
8646.99,0.9926195985453304
8647.0,0.9926120332998516
8647.01,0.9926044554115415
8647.02,0.992596864871744
8647.03,0.9925892616446483
8647.04,0.9925816456928902
8647.05,0.9925740169922758
8647.060000000001,0.9925663755163547
8647.07,0.9925587212578408
8647.08,0.9925510541491347
8647.09,0.9925433741993449
8647.1,0.9925356813611479
8647.11,0.9925279756083255
8647.12,0.9925202569301116
8647.13,0.992512525277293
8647.140000000001,0.9925047806295063
8647.15,0.9924970229616683
8647.16,0.9924892522516778
8647.17,0.9924814684528194
8647.18,0.992473671548318
8647.19,0.9924658615019654
8647.2,0.9924580383093442
8647.210000000001,0.9924502019183901
8647.22,0.9924423523011056
8647.23,0.9924344894477514
8647.24,0.992426613302837
8647.25,0.99241872386331
8647.26,0.9924108210876472
8647.27,0.9924029049410279
8647.279999999999,0.9923949754039362
8647.29,0.99238703243978
8647.3,0.9923790760281918
8647.31,0.9923711061405431
8647.32,0.9923631227230285
8647.33,0.9923551257807823
8647.34,0.9923471152701175
8647.35,0.9923390911497082
8647.36,0.9923308696622211
8647.37,0.9923228156308518
8647.38,0.9923147478369297
8647.390000000001,0.9923066662632298
8647.4,0.9922985708931578
8647.41,0.9922904616740409
8647.42,0.9922823385841546
8647.43,0.9922742015832238
8647.44,0.9922660506418952
8647.45,0.9922578857328347
8647.460000000001,0.9922497068074299
8647.470000000001,0.9922415138476132
8647.48,0.992233306815915
8647.490000000002,0.99222508568293
8647.5,0.9922168504045838
8647.51,0.9922086009558835
8647.52,0.9922003373036102
8647.529999999999,0.9921920594036414
8647.54,0.9921837672313503
8647.55,0.9921754607459273
8647.56,0.9921671399115054
8647.57,0.9921588046893575
8647.58,0.99215045506339
8647.59,0.9921420909765855
8647.6,0.9921337124056737
8647.61,0.9921253193182422
8647.62,0.9921169116566076
8647.63,0.9921084894035813
8647.640000000001,0.9921000525110357
8647.65,0.9920916009493814
8647.66,0.9920831346759644
8647.67,0.9920746536550644
8647.68,0.9920661578439535
8647.69,0.9920576472096269
8647.7,0.9920491217058836
8647.71,0.9920405812990507
8647.720000000001,0.9920320259483318
8647.73,0.9920234556242002
8647.74,0.9920148702636733
8647.75,0.9920062698299069
8647.76,0.9919976542896245
8647.77,0.9919890235976028
8647.78,0.9919803777204885
8647.79,0.9919717165949667
8647.800000000001,0.9919630401949164
8647.81,0.9919543484592058
8647.820000000002,0.9919456413584922
8647.83,0.9919369188411508
8647.84,0.9919281808484351
8647.85,0.9919194273539857
8647.859999999999,0.9919106582997548
8647.87,0.9919018736293372
8647.88,0.9918930732981164
8647.89,0.9918842572635774
8647.9,0.9918754254594403
8647.91,0.9918665778432643
8647.92,0.991857714361342
8647.93,0.9918488349392353
8647.94,0.9918399395418961
8647.95,0.9918310281101015
8647.96,0.9918221005655684
8647.970000000001,0.9918131568578713
8647.98,0.9918041969328684
8647.99,0.9917952207120839
8648.0,0.9917862281327632
8648.01,0.9917772191328278
8648.02,0.9917681936202621
8648.03,0.991759151547075
8648.039999999999,0.99175009282571
8648.050000000001,0.9917410173832164
8648.06,0.9917319251242391
8648.070000000002,0.9917228159605338
8648.08,0.9917136898256131
8648.09,0.9917045466100877
8648.1,0.9916953862160106
8648.11,0.9916862085502657
8648.12,0.9916770134991532
8648.130000000001,0.9916678009490747
8648.14,0.9916585707864018
8648.15,0.9916493228732598
8648.16,0.9916400571085857
8648.17,0.9916307733218356
8648.18,0.9916214713733342
8648.19,0.9916121511175461
8648.2,0.9916028123681899
8648.21,0.9915934549484184
8648.220000000001,0.9915840786769411
8648.23,0.9915746833348004
8648.24,0.9915652687072666
8648.25,0.9915558345605779
8648.26,0.9915463806213786
8648.27,0.991536906617178
8648.28,0.9915274122423667
8648.289999999999,0.991517897168312
8648.300000000001,0.9915083610348525
8648.31,0.9914988034446685
8648.32,0.9914892239606187
8648.33,0.9914796221155416
8648.34,0.9914699973739571
8648.35,0.9914603491597225
8648.36,0.9914506768337913
8648.37,0.9914409796639735
8648.380000000001,0.9914312568770047
8648.39,0.991421507568238
8648.400000000001,0.9914117307285772
8648.41,0.9914019252438989
8648.42,0.9913920898608309
8648.43,0.9913822231085644
8648.44,0.9913723233685757
8648.45,0.991362388794305
8648.46,0.9913524172449993
8648.47,0.9913423594438443
8648.48,0.9913323061457
8648.49,0.9913222074065672
8648.5,0.99131205942175
8648.51,0.9913018578382654
8648.52,0.9912915975214853
8648.53,0.9912812724717256
8648.539999999999,0.9912708756074184
8648.550000000001,0.9912603985457958
8648.56,0.9912498313417442
8648.57,0.9912391621714204
8648.58,0.9912283768592359
8648.59,0.9912174584389623
8648.6,0.9912063865017101
8648.61,0.9911951320030978
8648.619999999999,0.9911836643637488
8648.630000000001,0.9911719805677773
8648.64,0.9911601476786479
8648.650000000001,0.9911479878522891
8648.66,0.9911353252057743
8648.67,0.9911221499586385
8648.68,0.99110891876087
8648.69,0.9910953332274434
8648.7,0.9910826675375934
8648.710000000001,0.9910697891041322
8648.72,0.9910565506564184
8648.730000000001,0.9910442772214958
8648.74,0.9910334407433653
8648.75,0.9910230019569333
8648.76,0.9910132890778358
8648.769999999999,0.9910047065182027
8648.78,0.990997341539672
8648.789999999999,0.9909897765193943
8648.800000000001,0.9909818482824884
8648.81,0.9909746813611411
8648.82,0.990967480375846
8648.83,0.9909601399773211
8648.84,0.9909523370986496
8648.85,0.9909440084076898
8648.86,0.9909353772811
8648.869999999999,0.9909265022518269
8648.880000000001,0.9909174406955553
8648.89,0.9909081654051969
8648.9,0.9908986991184245
8648.91,0.9908890730801061
8648.92,0.9908793086898346
8648.93,0.9908694233875287
8648.94,0.9908594316977833
8648.95,0.9908493457746519
8648.960000000001,0.9908391757691885
8648.97,0.9908289302018587
8648.980000000001,0.9908186162808814
8648.99,0.9908082400860102
8649.0,0.9907978067643556
8649.01,0.9907873206985175
8649.02,0.9907767856639366
8649.03,0.9907662048913536
8649.04,0.990755581125821
8649.05,0.9907448193345606
8649.060000000001,0.9907341158289507
8649.07,0.9907233755610002
8649.08,0.9907126001087599
8649.09,0.9907017908241291
8649.1,0.9906909488635649
8649.11,0.9906800752789874
8649.119999999999,0.9906691709683062
8649.130000000001,0.9906431230527893
8649.14,0.9906320656135665
8649.15,0.9906209786494958
8649.16,0.9906098626869559
8649.17,0.9905987181791113
8649.18,0.9905875455200374
8649.19,0.9905763450690781
8649.199999999999,0.9905651171142388
8649.210000000001,0.9905538619262961
8649.22,0.9905425797319273
8649.230000000001,0.9905312707306667
8649.24,0.990519935082592
8649.25,0.9905085729141031
8649.26,0.9904971843573619
8649.27,0.990485769507874
8649.28,0.9904743284302804
8649.29,0.9904628611985635
8649.3,0.9904513678425166
8649.310000000001,0.990439848393826
8649.32,0.990428302865192
8649.33,0.9904167312679726
8649.34,0.9904051335867713
8649.35,0.9903935097945444
8649.36,0.9903818598605194
8649.37,0.9903701837581311
8649.380000000001,0.9903584814274917
8649.39,0.9903461310972423
8649.4,0.9903343610587442
8649.41,0.9903225640449205
8649.42,0.9903107399478738
8649.43,0.9902988886496868
8649.44,0.9902870100228974
8649.449999999999,0.9902751039413159
8649.460000000001,0.9902631702502441
8649.47,0.9902512088221841
8649.48,0.9902392194675899
8649.49,0.9902272020333656
8649.5,0.9902151563308408
8649.51,0.9902030821814726
8649.52,0.9901909793852048
8649.53,0.9901788477386094
8649.54,0.9901666870171966
8649.55,0.9901544969983376
8649.560000000001,0.9901422774313804
8649.57,0.9901300280788694
8649.58,0.990117748668893
8649.59,0.9901054389175377
8649.6,0.9900930985419031
8649.61,0.9900802507138445
8649.62,0.9900678361928946
8649.63,0.9900553896247589
8649.640000000001,0.9900429106181151
8649.65,0.9900303987651585
8649.660000000002,0.9900178536542046
8649.67,0.9900052748215667
8649.68,0.9899926617845739
8649.69,0.9899800140623696
8649.699999999999,0.9899673310885359
8649.710000000001,0.989954612286658
8649.72,0.9899418570765134
8649.73,0.9899290647652036
8649.74,0.9899162346770033
8649.75,0.9899033660512649
8649.76,0.9898904580906366
8649.77,0.9898775099055745
8649.779999999999,0.9898645205663105
8649.79,0.9898514890571447
8649.8,0.9898384142623761
8649.810000000001,0.9898252949684605
8649.82,0.9898121298662154
8649.83,0.9897989174966284
8649.84,0.9897856562776748
8649.85,0.9897723444532335
8649.86,0.9897589800551614
8649.87,0.9897455609210171
8649.88,0.9897320846050265
8649.890000000001,0.9897185484027851
8649.9,0.9897049491982254
8649.91,0.9896912835048602
8649.92,0.9896775473307654
8649.93,0.9896637360863619
8649.94,0.9896498444841779
8649.95,0.9896358663646498
8649.960000000001,0.9896217945308917
8649.970000000001,0.9896076205198729
8649.98,0.9895933342238974
8649.990000000002,0.9895789235871295
8650.0,0.989564373999553
8650.01,0.989549667669759
8650.02,0.9895347826418699
8650.029999999999,0.989519691394501
8650.04,0.9895043596626348
8650.05,0.9894887434950659
8650.06,0.9894727855833345
8650.07,0.9894564105955628
8650.08,0.989439517650576
8650.09,0.9894219692116756
8650.1,0.9894035734771873
8650.11,0.9893839592493985
8650.12,0.9893626701196455
8650.13,0.989339634058371
8650.140000000001,0.9893142549238809
8650.15,0.9892836295344364
8650.16,0.9892472937835525
8650.17,0.9892062508480435
8650.18,0.9891612182825256
8650.19,0.9891173219560614
8650.2,0.9890936939635587
8650.21,0.9890547337180233
8650.220000000001,0.9890297195190133
8650.23,0.9890170525130465
8650.240000000002,0.989014704287237
8650.25,0.9890268759347997
8650.26,0.989040247193154
8650.27,0.9890504296085286
8650.28,0.9890614193321371
8650.29,0.9890663598711893
8650.300000000001,0.9890653360980206
8650.31,0.9890566639674476
8650.32,0.9890429520070233
8650.33,0.9890247701005866
8650.34,0.9890003926470136
8650.35,0.9889686472622521
8650.359999999999,0.9889296123007146
8650.37,0.9888827444132937
8650.38,0.9888341652839234
8650.390000000001,0.9887817154493455
8650.4,0.9887314932729458
8650.41,0.9886964076061701
8650.42,0.9886746906658253
8650.43,0.9886683367426631
8650.44,0.988677402406172
8650.45,0.988695227357359
8650.46,0.9887102165604656
8650.470000000001,0.9887238172725213
8650.48,0.9887313400303439
8650.49,0.9887320016233876
8650.5,0.9887261937872381
8650.51,0.9887141616796564
8650.52,0.9886982663938586
8650.53,0.9886798800912298
8650.54,0.9886590065585307
8650.550000000001,0.9886359576083096
8650.56,0.9886110486567679
8650.570000000002,0.9885843219213761
8650.58,0.988555739638432
8650.59,0.9885251997384535
8650.6,0.9884925427130881
8650.61,0.9884575524798044
8650.62,0.9884199542128211
8650.63,0.9883794057676201
8650.64,0.9883354901896295
8650.65,0.9882877001652374
8650.66,0.9882354206395366
8650.67,0.9881779058690265
8650.68,0.9881142505877527
8650.69,0.9880433543668939
8650.7,0.987963794977808
8650.71,0.9878735297783433
8650.720000000001,0.9877718121033184
8650.73,0.9876617178414887
8650.74,0.9875364947135716
8650.75,0.9873889964570193
8650.76,0.9872088181579317
8650.77,0.9870146821204173
8650.78,0.9868059640665587
8650.789999999999,0.9866234421378328
8650.800000000001,0.986458392607135
8650.81,0.9862680867580703
8650.820000000002,0.9860905799035212
8650.83,0.9859964878261508
8650.84,0.9859197706145959
8650.85,0.9859596016527519
8650.86,0.9860085878295234
8650.87,0.9861448570486634
8650.880000000001,0.9863062185234499
8650.89,0.9864424412514865
8650.900000000001,0.9865858287087638
8650.91,0.9867641383018309
8650.92,0.9869275186008173
8650.93,0.9870783144573879
8650.939999999999,0.987198047276077
8650.95,0.9872942540597954
8650.96,0.987374512953535
8650.970000000001,0.9874460054359847
8650.98,0.987505929905631
8650.99,0.9875548049868579
8651.0,0.9875947206558923
8651.01,0.9876272141823542
8651.02,0.987653429664982
8651.03,0.9876743102966391
8651.039999999999,0.9876906361327036
8651.050000000001,0.9877030544468021
8651.06,0.9877126937959976
8651.07,0.9877188130037096
8651.08,0.9877223942716488
8651.09,0.9877237566035665
8651.1,0.9877231705511546
8651.11,0.9877208661020026
8651.12,0.9877170394334529
8651.130000000001,0.9877118585616332
8651.14,0.9877054678829823
8651.150000000001,0.9876979918859871
8651.16,0.9876895382333507
8651.17,0.9876802003425783
8651.18,0.9876700593924527
8651.19,0.987659186255842
8651.2,0.9876476427619192
8651.210000000001,0.9876354831162774
8651.22,0.9876227548159815
8651.230000000001,0.9876099518109763
8651.24,0.9875961953894099
8651.25,0.9875819814298157
8651.26,0.9875673383475763
8651.27,0.9875522911286291
8651.28,0.9875368617908823
8651.289999999999,0.9875210696460638
8651.300000000001,0.9875049316352974
8651.31,0.9874884625709013
8651.32,0.9874716753719764
8651.33,0.9874545811679165
8651.34,0.9874371895940252
8651.35,0.987419508801646
8651.36,0.9874015456505187
8651.369999999999,0.987383305800518
8651.380000000001,0.9873647937649133
8651.39,0.9873460130203813
8651.400000000001,0.9873269660596377
8651.41,0.9873076544184659
8651.42,0.9872880787906552
8651.43,0.9872682389646806
8651.44,0.9872481339125458
8651.45,0.9872277618215591
8651.460000000001,0.9872071200439312
8651.47,0.9871862051439955
8651.480000000001,0.9871650129233739
8651.49,0.987143538367366
8651.5,0.9871217756494497
8651.51,0.9870997181206048
8651.52,0.9870773583018146
8651.53,0.9870546878182407
8651.54,0.9870316973773158
8651.550000000001,0.9870083767391655
8651.56,0.9869847146868025
8651.57,0.986960698903727
8651.58,0.9869363159868408
8651.59,0.986911551319112
8651.6,0.9868863890232537
8651.61,0.9868608118597844
8651.619999999999,0.986834801120934
8651.630000000001,0.9868083365252269
8651.64,0.9867813960831395
8651.65,0.9867539559727604
8651.66,0.9867259903552499
8651.67,0.9866974712303463
8651.68,0.9866683682187413
8651.69,0.9866386483558217
8651.7,0.9866082758338353
8651.710000000001,0.986577211724719
8651.72,0.986545413693969
8651.730000000001,0.9865128356463191
8651.74,0.9864794273219621
8651.75,0.9864451331839256
8651.76,0.9864098946588468
8651.77,0.9863736454951162
8651.78,0.9863363138621427
8651.79,0.9862978208975397
8651.8,0.9862580799480882
8651.810000000001,0.9862169956144576
8651.82,0.9861744626714841
8651.83,0.9861303648949288
8651.84,0.9860845735971651
8651.85,0.9860369460504537
8651.86,0.9859873235997276
8651.869999999999,0.985935529525723
8651.880000000001,0.9858813665062675
8651.89,0.9858246136810488
8651.9,0.9857650232172199
8651.91,0.9857023162779447
8651.92,0.9856361782635198
8651.93,0.9855662531629696
8651.94,0.9854921368840921
8651.949999999999,0.9854133692173592
8651.960000000001,0.9853294242598176
8651.97,0.985239698852369
8651.98,0.9851434985553242
8651.99,0.9850400205331847
8652.0,0.9849283326775159
8652.01,0.9848073475452079
8652.02,0.984675790862517
8652.03,0.9845321609329012
8652.04,0.9843746782504087
8652.05,0.9842012215246879
8652.060000000001,0.9840090879845174
8652.07,0.9837954479575668
8652.08,0.9835565499090991
8652.09,0.9832877389552477
8652.1,0.9829832491383668
8652.11,0.982635865181053
8652.12,0.9822364531731184
8652.130000000001,0.9817732913909564
8652.140000000001,0.9812310783495858
8652.15,0.9805893863948335
8652.16,0.9797853663386565
8652.17,0.9788038483684344
8652.18,0.977610611769467
8652.19,0.9761704929351058
8652.199999999999,0.9742503036138679
8652.210000000001,0.9716624216462326
8652.22,0.9682169986336232
8652.23,0.9639061560232813
8652.24,0.9586416757741116
8652.25,0.9526278443529076
8652.26,0.9464740656245333
8652.27,0.9398060823519143
8652.28,0.9333067240805616
8652.29,0.9284275754062397
8652.3,0.9259166992068917
8652.310000000001,0.9252364421962334
8652.32,0.9270714592609997
8652.33,0.9309046494257277
8652.34,0.9368681596775835
8652.35,0.9435773264246694
8652.36,0.9499152617798611
8652.37,0.9558621565206044
8652.38,0.961568345854364
8652.390000000001,0.9662084511645103
8652.4,0.9699640864846735
8652.41,0.9729090336856165
8652.42,0.9749609782492346
8652.43,0.976567796773186
8652.44,0.977810600767456
8652.45,0.9788341395518863
8652.460000000001,0.9796646637188822
8652.47,0.9803245919011946
8652.48,0.9808630580214438
8652.49,0.9813146872192261
8652.5,0.981696699189092
8652.51,0.9820221708157976
8652.52,0.9823012236611509
8652.529999999999,0.9825418092980714
8652.54,0.9827502519345857
8652.55,0.9829316356035045
8652.56,0.9830900826234712
8652.57,0.983228751609121
8652.58,0.983350399093995
8652.59,0.9834573755864437
8652.6,0.983551593366201
8652.61,0.9836346620461018
8652.62,0.983707944295664
8652.63,0.983772600022785
8652.640000000001,0.9838296215072149
8652.65,0.9838798616261929
8652.66,0.9839240567781831
8652.67,0.9839628453955412
8652.68,0.9839967831710714
8652.69,0.9840263556272812
8652.7,0.9840519884327896
8652.71,0.9840740560495067
8652.720000000001,0.9840928889786552
8652.73,0.9841087797320955
8652.740000000002,0.9841219880077375
8652.75,0.9841327449632482
8652.76,0.984141256936227
8652.77,0.9841477084944547
8652.779999999999,0.9841522652365694
8652.79,0.9841550759631434
8652.8,0.9841562747626035
8652.81,0.984155982709061
8652.82,0.9841543092736083
8652.83,0.9841513537237233
8652.84,0.9841472061797988
8652.85,0.9841419486338556
8652.86,0.9841356557944926
8652.87,0.9841283958586984
8652.88,0.984120231186318
8652.890000000001,0.9841112188376292
8652.9,0.9841014111874296
8652.91,0.9840908562927523
8652.92,0.9840795983711039
8652.93,0.9840676781119639
8652.94,0.9840551330689519
8652.95,0.9840419979076025
8652.96,0.9840283046164034
8652.970000000001,0.9840140828436883
8652.98,0.9839993600591738
8652.99,0.9839841617193816
8653.0,0.9839685114744152
8653.01,0.9839524312787653
8653.02,0.9839359415853155
8653.03,0.9839190614327227
8653.04,0.983901808543104
8653.050000000001,0.9838841994859563
8653.06,0.9838662497161583
8653.070000000002,0.9838479736562312
8653.08,0.9838293848238854
8653.09,0.9838104958879229
8653.1,0.9837913186539503
8653.109999999999,0.9837718642628074
8653.12,0.9837521431175894
8653.13,0.9837321649975972
8653.14,0.9837119390974072
8653.15,0.9836914740603
8653.16,0.983670778001022
8653.17,0.9836498585891335
8653.18,0.9836287230036805
8653.19,0.9836073780564555
8653.2,0.983585830142899
8653.21,0.9835640853178715
8653.220000000001,0.9835421492530095
8653.23,0.983520027372053
8653.24,0.983497724738798
8653.25,0.983475246176459
8653.26,0.9834525962347744
8653.27,0.9834297792263292
8653.28,0.9834067992092614
8653.289999999999,0.9833836600645559
8653.300000000001,0.9833603654392512
8653.31,0.983336918805462
8653.320000000002,0.9833133234495416
8653.33,0.9832895824893949
8653.34,0.98326569887294
8653.35,0.9832416754273618
8653.36,0.9832175147874319
8653.37,0.9831915601461345
8653.380000000001,0.9831671105714384
8653.39,0.9831425305737587
8653.4,0.9831178223466489
8653.41,0.9830929878926485
8653.42,0.9830680292062333
8653.43,0.9830429481144235
8653.44,0.9830177463686601
8653.45,0.982992425656971
8653.46,0.9829669875639052
8653.470000000001,0.9829414335760058
8653.48,0.9829157651723726
8653.49,0.9828899836785691
8653.5,0.9828640904063959
8653.51,0.9828380866045936
8653.52,0.982811973412902
8653.53,0.9827857519636405
8653.539999999999,0.9827594233149528
8653.550000000001,0.9827329884611252
8653.56,0.9827064483501661
8653.57,0.9826798038935213
8653.58,0.9826530559618205
8653.59,0.9826262053590359
8653.6,0.9825992528539578
8653.61,0.9825721991742228
8653.62,0.9825450450290877
8653.630000000001,0.9825177910476414
8653.64,0.982490437860933
8653.650000000001,0.9824629860660157
8653.66,0.9824354362011246
8653.67,0.9824077887838935
8653.68,0.9823800443107593
8653.69,0.9823522032469258
8653.7,0.9823242660089745
8653.71,0.9822962330102339
8653.72,0.9822734705363646
8653.73,0.9822452444955333
8653.74,0.9822169237487032
8653.75,0.9821885086035155
8653.76,0.9821599993367675
8653.77,0.9821313962044695
8653.78,0.982102699456311
8653.789999999999,0.9820739093045184
8653.800000000001,0.9820450259394236
8653.81,0.982016049536183
8653.82,0.9819869802540346
8653.83,0.9819578182302869
8653.84,0.9819285635838424
8653.85,0.9818992164096645
8653.86,0.9818697767950434
8653.869999999999,0.9818402448032074
8653.880000000001,0.9818106204712126
8653.89,0.9817809038365596
8653.900000000001,0.9817510949074225
8653.91,0.9817211936820511
8653.92,0.9816912001316306
8653.93,0.9816611142218299
8653.94,0.9816309358911287
8653.95,0.9816006650650658
8653.960000000001,0.9815703016450745
8653.97,0.9815398455308404
8653.980000000001,0.9815092966089752
8653.99,0.9814786547078024
8654.0,0.9814479196802397
8654.01,0.9814170913398261
8654.019999999999,0.9813861694851707
8654.03,0.9813551539139573
8654.039999999999,0.9813240443522813
8654.050000000001,0.9812928405596311
8654.06,0.9812615422502903
8654.07,0.981230149105954
8654.08,0.9811986608114159
8654.09,0.9811670770063812
8654.1,0.9811353973062779
8654.11,0.981103621301343
8654.119999999999,0.98107174855008
8654.130000000001,0.9810397786124488
8654.14,0.9810077109503887
8654.15,0.9809755450406664
8654.16,0.9809432803314642
8654.17,0.9809109161737218
8654.18,0.9808784519336404
8654.19,0.980845886895979
8654.2,0.9808132203214955
8654.210000000001,0.9807804514004901
8654.22,0.9807475792612792
8654.230000000001,0.9807146029888191
8654.24,0.9806815215653368
8654.25,0.9806483339281742
8654.26,0.9806150389131827
8654.27,0.9805816352792665
8654.28,0.9805481216888408
8654.29,0.9805144966697297
8654.3,0.9804807586472699
8654.310000000001,0.9804469058981379
8654.32,0.9804129365553332
8654.33,0.9803788485893719
8654.34,0.9803446397816896
8654.35,0.9803103076988579
8654.36,0.9802758496889976
8654.369999999999,0.9802412628263163
8654.380000000001,0.9802065438751135
8654.39,0.9801716892823498
8654.4,0.9801366951235669
8654.41,0.9801015570308147
8654.42,0.9800662701154575
8654.43,0.9800308289664186
8654.44,0.9799952275251547
8654.449999999999,0.9799594589552273
8654.460000000001,0.9799235155812024
8654.47,0.979887388719695
8654.480000000001,0.979851068524863
8654.49,0.9798145437662054
8654.5,0.9797778016537639
8654.51,0.979740827450266
8654.52,0.9797036042030487
8654.53,0.9796661122565994
8654.54,0.979628328766651
8654.55,0.9795902269480804
8654.560000000001,0.9795517753602935
8654.57,0.979512936740047
8654.58,0.9794736667298987
8654.59,0.9794339121346299
8654.6,0.979393608727358
8654.61,0.9793526782471017
8654.62,0.9793110246434957
8654.630000000001,0.9792685288083817
8654.64,0.9792250415567553
8654.65,0.9791803739453027
8654.66,0.9791342705022816
8654.67,0.9790864261029248
8654.68,0.9790364458591274
8654.69,0.9789837549014309
8654.699999999999,0.97892756637633
8654.710000000001,0.9788667784020163
8654.72,0.9787998041076451
8654.73,0.9787242723168188
8654.74,0.9786341200328142
8654.75,0.9785208508664116
8654.76,0.9783782199458452
8654.77,0.9781830781317409
8654.78,0.9778995154446736
8654.79,0.9774898660983783
8654.8,0.9769174459153416
8654.810000000001,0.9761530981269696
8654.82,0.9752800585937182
8654.83,0.9743228859256048
8654.84,0.9734585620931141
8654.85,0.9729377843337506
8654.86,0.9728131531306039
8654.87,0.9731135231967464
8654.88,0.9737988014954292
8654.890000000001,0.9746750572971704
8654.9,0.9755098849109516
8654.910000000002,0.9762532443958202
8654.92,0.9768130620800055
8654.93,0.9772019636142902
8654.94,0.9774507443445426
8654.949999999999,0.9775966743577644
8654.960000000001,0.9776769775946965
8654.97,0.9777218339101
8654.98,0.9777422658894903
8654.99,0.9777438125581179
8655.0,0.9777356191002436
8655.01,0.9777204733483215
8655.02,0.9777002079127641
8655.029999999999,0.9776760786647529
8655.04,0.9776489731641758
8655.05,0.9776195342323006
8655.060000000001,0.9775882275845975
8655.07,0.977555357472887
8655.08,0.9775212178991781
8655.09,0.9774860123253499
8655.1,0.9774499021673039
8655.11,0.9774130135359711
8655.12,0.9773754533177886
8655.13,0.9773373028388949
8655.140000000001,0.9772986301948816
8655.15,0.9772594914474443
8655.16,0.9772199330958787
8655.17,0.9771799939739234
8655.18,0.9771397067007951
8655.19,0.9770990988631902
8655.2,0.977058193866002
8655.210000000001,0.9770170116724982
8655.220000000001,0.9769755694274366
8655.23,0.9769338818578931
8655.240000000002,0.9768919617125014
8655.25,0.9768498199998646
8655.26,0.976807466327562
8655.27,0.9767649090897835
8655.279999999999,0.9767221555753157
8655.29,0.9766792122037047
8655.3,0.9766360846208646
8655.31,0.9765927777810852
8655.32,0.9765492960293464
8655.33,0.9765056432594708
8655.34,0.9764618228593644
8655.35,0.9764178378378633
8655.36,0.9763736908812448
8655.37,0.9763293843241173
8655.38,0.9762849202796922
8655.390000000001,0.9762403005795656
8655.4,0.9761955268707015
8655.41,0.9761506005887672
8655.42,0.9761055229907825
8655.43,0.9760602952275318
8655.44,0.9760149182607307
8655.45,0.9759693929524211
8655.46,0.9759237200457532
8655.470000000001,0.9758779001917227
8655.48,0.9758319339406231
8655.490000000002,0.9757858217659
8655.5,0.9757525446104657
8655.51,0.9757052826644754
8655.52,0.9756586330027844
8655.53,0.9756118388852115
8655.54,0.9755649004528689
8655.550000000001,0.9755178177632308
8655.56,0.9754705908468413
8655.57,0.9754232197038013
8655.58,0.9753757042698044
8655.59,0.9753280444489484
8655.6,0.9752802401469565
8655.609999999999,0.9752322911832717
8655.62,0.9751841973802983
8655.63,0.9751359585415259
8655.640000000001,0.9750875744170188
8655.65,0.9750390447467723
8655.66,0.9749871234650419
8655.67,0.9749382454885808
8655.68,0.9748892195489529
8655.69,0.9748400452426386
8655.7,0.9747907221339711
8655.71,0.9747412497940814
8655.720000000001,0.974691627757131
8655.73,0.9746418555191403
8655.74,0.9745919325824012
8655.75,0.9745418584073059
8655.76,0.9744916324655288
8655.77,0.9744412541779823
8655.78,0.9743907229392736
8655.79,0.9743400381596325
8655.800000000001,0.9742891992015532
8655.81,0.9742382053961479
8655.820000000002,0.9741870560624972
8655.83,0.9741357505100867
8655.84,0.9740842879993732
8655.85,0.9740326677868142
8655.86,0.9739808890764523
8655.87,0.97392895105548
8655.88,0.9738768528856493
8655.89,0.9738245936811611
8655.9,0.9737721725346932
8655.91,0.9737195884833382
8655.92,0.9736668405339179
8655.93,0.9736139276472401
8655.94,0.9735608487423058
8655.95,0.9735076026443432
8655.96,0.9734541881780878
8655.970000000001,0.9734006040583805
8655.98,0.97334684893384
8655.99,0.9732923284801638
8656.0,0.973238216596381
8656.01,0.9731839290691464
8656.02,0.9731294641380596
8656.03,0.9730748199324384
8656.039999999999,0.9730199944626086
8656.050000000001,0.9729649855513325
8656.06,0.9729097908495826
8656.070000000002,0.9728544078017942
8656.08,0.9727988335771297
8656.09,0.9727430650868022
8656.1,0.9726870989162911
8656.11,0.9726309312393977
8656.12,0.9725745578034186
8656.130000000001,0.9725179738179588
8656.14,0.9724611738469051
8656.150000000001,0.9724041517266306
8656.16,0.9723469003527726
8656.17,0.9722894115588787
8656.18,0.9722316758010559
8656.189999999999,0.9721736819299165
8656.2,0.9721154167307313
8656.21,0.9720568644126873
8656.220000000001,0.9719980060078374
8656.23,0.9719388183766842
8656.24,0.9718792730348608
8656.25,0.9718193345201239
8656.26,0.9717589573885764
8656.27,0.9716980835785228
8656.28,0.9716366420738919
8656.289999999999,0.9715745328394473
8656.300000000001,0.9715116210356018
8656.31,0.9714477208816314
8656.32,0.9713825698664108
8656.33,0.9713157853047972
8656.34,0.9712465928993955
8656.35,0.971174900366195
8656.36,0.9710969341081075
8656.37,0.9710117317393434
8656.380000000001,0.9709139980898691
8656.39,0.9707977363929684
8656.400000000001,0.9706588849581169
8656.41,0.9704928509426223
8656.42,0.9703124865895322
8656.43,0.9701193855101792
8656.44,0.9699321455766755
8656.45,0.9697912438924599
8656.460000000001,0.969702346654678
8656.47,0.9696779490941553
8656.480000000001,0.9697061888602212
8656.49,0.9697707072553499
8656.5,0.9698323447293259
8656.51,0.9698819448300744
8656.52,0.969911236189997
8656.53,0.9699141634123162
8656.539999999999,0.9698952280789163
8656.550000000001,0.9698585338072812
8656.56,0.969810065450117
8656.57,0.9697543169765179
8656.58,0.9696932265509184
8656.59,0.9696271924108196
8656.6,0.9695573805450224
8656.61,0.9694841066867802
8656.619999999999,0.9694071393395692
8656.630000000001,0.9693258902749365
8656.64,0.9692393821327642
8656.65,0.9691460893143692
8656.66,0.9690436581767892
8656.67,0.9689282012875635
8656.68,0.9687836213128553
8656.69,0.9686032466664863
8656.7,0.9683523645452683
8656.710000000001,0.9679753921908387
8656.72,0.9673806944546505
8656.730000000001,0.9664465826117538
8656.74,0.9650473584074898
8656.75,0.9631013533376328
8656.76,0.9607614088456212
8656.77,0.9582599701327327
8656.78,0.9561394314599927
8656.79,0.9549512641976099
8656.800000000001,0.9549510537505865
8656.81,0.9561190348698897
8656.82,0.9581752861523568
8656.83,0.9605463166266937
8656.84,0.9627144111977566
8656.85,0.9644682349503787
8656.86,0.9656789129064726
8656.869999999999,0.9664330512322383
8656.880000000001,0.9668618784559316
8656.89,0.9670841537655157
8656.9,0.9671883936095985
8656.91,0.9672263192989559
8656.92,0.9672309423293988
8656.93,0.9672083938289638
8656.94,0.9671736477096017
8656.95,0.967130423613793
8656.960000000001,0.9670810561788742
8656.97,0.9670271107679406
8656.980000000001,0.9669696821150956
8656.99,0.9669095588053955
8657.0,0.9668472665164964
8657.01,0.9667830378693125
8657.02,0.9667172858916591
8657.03,0.9666502328329036
8657.04,0.9665820594925002
8657.05,0.9665129089740081
8657.060000000001,0.9664428957167572
8657.07,0.9663721121937473
8657.08,0.9663006337448588
8657.09,0.9662285222492378
8657.1,0.9661558288915486
8657.11,0.9660825963019511
8657.119999999999,0.9660088601675354
8657.130000000001,0.9659346505354022
8657.14,0.9658599928611997
8657.15,0.9657849087310345
8657.16,0.9657094165870023
8657.17,0.9656335322181503
8657.18,0.9655572691571618
8657.19,0.9654806390773754
8657.199999999999,0.9654036520463694
8657.210000000001,0.9653263167545973
8657.22,0.9652486407315737
8657.23,0.9651706304923586
8657.24,0.9650922916920056
8657.25,0.9650136292362744
8657.26,0.9649346473630166
8657.27,0.9648553497414578
8657.28,0.9647757395328486
8657.29,0.9646958194785227
8657.3,0.9646155919108029
8657.310000000001,0.9645350588147708
8657.32,0.9644542218896793
8657.33,0.9643730825508804
8657.34,0.9642916419827687
8657.35,0.9642099004125554
8657.36,0.964127859951951
8657.37,0.9640455205664372
8657.380000000001,0.963962882701799
8657.390000000001,0.9638799466532859
8657.4,0.9637967125951035
8657.410000000002,0.9637131805620224
8657.42,0.9636299931564953
8657.43,0.9635458510594744
8657.44,0.9634613882478064
8657.449999999999,0.9633766480913857
8657.460000000001,0.9632916091678627
8657.47,0.9632062710061333
8657.48,0.9631206330473239
8657.49,0.9630346947084907
8657.5,0.9629484553573435
8657.51,0.9628618155715408
8657.52,0.9627749669942325
8657.53,0.9626878150502612
8657.54,0.9626003589195177
8657.55,0.9625125977398454
8657.560000000001,0.9624245306033783
8657.57,0.9623361565784357
8657.58,0.9622474747102148
8657.59,0.9621584840108295
8657.6,0.9620691834438244
8657.61,0.9619795719881189
8657.62,0.9618896485690047
8657.63,0.9617994120974634
8657.640000000001,0.9617088614551778
8657.65,0.9616179955159737
8657.66,0.9615268131137015
8657.67,0.9614353130997497
8657.68,0.9613434942527672
8657.69,0.961251355379673
8657.7,0.9611588952549794
8657.710000000001,0.9610661126387144
8657.720000000001,0.9609730062624496
8657.73,0.9608795748580125
8657.74,0.9607858171289653
8657.75,0.9606917317786076
8657.76,0.9605973174798687
8657.77,0.9605025729262459
8657.779999999999,0.9604074967483092
8657.79,0.9603120875912062
8657.8,0.960216344087791
8657.81,0.9601202648579601
8657.82,0.9600238484883666
8657.83,0.9599270935890474
8657.84,0.959829998739352
8657.85,0.9597325624885986
8657.86,0.9596347834138618
8657.87,0.9595366600346544
8657.88,0.9594381909045334
8657.890000000001,0.9593393745347841
8657.9,0.9592402094478856
8657.91,0.9591406941262862
8657.92,0.9590408270648741
8657.93,0.9589406067441205
8657.94,0.9588427140699608
8657.95,0.9587417335225729
8657.96,0.9586403963628974
8657.970000000001,0.9585387009711205
8657.98,0.9584366457403154
8657.990000000002,0.9583342290413088
8658.0,0.9582314492306863
8658.01,0.9581283046745351
8658.02,0.9580247937017523
8658.03,0.9579209146713709
8658.04,0.9578166659060467
8658.05,0.9577120457113519
8658.06,0.957607052402242
8658.07,0.9575016842929512
8658.08,0.9573959396524981
8658.09,0.9572898167825376
8658.1,0.9571833139449692
8658.11,0.9570764294097632
8658.12,0.9569691614185178
8658.13,0.9568615082202874
8658.140000000001,0.9567534680433132
8658.15,0.9566450391319409
8658.16,0.9565362196816242
8658.17,0.9564270078990521
8658.18,0.9563174019796672
8658.19,0.9562074001185121
8658.2,0.9560970004744994
8658.21,0.9559862012236742
8658.220000000001,0.9558750005143883
8658.23,0.9557633964906876
8658.24,0.9556513872884018
8658.25,0.9555389710291732
8658.26,0.9554261458197766
8658.27,0.9553129097786928
8658.28,0.9551992609779721
8658.29,0.9550851975138233
8658.300000000001,0.9549707174402553
8658.31,0.9548558188420149
8658.320000000002,0.9547404997404905
8658.33,0.9546247581964928
8658.34,0.9545085922111589
8658.35,0.9543919998240676
8658.359999999999,0.9542749790315722
8658.37,0.9541575278230157
8658.38,0.9540396441844757
8658.39,0.9539213260944693
8658.4,0.9538025714865974
8658.41,0.9536833783223281
8658.42,0.9535637445554265
8658.43,0.9534436681017984
8658.44,0.9533231468570095
8658.45,0.9532021787358704
8658.46,0.9530807616273733
8658.470000000001,0.9529588934070942
8658.48,0.9528365719460696
8658.49,0.9527137950950345
8658.5,0.9525905584800554
8658.51,0.9524668639556175
8658.52,0.9523427074921018
8658.53,0.9522180869138008
8658.539999999999,0.9520930000011973
8658.550000000001,0.9519674445313063
8658.56,0.9518414182761874
8658.570000000002,0.9517149189696663
8658.58,0.9515879443689613
8658.59,0.9514604921983078
8658.6,0.9513325601540988
8658.61,0.9512041459574929
8658.62,0.9510752472843691
8658.630000000001,0.9509458618068225
8658.64,0.9508159871826926
8658.65,0.9506856210721336
8658.66,0.9505547610917889
8658.67,0.9504234048695032
8658.68,0.9502915500149183
8658.689999999999,0.9501591941113303
8658.7,0.9500263347444847
8658.71,0.9498929694813532
8658.720000000001,0.9497590958592274
8658.73,0.9496247114248073
8658.74,0.9494898137059751
8658.75,0.9493544001959451
8658.76,0.9492184683899795
8658.77,0.9490820157905268
8658.78,0.948945039825198
8658.789999999999,0.9488075379811592
8658.800000000001,0.9486695076681827
8658.81,0.9485309463181578
8658.82,0.9483918513412668
8658.83,0.9482522201211759
8658.84,0.9481120500423359
8658.85,0.9479713384489621
8658.86,0.9478300827033798
8658.87,0.9476882801349192
8658.880000000001,0.947545928062031
8658.89,0.9474030237697725
8658.900000000001,0.9472595184053938
8658.91,0.9471387414533056
8658.92,0.9469941238197983
8658.93,0.9468489433326214
8658.94,0.9467031972341328
8658.95,0.946556882716634
8658.96,0.9464099969682525
8658.97,0.9462625371650059
8658.98,0.9461145004709338
8658.99,0.9459658840219501
8659.0,0.9458166849304221
8659.01,0.9456669002085358
8659.02,0.945516527060015
8659.03,0.9453655625448786
8659.039999999999,0.9452140037040367
8659.050000000001,0.9450618475972268
8659.06,0.9449090912360881
8659.07,0.9447557316159944
8659.08,0.9446017657373479
8659.09,0.9444471905528198
8659.1,0.9442920030341854
8659.11,0.9441362000912356
8659.119999999999,0.94397977864781
8659.130000000001,0.9438227356040437
8659.14,0.9436650678380277
8659.150000000001,0.9435067722056013
8659.16,0.9433478455627992
8659.17,0.9431882847070243
8659.18,0.9430280864641599
8659.19,0.9428672476120988
8659.2,0.9427057649344946
8659.210000000001,0.9425436351715836
8659.22,0.9423808550355062
8659.230000000001,0.9422174146477138
8659.24,0.9420533226640746
8659.25,0.9418885703284895
8659.26,0.9417231542955353
8659.269999999999,0.9415570711963537
8659.28,0.9413903176354608
8659.289999999999,0.9412228902115215
8659.300000000001,0.9410547854650424
8659.31,0.9408859999726276
8659.32,0.9407165302614784
8659.33,0.9405457859250614
8659.34,0.9403749046870423
8659.35,0.9402033276668358
8659.36,0.940031051251176
8659.369999999999,0.9398580718297291
8659.380000000001,0.9396843857431592
8659.39,0.9395099893502407
8659.4,0.9393348789489038
8659.41,0.9391590508312374
8659.42,0.9389825012549782
8659.43,0.9388052264857304
8659.44,0.9386272227328493
8659.45,0.9384484854436843
8659.460000000001,0.9382690120595184
8659.47,0.9380887981947105
8659.480000000001,0.9379078399911949
8659.49,0.9377261335319952
8659.5,0.9375436748886621
8659.51,0.9373604601287022
8659.52,0.9371764852690048
8659.53,0.936991746324991
8659.54,0.9368062392672508
8659.55,0.9366199600598076
8659.560000000001,0.9364329046155889
8659.57,0.9362450688584736
8659.58,0.9360564486561815
8659.59,0.935867039867847
8659.6,0.9356768383281846
8659.61,0.9354858398387093
8659.619999999999,0.9352940401675313
8659.630000000001,0.9351014350889945
8659.64,0.9349080203194715
8659.65,0.9347137915628323
8659.66,0.934518721673253
8659.67,0.9343228480463043
8659.68,0.9341261471652612
8659.69,0.9339286146066264
8659.699999999999,0.9337302459047233
8659.710000000001,0.9335310365999978
8659.72,0.9333309821590677
8659.730000000001,0.9331300780549842
8659.74,0.9329283197342711
8659.75,0.9327257025808666
8659.76,0.9325222219956504
8659.77,0.9323178733040157
8659.78,0.932112556487204
8659.79,0.9319064462505506
8659.8,0.9316994532410569
8659.810000000001,0.9314915726656049
8659.82,0.9312827996560875
8659.83,0.9310731293539904
8659.84,0.9308625568649502
8659.85,0.9306510772172933
8659.86,0.9304386854648897
8659.87,0.9302253765857478
8659.880000000001,0.9300111455419066
8659.89,0.9297959872781751
8659.9,0.9295798966775459
8659.91,0.9293628686030878
8659.92,0.9291448978786255
8659.93,0.928925979295455
8659.94,0.9287061076158311
8659.949999999999,0.9284852775590717
8659.960000000001,0.9282634838179794
8659.97,0.9280407210381199
8659.98,0.9278169838480426
8659.99,0.9275922668111124
8660.0,0.927366564483279
8660.01,0.92713987125633
8660.02,0.9269121817152711
8660.03,0.9266834902980882
8660.04,0.9264537913979163
8660.05,0.9262230793969363
8660.060000000001,0.9259913485826947
8660.07,0.9257585932718262
8660.08,0.9255248076980045
8660.09,0.9252899860634528
8660.1,0.9250541225738763
8660.11,0.9248172113306828
8660.12,0.9245792438626187
8660.13,0.9243402186112141
8660.140000000001,0.9241001277135774
8660.15,0.9238589651191152
8660.160000000002,0.9236167247518066
8660.17,0.9233734004925432
8660.18,0.9231289861845869
8660.19,0.922883475639454
8660.199999999999,0.9226368625927504
8660.210000000001,0.9223891407894567
8660.22,0.9221403038813969
8660.23,0.9218903454958018
8660.24,0.9216392592474152
8660.25,0.9213870386600526
8660.26,0.9211336772584785
8660.27,0.9208791685033849
8660.279999999999,0.920623505795426
8660.29,0.9203666379868518
8660.3,0.9201086450189285
8660.310000000001,0.9198494776693987
8660.32,0.9195891291443163
8660.33,0.9193275926056199
8660.34,0.9190648611533796
8660.35,0.9188009278488267
8660.36,0.9185357857074918
8660.37,0.9182694276691457
8660.38,0.9180018466639734
8660.390000000001,0.9177330355623895
8660.4,0.9174629871512944
8660.41,0.9171916942165769
8660.42,0.9169191494478796
8660.43,0.9166453455109497
8660.44,0.9163702750215232
8660.45,0.9160939305312915
8660.460000000001,0.9158163045471833
8660.470000000001,0.9155373895266429
8660.48,0.9152571778469113
8660.490000000002,0.9149756618878582
8660.5,0.9146928339443908
8660.51,0.9144086862353986
8660.52,0.9141232109669114
8660.529999999999,0.9138364002810465
8660.54,0.9135482462473118
8660.55,0.9132587408976361
8660.56,0.9129678762221304
8660.57,0.9126756441338046
8660.58,0.9123820295427371
8660.59,0.9120870359780044
8660.6,0.9117906502241353
8660.61,0.9114928639635402
8660.62,0.9111936687917528
8660.63,0.9108930562753915
8660.640000000001,0.9105910179092839
8660.65,0.9102875451461537
8660.66,0.9099826293534216
8660.67,0.9096762609658087
8660.68,0.90936843268822
8660.69,0.9090591351438309
8660.7,0.9087483594963686
8660.71,0.9084360968310032
8660.720000000001,0.9081223381792313
8660.73,0.9078070745222694
8660.740000000002,0.9074902967936378
8660.75,0.9071719958397942
8660.76,0.9068521624804966
8660.77,0.9065307874792312
8660.78,0.9062078615328277
8660.79,0.9058828007043943
8660.800000000001,0.9055790765019591
8660.81,0.9052512841876151
8660.82,0.9049219026450191
8660.83,0.9045909220741996
8660.84,0.9042583326445132
8660.85,0.9039241244193728
8660.859999999999,0.9035882874247587
8660.87,0.9032508116006985
8660.88,0.9029116608962137
8660.890000000001,0.9025708702421429
8660.9,0.9022284095125188
8660.91,0.9018842682836988
8660.92,0.9015384360523249
8660.93,0.9011909022497808
8660.94,0.9008416562229866
8660.95,0.9004906872421669
8660.96,0.9001379845294835
8660.970000000001,0.8997835372108755
8660.98,0.8994273343297737
8660.99,0.8990692655602537
8661.0,0.8987094988512008
8661.01,0.8983479416745371
8661.02,0.8979822788905337
8661.03,0.8976171020294178
8661.04,0.8972501000711627
8661.050000000001,0.8968812612884126
8661.06,0.8965105738833465
8661.070000000002,0.8961380259524764
8661.08,0.8957636055268019
8661.09,0.8953873005136233
8661.1,0.8950090987677173
8661.11,0.8946289880261066
8661.12,0.894246953542586
8661.13,0.8938629865328387
8661.14,0.8934770730241223
8661.15,0.8930892003609974
8661.16,0.8926993557741622
8661.17,0.8923075264205093
8661.18,0.8919136993488123
8661.19,0.891517861498232
8661.2,0.8911199997437045
8661.21,0.8907200564997271
8661.220000000001,0.8903181029482427
8661.23,0.8899140844643787
8661.24,0.8895079873815473
8661.25,0.8890997979166407
8661.26,0.888689502164624
8661.27,0.8882770861219424
8661.28,0.8878625356642043
8661.289999999999,0.8874458365358511
8661.300000000001,0.8870269743833861
8661.31,0.8866059347132574
8661.32,0.8861827029212357
8661.33,0.8857572642979209
8661.34,0.8853296039785322
8661.35,0.8848997070020473
8661.36,0.8844675582810544
8661.37,0.8840331425819788
8661.380000000001,0.8835964445909521
8661.39,0.883157448818784
8661.400000000001,0.8827161396930172
8661.41,0.8822725015021782
8661.42,0.8818265184235072
8661.43,0.8813781744866589
8661.439999999999,0.8809274536322488
8661.45,0.8804743327103505
8661.46,0.8800188060069998
8661.470000000001,0.8795608529006939
8661.48,0.8790986508703693
8661.49,0.8786357999379912
8661.5,0.8781704720691376
8661.51,0.8777026501429868
8661.52,0.8772323169123789
8661.53,0.87675945498396
8661.539999999999,0.8762840468715195
8661.550000000001,0.8758060749368523
8661.56,0.875325521417388
8661.57,0.8748423684320571
8661.58,0.874356597978325
8661.59,0.8738681919268243
8661.6,0.8733771320566202
8661.61,0.8728834000141719
8661.62,0.8723869773615248
8661.630000000001,0.8718878455597419
8661.64,0.871385985967207
8661.650000000001,0.8708813798841323
8661.66,0.8703740085106849
8661.67,0.8698632393999509
8661.68,0.8693501729523272
8661.69,0.8688342735757139
8661.7,0.8683155207391949
8661.710000000001,0.8677938937617663
8661.72,0.8672693717960879
8661.730000000001,0.866741933845784
8661.74,0.8662115587378013
8661.75,0.865678225167025
8661.76,0.8651419116947425
8661.77,0.8646236075034796
8661.78,0.8640810918896692
8661.789999999999,0.8635355380616062
8661.800000000001,0.8629869236552034
8661.81,0.8624352261192729
8661.82,0.8618804199928263
8661.83,0.8613224861066029
8661.84,0.860761399927203
8661.85,0.8601971380558991
8661.86,0.8596296366873555
8661.869999999999,0.8590589475350116
8661.880000000001,0.8584850095947533
8661.89,0.8579077983760917
8661.9,0.8573272891484394
8661.91,0.8567434569620421
8661.92,0.8561562765836582
8661.93,0.8555657225589886
8661.94,0.8549717691820752
8661.95,0.8543743904786069
8661.960000000001,0.8537735602306856
8661.97,0.8531692519419825
8661.980000000001,0.8525614388779976
8661.99,0.8519500940054995
8662.0,0.8513351900675435
8662.01,0.8507166995243606
8662.02,0.8500945945598392
8662.03,0.8494688471057658
8662.04,0.8488394288417306
8662.050000000001,0.84820631118662
8662.06,0.8475694653296837
8662.07,0.8469288539758811
8662.08,0.8462844584140473
8662.09,0.8456362456446248
8662.1,0.8449841850698213
8662.11,0.8443282461590661
8662.119999999999,0.8436683980749158
8662.130000000001,0.8430046097161341
8662.14,0.8423368497043573
8662.15,0.841665086391914
8662.16,0.8409892281199886
8662.17,0.8403093619942676
8662.18,0.8396253961216635
8662.19,0.8389372979091433
8662.2,0.8382450345590664
8662.210000000001,0.8375485730966831
8662.22,0.8368478804274493
8662.230000000001,0.8361429233498544
8662.24,0.8354336440443689
8662.25,0.8347200447651884
8662.26,0.8340020781493117
8662.27,0.8332790958746145
8662.28,0.8325521474022485
8662.29,0.8318207085288443
8662.3,0.8310847417839394
8662.310000000001,0.8303442094472763
8662.32,0.8295989873585846
8662.33,0.8288491700977435
8662.34,0.8280946654521574
8662.35,0.8273354328462587
8662.36,0.8265713908393634
8662.369999999999,0.8258025713498997
8662.380000000001,0.8250485710228489
8662.39,0.824269785101062
8662.4,0.8234860817414041
8662.41,0.8226974180014579
8662.42,0.8219037504689075
8662.43,0.8211050351955781
8662.44,0.820301227708192
8662.449999999999,0.8194922830073296
8662.460000000001,0.8186781555442959
8662.47,0.8178587992516787
8662.48,0.8170341674840267
8662.49,0.8162042130848943
8662.5,0.8153688883628724
8662.51,0.8145281450988804
8662.52,0.8136819345976147
8662.53,0.8128301993445938
8662.54,0.8119728989916639
8662.55,0.811109979747448
8662.560000000001,0.8102413899175581
8662.57,0.8093670772325152
8662.58,0.8084869888235976
8662.59,0.807601071275772
8662.6,0.8067092706087667
8662.61,0.8058115323202607
8662.62,0.8049078014315788
8662.63,0.8039980225446077
8662.640000000001,0.8030810822898161
8662.65,0.8021590227275124
8662.660000000002,0.8012307467793317
8662.67,0.8002961691311689
8662.68,0.7993552727430395
8662.69,0.798407985831921
8662.699999999999,0.7974537514305254
8662.710000000001,0.7964933363170409
8662.72,0.7955263257129065
8662.73,0.7945526539926666
8662.74,0.7935721124812
8662.75,0.7925848643983505
8662.76,0.7915907434836059
8662.77,0.7905896789887268
8662.78,0.7895815991207747
8662.79,0.7885664310465393
8662.8,0.7875441008428916
8662.810000000001,0.7865335106355262
8662.82,0.7854963368581482
8662.83,0.7844518188146706
8662.84,0.7833998801623863
8662.85,0.7823404434731703
8662.86,0.7812734302310552
8662.87,0.7801987608961246
8662.88,0.7791163542887977
8662.890000000001,0.7780261199439908
8662.9,0.776927984466902
8662.91,0.7758218596357829
8662.92,0.7747076588178679
8662.93,0.7735852941397214
8662.94,0.7724546765461754
8662.95,0.7713157158274357
8662.960000000001,0.7701683207476696
8662.970000000001,0.7690123991613003
8662.98,0.7678478582766156
8662.99,0.7666746049637745
8663.0,0.7654925089017965
8663.01,0.7643015272130168
8663.02,0.7631015448804948
8663.029999999999,0.7618924672455467
8663.04,0.760673579920497
8663.05,0.7594457316410219
8663.06,0.7582083547334284
8663.07,0.7569614600323176
8663.08,0.7557048728850451
8663.09,0.7544384733215842
8663.1,0.7531621390762064
8663.11,0.7518757454507702
8663.12,0.7505791651778454
8663.13,0.7492722682967661
8663.140000000001,0.7479725877299978
8663.15,0.7466443575935864
8663.16,0.7453054888696817
8663.17,0.7439558383463721
8663.18,0.7425952707129007
8663.19,0.7412236407872284
8663.2,0.7398407997688592
8663.21,0.7384465948518096
8663.220000000001,0.7370408688535018
8663.23,0.7356234597785414
8663.240000000002,0.7341942003723327
8663.25,0.7327529081930183
8663.26,0.7312993739128485
8663.27,0.7298334685052928
8663.28,0.7283549651878608
8663.29,0.726863616167917
8663.3,0.725358497696392
8663.31,0.7238401012474767
8663.32,0.7223076085448888
8663.33,0.7207599287899058
8663.34,0.7191950032030601
8663.35,0.7176073217074135
8663.359999999999,0.715985599790573
8663.37,0.714306441551875
8663.38,0.712547667259462
8663.390000000001,0.7106218252483993
8663.4,0.7084974626032738
8663.41,0.7061721237487205
8663.42,0.7037161877662698
8663.43,0.7012928722684194
8663.44,0.6991121708467618
8663.45,0.6973241021221822
8663.46,0.6959534337550071
8663.470000000001,0.6948832693511077
8663.48,0.6939122815222981
8663.49,0.6928499539827984
8663.5,0.6915951525129261
8663.51,0.6901283619859344
8663.52,0.6884903322845001
8663.53,0.6867356847847913
8663.54,0.6849089465970832
8663.550000000001,0.6830379504663355
8663.56,0.6811365186876087
8663.570000000002,0.6792108932283735
8663.58,0.6772789535596659
8663.59,0.6753092472689673
8663.6,0.6733180215343079
8663.609999999999,0.6713049622804655
8663.62,0.6692697452172722
8663.63,0.6672124377884826
8663.64,0.6651328374702872
8663.65,0.66303135481843
8663.66,0.6609084252582803
8663.67,0.6587632999564731
8663.68,0.6565958105708929
8663.69,0.6544051153481619
8663.7,0.6521897360620428
8663.71,0.6499484271346516
8663.720000000001,0.6476804923122572
8663.73,0.645385087348334
8663.74,0.643076305876337
8663.75,0.6407241185354823
8663.76,0.6383432673218359
8663.77,0.6359331957071369
8663.78,0.6334932866857488
8663.789999999999,0.6310228150777754
8663.800000000001,0.628521083672844
8663.81,0.6259869291306369
8663.820000000002,0.623419837966621
8663.83,0.6208189149070922
8663.84,0.6181831509522744
8663.85,0.6155115333454848
8663.86,0.6128029881291498
8663.87,0.6100700540094206
8663.880000000001,0.6072840001003769
8663.89,0.6044579244094944
8663.900000000001,0.6015905439743785
8663.91,0.5986805304740123
8663.92,0.5957261390145825
8663.93,0.5927259862018424
8663.939999999999,0.5896784339893439
8663.95,0.5865816101987906
8663.96,0.5834335250048793
8663.970000000001,0.5802454000045731
8663.98,0.5769878036846325
8663.99,0.5736725993117429
8664.0,0.5702970779881585
8664.01,0.5668583199205994
8664.02,0.5633522808559105
8664.03,0.559775938417884
8664.039999999999,0.5561247220474181
8664.050000000001,0.5524063681758116
8664.06,0.5485890704753752
8664.07,0.5446803952512397
8664.08,0.5406697112543402
8664.09,0.5365381703682057
8664.1,0.5323002010918376
8664.11,0.5279314055336424
8664.12,0.523412591190651
8664.130000000001,0.5186797915484538
8664.14,0.513686184750187
8664.150000000001,0.5083103647427827
8664.16,0.5022351853825175
8664.17,0.49456636303476087
8664.18,0.48291932939578647
8664.19,0.46284600694804645
8664.2,0.42905503833675623
8664.210000000001,0.38202162239619963
8664.22,0.33226921892138334
8664.23,0.2915808773869208
8664.24,0.26352265105185807
8664.25,0.24574936848107493
8664.26,0.23516552664986504
8664.27,0.2297295575190617
8664.28,0.22839579801797194
8664.289999999999,0.23090653953177454
8664.300000000001,0.2376925265942241
8664.31,0.24992327155104105
8664.32,0.2694275542109147
8664.33,0.2974614247739468
8664.34,0.33045556600375425
8664.35,0.35780746402976343
8664.36,0.3709708783821565
8664.369999999999,0.3711256835308166
8664.380000000001,0.36333283561528257
8664.39,0.3499499410735565
8664.400000000001,0.32955401997085254
8664.41,0.29967404596814456
8664.42,0.2636773621450259
8664.43,0.23109546211645085
8664.44,0.20772610110264725
8664.45,0.19305364342224607
8664.460000000001,0.18396061456399151
8664.47,0.1778694770635731
8664.480000000001,0.17353664273972497
8664.49,0.17049844177537052
8664.5,0.1685438120285059
8664.51,0.16751853114759388
8664.52,0.16732133038150818
8664.53,0.16793076742844082
8664.539999999999,0.16940246809014448
8664.550000000001,0.17185334992812493
8664.56,0.17542121593283583
8664.57,0.180285526587122
8664.58,0.1867848439942036
8664.59,0.19523504950122447
8664.6,0.2045182193803157
8664.61,0.2115671496111843
8664.619999999999,0.21520721416109423
8664.630000000001,0.21755010199806835
8664.64,0.22094092710326046
8664.65,0.22690772831310724
8664.66,0.2366245218002101
8664.67,0.25117215318525105
8664.68,0.2710043771645086
8664.69,0.29425874361951804
8664.7,0.3152158213276787
8664.710000000001,0.3278809145547691
8664.72,0.332242123583959
8664.730000000001,0.33338427191720593
8664.74,0.33609078598022685
8664.75,0.3431195987017475
8664.76,0.3555709572727187
8664.77,0.37337506997888387
8664.78,0.3951910598826359
8664.79,0.41850701221598724
8664.8,0.44029462757696636
8664.810000000001,0.4582042257514767
8664.82,0.47166381842735
8664.83,0.48148567666569075
8664.84,0.48891620667372176
8664.85,0.49500743274104647
8664.86,0.5003570488967092
8664.869999999999,0.5053406539137888
8664.880000000001,0.5100999927545449
8664.89,0.5146987685369986
8664.9,0.5191652927455613
8664.91,0.5235151514829705
8664.92,0.527745663126914
8664.93,0.5318892665446905
8664.94,0.5359415649281746
8664.949999999999,0.5399091553107186
8664.960000000001,0.5437949825249674
8664.97,0.5476018180807062
8664.980000000001,0.5513349689160593
8664.99,0.5549841837536676
8665.0,0.5585777776522118
8665.01,0.5621063066047708
8665.02,0.5655724972927841
8665.03,0.5689788881830358
8665.04,0.5723274930243304
8665.05,0.5756207634991213
8665.060000000001,0.5788606606897283
8665.07,0.5820490448766983
8665.08,0.585172662583884
8665.09,0.5882614553426416
8665.1,0.5913032692119979
8665.11,0.5942996388543731
8665.12,0.5972522117264952
8665.130000000001,0.6001616602501239
8665.14,0.603029831333983
8665.15,0.6058578550191278
8665.16,0.6086468755982878
8665.17,0.6113979699468248
8665.18,0.6140974807326016
8665.19,0.6167746034715351
8665.199999999999,0.6194164441380599
8665.210000000001,0.6220239467420212
8665.22,0.6245980132723432
8665.23,0.6271398727933555
8665.24,0.6296492967295592
8665.25,0.6321278290456397
8665.26,0.6345761820287349
8665.27,0.6369950122954102
8665.28,0.6393850044601306
8665.29,0.641746806286118
8665.3,0.6440810485216782
8665.310000000001,0.6463727856272317
8665.32,0.6486527024766039
8665.33,0.650906589843139
8665.34,0.6531350139499534
8665.35,0.6553385221311037
8665.36,0.6575176441888138
8665.37,0.6596731898730143
8665.38,0.6618047873426114
8665.390000000001,0.6639135130174861
8665.4,0.6659998136692334
8665.410000000002,0.668064072668991
8665.42,0.6701067216784222
8665.43,0.6721281585730423
8665.44,0.6741287749134747
8665.449999999999,0.6761089532562532
8665.460000000001,0.6780690679522156
8665.47,0.6799928690380675
8665.48,0.6819130696882091
8665.49,0.6838140966048465
8665.5,0.6856962922599408
8665.51,0.6875599899133478
8665.52,0.6894055139292286
8665.529999999999,0.6912332232903763
8665.54,0.6930435820659301
8665.55,0.694836215643809
8665.560000000001,0.6966119052298325
8665.57,0.6983709418883209
8665.58,0.7001135356898026
8665.59,0.7018399699238215
8665.6,0.7035504891555335
8665.61,0.7052453361970082
8665.62,0.7069247502838241
8665.63,0.7085889661580218
8665.640000000001,0.7102382136532845
8665.65,0.7118727166740191
8665.66,0.7134754856173475
8665.67,0.7150805504509379
8665.68,0.7166713987674529
8665.69,0.7182482411161083
8665.7,0.719811283198987
8665.710000000001,0.7213607259742548
8665.720000000001,0.7228967658104714
8665.73,0.7244195947530802
8665.740000000002,0.7259294191131708
8665.75,0.7274266694308509
8665.76,0.7289107539283094
8665.77,0.7303823861161365
8665.779999999999,0.7318417157375915
8665.79,0.7332888927948554
8665.8,0.7347240559963785
8665.81,0.7361473678322683
8665.82,0.737558973079151
8665.83,0.7389590141530422
8665.84,0.7403476302102419
8665.85,0.7417249564404922
8665.86,0.7430911233428708
8665.87,0.7444462559926156
8665.88,0.745790472286708
8665.890000000001,0.7471238780181487
8665.9,0.7484465736419246
8665.91,0.7497404918191285
8665.92,0.7510415557756126
8665.93,0.7523320528380155
8665.94,0.7536119951439715
8665.95,0.7548813432076041
8665.96,0.756139975897689
8665.970000000001,0.7573876314896882
8665.98,0.7586229769347995
8665.990000000002,0.7598453020260302
8666.0,0.7610514376284365
8666.01,0.7622365837258201
8666.02,0.7633905224167976
8666.03,0.7645010433986108
8666.04,0.7655530509323516
8666.050000000001,0.7665348947376631
8666.06,0.7674578536111208
8666.07,0.7683416797000444
8666.08,0.7692407776238666
8666.09,0.7702238509273697
8666.1,0.7713274536149424
8666.109999999999,0.7725604306641211
8666.12,0.7738984893757942
8666.13,0.7752811585896364
8666.140000000001,0.7766440243235241
8666.15,0.7779592363332277
8666.16,0.7792057638980296
8666.17,0.7803912061604871
8666.18,0.7815288901919221
8666.19,0.782632579312565
8666.2,0.783713164747698
8666.21,0.7847773065162044
8666.220000000001,0.7858297457926188
8666.23,0.7868518588595557
8666.24,0.7878838396601253
8666.25,0.7889075169221748
8666.26,0.7899232764088785
8666.27,0.7909313999146648
8666.28,0.7919321051424097
8666.29,0.7929255678799946
8666.300000000001,0.7939119628537954
8666.31,0.7948913792534714
8666.320000000002,0.7958638266943093
8666.33,0.7968294992825036
8666.34,0.7977884860922179
8666.35,0.7987411928228183
8666.36,0.7996869270831386
8666.37,0.800626225380605
8666.38,0.801559166962644
8666.39,0.8024857821500426
8666.4,0.8034061598907343
8666.41,0.8043203618336744
8666.42,0.8052284485867253
8666.43,0.8061304797552661
8666.44,0.8070265139586926
8666.45,0.807916608887175
8666.46,0.8088008213378707
8666.470000000001,0.809679207212227
8666.48,0.8105518215718513
8666.49,0.8114187186610654
8666.5,0.8122799519365139
8666.51,0.8131355740845793
8666.52,0.8139856388696227
8666.53,0.814830189204657
8666.539999999999,0.8156692821196756
8666.550000000001,0.8165029668487297
8666.56,0.8173312920440245
8666.57,0.8181543057732501
8666.58,0.8189720555025461
8666.59,0.8197845881149095
8666.6,0.8205919498840017
8666.61,0.8213941865188017
8666.62,0.8221913431276419
8666.630000000001,0.8229834642969238
8666.64,0.8237705940083541
8666.650000000001,0.8245527757401007
8666.66,0.8253300524616191
8666.67,0.8260825016760628
8666.68,0.8268498317280769
8666.689999999999,0.8276123962653913
8666.7,0.828370164886159
8666.71,0.8291232193328353
8666.720000000001,0.8298715958382922
8666.73,0.8306153853280224
8666.74,0.8313545037119782
8666.75,0.8320890684478244
8666.76,0.8328191171838059
8666.77,0.833544687361412
8666.78,0.8342662789701397
8666.789999999999,0.8349828934491975
8666.800000000001,0.8356951517275043
8666.81,0.8364030992348109
8666.82,0.837106737642161
8666.83,0.8378061225227716
8666.84,0.8385012870240023
8666.85,0.8391922641868574
8666.86,0.8398790869079568
8666.87,0.8405617879095462
8666.880000000001,0.8412403997141881
8666.89,0.8419149546223232
8666.900000000001,0.8425854846968424
8666.91,0.8432520217433942
8666.92,0.8439145973233042
8666.93,0.8445732427004546
8666.94,0.8452279888764638
8666.95,0.8458788665857864
8666.960000000001,0.8465259062761004
8666.97,0.8471691383406242
8666.980000000001,0.8478085952332733
8666.99,0.8484442967790845
8667.0,0.849076279438519
8667.01,0.849704571750501
8667.02,0.8503292023631458
8667.03,0.8509501995140663
8667.039999999999,0.8515675911691202
8667.050000000001,0.85218140503736
8667.06,0.8527916685587918
8667.07,0.8533984089239871
8667.08,0.8540016530416791
8667.09,0.8546014275663322
8667.1,0.855197758890781
8667.11,0.8557906731413594
8667.119999999999,0.8563801961912273
8667.130000000001,0.8569663536702624
8667.14,0.8575491709331706
8667.15,0.8581286731197403
8667.16,0.858704885095126
8667.17,0.8592778315093034
8667.18,0.8598475367579557
8667.19,0.8604140613155613
8667.2,0.8609773544385461
8667.210000000001,0.8615374792212588
8667.22,0.8620944589701931
8667.230000000001,0.8626483179334464
8667.24,0.8631990756565553
8667.25,0.8637467572833712
8667.26,0.864291385268799
8667.27,0.8648329819165922
8667.28,0.8653503408177932
8667.29,0.8658857471432387
8667.3,0.8664181801995607
8667.31,0.8669476613681527
8667.32,0.8674742119062344
8667.33,0.8679978529057696
8667.34,0.868518605304618
8667.35,0.8690364898796238
8667.36,0.8695515272626111
8667.369999999999,0.8700637379049422
8667.380000000001,0.870573639145514
8667.39,0.871080168400788
8667.4,0.8715839381749307
8667.41,0.8720849672025756
8667.42,0.8725832741403489
8667.43,0.8730788775817139
8667.44,0.8735717960216947
8667.45,0.8740620478542883
8667.460000000001,0.8745496513858937
8667.47,0.875034624778396
8667.480000000001,0.875516986128392
8667.49,0.8759967533647117
8667.5,0.8764739443319107
8667.51,0.8769485767430407
8667.52,0.877420668175995
8667.53,0.877890236094976
8667.54,0.8783572978190222
8667.55,0.8788218705382653
8667.560000000001,0.8792839718632538
8667.57,0.8797436172469945
8667.58,0.8802008244636182
8667.59,0.8806556101725656
8667.6,0.8811079945076246
8667.61,0.8815579840441348
8667.619999999999,0.8820056013777625
8667.630000000001,0.8824508625499627
8667.64,0.8828937834673722
8667.65,0.883334379906967
8667.66,0.883772667538905
8667.67,0.8842086619072906
8667.68,0.8846423784295473
8667.69,0.8850738324012521
8667.699999999999,0.8855030390002013
8667.710000000001,0.8859300132608755
8667.72,0.8863547701226117
8667.73,0.8867773243808408
8667.74,0.8871976907261231
8667.75,0.8876158837316643
8667.76,0.8880319178042293
8667.77,0.8884458073020992
8667.78,0.8888575664143329
8667.79,0.8892672092292973
8667.8,0.8896747497246069
8667.810000000001,0.8900802017659194
8667.82,0.8904835790755135
8667.83,0.8908848953091618
8667.84,0.8912842045800308
8667.85,0.8916814366960321
8667.86,0.8920766486142949
8667.87,0.8924698534556091
8667.88,0.8928610642216893
8667.890000000001,0.8932502938252183
8667.9,0.8936375550987096
8667.910000000002,0.8940228607663054
8667.92,0.8944062234455513
8667.93,0.8947876569362158
8667.94,0.895167170302352
8667.949999999999,0.8955447780874517
8667.960000000001,0.8959204925099488
8667.97,0.8962943257087957
8667.98,0.8966662897180669
8667.99,0.8970363965084616
8668.0,0.8974046579219456
8668.01,0.8977710853314981
8668.02,0.8981356908353164
8668.03,0.8984984860332749
8668.04,0.8988594824445232
8668.05,0.8992186914859069
8668.060000000001,0.8995762027424585
8668.07,0.8999318542886638
8668.08,0.9002857532904431
8668.09,0.9006379106439948
8668.1,0.900988337202878
8668.11,0.901337043733007
8668.12,0.901684040931608
8668.13,0.9020293394281977
8668.140000000001,0.9023729497579295
8668.15,0.9027148824145645
8668.16,0.9030551477988656
8668.17,0.903393775053854
8668.18,0.9037307311805718
8668.19,0.9040660511908342
8668.2,0.9043997451039135
8668.210000000001,0.9047318228767173
8668.220000000001,0.9050622944301562
8668.23,0.9053911695769279
8668.24,0.9057184580866204
8668.25,0.9060216753454536
8668.26,0.9063462266933565
8668.27,0.9066686564983626
8668.279999999999,0.9069895378318481
8668.29,0.9073088799754592
8668.3,0.9076266921536149
8668.31,0.9079429835261235
8668.32,0.9082577632155547
8668.33,0.9085710402837255
8668.34,0.9088828237236407
8668.35,0.9091931224851473
8668.36,0.9095045045241706
8668.37,0.9098118544444064
8668.38,0.9101177467257573
8668.390000000001,0.9104221887262949
8668.4,0.9107251899672304
8668.41,0.9110267590467315
8668.42,0.9113269044987506
8668.43,0.9116256347969359
8668.44,0.9119229583726898
8668.45,0.9122188836103322
8668.46,0.9125134188029349
8668.470000000001,0.9128065768557618
8668.48,0.9130983548193609
8668.490000000002,0.9133887674535551
8668.5,0.9136778228499024
8668.51,0.9139655289672751
8668.52,0.91425189378369
8668.53,0.914536925194627
8668.54,0.9148206310476092
8668.55,0.9151030191150636
8668.56,0.9153840971656311
8668.57,0.9156638728736949
8668.58,0.9159423538624277
8668.59,0.9162195477367033
8668.6,0.9164954620137693
8668.609999999999,0.9167701041703632
8668.62,0.9170434816410651
8668.63,0.9173156017876749
8668.640000000001,0.9175864719549806
8668.65,0.9178560993968284
8668.66,0.9181244913476663
8668.67,0.918391654976867
8668.68,0.9186575974105797
8668.69,0.9189223257066267
8668.7,0.9191857835572665
8668.71,0.9194481031452304
8668.720000000001,0.9197092294859597
8668.73,0.9199691694590859
8668.74,0.9202279298825533
8668.75,0.9204858797366364
8668.76,0.9207423419116655
8668.77,0.9209976009302236
8668.78,0.9212517075827442
8668.79,0.9215046684257759
8668.800000000001,0.9217564899983798
8668.81,0.9220071787592728
8668.820000000002,0.9222567411537195
8668.83,0.9225051835690168
8668.84,0.9227525123626804
8668.85,0.9229987338384799
8668.859999999999,0.9232438542642456
8668.87,0.9234878798586409
8668.88,0.9237308168215886
8668.89,0.9239726712852894
8668.9,0.9242134493491124
8668.91,0.9244531570703584
8668.92,0.9246918004801752
8668.93,0.9249293873163411
8668.94,0.9251659193410882
8668.95,0.9254014049050491
8668.96,0.9256358498404436
8668.970000000001,0.9258692599800771
8668.98,0.9261016410813903
8668.99,0.926332998879687
8669.0,0.9265633390591483
8669.01,0.9267926672747153
8669.02,0.9270209891660225
8669.03,0.927248310283156
8669.039999999999,0.9274746361977095
8669.050000000001,0.9276999723946411
8669.06,0.9279243243460186
8669.070000000002,0.9281476974946927
8669.08,0.9283700972095827
8669.09,0.9285915288729173
8669.1,0.9288119977845681
8669.11,0.9290315092317704
8669.12,0.9292500684811468
8669.130000000001,0.9294676807192983
8669.14,0.9296843511213115
8669.150000000001,0.9299000848411242
8669.16,0.9301148869696697
8669.17,0.930328762571107
8669.18,0.9305417166900165
8669.189999999999,0.9307537542997912
8669.2,0.9309648803727982
8669.21,0.931175099828463
8669.220000000001,0.931379670403967
8669.23,0.9315878944933008
8669.24,0.9317952144373916
8669.25,0.9320016340032518
8669.26,0.9322071568063278
8669.27,0.932411869356047
8669.28,0.9326155986166228
8669.289999999999,0.932818441375339
8669.300000000001,0.9330204004772454
8669.31,0.9332214785367858
8669.32,0.9334216778671782
8669.33,0.9336210004770199
8669.34,0.9338194480404218
8669.35,0.9340170218046935
8669.36,0.9342137225524111
8669.37,0.9344095505441286
8669.380000000001,0.9346045053967975
8669.39,0.9347986047321211
8669.400000000001,0.9349918056031539
8669.41,0.9351841273839913
8669.42,0.9353755658493622
8669.43,0.9355661153021276
8669.44,0.9357557682751445
8669.45,0.9359445151828525
8669.460000000001,0.936132343828844
8669.47,0.9363192387676038
8669.48,0.9365051805582876
8669.49,0.9366901446814755
8669.5,0.9368741002432037
8669.51,0.9370570081278013
8669.52,0.9372388185392185
8669.53,0.9374194676646856
8669.539999999999,0.9375988781588305
8669.550000000001,0.9377768690535345
8669.56,0.9379533971248055
8669.57,0.9381282825099896
8669.58,0.938301214896906
8669.59,0.9384717639425555
8669.6,0.9386393137955888
8669.61,0.9388029311963156
8669.619999999999,0.9389610652407786
8669.630000000001,0.9391082955312741
8669.64,0.9392401998095354
8669.650000000001,0.9393396603965504
8669.66,0.9393772511124212
8669.67,0.93929672934768
8669.68,0.9390141087805197
8669.69,0.9384251389964353
8669.7,0.9374442744221813
8669.710000000001,0.936106213853389
8669.72,0.9345566455652469
8669.730000000001,0.9331372833429509
8669.74,0.9322756025004691
8669.75,0.932249674101716
8669.76,0.9331189841868295
8669.77,0.9346871315859786
8669.78,0.9365659117481012
8669.789999999999,0.9383532881823009
8669.800000000001,0.939831449275724
8669.81,0.9409082750965639
8669.82,0.9416413795062935
8669.83,0.942131228771015
8669.84,0.9424718470868317
8669.85,0.9427307132356749
8669.86,0.9429469041437281
8669.869999999999,0.9431419162144881
8669.880000000001,0.9433242306686385
8669.89,0.9434993856225888
8669.9,0.9436700569404419
8669.91,0.943837380803371
8669.92,0.9440021229754645
8669.93,0.9441648109565879
8669.94,0.9443258198160127
8669.95,0.9444854178572996
8669.960000000001,0.94464366160482
8669.97,0.9448007321950191
8669.980000000001,0.9449567440415123
8669.99,0.945111778617757
8670.0,0.9452659008732511
8670.01,0.9454191633144561
8670.02,0.9455716088833217
8670.03,0.945723273148801
8670.04,0.945874185806362
8670.05,0.9460243719542119
8670.060000000001,0.9461738530231116
8670.07,0.946322647457887
8670.080000000002,0.9464707712404596
8670.09,0.9466182384346206
8670.1,0.9467650613794606
8670.11,0.9469112511243981
8670.119999999999,0.9470568175202669
8670.130000000001,0.9471785478632943
8670.14,0.9473228541929348
8670.15,0.9474666058755236
8670.16,0.9476097191206578
8670.17,0.9477522462969673
8670.18,0.9478941932589945
8670.19,0.9480355655133605
8670.199999999999,0.9481763682348935
8670.210000000001,0.9483166062928968
8670.22,0.9484562843119743
8670.230000000001,0.9485954067072213
8670.24,0.9487339776603096
8670.25,0.9488720012346089
8670.26,0.9490094812853331
8670.27,0.9491464215416524
8670.28,0.9492883096594867
8670.29,0.9494239859374503
8670.3,0.949559143412627
8670.310000000001,0.9496937846275813
8670.32,0.9498279121021641
8670.33,0.9499615283661579
8670.34,0.950094635935622
8670.35,0.9502260740250132
8670.36,0.950358144737847
8670.37,0.9504897132738711
8670.380000000001,0.9506207819854839
8670.390000000001,0.9507513532805072
8670.4,0.9508814294969321
8670.41,0.951011012987663
8670.42,0.9511401060495079
8670.43,0.9512687110070921
8670.44,0.9513968301424497
8670.449999999999,0.9515244656999687
8670.460000000001,0.9516516199621093
8670.47,0.9517782951423699
8670.48,0.9519044934495648
8670.49,0.9520302170854126
8670.5,0.952155468220229
8670.51,0.9522802490093394
8670.52,0.9524045615949532
8670.53,0.9525284080937251
8670.54,0.9526517905981751
8670.55,0.9527747129822938
8670.560000000001,0.952897173364866
8670.57,0.9530191759441777
8670.58,0.953140722727011
8670.59,0.9532618157139561
8670.6,0.9533824568683372
8670.61,0.9535026481310422
8670.62,0.9536223914363345
8670.63,0.9537416886596274
8670.640000000001,0.9538605416612501
8670.65,0.9539789523136017
8670.660000000002,0.9540969223829776
8670.67,0.954214453669381
8670.68,0.9543315479059934
8670.69,0.9544482068029584
8670.7,0.9545644320233202
8670.710000000001,0.9546802252151423
8670.72,0.9547955879274628
8670.73,0.9549105217243049
8670.74,0.9550250280676238
8670.75,0.9551391084148456
8670.76,0.9552525155260272
8670.77,0.9553657145014505
8670.779999999999,0.9554784986063433
8670.79,0.9555908569763958
8670.8,0.955702795571149
8670.810000000001,0.9558143315629576
8670.82,0.9559254539345879
8670.83,0.9560362916382438
8670.84,0.9561465972410997
8670.85,0.956256504617459
8670.86,0.9563660000850901
8670.87,0.956475074022608
8670.88,0.9565837357002145
8670.890000000001,0.9566922125535636
8670.9,0.9568000101512286
8670.91,0.9569073892184045
8670.92,0.9570143482119416
8670.93,0.9571208851282142
8670.94,0.9572269973847846
8670.95,0.9573326817320383
8670.960000000001,0.9574379341427481
8670.970000000001,0.9575427496332235
8670.98,0.9576471220595151
8670.990000000002,0.9577510439436991
8671.0,0.957854506143285
8671.01,0.9579574973875512
8671.02,0.9580600040023316
8671.029999999999,0.9581620091438845
8671.04,0.9582634919932692
8671.05,0.9583644267744338
8671.06,0.9584647812973935
8671.07,0.9585645150959443
8671.08,0.9586635768518059
8671.09,0.9587619007903012
8671.1,0.958859394237925
8671.11,0.958955955995522
8671.12,0.9590514393554531
8671.13,0.9591456353476143
8671.140000000001,0.9592382551593965
8671.15,0.9593288900056077
8671.16,0.9594169433746264
8671.17,0.9595015084731404
8671.18,0.9595795497559206
8671.19,0.9596493574905575
8671.2,0.9597064234969119
8671.21,0.9597418031341749
8671.220000000001,0.9597417704883013
8671.23,0.9596919194788489
8671.24,0.9595786745737188
8671.25,0.9593922950837308
8671.26,0.9591655550485263
8671.27,0.9589135165897361
8671.28,0.9587150086603577
8671.29,0.9586534983761569
8671.300000000001,0.958747886914411
8671.31,0.9589978705985188
8671.32,0.9593846916707606
8671.33,0.9598238406196066
8671.34,0.9602373973218099
8671.35,0.9606107088455174
8671.359999999999,0.960911285884675
8671.37,0.9611485753192222
8671.38,0.9613362986713069
8671.390000000001,0.9614887550720049
8671.4,0.9616196761330196
8671.41,0.9617382157900791
8671.42,0.9618480345296558
8671.43,0.9619516305080897
8671.44,0.9620517682006223
8671.45,0.9621493563099988
8671.46,0.9622449945800713
8671.470000000001,0.9623390955127188
8671.48,0.9624319517056015
8671.49,0.9625237759464271
8671.5,0.962614718110731
8671.51,0.9627048834244788
8671.52,0.9627943679525554
8671.53,0.9628832408928609
8671.54,0.9629716513761588
8671.550000000001,0.9630594492982678
8671.56,0.9631467695741884
8671.570000000002,0.9632336411868029
8671.58,0.9633200881149941
8671.59,0.9634061303254214
8671.6,0.9634917846337704
8671.61,0.9635770864214105
8671.62,0.9636620040006639
8671.63,0.9637465707539843
8671.64,0.9638307958449505
8671.65,0.9639146872688049
8671.66,0.963959941334709
8671.67,0.9640430343712411
8671.68,0.964125811921118
8671.69,0.9642082789725989
8671.7,0.9642893474914536
8671.71,0.9643711913062142
8671.720000000001,0.9644527366898867
8671.73,0.9645339870654334
8671.74,0.9646149456138368
8671.75,0.9646956152497036
8671.76,0.964775998698393
8671.77,0.9648560985217859
8671.78,0.964935917125734
8671.789999999999,0.9650154567509571
8671.800000000001,0.9650947195409968
8671.81,0.9651737075240757
8671.82,0.9652524226173378
8671.83,0.9653308666859779
8671.84,0.9654090414891096
8671.85,0.965486948720879
8671.86,0.9655645900247181
8671.87,0.9656419669692874
8671.880000000001,0.9657190810994334
8671.89,0.9657959338570171
8671.900000000001,0.9658725267234868
8671.91,0.9659488610777406
8671.92,0.9660249382733026
8671.93,0.966100759647791
8671.939999999999,0.9661763264926188
8671.95,0.9662516400852772
8671.96,0.9663267016651557
8671.97,0.9664015124461541
8671.98,0.9664760736256118
8671.99,0.9665503863779629
8672.0,0.9666244518621327
8672.01,0.9666982710989062
8672.02,0.9667718453159828
8672.03,0.9668451756097991
8672.039999999999,0.9669182630643903
8672.050000000001,0.9669911087510209
8672.06,0.9670637137189534
8672.07,0.9671360790098289
8672.08,0.9672082056519806
8672.09,0.9672800946555997
8672.1,0.9673517470168222
8672.11,0.9674231637416336
8672.12,0.9674943457910872
8672.130000000001,0.9675652941304221
8672.14,0.9676360097159312
8672.150000000001,0.9677064935020737
8672.16,0.9677767464211042
8672.17,0.9678467693693004
8672.18,0.9679165632976701
8672.19,0.9679861290750735
8672.2,0.9680554676096187
8672.210000000001,0.9681245797900102
8672.22,0.9681928304623952
8672.230000000001,0.9682614856138644
8672.24,0.9683299168962266
8672.25,0.9683995305580438
8672.26,0.9684674886729355
8672.27,0.9685352262333261
8672.28,0.9686027440411574
8672.289999999999,0.9686700428563848
8672.300000000001,0.9687371234344611
8672.31,0.9688039865288708
8672.32,0.9688706328850303
8672.33,0.968937063240407
8672.34,0.969003278315645
8672.35,0.9690692788219115
8672.36,0.9691350654714128
8672.369999999999,0.9692006389417236
8672.380000000001,0.9692660058227098
8672.39,0.9693311544538347
8672.4,0.9693960919331421
8672.41,0.969460818907671
8672.42,0.969525335986524
8672.43,0.9695896437966254
8672.44,0.9696537429539541
8672.45,0.969717634030725
8672.460000000001,0.9697813175931661
8672.47,0.969844794200205
8672.480000000001,0.9699080643754081
8672.49,0.969971128657972
8672.5,0.9700339875054916
8672.51,0.9700966414112876
8672.52,0.97015909082034
8672.53,0.9702213361581835
8672.54,0.9702833778176297
8672.55,0.9703440522079213
8672.56,0.9704056740076994
8672.57,0.9704667449738394
8672.58,0.9705279312746471
8672.59,0.9705889105830147
8672.6,0.9706496872230508
8672.61,0.9707102790641189
8672.619999999999,0.9707706763383354
8672.630000000001,0.9708308897722896
8672.64,0.970890904094508
8672.65,0.9709507361477626
8672.66,0.9710103710714046
8672.67,0.9710697977442703
8672.68,0.9711293513527156
8672.69,0.9711883883831327
8672.7,0.9712471744263446
8672.710000000001,0.9713057560576384
8672.72,0.9713641324713975
8672.730000000001,0.9714223027445418
8672.74,0.9714802657989661
8672.75,0.9715380203678908
8672.76,0.9715955649888546
8672.77,0.9716528979735869
8672.78,0.9717100173634559
8672.79,0.9717669209170696
8672.8,0.9718236060809735
8672.810000000001,0.971880069885185
8672.82,0.9719363089980526
8672.83,0.9719923195216169
8672.84,0.9720480970751292
8672.85,0.9721036365891519
8672.86,0.972158932235263
8672.869999999999,0.9722139773319282
8672.880000000001,0.972268764203417
8672.89,0.9723232839618088
8672.9,0.972377526331038
8672.91,0.9724314793891201
8672.92,0.9724851292330059
8672.93,0.9725384596527605
8672.94,0.9725914515988725
8672.949999999999,0.9726440826328984
8672.960000000001,0.9726957018940084
8672.97,0.9727474412549507
8672.98,0.9727987201771598
8672.99,0.9728495166223525
8673.0,0.9728997446573655
8673.01,0.9729493452517597
8673.02,0.9729982749490454
8673.03,0.973046408326101
8673.04,0.9730936362855043
8673.05,0.9731397585067076
8673.060000000001,0.9731845790484235
8673.07,0.973227806260963
8673.08,0.9732690532582421
8673.09,0.9733078172070193
8673.1,0.9733439632625516
8673.11,0.9733758470439204
8673.12,0.9734013409817271
8673.13,0.973418829773323
8673.140000000001,0.9734203666008994
8673.15,0.9734003391859027
8673.160000000002,0.9733472167385652
8673.17,0.9732356636738584
8673.18,0.9730293036951507
8673.19,0.9726832519903982
8673.199999999999,0.9721498957444348
8673.210000000001,0.9713956149411298
8673.22,0.9704958650226219
8673.23,0.9695029376005747
8673.24,0.9686158960149764
8673.25,0.9680956815034226
8673.26,0.9680335071964306
8673.27,0.9684652292172583
8673.279999999999,0.9693199391769209
8673.29,0.9703993386316646
8673.3,0.9714493476311394
8673.310000000001,0.9723776454788691
8673.32,0.9731003855830481
8673.33,0.9736203613106955
8673.34,0.9739798130375624
8673.35,0.9742260219030706
8673.36,0.9743996238509761
8673.37,0.9745307326023762
8673.38,0.9746380109276084
8673.390000000001,0.9747249246024269
8673.4,0.9748019388461927
8673.41,0.9748723557688871
8673.42,0.9749379563871436
8673.43,0.9749999426002878
8673.44,0.9750591543063606
8673.45,0.9751161946157674
8673.460000000001,0.9751715029691899
8673.470000000001,0.9752253496389945
8673.48,0.9752780041968871
8673.49,0.9753296545564786
8673.5,0.9753804474092623
8673.51,0.9754304988535475
8673.52,0.9754799018271361
8673.529999999999,0.9755287313957913
8673.54,0.9755770488035168
8673.55,0.9756249043417838
8673.56,0.9756723396523593
8673.57,0.9757193894096086
8673.58,0.9757660826659234
8673.59,0.9758124438882615
8673.6,0.9758584937437427
8673.61,0.975904249783365
8673.62,0.9759491581153645
8673.63,0.9759942983849599
8673.640000000001,0.9760391998925899
8673.65,0.9760838475460141
8673.66,0.9761282553544816
8673.67,0.9761724619095254
8673.68,0.9762164580013518
8673.69,0.9762602626761223
8673.7,0.9763038557108193
8673.71,0.9763472697784964
8673.720000000001,0.9763904817910829
8673.73,0.9764334727966585
8673.740000000002,0.9764762604278953
8673.75,0.9765193800907849
8673.76,0.9765616877364612
8673.77,0.9766037849292911
8673.78,0.9766456701823147
8673.79,0.9766873414183604
8673.8,0.9767287958585485
8673.81,0.9767700300164154
8673.82,0.9768110396373011
8673.83,0.9768518195961963
8673.84,0.97689236385481
8673.85,0.9769326653300635
8673.859999999999,0.9769727157280004
8673.87,0.9770125054133795
8673.88,0.9770520232432108
8673.890000000001,0.9770912562597641
8673.9,0.9771301894400496
8673.91,0.9771688053381191
8673.92,0.9772070836324074
8673.93,0.9772450006206593
8673.94,0.977282528512155
8673.95,0.9773196346021249
8673.96,0.9773562802518729
8673.970000000001,0.9773924195643934
8673.98,0.9774279995568408
8673.99,0.9774629501491203
8674.0,0.9774971932677822
8674.01,0.9775306308872546
8674.02,0.977563142135976
8674.03,0.9775945762941437
8674.04,0.9776247443369753
8674.050000000001,0.977653393012189
8674.06,0.9776802253238898
8674.070000000002,0.9777048258845253
8674.08,0.9777266370610529
8674.09,0.9777448983387997
8674.1,0.9777585484491971
8674.109999999999,0.9777660653926522
8674.12,0.9777651074468743
8674.13,0.9777487302870236
8674.14,0.9777138544686131
8674.15,0.9776540101456738
8674.16,0.9775479835077551
8674.17,0.9773708002611938
8674.18,0.9771074530639965
8674.19,0.9767419822749652
8674.2,0.9762946134158014
8674.21,0.9758067452343403
8674.220000000001,0.9753016433308958
8674.23,0.9749360261955178
8674.24,0.9747844453656276
8674.25,0.9748761461410826
8674.26,0.9751708759658337
8674.27,0.9756557244407456
8674.28,0.9761596288779116
8674.289999999999,0.9765862901964497
8674.300000000001,0.9769303222929379
8674.31,0.9771013364465598
8674.320000000002,0.9770670849680084
8674.33,0.976785584355372
8674.34,0.976206397886768
8674.35,0.9752960050532401
8674.36,0.9741032492091006
8674.37,0.9727254266034335
8674.380000000001,0.9713406224620658
8674.39,0.9703297790744897
8674.400000000001,0.969920396368132
8674.41,0.9702395599555789
8674.42,0.9711848358710969
8674.43,0.9726100939471245
8674.439999999999,0.9741334031522353
8674.45,0.975507580778419
8674.46,0.9766624576407372
8674.470000000001,0.9775025147609888
8674.48,0.9780829068949983
8674.49,0.9784719299165057
8674.5,0.9787310338985477
8674.51,0.9789120170363143
8674.52,0.9790491227324057
8674.53,0.9791544459603382
8674.539999999999,0.9792388172510612
8674.550000000001,0.9793118202312407
8674.56,0.9793766227003898
8674.57,0.9794353315725334
8674.58,0.9794894046369416
8674.59,0.9795398811427325
8674.6,0.9795875199770587
8674.61,0.9796328358250118
8674.62,0.9796762279024864
8674.630000000001,0.979718036092217
8674.64,0.9797585099934564
8674.650000000001,0.9797978471228861
8674.66,0.9798362055334888
8674.67,0.9798737130522546
8674.68,0.9799104740520628
8674.69,0.9799465744488092
8674.7,0.9799820855883093
8674.710000000001,0.9800170670851094
8674.72,0.9800515691190279
8674.73,0.9800856341576074
8674.74,0.980119298371387
8674.75,0.9801525927158871
8674.76,0.980185543803891
8674.77,0.9802181746233841
8674.78,0.980250505111429
8674.789999999999,0.9802825526158547
8674.800000000001,0.9803143322990877
8674.81,0.9803445202396035
8674.82,0.9803771046773951
8674.83,0.9804081191773384
8674.84,0.9804389100903209
8674.85,0.9804694854198308
8674.86,0.9804998522716036
8674.869999999999,0.9805300169521373
8674.880000000001,0.9805599850842232
8674.89,0.980589761615134
8674.900000000001,0.9806193510102225
8674.91,0.9806487572201078
8674.92,0.9806779837326868
8674.93,0.9807070337105495
8674.94,0.9807359098972325
8674.95,0.9807646147878062
8674.960000000001,0.9807931505455235
8674.97,0.9808215191239931
8674.980000000001,0.9808497221842118
8674.99,0.9808777612256703
8675.0,0.9809056375536497
8675.01,0.9809333522495964
8675.02,0.9809609062815321
8675.03,0.9809883004360763
8675.039999999999,0.9810155353887592
8675.050000000001,0.9810426116565925
8675.06,0.9810695296470503
8675.07,0.9810962896607963
8675.08,0.9811228918672082
8675.09,0.9811493363619439
8675.1,0.9811756231510909
8675.11,0.9812017521079467
8675.119999999999,0.9812277230670853
8675.130000000001,0.9812535357486216
8675.14,0.9812791898105255
8675.15,0.981304684826447
8675.16,0.9813300203009486
8675.17,0.9813551956544408
8675.18,0.9813802102648812
8675.19,0.9814050634129109
8675.2,0.9814297543205223
8675.210000000001,0.9814542821495298
8675.22,0.9814786460021753
8675.230000000001,0.9815028448944538
8675.24,0.9815268777948808
8675.25,0.9815507436131908
8675.26,0.981574441165218
8675.27,0.9815979692546226
8675.28,0.9816213265718814
8675.29,0.981644511748761
8675.3,0.9816675233918299
8675.310000000001,0.9816903599992415
8675.32,0.9817130200168311
8675.330000000002,0.9817355018254277
8675.34,0.9817578037256415
8675.35,0.9817799239828399
8675.36,0.9818018607415329
8675.369999999999,0.9818236121063594
8675.380000000001,0.9818451760901744
8675.39,0.9818665506710877
8675.4,0.981887733669849
8675.41,0.98190872291114
8675.42,0.9819295160695738
8675.43,0.9819501108004509
8675.44,0.9819705045986439
8675.449999999999,0.9819906949329843
8675.460000000001,0.9820106791400536
8675.47,0.9820304544814946
8675.480000000001,0.9820500181141967
8675.49,0.9820693670864779
8675.5,0.9820884983471108
8675.51,0.982107408736742
8675.52,0.9821260949792956
8675.53,0.9821445536824132
8675.54,0.9821627813208672
8675.55,0.9821807742728664
8675.560000000001,0.9821985287478574
8675.57,0.9822160408412148
8675.58,0.9822333064975821
8675.59,0.9822503214975785
8675.6,0.9822670815006239
8675.61,0.9822835819725017
8675.62,0.9822998182413386
8675.630000000001,0.9823157854026031
8675.640000000001,0.982331478433423
8675.65,0.9823468920556183
8675.66,0.9823620208358305
8675.67,0.9823768590824271
8675.68,0.9823914009140086
8675.69,0.9824056402096373
8675.699999999999,0.9824195705631953
8675.710000000001,0.9824331853464138
8675.72,0.9824464776275762
8675.73,0.9824594401830383
8675.74,0.9824720654859532
8675.75,0.9824843456821667
8675.76,0.9824962725352878
8675.77,0.9825078374814505
8675.78,0.9825190315050717
8675.79,0.9825298452119963
8675.8,0.9825402687194451
8675.810000000001,0.9825502916530278
8675.82,0.9825599031224029
8675.83,0.9825690916492792
8675.84,0.9825778451687461
8675.85,0.9825861508904136
8675.86,0.9825939953367299
8675.87,0.9826013642146532
8675.88,0.9826082423539662
8675.890000000001,0.9826146135999083
8675.9,0.9826204607524598
8675.91,0.9826257653926241
8675.92,0.9826305078007243
8675.93,0.9826346667341489
8675.94,0.9826382192819461
8675.95,0.9826411406074327
8675.960000000001,0.9826434037019015
8675.97,0.9826449790199197
8675.98,0.9826458341136107
8675.99,0.9826459331477423
8676.0,0.9826452362569447
8676.01,0.9826436987867275
8676.02,0.982641270619278
8676.029999999999,0.9826378947086032
8676.04,0.982633505682181
8676.05,0.9826280279806525
8676.060000000001,0.9826213733178898
8676.07,0.9826134374096247
8676.08,0.98260409559763
8676.09,0.9825931968905274
8676.1,0.982580555795426
8676.11,0.9825659340342804
8676.12,0.9825490298790632
8676.13,0.9825295003162509
8676.140000000001,0.9825068309791198
8676.15,0.9824803280074176
8676.16,0.9824490327162059
8676.17,0.9824115798999632
8676.18,0.9823659492280623
8676.19,0.9823074952586301
8676.2,0.9822263561368658
8676.210000000001,0.9821174034341581
8676.220000000001,0.9819607826598448
8676.23,0.9817219109146694
8676.240000000002,0.9813607324861573
8676.25,0.9808305337925878
8676.26,0.9800901492724516
8676.27,0.9791759733146469
8676.279999999999,0.9781469790423186
8676.29,0.9771298147561606
8676.3,0.9763897028446211
8676.31,0.9760634082369023
8676.32,0.9762516362249414
8676.33,0.9768610360461106
8676.34,0.9777860241401203
8676.35,0.9787598102754809
8676.36,0.979623880019111
8676.37,0.9803308256708292
8676.38,0.980820475702876
8676.390000000001,0.9811326744945801
8676.4,0.9813140875447274
8676.41,0.981406148931111
8676.42,0.9814434764191036
8676.43,0.9814486457345708
8676.44,0.9814293766497659
8676.45,0.9813927099822324
8676.46,0.9813447463782264
8676.470000000001,0.9812873829223313
8676.48,0.9812217931530153
8676.49,0.9811486987679162
8676.5,0.9810685218522875
8676.51,0.9809814753285468
8676.52,0.9808875821933198
8676.53,0.980786770941271
8676.54,0.9806788962559877
8676.550000000001,0.9805637234799885
8676.56,0.9804409493100648
8676.570000000002,0.9803102068642641
8676.58,0.9801710677905343
8676.59,0.9800230423522464
8676.6,0.9798655777690238
8676.609999999999,0.9796980549770707
8676.62,0.9795197841628497
8676.63,0.9793299988053985
8676.640000000001,0.9791278485621434
8676.65,0.9789123905114135
8676.66,0.978682578941648
8676.67,0.978437253369334
8676.68,0.9781751245147051
8676.69,0.977894757949004
8676.7,0.9775945550961339
8676.71,0.9772727309541013
8676.720000000001,0.9769272882331375
8676.73,0.9765559868587356
8676.74,0.9761563062551284
8676.75,0.9757254099713162
8676.76,0.9752600875051004
8676.77,0.974756699696424
8676.78,0.9742111073020724
8676.79,0.9736185866616275
8676.800000000001,0.9729737281455454
8676.81,0.9722703135421021
8676.820000000002,0.971500439773321
8676.83,0.9706570654663756
8676.84,0.969729917479762
8676.85,0.968707608762986
8676.86,0.9675768968446431
8676.87,0.966321966037198
8676.880000000001,0.9649240921395773
8676.89,0.9633608483802037
8676.9,0.9616052265349512
8676.91,0.9596242252671294
8676.92,0.957377964395563
8676.93,0.9548038271297025
8676.94,0.9518514017052786
8676.95,0.948461726644354
8676.96,0.9445437674338062
8676.970000000001,0.9399056050354917
8676.98,0.934378667258578
8676.99,0.9277044457172292
8677.0,0.9195052578365118
8677.01,0.9082611033583652
8677.02,0.8933433743295295
8677.03,0.8722135537427104
8677.039999999999,0.8413543012561044
8677.050000000001,0.7965401514905641
8677.06,0.7367058829989743
8677.07,0.6663906672355931
8677.08,0.5952070578131627
8677.09,0.5332536353908224
8677.1,0.4852816411504268
8677.11,0.4525733066259317
8677.12,0.43451053470401907
8677.130000000001,0.42999654668287013
8677.14,0.43876965739651924
8677.150000000001,0.46139209394909836
8677.16,0.4989639161429939
8677.17,0.5516471980063219
8677.18,0.6174328789971002
8677.19,0.6893028172975386
8677.2,0.7569842903277544
8677.21,0.8119389896245631
8677.22,0.8516851435524275
8677.23,0.8786798125242874
8677.24,0.8970700439689776
8677.25,0.9106056878811808
8677.26,0.9201280841441035
8677.27,0.9274450005897535
8677.28,0.9333615426093502
8677.289999999999,0.9382081840830369
8677.300000000001,0.9422157481937654
8677.31,0.9455593415557304
8677.32,0.9483470584248083
8677.33,0.9507263039641243
8677.34,0.9527073009887937
8677.35,0.9543576534398486
8677.36,0.955724290008632
8677.37,0.9568410612274697
8677.380000000001,0.9577345510645774
8677.39,0.9584254891122072
8677.400000000001,0.9589294556432224
8677.41,0.9592581312949602
8677.42,0.9594194074352264
8677.43,0.9594178643189354
8677.44,0.9592549838768508
8677.45,0.9589292386409545
8677.460000000001,0.9584360637976642
8677.47,0.9577677120083237
8677.480000000001,0.9569129824728618
8677.49,0.9558568075433881
8677.5,0.9545796697083154
8677.51,0.9530568091173577
8677.52,0.9512570449620029
8677.53,0.9491417311242143
8677.539999999999,0.9466644746875218
8677.550000000001,0.943721891221043
8677.56,0.9403141457920128
8677.57,0.9363207395661404
8677.58,0.931612788259128
8677.59,0.9259975242692826
8677.6,0.9192241486166012
8677.61,0.9109561271660414
8677.619999999999,0.9006936380140227
8677.630000000001,0.8867741502396108
8677.64,0.8678891647154385
8677.65,0.8404794418689837
8677.66,0.7989899685988362
8677.67,0.7376359384326364
8677.68,0.6561448618575709
8677.69,0.5645319691973166
8677.7,0.4788723012819544
8677.710000000001,0.4103658960821426
8677.72,0.3616326436132143
8677.730000000001,0.3296887299065752
8677.74,0.310821317373831
8677.75,0.3021622584671343
8677.76,0.3022415727131033
8677.77,0.3110929052048452
8677.78,0.3301904260539659
8677.79,0.36243435756399417
8677.8,0.41153616081733563
8677.81,0.48044919415483944
8677.82,0.5664134993242628
8677.83,0.6580662912645202
8677.84,0.7393830684278555
8677.85,0.8005398132283669
8677.86,0.8419725911611251
8677.869999999999,0.8694515604468505
8677.880000000001,0.8885262912363923
8677.89,0.9026921642377107
8677.9,0.9132358159157393
8677.91,0.9218102326793707
8677.92,0.9289102701008513
8677.93,0.9348714361402642
8677.94,0.9399436760823157
8677.949999999999,0.9442977585377775
8677.960000000001,0.9481299717037425
8677.97,0.9514945142707494
8677.980000000001,0.9544155219683027
8677.99,0.9569989910419334
8678.0,0.9592934432147552
8678.01,0.9613404848758221
8678.02,0.9631744292468517
8678.03,0.9648237373535099
8678.04,0.9663121175118908
8678.05,0.9676598304918841
8678.060000000001,0.9688818162658245
8678.07,0.9699921980018762
8678.08,0.9710025615141151
8678.09,0.9719202200674346
8678.1,0.9727489958158474
8678.11,0.9734931855888015
8678.119999999999,0.9741579720260224
8678.130000000001,0.9747461877464789
8678.14,0.9752793203283872
8678.15,0.9757599022485578
8678.16,0.9762205590628842
8678.17,0.9766920402005936
8678.18,0.9771762571025882
8678.19,0.9776751853058463
8678.199999999999,0.978193871760083
8678.210000000001,0.9787032612932934
8678.22,0.9791805321222854
8678.23,0.979630336037817
8678.24,0.9800392397051904
8678.25,0.9804106727793399
8678.26,0.9807485086823479
8678.27,0.9810576650725711
8678.28,0.9813447978281081
8678.29,0.9816142318657418
8678.3,0.9818673694017949
8678.310000000001,0.9821063848419838
8678.32,0.9823330208319471
8678.33,0.9825484073995628
8678.34,0.9827534853361832
8678.35,0.9829490590086466
8678.36,0.9831358294716027
8678.37,0.983314416464474
8678.38,0.9834853717157964
8678.390000000001,0.9836491922495777
8678.4,0.9838063312019982
8678.410000000002,0.9839572007549745
8678.42,0.9841021782837985
8678.43,0.9842416105696611
8678.44,0.9843758171942053
8678.449999999999,0.984505093449171
8678.460000000001,0.9846297133622224
8678.47,0.984749929293948
8678.48,0.9848659776993881
8678.49,0.9849780780815051
8678.5,0.985086435022559
8678.51,0.9851912395106225
8678.52,0.9852926700485063
8678.529999999999,0.9853908936793689
8678.54,0.9854860668626253
8678.55,0.9855783363227103
8678.560000000001,0.9856678398053937
8678.57,0.9857547067067486
8678.58,0.9858390587086522
8678.59,0.9859210103674286
8678.6,0.9860006695722674
8678.61,0.9860781380399336
8678.62,0.9861535117392368
8678.63,0.9862268812952858
8678.640000000001,0.9862983323310788
8678.65,0.9863679457971116
8678.66,0.9864357983073712
8678.67,0.9865019624119311
8678.68,0.9865665068072668
8678.69,0.9866294966473226
8678.7,0.9866909937626085
8678.710000000001,0.9867510567862893
8678.720000000001,0.9868097414643788
8678.73,0.9868671007411058
8678.74,0.9869231849303232
8678.75,0.9869780419678151
8678.76,0.9870317174324051
8678.77,0.9870842547319673
8678.779999999999,0.9871356952307655
8678.79,0.9871860783995448
8678.8,0.9872354418223894
8678.81,0.9872838214079399
8678.82,0.9873312514141016
8678.83,0.9873777645740326
8678.84,0.9874233921697033
8678.85,0.9874681640973519
8678.86,0.9875121089487726
8678.87,0.9875552540764403
8678.88,0.9875976256690032
8678.890000000001,0.9876392487994637
8678.9,0.9876801475004061
8678.91,0.9877203447836528
8678.92,0.9877598627291411
8678.93,0.9877987224988269
8678.94,0.9878369443963959
8678.95,0.9878745479306805
8678.96,0.9879115517966078
8678.970000000001,0.9879479739802115
8678.98,0.9879838317601778
8678.990000000002,0.9880182977587095
8679.0,0.9880530699201306
8679.01,0.9880873255074857
8679.02,0.9881210793171331
8679.03,0.9881543455438903
8679.04,0.9881871378728821
8679.05,0.9882194694764459
8679.06,0.9882522869077496
8679.07,0.9882837142683588
8679.08,0.9883147182593373
8679.09,0.9883453102563658
8679.1,0.9883755011803922
8679.109999999999,0.9884053015904374
8679.12,0.9884347216471556
8679.13,0.9884637711884867
8679.140000000001,0.988492459689395
8679.15,0.9885207963305697
8679.16,0.9885487899530613
8679.17,0.9885764491114895
8679.18,0.9886037820735784
8679.19,0.9886307968417031
8679.2,0.9886575011177525
8679.21,0.9886839024055616
8679.220000000001,0.9887100079294109
8679.23,0.9887358246874036
8679.24,0.9887613594544695
8679.25,0.9887866187885233
8679.26,0.9888116090487216
8679.27,0.988836358945058
8679.28,0.9888608288678892
8679.29,0.9888850476052498
8679.300000000001,0.9889090207541588
8679.31,0.9889327537422246
8679.320000000002,0.9889562518431223
8679.33,0.9889795201329538
8679.34,0.9890025635992198
8679.35,0.9890020675989046
8679.359999999999,0.9890246706320855
8679.37,0.9890470628464283
8679.38,0.9890692486389508
8679.39,0.9890912322677458
8679.4,0.9891130178957556
8679.41,0.9891346095232115
8679.42,0.9891560110781137
8679.43,0.9891772263262013
8679.44,0.9891982589897178
8679.45,0.9892191126662971
8679.46,0.9892397908083598
8679.470000000001,0.9892602968405936
8679.48,0.9892806340453691
8679.49,0.9893008056457638
8679.5,0.9893208147541594
8679.51,0.9893406644123401
8679.52,0.9893603575920902
8679.53,0.9893798971544567
8679.539999999999,0.9893992859090405
8679.550000000001,0.989418526580626
8679.56,0.9894376218475992
8679.570000000002,0.9894565742731646
8679.58,0.9894753863962708
8679.59,0.9894940606702662
8679.6,0.9895125994862639
8679.61,0.9895310051850983
8679.62,0.9895492800482253
8679.630000000001,0.9895674262734289
8679.64,0.9895854460470493
8679.650000000001,0.9896033414540896
8679.66,0.9896211145818032
8679.67,0.9896387674078263
8679.68,0.9896563019062109
8679.689999999999,0.9896737199811008
8679.7,0.9896910234998132
8679.71,0.9897082142879258
8679.720000000001,0.9897252941147894
8679.73,0.9897422647163767
8679.74,0.9897591277766482
8679.75,0.9897758849674038
8679.76,0.9897925378969287
8679.77,0.9898090881213178
8679.78,0.9898255372059653
8679.789999999999,0.98984188665517
8679.800000000001,0.9898581379330318
8679.81,0.9898742924668305
8679.82,0.9898903516825829
8679.83,0.989906316941576
8679.84,0.9899221895821573
8679.85,0.9899379709258737
8679.86,0.9899536622598379
8679.87,0.9899692648197234
8679.880000000001,0.9899847798412973
8679.89,0.9900002085457126
8679.900000000001,0.9900155520789156
8679.91,0.9900308115958111
8679.92,0.990045988237082
8679.93,0.9900610830850374
8679.94,0.990076097226913
8679.95,0.9900910317052343
8679.960000000001,0.9901058875656374
8679.97,0.9901206658151038
8679.98,0.9901353674215578
8679.99,0.9901499933857645
8680.0,0.9901645446269176
8680.01,0.9901790220947051
8680.02,0.9901934266858597
8680.03,0.9902077592875675
8680.039999999999,0.9902220207819608
8680.050000000001,0.9902362120184955
8680.06,0.9902503338350187
8680.07,0.990264387056663
8680.08,0.9902783724809866
8680.09,0.9902922908955366
8680.1,0.9903061430625635
8680.11,0.9903199297606636
8680.119999999999,0.9903336517258087
8680.130000000001,0.9903473096749562
8680.14,0.9903609043156698
8680.150000000001,0.9903744363672117
8680.16,0.9903879065027487
8680.17,0.9904013154066854
8680.18,0.9904146637215705
8680.19,0.990427952096356
8680.2,0.9904411811606655
8680.210000000001,0.9904543515435016
8680.22,0.9904674638570854
8680.230000000001,0.9904805186926576
8680.24,0.9904935166414178
8680.25,0.9905064582761353
8680.26,0.9905193441692225
8680.27,0.9905321748560584
8680.28,0.9905449508813542
8680.289999999999,0.9905577693045442
8680.300000000001,0.9905704369393302
8680.31,0.9905830514712535
8680.32,0.9905956134471346
8680.33,0.9906081233358986
8680.34,0.9906205816154281
8680.35,0.9906329887835884
8680.36,0.9906453452863
8680.369999999999,0.9906576515910825
8680.380000000001,0.9906699081611549
8680.39,0.9906821154137585
8680.4,0.9906942738060093
8680.41,0.9907063837333636
8680.42,0.9907184456338582
8680.43,0.9907304598986325
8680.44,0.9907424269521211
8680.45,0.9907543471739454
8680.460000000001,0.9907662209506176
8680.47,0.9907780486531651
8680.480000000001,0.9907898306757381
8680.49,0.9908015673577548
8680.5,0.9908132590682547
8680.51,0.9908249061515563
8680.52,0.9908365089656854
8680.53,0.990848067832657
8680.54,0.9908595830786905
8680.55,0.9908710550407814
8680.560000000001,0.9908824840184747
8680.57,0.9908938703577578
8680.58,0.9909052143198798
8680.59,0.9909165162230371
8680.6,0.9909277763644466
8680.61,0.9909389950260206
8680.619999999999,0.9909501724680705
8680.630000000001,0.9909613089784971
8680.64,0.9909724048285614
8680.65,0.9909834602829724
8680.66,0.9909944755798719
8680.67,0.9910054509855027
8680.68,0.9910163867275302
8680.69,0.991027283051944
8680.699999999999,0.9910381401889328
8680.710000000001,0.991048958368722
8680.72,0.9910597378006744
8680.730000000001,0.9910704786999807
8680.74,0.9910811812771547
8680.75,0.9910918457355377
8680.76,0.9911024722554526
8680.77,0.9911130610643518
8680.78,0.9911236122940358
8680.79,0.9911341261627057
8680.8,0.9911446492083146
8680.810000000001,0.9911550887201532
8680.82,0.9911654913304416
8680.83,0.9911758572268796
8680.84,0.9911861865240695
8680.85,0.9911964793868789
8680.86,0.9912067359204502
8680.87,0.9912169562655951
8680.880000000001,0.9912271405387385
8680.890000000001,0.9912372888470925
8680.9,0.9912474012744926
8680.91,0.9912574779446676
8680.92,0.9912194762818346
8680.93,0.9912292610659321
8680.94,0.9912390088262343
8680.949999999999,0.9912487196113741
8680.960000000001,0.9912583934520054
8680.97,0.9912680303925228
8680.98,0.9912776304326001
8680.99,0.9912871935954647
8681.0,0.9912967198645274
8681.01,0.9913062092450783
8681.02,0.9913156617106683
8681.03,0.9913250772240516
8681.04,0.9913344557176986
8681.05,0.9913437971598443
8681.060000000001,0.9913531014614133
8681.07,0.9913623685313031
8681.08,0.9913715982615148
8681.09,0.9913807905470841
8681.1,0.9913899452213729
8681.11,0.9913990621544999
8681.12,0.991408141159364
8681.13,0.99141718203704
8681.140000000001,0.9914261845889671
8681.15,0.9914351485534849
8681.16,0.9914440736873332
8681.17,0.9914529596861659
8681.18,0.9914618062446796
8681.19,0.9914706130031652
8681.2,0.9914793796173474
8681.210000000001,0.9914881056420957
8681.22,0.991496790661007
8681.23,0.9915054341796701
8681.24,0.9915140356662662
8681.25,0.9915225945658559
8681.26,0.9915311102577901
8681.27,0.9915395820751046
8681.279999999999,0.9915480093060258
8681.29,0.9915563911552076
8681.3,0.9915647267960633
8681.310000000001,0.9915730152863511
8681.32,0.9915812556612437
8681.33,0.9915894468449293
8681.34,0.9915972176939843
8681.35,0.9916052763551867
8681.36,0.9916132935921219
8681.37,0.9916212690093066
8681.38,0.991629196566837
8681.390000000001,0.9916370712619457
8681.4,0.9916449020676837
8681.41,0.9916526791823351
8681.42,0.9916607249749518
8681.43,0.9916683407081508
8681.44,0.9916758872331694
8681.45,0.9916833616110141
8681.460000000001,0.9916907606309501
8681.470000000001,0.9916980807626875
8681.48,0.9917053181497887
8681.490000000002,0.9917124685301448
8681.5,0.9917195272305014
8681.51,0.9917264890778729
8681.52,0.9917333483832105
8681.529999999999,0.991740098819996
8681.54,0.9917467333965801
8681.55,0.9917532443309575
8681.56,0.9917596229811791
8681.57,0.9917658596728846
8681.58,0.991771943591387
8681.59,0.9917778626310022
8681.6,0.9917836031379564
8681.61,0.9917891497652178
8681.62,0.9917944851206063
8681.63,0.991799589506199
8681.640000000001,0.9918044404980283
8681.65,0.991809012474049
8681.66,0.9918132760970869
8681.67,0.9918171976135322
8681.68,0.9918207380056543
8681.69,0.9918238520650102
8681.7,0.9918213636468863
8681.71,0.991823292294527
8681.720000000001,0.991824599288786
8681.73,0.9918251980015531
8681.74,0.9918249852868098
8681.75,0.9918238375225197
8681.76,0.9918216055284309
8681.77,0.9918181078345447
8681.78,0.9918131219121922
8681.79,0.9918063723384696
8681.800000000001,0.9917975149114113
8681.81,0.991786114710164
8681.820000000002,0.9917715990791797
8681.83,0.9917532667173087
8681.84,0.991730184399766
8681.85,0.9917010691235304
8681.859999999999,0.9916641746144169
8681.87,0.9916170728648427
8681.88,0.9915563013560653
8681.89,0.9914767639038902
8681.9,0.9913646861362174
8681.91,0.9912072609882022
8681.92,0.9909935235737024
8681.93,0.9906797132985818
8681.94,0.990196772359809
8681.95,0.9894918889009686
8681.96,0.9885473428923268
8681.970000000001,0.9872851978208963
8681.98,0.9859126151641177
8681.99,0.9844214264261569
8682.0,0.9831281674301731
8682.01,0.9824424244643666
8682.02,0.9823688740104043
8682.03,0.9829332366219811
8682.04,0.984127168206286
8682.050000000001,0.9856255889316697
8682.06,0.9870406216759205
8682.070000000002,0.9883633100515444
8682.08,0.9893702371156701
8682.09,0.9901396862870043
8682.1,0.99067633827766
8682.11,0.9910309391972145
8682.12,0.9912735626742905
8682.130000000001,0.9914501423997835
8682.14,0.991579645246661
8682.15,0.9916709452363776
8682.16,0.9917408215091624
8682.17,0.9917944514812187
8682.18,0.991835041617492
8682.19,0.9918644267841076
8682.2,0.9918833203857117
8682.21,0.9918895131086719
8682.220000000001,0.991880679694263
8682.23,0.9918515469987997
8682.24,0.9917872291605795
8682.25,0.9916614323883494
8682.26,0.9914265351829507
8682.27,0.991015333409162
8682.28,0.9903459825227672
8682.289999999999,0.9893508749583726
8682.300000000001,0.9880744688008037
8682.31,0.9866433317239007
8682.32,0.9852835539345143
8682.33,0.9843835773771514
8682.34,0.9841616093645948
8682.35,0.9846942698954996
8682.36,0.9858390952222833
8682.37,0.987302393486021
8682.380000000001,0.9887067173412778
8682.39,0.9899066898165482
8682.400000000001,0.9907900671021272
8682.41,0.991372100263829
8682.42,0.9917299918815637
8682.43,0.9919423079838546
8682.44,0.9920687489387765
8682.45,0.9921481482842811
8682.46,0.9922032838728604
8682.47,0.9922420167880275
8682.48,0.9922715633455198
8682.49,0.9922958386856912
8682.5,0.9923163640095778
8682.51,0.9923341335378012
8682.52,0.9923498331227418
8682.53,0.9923639529098828
8682.539999999999,0.9923768491391276
8682.550000000001,0.9923886779244708
8682.56,0.99239964398196
8682.57,0.9924099040990603
8682.58,0.992419568821044
8682.59,0.9924287257348511
8682.6,0.9924374344098852
8682.61,0.9924457713332125
8682.619999999999,0.9924537734428653
8682.630000000001,0.9924614789059467
8682.64,0.9924689194925931
8682.650000000001,0.9924761215908251
8682.66,0.9924831070212569
8682.67,0.9924898941151984
8682.68,0.992496498543545
8682.69,0.9925029395415651
8682.7,0.9925092153042204
8682.710000000001,0.9925153413433967
8682.72,0.9925213249782662
8682.730000000001,0.9925271722200291
8682.74,0.9925328976146741
8682.75,0.9925384845158122
8682.76,0.9925425497600378
8682.77,0.9925476955899384
8682.78,0.9925527079205834
8682.789999999999,0.9925575848122543
8682.800000000001,0.9925623882351282
8682.81,0.9925670560594085
8682.82,0.9925715745933098
8682.83,0.9925760280326037
8682.84,0.992580425756738
8682.85,0.9925847221736361
8682.86,0.9925888947184663
8682.869999999999,0.992592994816614
8682.880000000001,0.9925969655753938
8682.89,0.9926007081838003
8682.9,0.9926042267105293
8682.91,0.9926075408845703
8682.92,0.9926105566138799
8682.93,0.9926132347610706
8682.94,0.9926167200567448
8682.95,0.9926183942058473
8682.960000000001,0.9926195492517363
8682.97,0.9926200770296748
8682.980000000001,0.9926249247814622
8682.99,0.9926236043496999
8683.0,0.9926211283255977
8683.01,0.9926171431254547
8683.02,0.9926111544038165
8683.03,0.9926024489082439
8683.04,0.9925899499014972
8683.05,0.9925713290773998
8683.060000000001,0.9925401297363988
8683.07,0.992493292192636
8683.08,0.992415402802469
8683.09,0.9922828178159467
8683.1,0.9920590656850741
8683.11,0.9916971732077065
8683.119999999999,0.9911523299598295
8683.130000000001,0.9904050938867087
8683.14,0.9895192842791691
8683.15,0.9885939181516414
8683.16,0.9878690306898256
8683.17,0.9874939396919667
8683.18,0.9875793721021981
8683.19,0.9880768775800753
8683.199999999999,0.9889193446605515
8683.210000000001,0.9898583260448892
8683.22,0.9907080185431493
8683.230000000001,0.9913992581634542
8683.24,0.9918857463233716
8683.25,0.9922020703452068
8683.26,0.9923972275791665
8683.27,0.9925147179395437
8683.28,0.9925872674882745
8683.29,0.9926343859169888
8683.3,0.992668294093132
8683.310000000001,0.9926912337965782
8683.32,0.9927093235030156
8683.33,0.9927240277784001
8683.34,0.9927362765047497
8683.35,0.9927466962984924
8683.36,0.9927557264293368
8683.37,0.9927636836897135
8683.380000000001,0.9927707851885262
8683.39,0.9927771357367634
8683.4,0.9927828977261539
8683.41,0.9927881627457898
8683.42,0.992793004975631
8683.43,0.9927974830853569
8683.44,0.9928016439804254
8683.449999999999,0.9928055254602141
8683.460000000001,0.992809158270427
8683.47,0.9928125675611281
8683.48,0.9928157740614046
8683.49,0.9928187949173634
8683.5,0.9928216444053615
8683.51,0.9928243344466893
8683.52,0.9928268750003985
8683.53,0.9928292744234121
8683.54,0.9928315397260573
8683.55,0.9928336768064245
8683.560000000001,0.992835690579754
8683.57,0.9928375851606871
8683.58,0.9928393639797208
8683.59,0.9928410298544058
8683.6,0.9928425850679791
8683.61,0.9928440314882188
8683.62,0.9928453705499414
8683.63,0.9928466033342206
8683.640000000001,0.9928477306547888
8683.65,0.9928487529900873
8683.660000000002,0.9928496706020543
8683.67,0.9928504835264194
8683.68,0.9928511915752668
8683.69,0.9928517943765289
8683.699999999999,0.9928522913829613
8683.710000000001,0.9928526819012709
8683.72,0.9928529650443253
8683.73,0.9928531398207568
8683.74,0.9928532050838073
8683.75,0.9928531595788477
8683.76,0.9928530018778282
8683.77,0.9928527304593806
8683.779999999999,0.9928523437077629
8683.79,0.9928518398470773
8683.8,0.9928512170162577
8683.810000000001,0.9928504732276869
8683.82,0.992849606386403
8683.83,0.9928486142812556
8683.84,0.9928474945731922
8683.85,0.9928462448617199
8683.86,0.9928930711167674
8683.87,0.9928913958784552
8683.88,0.9928895833319831
8683.890000000001,0.9928876305696264
8683.9,0.9928855345389969
8683.91,0.9928832920918387
8683.92,0.9928808999092802
8683.93,0.9928783545810235
8683.94,0.9928756525316159
8683.95,0.9928727900358215
8683.960000000001,0.9928697632511887
8683.970000000001,0.992866568173047
8683.98,0.9928632006024474
8683.99,0.9928596562287375
8684.0,0.9928559305314764
8684.01,0.9928520188274269
8684.02,0.9928479162582912
8684.029999999999,0.9928436177670449
8684.04,0.9928391180983198
8684.05,0.9928344117920337
8684.06,0.9928294931361857
8684.07,0.9928243562670286
8684.08,0.9928189950064891
8684.09,0.9928134029693517
8684.1,0.9928075735008024
8684.11,0.9928014996878435
8684.12,0.9927951743164838
8684.13,0.9927885898959143
8684.140000000001,0.9927817385899427
8684.15,0.9927763356527305
8684.16,0.9927688909255888
8684.17,0.9927611549218052
8684.18,0.9927531183763305
8684.19,0.9927447716385553
8684.2,0.992736104649167
8684.21,0.9927271069067332
8684.220000000001,0.9927177674645845
8684.23,0.9927080748726005
8684.240000000002,0.9926980171770292
8684.25,0.9926875819018719
8684.26,0.9926767560145233
8684.27,0.9926655258541692
8684.28,0.9926538771676358
8684.29,0.9926417950116029
8684.3,0.9926292637628923
8684.31,0.9926161462357964
8684.32,0.9926026663509782
8684.33,0.9925886858512473
8684.34,0.9925741858662864
8684.35,0.9925591466191962
8684.359999999999,0.9925435473450916
8684.37,0.9925273662068254
8684.38,0.9925105802947215
8684.390000000001,0.9924931655065031
8684.4,0.992475096495923
8684.41,0.9924563465811664
8684.42,0.9924368876851473
8684.43,0.9924166902441336
8684.44,0.9923957230404201
8684.45,0.9923739532021199
8684.46,0.9923513460127494
8684.470000000001,0.9923278648483176
8684.48,0.9923034709780937
8684.49,0.9922781234905946
8684.5,0.9922517790782173
8684.51,0.9922243919360767
8684.52,0.9921959135136951
8684.53,0.9921662923744791
8684.54,0.9921354739599734
8684.550000000001,0.9921034003544958
8684.56,0.9920700100766082
8684.570000000002,0.9920352377187026
8684.58,0.9919990137572072
8684.59,0.9919612641496798
8684.6,0.9919219100544534
8684.609999999999,0.9918808673464828
8684.62,0.9918380463103277
8684.63,0.9917933510733103
8684.64,0.9917466791915021
8684.65,0.9916979210284419
8684.66,0.9916469591686542
8684.67,0.9915936677563286
8684.68,0.9915379117377061
8684.69,0.9914795460397909
8684.7,0.9914184146947306
8684.71,0.9913543432261395
8684.720000000001,0.9912871636002439
8684.73,0.9912166743224288
8684.74,0.9911426645987476
8684.75,0.9910649064800087
8684.76,0.9909831531810777
8684.77,0.9908971371400656
8684.78,0.9908065679265843
8684.789999999999,0.9907111298350644
8684.800000000001,0.9906104791941591
8684.81,0.9905042413501502
8684.820000000002,0.9903920072594964
8684.83,0.9902733296343208
8684.84,0.9901477185133231
8684.85,0.9900146363885708
8684.86,0.9898734924385969
8684.87,0.9897236361487798
8684.880000000001,0.9895643499202417
8684.89,0.9893948404962568
8684.900000000001,0.9892142293083379
8684.91,0.9890215411572061
8684.92,0.9888156912051683
8684.93,0.9885954697995352
8684.939999999999,0.9883826111348848
8684.95,0.988129266467557
8684.96,0.9878570725232003
8684.970000000001,0.9875640157010429
8684.98,0.9872478819394421
8684.99,0.986906305994331
8685.0,0.9865364490861749
8685.01,0.9861351237753394
8685.02,0.9856986802691562
8685.03,0.9852229234040364
8685.039999999999,0.9847029858395807
8685.050000000001,0.9841341248899826
8685.06,0.9835081314540872
8685.07,0.9828181973911975
8685.08,0.9820553379612799
8685.09,0.9812089310286329
8685.1,0.9802663449263573
8685.11,0.979212463423715
8685.12,0.9780290740256737
8685.130000000001,0.9766940716881898
8685.14,0.9751804162397771
8685.150000000001,0.973454740703917
8685.16,0.9714624910489296
8685.17,0.9691552848861075
8685.18,0.9664981550763638
8685.19,0.9633895880343547
8685.2,0.9596981222614203
8685.210000000001,0.9552490705979494
8685.22,0.949804603523583
8685.23,0.9430187202783804
8685.24,0.9340872188599993
8685.25,0.921289875477903
8685.26,0.9032266121768788
8685.27,0.8751852614318593
8685.28,0.8316413243432119
8685.289999999999,0.7676496640857673
8685.300000000001,0.6850829119247391
8685.31,0.5950642433960476
8685.32,0.5125645980808589
8685.33,0.44755642891295955
8685.34,0.40148441067048984
8685.35,0.37224441737043473
8685.36,0.35695921043697487
8685.369999999999,0.3536347029526938
8685.380000000001,0.36183361893781596
8685.39,0.38266847695673023
8685.400000000001,0.4186202731313158
8685.41,0.4725223969249703
8685.42,0.5454632987669367
8685.43,0.6327719576282933
8685.44,0.7215103814287627
8685.45,0.7970974722579613
8685.460000000001,0.852236753494944
8685.47,0.8884512038944085
8685.480000000001,0.911761431701615
8685.49,0.9270828661008903
8685.5,0.9382924838327419
8685.51,0.9460736488199019
8685.52,0.9522454063490097
8685.53,0.9572390632527047
8685.539999999999,0.9613469352256908
8685.550000000001,0.9647770893862174
8685.56,0.9676832316877726
8685.57,0.9701844790930464
8685.58,0.9723642387108052
8685.59,0.9742332771344678
8685.6,0.9758669437308168
8685.61,0.9773034650796595
8685.619999999999,0.9785733535027729
8685.630000000001,0.9797014313403274
8685.64,0.980708057373113
8685.65,0.9816100589052275
8685.66,0.9824214431881967
8685.67,0.9831539468474797
8685.68,0.9838174641635576
8685.69,0.9844203838546103
8685.7,0.9849698773764803
8685.710000000001,0.9854720215540856
8685.72,0.9859321152388482
8685.730000000001,0.9863547148352222
8685.74,0.9867437753710521
8685.75,0.9871027356718708
8685.76,0.9874346692511315
8685.77,0.9877421248633552
8685.78,0.9880274783317756
8685.79,0.9882928812053429
8685.8,0.9885168459567868
8685.810000000001,0.9887472745259573
8685.82,0.9889625508769389
8685.83,0.9891639647288961
8685.84,0.9893526778984149
8685.85,0.9895297128516295
8685.86,0.9896960101260707
8685.869999999999,0.9898524110161387
8685.880000000001,0.9899996756631654
8685.89,0.9901384923818197
8685.9,0.9902694855439588
8685.91,0.9903932226179086
8685.92,0.9905102202991292
8685.93,0.9906209498029243
8685.94,0.9907318022001718
8685.949999999999,0.9908312496347874
8685.960000000001,0.9909256140646412
8685.97,0.9910152268174042
8685.980000000001,0.9911003986893648
8685.99,0.9911813971451784
8686.0,0.9912584871141633
8686.01,0.991331907004236
8686.02,0.9914018770863602
8686.03,0.9914686011451093
8686.04,0.9915322679212876
8686.05,0.9915930524148395
8686.060000000001,0.9916511171411825
8686.07,0.9917066130470749
8686.08,0.9917596806033201
8686.09,0.9918104505931657
8686.1,0.9918590449339614
8686.11,0.9919055773879055
8686.12,0.9919501541878392
8686.130000000001,0.991992874619821
8686.140000000001,0.9920338315955848
8686.15,0.9920731120978731
8686.16,0.9921107976314076
8686.17,0.9921469646675551
8686.18,0.9921816849552134
8686.19,0.9922150259103789
8686.199999999999,0.9922470508978884
8686.210000000001,0.992277819539659
8686.22,0.9923073879345217
8686.23,0.9923358089467564
8686.24,0.9923631324161106
8686.25,0.9923894053524412
8686.26,0.9924146721280718
8686.27,0.9924389746301742
8686.28,0.992462352462881
8686.29,0.9924848430789054
8686.3,0.9925064818975438
8686.310000000001,0.9925273024635974
8686.32,0.992547336536034
8686.33,0.992566614221611
8686.34,0.992585164069494
8686.35,0.9926030131400049
8686.36,0.9926201871338242
8686.37,0.9926367104579615
8686.38,0.992652606288706
8686.390000000001,0.9926678966610646
8686.4,0.9926826025102418
8686.41,0.9926967437724069
8686.42,0.9927103393877589
8686.43,0.9927234074203715
8686.44,0.9927359650586167
8686.45,0.9927480286737099
8686.460000000001,0.9927596138788397
8686.47,0.9927707355492849
8686.48,0.9927814078769438
8686.49,0.9927916443967394
8686.5,0.9928014580300648
8686.51,0.992810861115645
8686.52,0.9928198654311725
8686.529999999999,0.9928284822110096
8686.54,0.9928367222099095
8686.55,0.9928445957033514
8686.56,0.9928521125210156
8686.57,0.9928592820154872
8686.58,0.9928661132026684
8686.59,0.9928726146333983
8686.6,0.992878794547482
8686.61,0.9928846608042748
8686.62,0.9928902209116541
8686.63,0.9928954820768041
8686.640000000001,0.9929004512050152
8686.65,0.9929051348764366
8686.66,0.9929095394368748
8686.67,0.9929136709307651
8686.68,0.9929175351322986
8686.69,0.9929211376278828
8686.7,0.9929244837299038
8686.710000000001,0.9929275785129963
8686.720000000001,0.9929304268671226
8686.73,0.9929330334855123
8686.740000000002,0.9929354028210288
8686.75,0.9929375391679546
8686.76,0.9929394466570115
8686.77,0.9929411292087904
8686.779999999999,0.9929425905812581
8686.79,0.9929438343978799
8686.8,0.9929448641078962
8686.81,0.9929456830097917
8686.82,0.9929462942866163
8686.83,0.9929467009585391
8686.84,0.9929469059214959
8686.85,0.9929469119523373
8686.86,0.9929467216690193
8686.87,0.9929463376437753
8686.88,0.992945762267498
8686.890000000001,0.9929449978429126
8686.9,0.9929440465940527
8686.91,0.9929429105907946
8686.92,0.9929415918704143
8686.93,0.9929400923199434
8686.94,0.992938413744808
8686.95,0.9929365578852077
8686.96,0.9929345263689214
8686.970000000001,0.9929323207669659
8686.98,0.9929299425373271
8686.99,0.9929273930906157
8687.0,0.9929246737499243
8687.01,0.99292178574233
8687.02,0.9929187302569293
8687.03,0.9929155084140477
8687.04,0.99291212122174
8687.050000000001,0.9929085696759992
8687.06,0.9929048546945864
8687.070000000002,0.9929009770933038
8687.08,0.9928969377034076
8687.09,0.9928927372105384
8687.1,0.9928883763129549
8687.109999999999,0.9928838556244873
8687.12,0.9928791756867504
8687.13,0.9928743370358
8687.14,0.9928693400967569
8687.15,0.9928641852976252
8687.16,0.9928588729866075
8687.17,0.9928534034592323
8687.18,0.9928477770016831
8687.19,0.992841993797706
8687.2,0.9928360540156208
8687.21,0.9928299577866709
8687.220000000001,0.9928237051880673
8687.23,0.9928172962476836
8687.24,0.992810730958165
8687.25,0.9928040092648343
8687.26,0.9927971310698546
8687.27,0.9927900962585736
8687.28,0.9927829046389879
8687.29,0.9927755559918386
8687.300000000001,0.9927680500890093
8687.31,0.992760386617046
8687.320000000002,0.9927525652661352
8687.33,0.992744585655573
8687.34,0.9927364473785948
8687.35,0.992728150006659
8687.36,0.9927196930488837
8687.37,0.9927110760008679
8687.380000000001,0.9927022983043134
8687.39,0.992693359385431
8687.4,0.9926842586070147
8687.41,0.9926749953219001
8687.42,0.9926655688347842
8687.43,0.9926559784222806
8687.44,0.9926462233165376
8687.45,0.992636302719673
8687.46,0.9926262158098523
8687.470000000001,0.9926159617240914
8687.48,0.9926055395513084
8687.49,0.9925949483553038
8687.5,0.9925841871818921
8687.51,0.9925732550086663
8687.52,0.9925621508062384
8687.53,0.9925508735103143
8687.539999999999,0.9925394219929486
8687.550000000001,0.9925277951308626
8687.56,0.9925159917443908
8687.57,0.9925040106171523
8687.58,0.9924918504919561
8687.59,0.9924795101148564
8687.6,0.9924669881425355
8687.61,0.992454283230171
8687.62,0.9924413939962533
8687.630000000001,0.9924283189960419
8687.64,0.9924150567873117
8687.650000000001,0.9924016058614763
8687.66,0.9923879646813686
8687.67,0.9923741316838927
8687.68,0.9923601052539588
8687.69,0.992345883727884
8687.7,0.9923314654392614
8687.71,0.9923168486596422
8687.72,0.9923020316104956
8687.73,0.9922870124900403
8687.74,0.9922717894648472
8687.75,0.9922563606376226
8687.76,0.992240724086756
8687.77,0.9922248778321158
8687.78,0.9922088198789331
8687.789999999999,0.9921925481476869
8687.800000000001,0.9921760605545332
8687.81,0.9921593549623139
8687.82,0.9921424291585872
8687.83,0.9921252809284195
8687.84,0.9921079079786618
8687.85,0.9920903079808923
8687.86,0.9920724785651841
8687.869999999999,0.9920544173017593
8687.880000000001,0.9920361217019674
8687.89,0.9920175892423442
8687.900000000001,0.9919988173444778
8687.91,0.9919798033702656
8687.92,0.991960544638295
8687.93,0.9919410383801216
8687.94,0.9919212818199397
8687.95,0.9919012720788993
8687.960000000001,0.9918810062354856
8687.97,0.9918604813201776
8687.980000000001,0.9918396942692799
8687.99,0.9918186419975308
8688.0,0.9917973212942361
8688.01,0.9917757289395918
8688.02,0.991753855033108
8688.03,0.9917317091751983
8688.039999999999,0.9917092815010133
8688.050000000001,0.9916865684579773
8688.06,0.9916635664113532
8688.07,0.9916402716869661
8688.08,0.9916166804597112
8688.09,0.9915927888894076
8688.1,0.9915685929930109
8688.11,0.9915440886958277
8688.119999999999,0.991519271851069
8688.130000000001,0.9914941381822018
8688.14,0.9914686833082604
8688.15,0.9914429027338115
8688.16,0.9914167918609637
8688.17,0.991390345935729
8688.18,0.9913635601095222
8688.19,0.9913364293623288
8688.2,0.9913089485222105
8688.210000000001,0.9912811122818787
8688.22,0.9912529151766197
8688.230000000001,0.9912243515212529
8688.24,0.9911954154936707
8688.25,0.9911661010122377
8688.26,0.991136401810683
8688.27,0.9911063113771144
8688.28,0.9910758229417221
8688.29,0.9910449294524417
8688.3,0.9910136235655149
8688.310000000001,0.9909818975894809
8688.32,0.99094974347118
8688.33,0.9909171527712978
8688.34,0.9908841165825053
8688.35,0.9908506255191167
8688.36,0.9908166696521069
8688.369999999999,0.9907822384204613
8688.380000000001,0.9907473205720037
8688.39,0.9907119041090175
8688.4,0.9906759760873876
8688.41,0.9906395226253953
8688.42,0.9906025286744079
8688.43,0.990564977852634
8688.44,0.9905268522840196
8688.449999999999,0.9904881323447681
8688.460000000001,0.9904487963608766
8688.47,0.9904088202834037
8688.480000000001,0.9903681773248014
8688.49,0.9903268373548263
8688.5,0.9902847664286659
8688.51,0.9902419259841816
8688.52,0.9901982720303467
8688.53,0.9901537539642475
8688.54,0.9901083133557258
8688.55,0.99006083367559
8688.560000000001,0.9900132983895115
8688.57,0.9899645983859907
8688.58,0.9899146236710499
8688.59,0.9898632441316622
8688.6,0.9898102762853901
8688.61,0.9897554869078025
8688.62,0.9896989595083117
8688.630000000001,0.989641095588651
8688.64,0.989580655736186
8688.65,0.9895166671740763
8688.66,0.9894486957391768
8688.67,0.9893792284062
8688.68,0.989302012783263
8688.69,0.9892352903718491
8688.699999999999,0.9891675027380269
8688.710000000001,0.9890962529744207
8688.72,0.9890291964337298
8688.73,0.988971416921862
8688.74,0.9889137118315785
8688.75,0.9888623792649018
8688.76,0.9888147150619369
8688.77,0.9887753039799873
8688.78,0.9887350946119623
8688.79,0.9887144132751963
8688.8,0.9886733944294043
8688.810000000001,0.9886335924554247
8688.82,0.9885917415619581
8688.83,0.988547497860226
8688.84,0.9884971627812504
8688.85,0.9884449293283378
8688.86,0.9883903315448145
8688.87,0.9883337571905498
8688.88,0.9882749821603913
8688.890000000001,0.9882141191110618
8688.9,0.9881513391709399
8688.910000000002,0.9880867564699893
8688.92,0.9880204555042675
8688.93,0.9879525000830364
8688.94,0.9878829358954252
8688.949999999999,0.9878117924561092
8688.960000000001,0.9877390840709265
8688.97,0.9876648089296657
8688.98,0.9875889525206836
8688.99,0.9875114588987642
8689.0,0.9874323171557233
8689.01,0.9873514216560361
8689.02,0.9872686503175341
8689.029999999999,0.9871838249442298
8689.04,0.9870966799678773
8689.05,0.9870065175745223
8689.060000000001,0.9869125462550499
8689.07,0.9868140294888232
8689.08,0.9867090054672638
8689.09,0.9865935364895798
8689.1,0.9864647991070818
8689.11,0.9863199790984608
8689.12,0.9861570952324189
8689.13,0.9859852937033569
8689.140000000001,0.9858051710879604
8689.15,0.9856337519309264
8689.16,0.9854933870743854
8689.17,0.9853858043171714
8689.18,0.9853126359109109
8689.19,0.9852719795203466
8689.2,0.9852463307723452
8689.210000000001,0.9852144548992743
8689.220000000001,0.9851742040583774
8689.23,0.9851159426632118
8689.240000000002,0.9850410117244316
8689.25,0.9849515333972679
8689.26,0.9848504717790493
8689.27,0.9847412483374258
8689.279999999999,0.9846264961074476
8689.29,0.98450724620323
8689.3,0.984383871655247
8689.31,0.9842572683774765
8689.32,0.9841276711599174
8689.33,0.9839952174608358
8689.34,0.9838599840729214
8689.35,0.9837220078625527
8689.36,0.9835812976250913
8689.37,0.983437843910425
8689.38,0.9832916171904653
8689.390000000001,0.9831425833165883
8689.4,0.9829906966206816
8689.41,0.9828359041744988
8689.42,0.9826774450267766
8689.43,0.9825166531323015
8689.44,0.9823527595449728
8689.45,0.9821856876762773
8689.46,0.9820153553824422
8689.470000000001,0.9818416747092225
8689.48,0.9816645515909515
8689.490000000002,0.981483885315704
8689.5,0.9812995678467595
8689.51,0.9811114829894623
8689.52,0.9809195052202356
8689.53,0.9807234984061064
8689.54,0.9805233139302928
8689.550000000001,0.980318788532146
8689.56,0.9801097414244933
8689.57,0.9798959706645893
8689.58,0.9796772483290042
8689.59,0.9794533142687075
8689.6,0.9792238677627637
8689.609999999999,0.9789885562237048
8689.62,0.9787469597412211
8689.63,0.9784985457773395
8689.640000000001,0.9782425523403513
8689.65,0.9779785018683645
8689.66,0.9777052918905667
8689.67,0.9774214452750973
8689.68,0.9771249611775069
8689.69,0.9768130304421995
8689.7,0.9764815012206213
8689.71,0.9761237315049831
8689.720000000001,0.9757104961580721
8689.73,0.9752342283435792
8689.74,0.9746313069091811
8689.75,0.9738072729750148
8689.76,0.972598360344698
8689.77,0.9707932675164259
8689.78,0.968151722988573
8689.79,0.9645188664688724
8689.800000000001,0.9601070464508539
8689.81,0.9552991304852885
8689.820000000002,0.9509659955463633
8689.83,0.9481534498376062
8689.84,0.9473401370778921
8689.85,0.9487015008615697
8689.86,0.9518245214998116
8689.87,0.9558579201464739
8689.88,0.9597873887222541
8689.89,0.9630426120601326
8689.9,0.965345328575382
8689.91,0.9667198202349437
8689.92,0.9673894986161934
8689.93,0.9675913910109798
8689.94,0.967509167486854
8689.95,0.9672684033353628
8689.96,0.9669336125333896
8689.970000000001,0.9665386518983914
8689.98,0.966100800293961
8689.99,0.9656342990174753
8690.0,0.9651434664786117
8690.01,0.9646309263517427
8690.02,0.964098321863681
8690.03,0.9635466268088859
8690.039999999999,0.9629765288874436
8690.050000000001,0.9623880806361009
8690.06,0.961781192958659
8690.070000000002,0.9611558493119545
8690.08,0.9605118066586255
8690.09,0.9598487289271037
8690.1,0.9591662028897021
8690.11,0.958463749278533
8690.12,0.9577408306167083
8690.130000000001,0.9569968565697157
8690.14,0.9562310809985421
8690.150000000001,0.9554429531985758
8690.16,0.9546317234853303
8690.17,0.9537965901178349
8690.18,0.9529367282200123
8690.189999999999,0.9520512672433116
8690.2,0.951139290077177
8690.21,0.9501998318009864
8690.220000000001,0.9492318781656072
8690.23,0.9482343637948365
8690.24,0.9472061701419139
8690.25,0.9461461231566922
8690.26,0.9450529908078527
8690.27,0.9439479023988119
8690.28,0.9427844059870986
8690.289999999999,0.9415837787298325
8690.300000000001,0.9403445333330755
8690.31,0.939065106847642
8690.32,0.9377438592896955
8690.33,0.9363790699231014
8690.34,0.9349689334103899
8690.35,0.9335115065085808
8690.36,0.9320041899388448
8690.37,0.9304459339583097
8690.380000000001,0.9288340520030068
8690.39,0.9271662295197399
8690.400000000001,0.9254400053966196
8690.41,0.9236527952243971
8690.42,0.9218018479824749
8690.43,0.919884166342054
8690.44,0.9178969129474643
8690.45,0.915836809382113
8690.460000000001,0.9137004693651095
8690.47,0.9114843164579228
8690.48,0.9091845722881781
8690.49,0.9067972347029548
8690.5,0.9043180864647148
8690.51,0.9017426140784974
8690.52,0.8990872988222969
8690.53,0.8963043966249487
8690.539999999999,0.8934096128224438
8690.550000000001,0.8903983206799042
8690.56,0.8872641824996108
8690.57,0.8840006454144528
8690.58,0.8806010594542447
8690.59,0.8770581308755956
8690.6,0.8733641052581557
8690.61,0.8695107130215507
8690.619999999999,0.865489061699133
8690.630000000001,0.8612897772559447
8690.64,0.8569226383755396
8690.650000000001,0.8523352360776466
8690.66,0.847538245090631
8690.67,0.8425185940243997
8690.68,0.8372626494976755
8690.69,0.8317555806209398
8690.7,0.8259813992601119
8690.710000000001,0.8199226991848769
8690.72,0.8135773677479298
8690.730000000001,0.806889286757095
8690.74,0.7998546436456517
8690.75,0.7924479836074081
8690.76,0.784641240228197
8690.77,0.7764197520632334
8690.78,0.7677128291567774
8690.789999999999,0.7585007757496487
8690.800000000001,0.7487380740874217
8690.81,0.7382729724048677
8690.82,0.7270350162512029
8690.83,0.7153015056135811
8690.84,0.7028196469868415
8690.85,0.6892798777617618
8690.86,0.6744185631153091
8690.869999999999,0.6579094385106595
8690.880000000001,0.6391393631446353
8690.89,0.6165737600919056
8690.9,0.5868199615171442
8690.91,0.5429967227627945
8690.92,0.4805998812878611
8690.93,0.405833850391752
8690.94,0.33629408214632345
8690.95,0.284983212821801
8690.960000000001,0.2521081103427668
8690.97,0.23193972175735736
8690.980000000001,0.21962340590675827
8690.99,0.21231834681002484
8691.0,0.20847192643974194
8691.01,0.20731403437331827
8691.02,0.208622897005564
8691.03,0.21264976264658467
8691.04,0.22020288093716672
8691.05,0.23289423734971232
8691.060000000001,0.25366919889703393
8691.07,0.28750083602746435
8691.08,0.34002315866913846
8691.09,0.4103716567356105
8691.1,0.48483309050416395
8691.11,0.5461710801566674
8691.119999999999,0.5889307795949431
8691.130000000001,0.618085401074307
8691.14,0.6403579850623279
8691.15,0.6589665159762667
8691.16,0.6753643631058734
8691.17,0.6901387572738547
8691.18,0.7036094655656964
8691.19,0.7160385296568927
8691.199999999999,0.7277362955590554
8691.210000000001,0.7389508711031835
8691.22,0.749358375604753
8691.23,0.7590881099920774
8691.24,0.7682701997749696
8691.25,0.7769497959427984
8691.26,0.7851460498072065
8691.27,0.7929298175426186
8691.28,0.8003153722398911
8691.29,0.807330616448173
8691.3,0.8140008373668912
8691.310000000001,0.8203295607668967
8691.32,0.8263730665108681
8691.33,0.8321332326714601
8691.34,0.83762738328104
8691.35,0.8428714280613698
8691.36,0.8478801247640976
8691.37,0.8526670286987478
8691.380000000001,0.8572451275905073
8691.390000000001,0.8616036842699932
8691.4,0.8657951503462146
8691.41,0.8698096446389677
8691.42,0.873656505513383
8691.43,0.8773445831513152
8691.44,0.8808821128268052
8691.449999999999,0.8842768153750482
8691.460000000001,0.8875359409403266
8691.47,0.8906661367976155
8691.48,0.893673909591648
8691.49,0.8965655383138934
8691.5,0.8993457052211701
8691.51,0.9019985657473139
8691.52,0.9045719606410405
8691.53,0.907049342842509
8691.54,0.9094352047434545
8691.55,0.9117337468180694
8691.560000000001,0.9139489526325745
8691.57,0.9160845837440987
8691.58,0.9181442002535107
8691.59,0.9201311725731002
8691.6,0.9220487529410047
8691.61,0.9238997835434203
8691.62,0.925687239469357
8691.63,0.9274138533014746
8691.640000000001,0.9290821949285558
8691.65,0.9306947093675696
8691.66,0.93225369985326
8691.67,0.9337303784775819
8691.68,0.9351881451613706
8691.69,0.9365986749090421
8691.7,0.9379638914970714
8691.710000000001,0.9392855819567433
8691.72,0.9405654471168838
8691.73,0.94180510517937
8691.74,0.9430060944324439
8691.75,0.9441698763759844
8691.76,0.9452750881400841
8691.77,0.9463682504120511
8691.779999999999,0.9474281459827982
8691.79,0.9484559607125672
8691.8,0.9494528144048049
8691.81,0.9504197613121714
8691.82,0.9513577897604746
8691.83,0.9522678207192476
8691.84,0.9531507049912463
8691.85,0.9540072184975821
8691.86,0.9548380550417418
8691.87,0.9556438158800814
8691.88,0.9564250180076505
8691.890000000001,0.9571818961278529
8691.9,0.9579147117780838
8691.91,0.958623560554737
8691.92,0.959308017216779
8691.93,0.9599671986672438
8691.94,0.9605995364878865
8691.95,0.9612023596461806
8691.960000000001,0.961771022654166
8691.970000000001,0.9622850276799557
8691.98,0.9627345675371388
8691.990000000002,0.9630715243967516
8692.0,0.9632165978532926
8692.01,0.9630283456371648
8692.02,0.9623094420980188
8692.029999999999,0.9608296105244867
8692.04,0.9584199401626038
8692.05,0.9552406525438898
8692.06,0.9516282607172463
8692.07,0.9483869213697331
8692.08,0.9464857817876865
8692.09,0.9464704590169252
8692.1,0.9484704458595209
8692.11,0.9520955731764644
8692.12,0.9565031847120844
8692.13,0.9607342929472755
8692.140000000001,0.9642899144217953
8692.15,0.9668656977902588
8692.16,0.9684997915562382
8692.17,0.9693336675221147
8692.18,0.9695022334432557
8692.19,0.9690965598881273
8692.2,0.9681662586468968
8692.21,0.9669355095479961
8692.220000000001,0.9655422471979871
8692.23,0.9644106167730853
8692.24,0.9639510450082464
8692.25,0.9643012617131165
8692.26,0.9654636059446762
8692.27,0.9673118700378847
8692.28,0.9694403311416022
8692.29,0.9714537758349548
8692.300000000001,0.9732338366564899
8692.31,0.9746233733336019
8692.320000000002,0.9756686565806317
8692.33,0.9764452799723192
8692.34,0.9770339141694929
8692.35,0.9775022642418749
8692.359999999999,0.9778996681717821
8692.37,0.9782526460419032
8692.38,0.9785680985719052
8692.39,0.978863388292698
8692.4,0.9791430791883233
8692.41,0.9794101865690538
8692.42,0.9796668062481316
8692.43,0.9799144512727089
8692.44,0.9801542481738313
8692.45,0.9803870419315618
8692.46,0.9806133739313709
8692.470000000001,0.9808338356380417
8692.48,0.9810488453445761
8692.49,0.9812587555568288
8692.5,0.9814638640771253
8692.51,0.9816644263220781
8692.52,0.9818606643059766
8692.53,0.9820527734111427
8692.539999999999,0.9822409275400974
8692.550000000001,0.9824252829293199
8692.56,0.9826059812555612
8692.570000000002,0.9827831519460074
8692.58,0.9829569141360756
8692.59,0.9831273780917245
8692.6,0.9832946464876879
8692.61,0.983458815943415
8692.62,0.9836199753110427
8692.630000000001,0.9837782104544215
8692.64,0.9839336018994372
8692.65,0.9840862260084521
8692.66,0.9842361554950235
8692.67,0.9843834596619878
8692.68,0.98452820480507
8692.69,0.9846704543402148
8692.7,0.9848102691273567
8692.71,0.98494770759492
8692.720000000001,0.9850828259786704
8692.73,0.9852156784031958
8692.74,0.9853463170310842
8692.75,0.9854747922296861
8692.76,0.9856011526086053
8692.77,0.9857254451677266
8692.78,0.9858477153675224
8692.789999999999,0.9859732162493763
8692.800000000001,0.9860915716508966
8692.81,0.9862080324807455
8692.82,0.9863226387899299
8692.83,0.9864354293829899
8692.84,0.9865464419451516
8692.85,0.9866557130227391
8692.86,0.9867632781595729
8692.87,0.9868691718216939
8692.880000000001,0.986973427549595
8692.89,0.9870760778896996
8692.900000000001,0.9871771545232482
8692.91,0.9872767101585229
8692.92,0.9873747292233613
8692.93,0.9874712645580038
8692.94,0.9875663444809457
8692.95,0.9876599966270648
8692.96,0.9877522478296742
8692.97,0.9878431242241574
8692.98,0.987932651318073
8692.99,0.9880208538592768
8693.0,0.9881077560110774
8693.01,0.9881933812496818
8693.02,0.988277752509056
8693.03,0.9883608921125108
8693.039999999999,0.9884428217904496
8693.050000000001,0.9885235627219549
8693.06,0.9886031355380767
8693.07,0.9886583965020038
8693.08,0.9887347927814041
8693.09,0.9888109600025291
8693.1,0.9888860365912077
8693.11,0.9889600406610171
8693.119999999999,0.9890329898503718
8693.130000000001,0.9891049013594271
8693.14,0.9891757919265731
8693.150000000001,0.9892456778714624
8693.16,0.9893147147972836
8693.17,0.9893826348770455
8693.18,0.989449711136471
8693.19,0.9895157292947296
8693.2,0.9895808183209084
8693.210000000001,0.9896449920684297
8693.22,0.9897082640565759
8693.230000000001,0.9897706474331373
8693.24,0.9898321549720895
8693.25,0.9898927991020762
8693.26,0.9899525918996381
8693.269999999999,0.9900110268451817
8693.28,0.990069135332747
8693.289999999999,0.9901264258799457
8693.300000000001,0.9901829091595581
8693.31,0.9902432963535613
8693.32,0.9902981223014974
8693.33,0.9903521727401166
8693.34,0.9904054570122232
8693.35,0.990457984116549
8693.36,0.990509762732366
8693.369999999999,0.9905608012214678
8693.380000000001,0.9906111076523423
8693.39,0.9906606897738632
8693.4,0.9907095549855466
8693.41,0.9907577104277819
8693.42,0.9908051628811093
8693.43,0.9908519188398757
8693.44,0.9908979844520274
8693.45,0.9909433655498839
8693.460000000001,0.9909880676599223
8693.47,0.9910320959353015
8693.480000000001,0.9910754552288962
8693.49,0.9911181500411499
8693.5,0.9911601845094037
8693.51,0.9912015624026775
8693.52,0.9912422871475707
8693.53,0.991282361760635
8693.54,0.9913217952681433
8693.55,0.9913605768009787
8693.560000000001,0.9913987148493347
8693.57,0.99143621073132
8693.58,0.9914730653027656
8693.59,0.9915092788957125
8693.6,0.9915448513034217
8693.61,0.9915797817529947
8693.619999999999,0.9916140687998198
8693.630000000001,0.9916477103359418
8693.64,0.991680703456894
8693.65,0.9917130444206612
8693.66,0.9917447285421832
8693.67,0.9917757499550008
8693.68,0.9918061015793627
8693.69,0.9918357748219526
8693.699999999999,0.9918647592767857
8693.710000000001,0.991893042365107
8693.72,0.9919206088678103
8693.730000000001,0.9919474401615725
8693.74,0.9919735129634234
8693.75,0.9919987993369578
8693.76,0.9920232630045633
8693.77,0.9920468573164358
8693.78,0.9920695211208063
8693.79,0.9920911723679972
8693.8,0.992111697962173
8693.810000000001,0.9921309276932088
8693.82,0.9921484512400991
8693.83,0.9921640804395959
8693.84,0.9921774006843608
8693.85,0.9921874496262181
8693.86,0.9921924102325774
8693.87,0.9921917329009843
8693.880000000001,0.9921849506436763
8693.89,0.9921744911209489
8693.9,0.9921617924098854
8693.91,0.9921470310893185
8693.92,0.9921401545305459
8693.93,0.9921435692946092
8693.94,0.9921594105856709
8693.949999999999,0.9921843126749106
8693.960000000001,0.9922197862883336
8693.97,0.9922553316061791
8693.98,0.9922873136169378
8693.99,0.9923171320869486
8694.0,0.9923402242158545
8694.01,0.9923572556254805
8694.02,0.9923682436822128
8694.03,0.9923747306465731
8694.04,0.9923780080125812
8694.05,0.9923785436387026
8694.060000000001,0.9923763869413001
8694.07,0.9923718372724423
8694.08,0.9923650181054501
8694.09,0.9923559440556496
8694.1,0.992344586970439
8694.11,0.9923308867865756
8694.12,0.9923147578744579
8694.13,0.9922960925851084
8694.140000000001,0.9922747626584281
8694.15,0.9922506209273457
8694.160000000002,0.9922235009499135
8694.17,0.9921932160758601
8694.18,0.992159558370766
8694.19,0.992122296936896
8694.199999999999,0.9920811757603001
8694.210000000001,0.9920359112031137
8694.22,0.9919861888536772
8694.23,0.9919316600444251
8694.24,0.9918719375376419
8694.25,0.9918065907397643
8694.26,0.9917351399530135
8694.27,0.9916570497098617
8694.279999999999,0.991571721074825
8694.29,0.9914784825147035
8694.3,0.9913765792169955
8694.310000000001,0.9912651605207675
8694.32,0.9911432650368003
8694.33,0.9910098029400252
8694.34,0.9908635348789426
8694.35,0.99070304671866
8694.36,0.9905267190127846
8694.37,0.9903326902911804
8694.38,0.9901188120758212
8694.390000000001,0.9898825940343702
8694.4,0.9896211295793005
8694.41,0.9893310377177262
8694.42,0.9890083213057985
8694.43,0.9886482589232571
8694.44,0.9882452318928822
8694.45,0.9878154166485745
8694.460000000001,0.987304772485336
8694.470000000001,0.9867263296359127
8694.48,0.9860681957310626
8694.490000000002,0.9853153257758964
8694.5,0.9844489981890214
8694.51,0.9834373748481883
8694.52,0.9822577022283364
8694.529999999999,0.9808822231036821
8694.54,0.9792518658193586
8694.55,0.9772879741262953
8694.56,0.9748838728426219
8694.57,0.9718895827778244
8694.58,0.9680801429697397
8694.59,0.9628470030788355
8694.6,0.9552431570719322
8694.61,0.944054083121997
8694.62,0.9260684093389031
8694.63,0.8966897848957436
8694.640000000001,0.8506925710420505
8694.65,0.7858151845593759
8694.66,0.7069343846172299
8694.67,0.6256736376609522
8694.68,0.554960988750324
8694.69,0.5009170777308087
8694.7,0.4651778755921166
8694.71,0.4465769748452387
8694.720000000001,0.4436531021825328
8694.73,0.45618204245217664
8694.740000000002,0.4852157137415799
8694.75,0.532286651778161
8694.76,0.5971449899265988
8694.77,0.6755383857662136
8694.78,0.75698833299558
8694.79,0.8282718822679238
8694.800000000001,0.8815369452906003
8694.81,0.9167287362416573
8694.82,0.9384191683879483
8694.83,0.9518440732850837
8694.84,0.9604945439347461
8694.85,0.966686514477521
8694.859999999999,0.9709287585936448
8694.87,0.9742367565077394
8694.88,0.9768800591133421
8694.890000000001,0.9790320153030618
8694.9,0.980813478188547
8694.91,0.982312550713912
8694.92,0.9835952065649568
8694.93,0.984706310784531
8694.94,0.9856549929116162
8694.95,0.986482459471217
8694.96,0.987208566970931
8694.970000000001,0.987849400782925
8694.98,0.9883951490398857
8694.99,0.988902418516596
8695.0,0.9893570610434348
8695.01,0.9897662982515996
8695.02,0.9901361616756875
8695.03,0.990471702298598
8695.04,0.9907771813676647
8695.050000000001,0.9910562147156006
8695.06,0.991311887090421
8695.070000000002,0.9915468434054486
8695.08,0.9917641492051796
8695.09,0.9919641983408627
8695.1,0.9921494948614742
8695.11,0.9923215333642976
8695.12,0.9924816225177002
8695.13,0.9926309122271593
8695.14,0.992770416271798
8695.15,0.9929010313098784
8695.16,0.9930235526791897
8695.17,0.993138687985655
8695.18,0.9932470684137884
8695.19,0.9933492585136425
8695.2,0.9934457644506043
8695.21,0.9935370411210153
8695.220000000001,0.9936234983104422
8695.23,0.9937055059522025
8695.24,0.9937833986988516
8695.25,0.9938574798961517
8695.26,0.993928025064937
8695.27,0.9939952848762444
8695.28,0.9940594878531994
8695.289999999999,0.9941208426429579
8695.300000000001,0.9941795400860147
8695.31,0.9942357550015302
8695.320000000002,0.99428964778984
8695.33,0.9943413658498319
8695.34,0.9943910447911121
8695.35,0.9944388095987606
8695.36,0.994484775598308
8695.37,0.9945290493481155
8695.380000000001,0.994571729385251
8695.39,0.9946129070455171
8695.400000000001,0.9946526669918916
8695.41,0.9946910878107317
8695.42,0.9947282426145736
8695.43,0.9947641993425903
8695.439999999999,0.9947990213528068
8695.45,0.9948327676951089
8695.46,0.9948654934769848
8695.470000000001,0.994897250182488
8695.48,0.9949280860002092
8695.49,0.9949580459904972
8695.5,0.9949871723935395
8695.51,0.9950155048075411
8695.52,0.9950430804196241
8695.53,0.9950699341195789
8695.539999999999,0.9950960987468704
8695.550000000001,0.9951216051892999
8695.56,0.9951464825113514
8695.57,0.9951707581151527
8695.58,0.9951944578443358
8695.59,0.9952176060688546
8695.6,0.9952402258402437
8695.61,0.9952623388907935
8695.62,0.9952839658072758
8695.630000000001,0.9953051260684982
8695.64,0.9953258381304294
8695.650000000001,0.9953461194324937
8695.66,0.9953659865611715
8695.67,0.9953854552323237
8695.68,0.9954045403497762
8695.69,0.9954232561162932
8695.7,0.9954416159647069
8695.710000000001,0.9954596327123254
8695.72,0.9954773185552251
8695.730000000001,0.9954946850832076
8695.74,0.9955117433578661
8695.75,0.9955285038964391
8695.76,0.9955449767585699
8695.77,0.9955611714967438
8695.78,0.995577097275016
8695.789999999999,0.9955927628178173
8695.800000000001,0.9956081764643955
8695.81,0.9956233461999761
8695.82,0.9956382796313803
8695.83,0.9956529840634408
8695.84,0.9956674664732533
8695.85,0.9956817335532913
8695.86,0.9956957917150117
8695.869999999999,0.9957096470861497
8695.880000000001,0.9957233055697885
8695.89,0.9957367727891884
8695.900000000001,0.9957500541961284
8695.91,0.9957631549648863
8695.92,0.9957760801140811
8695.93,0.9957888344261749
8695.94,0.9958014225252282
8695.95,0.9958138488451191
8695.960000000001,0.9958261176710447
8695.97,0.9958382330898571
8695.980000000001,0.9958501990666851
8695.99,0.995862019394903
8696.0,0.9958736977595485
8696.01,0.9958852376943373
8696.02,0.9958966425967931
8696.03,0.9959079157576692
8696.04,0.9959190603433645
8696.050000000001,0.9959300794219738
8696.06,0.9959409759268089
8696.07,0.9959517527187285
8696.08,0.9959624125559907
8696.09,0.9959729580861433
8696.1,0.9959833918920579
8696.11,0.9959937164522594
8696.119999999999,0.9960039341775322
8696.130000000001,0.9960140473946364
8696.14,0.9960240583502574
8696.15,0.9960339692055862
8696.16,0.9960437820974053
8696.17,0.9960534990564426
8696.18,0.9960631220557793
8696.19,0.9960726530269951
8696.2,0.996082093821088
8696.210000000001,0.996091446235168
8696.22,0.9961007120227168
8696.230000000001,0.9961098928901854
8696.24,0.996118990470383
8696.25,0.9961280063490218
8696.26,0.996136942116963
8696.27,0.9961457992403675
8696.28,0.9961545791855854
8696.29,0.9961632833845322
8696.3,0.9961710391036547
8696.310000000001,0.9961794877396293
8696.32,0.9961878819897952
8696.33,0.9961962148263583
8696.34,0.9962044637780482
8696.35,0.9962126607439461
8696.36,0.996220843322852
8696.369999999999,0.9962289694353386
8696.380000000001,0.9962370742757174
8696.39,0.9962451395499686
8696.4,0.9962531869434561
8696.41,0.9962611707923252
8696.42,0.9962690834253569
8696.43,0.9962769616364152
8696.44,0.9962847776994052
8696.449999999999,0.9962932687714372
8696.460000000001,0.9963008688670524
8696.47,0.9963084131540162
8696.48,0.9963159024732827
8696.49,0.9963233376663448
8696.5,0.9963307195615864
8696.51,0.9963380489434512
8696.52,0.9963453265853203
8696.53,0.9963525532805032
8696.54,0.9963597297396594
8696.55,0.9963668567004488
8696.560000000001,0.9963739348739784
8696.57,0.9963809649415245
8696.58,0.9963879475973032
8696.59,0.9963948834999145
8696.6,0.9964017732939779
8696.61,0.9964086176087794
8696.62,0.9964154170703685
8696.630000000001,0.996422172288108
8696.640000000001,0.9964288838496578
8696.65,0.9964355523380372
8696.660000000002,0.996442178318934
8696.67,0.9964487623430731
8696.68,0.9964553049745767
8696.69,0.9964618067227475
8696.699999999999,0.9964682681340598
8696.710000000001,0.9964746897020362
8696.72,0.9964810719313472
8696.73,0.9964874153109513
8696.74,0.9964937203515767
8696.75,0.9964999874756065
8696.76,0.9965062171826341
8696.77,0.9965124099187226
8696.78,0.9965185661231691
8696.79,0.9965246862330481
8696.8,0.996530770676032
8696.810000000001,0.9965368198715168
8696.82,0.9965428342315992
8696.83,0.9965488141687038
8696.84,0.9965547600616972
8696.85,0.9965606723207138
8696.86,0.9965665513123039
8696.87,0.9965723974112847
8696.88,0.9965782110008341
8696.890000000001,0.9965839924237335
8696.9,0.996589742054175
8696.91,0.9965954602296858
8696.92,0.9966011472934174
8696.93,0.9966068035766693
8696.94,0.9966124294182229
8696.95,0.996618025153728
8696.960000000001,0.9966235910757186
8696.97,0.9966291275206152
8696.98,0.9966346347955055
8696.99,0.9966401131899628
8697.0,0.9966455630073017
8697.01,0.9966483302652427
8697.02,0.9966533608662608
8697.029999999999,0.9966583336206764
8697.04,0.9966632505978287
8697.05,0.996668205120443
8697.06,0.9966731712772517
8697.07,0.9966780534436921
8697.08,0.996682967934151
8697.09,0.9966880609344971
8697.1,0.9966931611282249
8697.11,0.9966984146921495
8697.12,0.996703728060309
8697.13,0.9967091930987069
8697.140000000001,0.9967146281065764
8697.15,0.9967199948855495
8697.16,0.9967254321528461
8697.17,0.9967308362093699
8697.18,0.9967362021691971
8697.19,0.9967414857193182
8697.2,0.9967489788774382
8697.21,0.9967538897585051
8697.220000000001,0.9967587775626665
8697.23,0.9967636424833161
8697.240000000002,0.9967684847185542
8697.25,0.9967733044896981
8697.26,0.9967781019902371
8697.27,0.9967828774169298
8697.279999999999,0.9967876309559967
8697.29,0.9967923628201413
8697.3,0.9967970731651646
8697.31,0.9968017622005355
8697.32,0.9968064301088285
8697.33,0.9968110770665974
8697.34,0.996815703245223
8697.35,0.9968203088151428
8697.36,0.996824893959928
8697.37,0.9968294588649401
8697.38,0.9968340036800791
8697.390000000001,0.996838528570479
8697.4,0.9968430337044798
8697.41,0.9968475192472429
8697.42,0.9968519853576578
8697.43,0.9968564321950385
8697.44,0.9968608599226759
8697.45,0.9968652686674138
8697.46,0.9968696586113762
8697.470000000001,0.9968740298865982
8697.48,0.9968783826371831
8697.49,0.9968827170311605
8697.5,0.996887033192694
8697.51,0.9968913312794125
8697.52,0.9968956114161726
8697.53,0.9968998737446156
8697.54,0.9969041184167309
8697.550000000001,0.9969083455471786
8697.56,0.9969125552884975
8697.570000000002,0.996916747758173
8697.58,0.9969209230978113
8697.59,0.9969250814282868
8697.6,0.9969292228835859
8697.609999999999,0.9969333475892557
8697.62,0.9969374556621617
8697.63,0.9969415472288576
8697.64,0.9969456224134677
8697.65,0.9969496813309267
8697.66,0.9969537241084953
8697.67,0.9969577508502787
8697.68,0.9969617616946662
8697.69,0.9969657567330206
8697.7,0.9969697360820561
8697.71,0.9969736998693097
8697.720000000001,0.996977648192037
8697.73,0.9969815811491494
8697.74,0.9969854988715029
8697.75,0.9969894014516164
8697.76,0.9969932890072937
8697.77,0.9970473076689967
8697.78,0.9970508398762531
8697.789999999999,0.9970543605114227
8697.800000000001,0.9970578696476827
8697.81,0.9970613673546675
8697.820000000002,0.9970648536873651
8697.83,0.9970683286887789
8697.84,0.9970717924411832
8697.85,0.9970752449704536
8697.86,0.9970786863671827
8697.87,0.9970821166809488
8697.880000000001,0.9970855359500934
8697.89,0.9970889442377077
8697.9,0.9970923416100455
8697.91,0.9970957281082463
8697.92,0.9970991037998698
8697.93,0.9971024687308572
8697.939999999999,0.9971058229573485
8697.95,0.9971091665384064
8697.96,0.9971124995245453
8697.970000000001,0.9971158219513694
8697.98,0.9971191338927623
8697.99,0.9971224354037836
8698.0,0.9971257265104342
8698.01,0.9971290072823317
8698.02,0.9971322777696365
8698.03,0.9971355380157547
8698.039999999999,0.9971387880743198
8698.050000000001,0.997142027994327
8698.06,0.9971452578217577
8698.07,0.9971484776005402
8698.08,0.9971516874070323
8698.09,0.9971548872508621
8698.1,0.997158077194031
8698.11,0.9971612573070547
8698.12,0.9971644276001119
8698.130000000001,0.997167588142857
8698.14,0.9971707389737314
8698.150000000001,0.9971738801399322
8698.16,0.997177011682075
8698.17,0.9971801336609105
8698.18,0.9971832460868791
8698.19,0.9971863490432247
8698.2,0.9971894425474505
8698.21,0.9971925266595661
8698.22,0.9971956014179159
8698.23,0.9971986668548184
8698.24,0.9972017230177928
8698.25,0.9972047699539968
8698.26,0.9972078077122081
8698.27,0.9972108363114959
8698.28,0.9972138558193853
8698.289999999999,0.9972168662551562
8698.300000000001,0.9972198676732578
8698.31,0.9972228601059586
8698.32,0.9972258435918017
8698.33,0.9972288181721864
8698.34,0.9972317838794537
8698.35,0.997234740776672
8698.36,0.9972376888837108
8698.369999999999,0.9972406282312056
8698.380000000001,0.9972435588776365
8698.39,0.9972464808597438
8698.400000000001,0.9972493941738679
8698.41,0.997252298906756
8698.42,0.9972551950640202
8698.43,0.9972580827085717
8698.44,0.9972609618572197
8698.45,0.9972638325501791
8698.460000000001,0.9972666948028832
8698.47,0.9972695486894222
8698.480000000001,0.9972723942206235
8698.49,0.99727523142472
8698.5,0.9972780603426786
8698.51,0.9972808810244048
8698.519999999999,0.9972836934761168
8698.53,0.9972864977554652
8698.539999999999,0.997289293883051
8698.550000000001,0.9972920818766681
8698.56,0.997294861798023
8698.57,0.9972976336672125
8698.58,0.9973003975042819
8698.59,0.9973031533391848
8698.6,0.9973059012341566
8698.61,0.9973086411803381
8698.619999999999,0.9973113732348547
8698.630000000001,0.9973140974242335
8698.64,0.9973168137655584
8698.65,0.997319522286197
8698.66,0.9973222230488422
8698.67,0.9973249160327323
8698.68,0.997327601309983
8698.69,0.997330278880087
8698.7,0.9973329487799694
8698.710000000001,0.9973356110467059
8698.72,0.9973382656819193
8698.730000000001,0.9973409127375837
8698.74,0.9973435522382385
8698.75,0.9973461841974454
8698.76,0.9973488086405231
8698.77,0.9973514256153774
8698.78,0.997354035129799
8698.79,0.9973566372107724
8698.8,0.9973592318795682
8698.810000000001,0.9973618191701706
8698.82,0.9973643990970347
8698.83,0.9973669716881488
8698.84,0.9973695369698987
8698.85,0.9973720949554512
8698.86,0.9973746456869076
8698.869999999999,0.997377189175071
8698.880000000001,0.9973797254374663
8698.89,0.9973822544999374
8698.9,0.9973847763850386
8698.91,0.9973872911125823
8698.92,0.9973897987062558
8698.93,0.9973922991982024
8698.94,0.9973947925803482
8698.949999999999,0.9973972788884705
8698.960000000001,0.9973997581533697
8698.97,0.9974022303737817
8698.980000000001,0.9974046955898982
8698.99,0.9974071537982906
8699.0,0.997409605023708
8699.01,0.997412049318667
8699.02,0.9974144866573987
8699.03,0.9974169170818102
8699.04,0.9974193405868912
8699.05,0.997421757201624
8699.060000000001,0.9974241669569568
8699.07,0.9974265698370637
8699.08,0.9974289658755702
8699.09,0.9974313550986865
8699.1,0.9974337374870156
8699.11,0.9974361130967077
8699.12,0.9974384819044974
8699.130000000001,0.9974408439450875
8699.14,0.9974431992319427
8699.15,0.9974455477862211
8699.16,0.9974478895841116
8699.17,0.9974502246799097
8699.18,0.9974525530594622
8699.19,0.997454874741092
8699.199999999999,0.9974571897408615
8699.210000000001,0.997459498070225
8699.22,0.9974617997223635
8699.23,0.9974640947283248
8699.24,0.9974663830921794
8699.25,0.9974686648227101
8699.26,0.997470939913281
8699.27,0.9974732083841369
8699.28,0.9974754702480079
8699.29,0.9974777255104493
8699.3,0.9974799741746028
8699.310000000001,0.9974822162448576
8699.32,0.9974844517263727
8699.33,0.997486680639517
8699.34,0.9974889029612762
8699.35,0.9974911187302808
8699.36,0.9974933279111031
8699.37,0.9974955305397156
8699.38,0.9974923752995117
8699.390000000001,0.9974945016925046
8699.4,0.9974966204111505
8699.410000000002,0.9974987314214494
8699.42,0.9975008347003984
8699.43,0.9975029302234616
8699.44,0.9975050179612683
8699.449999999999,0.9975070978739283
8699.460000000001,0.9975091699326021
8699.47,0.9975112341009295
8699.48,0.997513290355992
8699.49,0.9975153386498019
8699.5,0.9975173789456477
8699.51,0.9975194111946694
8699.52,0.9975214353582724
8699.529999999999,0.9975234513964224
8699.54,0.9975254592550304
8699.55,0.9975274589053309
8699.560000000001,0.9975294502650368
8699.57,0.997531433306129
8699.58,0.9975334079669196
8699.59,0.997535374195635
8699.6,0.9975373319102416
8699.61,0.997539281068546
8699.62,0.9975412216103388
8699.63,0.9975431534376721
8699.640000000001,0.9975450765268931
8699.65,0.9975469907573725
8699.66,0.9975488960937627
8699.67,0.9975507924295115
8699.68,0.9975526796893824
8699.69,0.9975545577974012
8699.7,0.9975564266557772
8699.710000000001,0.9975582861846973
8699.720000000001,0.9975601362801853
8699.73,0.9975619768315924
8699.740000000002,0.9975638077572133
8699.75,0.997565628935963
8699.76,0.9975674402517094
8699.77,0.9975692416132751
8699.779999999999,0.9975710328707437
8699.79,0.9975728139110432
8699.8,0.9975745846104894
8699.81,0.9975763448183402
8699.82,0.9975780943975813
8699.83,0.9975798332269463
8699.84,0.9975815611041573
8699.85,0.9975832779284188
8699.86,0.9975849834965783
8699.87,0.9975866776396526
8699.88,0.9975883601962808
8699.890000000001,0.9975900309691871
8699.9,0.9975916897691595
8699.91,0.9975933363878836
8699.92,0.9975949706131993
8699.93,0.9975965922346728
8699.94,0.9975982010368144
8699.95,0.9975997967642054
8699.96,0.9976013791758847
8699.970000000001,0.9976029480004865
8699.98,0.9976045029947757
8699.990000000002,0.9976060438437045
8700.0,0.9976075702892887
