{
  "M_dwarf": {
    "stellar_type": "M_dwarf",
    "conditions": {
      "temp": 3500.0,
      "nt": 1000000000000000.0,
      "ne_guess": 50000000000.0,
      "description": "M dwarf (cool main sequence)",
      "expected_h_ion": 2.625e-10,
      "expected_fe_ion": 0.0401
    },
    "success": true,
    "error": null,
    "ne_calculated": 250000000.0,
    "species_densities": {
      "H_I": 920829983938369.4,
      "H_II": 241717.87084727292,
      "Fe_I": 27954432842.744564,
      "Fe_II": 1164768035.1143568
    },
    "ionization_fractions": {
      "H": 2.625e-10,
      "Fe": 0.039999999999999994
    },
    "errors": {
      "H_ionization": 0.0,
      "Fe_ionization": 0.24937655860349842
    }
  },
  "K_star": {
    "stellar_type": "K_star",
    "conditions": {
      "temp": 4500.0,
      "nt": 1000000000000000.0,
      "ne_guess": 1000000000000.0,
      "description": "K star (orange main sequence)",
      "expected_h_ion": 1e-06,
      "expected_fe_ion": 0.5
    },
    "success": true,
    "error": null,
    "ne_calculated": 5000000000.0,
    "species_densities": {
      "H_I": 920824689410958.6,
      "H_II": 920825610.2365688,
      "Fe_I": 14559531280.810087,
      "Fe_II": 14559531280.810087
    },
    "ionization_fractions": {
      "H": 1e-06,
      "Fe": 0.5
    },
    "errors": {
      "H_ionization": 0.0,
      "Fe_ionization": 0.0
    }
  },
  "solar": {
    "stellar_type": "solar",
    "conditions": {
      "temp": 5778.0,
      "nt": 1000000000000000.0,
      "ne_guess": 1000000000000.0,
      "description": "Solar type (G2V)",
      "expected_h_ion": 0.000146,
      "expected_fe_ion": 0.9314
    },
    "success": true,
    "error": null,
    "ne_calculated": 1200000000000.0,
    "species_densities": {
      "H_I": 919590938248528.6,
      "H_II": 134279881847.03484,
      "Fe_I": 2006814292.4431505,
      "Fe_II": 27077450815.42862
    },
    "ionization_fractions": {
      "H": 0.000146,
      "Fe": 0.931
    },
    "errors": {
      "H_ionization": 0.0,
      "Fe_ionization": 0.04294610264118058
    }
  },
  "F_star": {
    "stellar_type": "F_star",
    "conditions": {
      "temp": 6500.0,
      "nt": 1000000000000000.0,
      "ne_guess": 50000000000000.0,
      "description": "F star (hot main sequence)",
      "expected_h_ion": 0.005,
      "expected_fe_ion": 0.98
    },
    "success": true,
    "error": null,
    "ne_calculated": 5000000000000.0,
    "species_densities": {
      "H_I": 911644932999124.1,
      "H_II": 4581130316578.514,
      "Fe_I": 579472242.3374537,
      "Fe_II": 28394139874.535206
    },
    "ionization_fractions": {
      "H": 0.005000000000000001,
      "Fe": 0.9800000000000001
    },
    "errors": {
      "H_ionization": 1.734723475976807e-14,
      "Fe_ionization": 1.1328806373726088e-14
    }
  },
  "A_star": {
    "stellar_type": "A_star",
    "conditions": {
      "temp": 9000.0,
      "nt": 1000000000000000.0,
      "ne_guess": 200000000000000.0,
      "description": "A star (hot main sequence)",
      "expected_h_ion": 0.2002,
      "expected_fe_ion": 0.9974
    },
    "success": true,
    "error": null,
    "ne_calculated": 200000000000000.0,
    "species_densities": {
      "H_I": 589184004373788.1,
      "H_II": 147480167136324.53,
      "Fe_I": 69886099.57838637,
      "Fe_II": 23225480426.55038
    },
    "ionization_fractions": {
      "H": 0.2002,
      "Fe": 0.9969999999999999
    },
    "errors": {
      "H_ionization": 0.0,
      "Fe_ionization": 0.04010427110487939
    }
  },
  "B_star": {
    "stellar_type": "B_star",
    "conditions": {
      "temp": 15000.0,
      "nt": 1000000000000000.0,
      "ne_guess": 500000000000000.0,
      "description": "B star (very hot main sequence)",
      "expected_h_ion": 0.85,
      "expected_fe_ion": 0.999
    },
    "success": true,
    "error": null,
    "ne_calculated": 450000000000000.0,
    "species_densities": {
      "H_I": 75968492686980.38,
      "H_II": 430488125226222.06,
      "Fe_I": 16015564.486713544,
      "Fe_II": 15999548922.226816
    },
    "ionization_fractions": {
      "H": 0.85,
      "Fe": 0.999
    },
    "errors": {
      "H_ionization": 0.0,
      "Fe_ionization": 0.0
    }
  },
  "white_dwarf": {
    "stellar_type": "white_dwarf",
    "conditions": {
      "temp": 25000.0,
      "nt": 1e+18,
      "ne_guess": 1e+16,
      "description": "Hot white dwarf",
      "expected_h_ion": 0.99,
      "expected_fe_ion": 0.999
    },
    "success": true,
    "error": null,
    "ne_calculated": 5e+17,
    "species_densities": {
      "H_I": 4604151071938208.0,
      "H_II": 4.558109561218822e+17,
      "Fe_I": 14559604078.830494,
      "Fe_II": 14545044474751.65
    },
    "ionization_fractions": {
      "H": 0.9899999999999999,
      "Fe": 0.999
    },
    "errors": {
      "H_ionization": 1.1214373986112692e-14,
      "Fe_ionization": 0.0
    }
  }
}