# Jorg synthesis for comparison with Korg.jl
# Teff=5771 K, logg=4.44, [M/H]=0.0
# Wavelength (Å)  Flux  Continuum
5.000000000000000000e+03 9.922628906973340879e-01 1.000000000000000000e+00
5.000010000000000218e+03 9.922063359733581667e-01 1.000000000000000000e+00
5.000020000000000437e+03 9.921185456053093210e-01 1.000000000000000000e+00
5.000029999999999745e+03 9.919512204018436918e-01 1.000000000000000000e+00
5.000039999999999964e+03 9.916611891241153831e-01 1.000000000000000000e+00
5.000050000000000182e+03 9.907840566886607636e-01 1.000000000000000000e+00
5.000060000000000400e+03 9.875165954447039374e-01 1.000000000000000000e+00
5.000069999999999709e+03 9.763417773047061710e-01 1.000000000000000000e+00
5.000079999999999927e+03 9.459192340096339580e-01 1.000000000000000000e+00
5.000090000000000146e+03 8.845407784101114723e-01 1.000000000000000000e+00
5.000100000000000364e+03 7.976693569657411498e-01 1.000000000000000000e+00
5.000109999999999673e+03 7.147639765312281401e-01 1.000000000000000000e+00
5.000119999999999891e+03 6.692576923789550492e-01 1.000000000000000000e+00
5.000130000000000109e+03 6.775134107311966414e-01 1.000000000000000000e+00
5.000140000000000327e+03 7.366880008836931282e-01 1.000000000000000000e+00
5.000149999999999636e+03 8.244333195768792644e-01 1.000000000000000000e+00
5.000159999999999854e+03 9.054960525978165142e-01 1.000000000000000000e+00
5.000170000000000073e+03 9.566163904056894651e-01 1.000000000000000000e+00
5.000180000000000291e+03 9.794758347806568066e-01 1.000000000000000000e+00
5.000189999999999600e+03 9.870563955097360065e-01 1.000000000000000000e+00
5.000199999999999818e+03 9.889722594291906477e-01 1.000000000000000000e+00
5.000210000000000036e+03 9.892750013691583577e-01 1.000000000000000000e+00
5.000220000000000255e+03 9.892140121823485011e-01 1.000000000000000000e+00
5.000229999999999563e+03 9.890365448947012750e-01 1.000000000000000000e+00
5.000239999999999782e+03 9.888272152962594985e-01 1.000000000000000000e+00
5.000250000000000000e+03 9.885745834937609278e-01 1.000000000000000000e+00
5.000260000000000218e+03 9.883058275332398113e-01 1.000000000000000000e+00
5.000270000000000437e+03 9.880085907115815358e-01 1.000000000000000000e+00
5.000279999999999745e+03 9.876778385843441033e-01 1.000000000000000000e+00
5.000289999999999964e+03 9.873334499955770394e-01 1.000000000000000000e+00
5.000300000000000182e+03 9.869626554851340661e-01 1.000000000000000000e+00
5.000310000000000400e+03 9.865658894979875138e-01 1.000000000000000000e+00
5.000319999999999709e+03 9.861317197133629975e-01 1.000000000000000000e+00
5.000329999999999927e+03 9.856816013335158999e-01 1.000000000000000000e+00
5.000340000000000146e+03 9.851941269100378262e-01 1.000000000000000000e+00
5.000350000000000364e+03 9.846343998257377494e-01 1.000000000000000000e+00
5.000359999999999673e+03 9.840415527508458160e-01 1.000000000000000000e+00
5.000369999999999891e+03 9.833904244150353247e-01 1.000000000000000000e+00
5.000380000000000109e+03 9.826655023770098918e-01 1.000000000000000000e+00
5.000390000000000327e+03 9.818453772538928703e-01 1.000000000000000000e+00
5.000399999999999636e+03 9.809053683114530298e-01 1.000000000000000000e+00
5.000409999999999854e+03 9.797577404604502771e-01 1.000000000000000000e+00
5.000420000000000073e+03 9.781185527211013753e-01 1.000000000000000000e+00
5.000430000000000291e+03 9.744643961537031718e-01 1.000000000000000000e+00
5.000439999999999600e+03 9.611230410205408026e-01 1.000000000000000000e+00
5.000449999999999818e+03 9.095518586795212634e-01 1.000000000000000000e+00
5.000460000000000036e+03 7.621473718320145307e-01 1.000000000000000000e+00
5.000470000000000255e+03 5.164386798720170813e-01 1.000000000000000000e+00
5.000479999999999563e+03 3.112038205395425416e-01 1.000000000000000000e+00
5.000489999999999782e+03 2.208653843749687762e-01 1.000000000000000000e+00
5.000500000000000000e+03 1.931164227152034063e-01 1.000000000000000000e+00
5.000510000000000218e+03 1.901475399558295032e-01 1.000000000000000000e+00
5.000520000000000437e+03 2.077802488645915380e-01 1.000000000000000000e+00
5.000529999999999745e+03 2.709259769687255015e-01 1.000000000000000000e+00
5.000539999999999964e+03 4.368936456918884326e-01 1.000000000000000000e+00
5.000550000000000182e+03 6.830981084850112905e-01 1.000000000000000000e+00
5.000560000000000400e+03 8.636012874828487007e-01 1.000000000000000000e+00
5.000569999999999709e+03 9.345536216154818332e-01 1.000000000000000000e+00
5.000579999999999927e+03 9.513225455354725746e-01 1.000000000000000000e+00
5.000590000000000146e+03 9.509872731564757986e-01 1.000000000000000000e+00
5.000600000000000364e+03 9.413229690237235880e-01 1.000000000000000000e+00
5.000609999999999673e+03 9.158115310657117814e-01 1.000000000000000000e+00
5.000619999999999891e+03 8.652767758099120243e-01 1.000000000000000000e+00
5.000630000000000109e+03 7.944638762345342942e-01 1.000000000000000000e+00
5.000640000000000327e+03 7.287785012646000871e-01 1.000000000000000000e+00
5.000649999999999636e+03 6.974652633506741584e-01 1.000000000000000000e+00
5.000659999999999854e+03 7.127186471957357439e-01 1.000000000000000000e+00
5.000670000000000073e+03 7.652052661591197680e-01 1.000000000000000000e+00
5.000680000000000291e+03 8.274886159858065859e-01 1.000000000000000000e+00
5.000689999999999600e+03 8.717310537036087048e-01 1.000000000000000000e+00
5.000699999999999818e+03 8.898500859920187578e-01 1.000000000000000000e+00
5.000710000000000036e+03 8.900109592298076633e-01 1.000000000000000000e+00
5.000720000000000255e+03 8.815962799387325743e-01 1.000000000000000000e+00
5.000729999999999563e+03 8.691269756113222389e-01 1.000000000000000000e+00
5.000739999999999782e+03 8.537792664901500128e-01 1.000000000000000000e+00
5.000750000000000000e+03 8.353448078682510491e-01 1.000000000000000000e+00
5.000760000000000218e+03 8.129141664146118940e-01 1.000000000000000000e+00
5.000770000000000437e+03 7.856137572517327694e-01 1.000000000000000000e+00
5.000779999999999745e+03 7.526697563484769926e-01 1.000000000000000000e+00
5.000789999999999964e+03 7.109122544861973259e-01 1.000000000000000000e+00
5.000800000000000182e+03 6.545417761366746356e-01 1.000000000000000000e+00
5.000810000000000400e+03 5.651942168747693396e-01 1.000000000000000000e+00
5.000819999999999709e+03 3.931726062627259322e-01 1.000000000000000000e+00
5.000829999999999927e+03 1.990075536812735413e-01 1.000000000000000000e+00
5.000840000000000146e+03 1.412656094802610396e-01 1.000000000000000000e+00
5.000850000000000364e+03 1.187119297947611396e-01 1.000000000000000000e+00
5.000859999999999673e+03 1.060198418032194945e-01 1.000000000000000000e+00
5.000869999999999891e+03 9.813933206080388549e-02 1.000000000000000000e+00
5.000880000000000109e+03 9.321914124674114677e-02 1.000000000000000000e+00
5.000890000000000327e+03 9.059744180672496539e-02 1.000000000000000000e+00
5.000899999999999636e+03 9.005166045702873989e-02 1.000000000000000000e+00
5.000909999999999854e+03 9.153942001700590692e-02 1.000000000000000000e+00
5.000920000000000073e+03 9.517618880586303787e-02 1.000000000000000000e+00
5.000930000000000291e+03 1.013294772979716069e-01 1.000000000000000000e+00
5.000939999999999600e+03 1.110712938627682611e-01 1.000000000000000000e+00
5.000949999999999818e+03 1.273440801518984922e-01 1.000000000000000000e+00
5.000960000000000036e+03 1.585605676413569809e-01 1.000000000000000000e+00
5.000970000000000255e+03 2.737296499846069153e-01 1.000000000000000000e+00
5.000979999999999563e+03 4.858708540402706944e-01 1.000000000000000000e+00
5.000989999999999782e+03 6.127964105883653145e-01 1.000000000000000000e+00
5.001000000000000000e+03 6.828164195648481760e-01 1.000000000000000000e+00
5.001010000000000218e+03 7.313476322685548148e-01 1.000000000000000000e+00
5.001020000000000437e+03 7.685556476547988902e-01 1.000000000000000000e+00
5.001029999999999745e+03 7.985834390865896859e-01 1.000000000000000000e+00
5.001039999999999964e+03 8.237939524688590032e-01 1.000000000000000000e+00
5.001050000000000182e+03 8.441774493821881942e-01 1.000000000000000000e+00
5.001060000000000400e+03 8.612438021116929354e-01 1.000000000000000000e+00
5.001069999999999709e+03 8.756432347012731432e-01 1.000000000000000000e+00
5.001079999999999927e+03 8.878798897881815533e-01 1.000000000000000000e+00
5.001090000000000146e+03 8.983668199645642449e-01 1.000000000000000000e+00
5.001100000000000364e+03 9.074191906830357812e-01 1.000000000000000000e+00
5.001109999999999673e+03 9.152800097710377392e-01 1.000000000000000000e+00
5.001119999999999891e+03 9.221291248718738176e-01 1.000000000000000000e+00
5.001130000000000109e+03 9.281442601136981052e-01 1.000000000000000000e+00
5.001140000000000327e+03 9.334372395459710203e-01 1.000000000000000000e+00
5.001149999999999636e+03 9.381371258429067606e-01 1.000000000000000000e+00
5.001159999999999854e+03 9.423203122467910253e-01 1.000000000000000000e+00
5.001170000000000073e+03 9.460509301761597101e-01 1.000000000000000000e+00
5.001180000000000291e+03 9.493675648355289765e-01 1.000000000000000000e+00
5.001189999999999600e+03 9.523690119666079479e-01 1.000000000000000000e+00
5.001199999999999818e+03 9.550727531681587612e-01 1.000000000000000000e+00
5.001210000000000036e+03 9.575177420372614767e-01 1.000000000000000000e+00
5.001220000000000255e+03 9.597192471846266448e-01 1.000000000000000000e+00
5.001229999999999563e+03 9.616981925928913544e-01 1.000000000000000000e+00
5.001239999999999782e+03 9.635143751416228586e-01 1.000000000000000000e+00
5.001250000000000000e+03 9.651636321309731148e-01 1.000000000000000000e+00
5.001260000000000218e+03 9.666413300312493018e-01 1.000000000000000000e+00
5.001270000000000437e+03 9.680020186452995556e-01 1.000000000000000000e+00
5.001279999999999745e+03 9.692406063868144184e-01 1.000000000000000000e+00
5.001289999999999964e+03 9.703390040833803631e-01 1.000000000000000000e+00
5.001300000000000182e+03 9.713547565381154270e-01 1.000000000000000000e+00
5.001310000000000400e+03 9.722623841795927646e-01 1.000000000000000000e+00
5.001319999999999709e+03 9.730708899309397086e-01 1.000000000000000000e+00
5.001329999999999927e+03 9.738025350182510920e-01 1.000000000000000000e+00
5.001340000000000146e+03 9.744527707964798502e-01 1.000000000000000000e+00
5.001350000000000364e+03 9.750108553875397321e-01 1.000000000000000000e+00
5.001359999999999673e+03 9.755038716032399249e-01 1.000000000000000000e+00
5.001369999999999891e+03 9.759201813603459730e-01 1.000000000000000000e+00
5.001380000000000109e+03 9.762344731523662222e-01 1.000000000000000000e+00
5.001390000000000327e+03 9.764835802184002045e-01 1.000000000000000000e+00
5.001399999999999636e+03 9.766445489631084831e-01 1.000000000000000000e+00
5.001409999999999854e+03 9.767027696837853323e-01 1.000000000000000000e+00
5.001420000000000073e+03 9.766670649658364400e-01 1.000000000000000000e+00
5.001430000000000291e+03 9.765173365520072313e-01 1.000000000000000000e+00
5.001439999999999600e+03 9.762234492709190858e-01 1.000000000000000000e+00
5.001449999999999818e+03 9.757703982466153780e-01 1.000000000000000000e+00
5.001460000000000036e+03 9.751333126875643131e-01 1.000000000000000000e+00
5.001470000000000255e+03 9.742476251522882436e-01 1.000000000000000000e+00
5.001479999999999563e+03 9.730168577124759244e-01 1.000000000000000000e+00
5.001489999999999782e+03 9.713887315713525261e-01 1.000000000000000000e+00
5.001500000000000000e+03 9.691593705255387992e-01 1.000000000000000000e+00
5.001510000000000218e+03 9.658798809183916090e-01 1.000000000000000000e+00
5.001520000000000437e+03 9.605368995270666677e-01 1.000000000000000000e+00
5.001529999999999745e+03 9.490123524815937683e-01 1.000000000000000000e+00
5.001539999999999964e+03 9.137396470346929034e-01 1.000000000000000000e+00
5.001550000000000182e+03 8.042585836908934249e-01 1.000000000000000000e+00
5.001560000000000400e+03 5.705579730087778634e-01 1.000000000000000000e+00
5.001569999999999709e+03 3.237585730210415513e-01 1.000000000000000000e+00
5.001579999999999927e+03 2.101416306918112986e-01 1.000000000000000000e+00
5.001590000000000146e+03 1.767918246767430368e-01 1.000000000000000000e+00
5.001600000000000364e+03 1.658038831774770461e-01 1.000000000000000000e+00
5.001609999999999673e+03 1.650726196221801167e-01 1.000000000000000000e+00
5.001619999999999891e+03 1.740617196078290407e-01 1.000000000000000000e+00
5.001630000000000109e+03 2.014804996160320105e-01 1.000000000000000000e+00
5.001640000000000327e+03 2.935932753160696018e-01 1.000000000000000000e+00
5.001649999999999636e+03 5.117976672304317409e-01 1.000000000000000000e+00
5.001659999999999854e+03 7.263884243110142469e-01 1.000000000000000000e+00
5.001670000000000073e+03 7.658340844905046074e-01 1.000000000000000000e+00
5.001680000000000291e+03 5.918714099789060823e-01 1.000000000000000000e+00
5.001689999999999600e+03 3.181474851101195322e-01 1.000000000000000000e+00
5.001699999999999818e+03 1.898108832618968789e-01 1.000000000000000000e+00
5.001710000000000036e+03 1.563697387616088952e-01 1.000000000000000000e+00
5.001720000000000255e+03 1.414518544921073706e-01 1.000000000000000000e+00
5.001729999999999563e+03 1.345054668449479074e-01 1.000000000000000000e+00
5.001739999999999782e+03 1.330348265957755904e-01 1.000000000000000000e+00
5.001750000000000000e+03 1.366198976014676436e-01 1.000000000000000000e+00
5.001760000000000218e+03 1.465605915183610108e-01 1.000000000000000000e+00
5.001770000000000437e+03 1.673431289735615723e-01 1.000000000000000000e+00
5.001779999999999745e+03 2.286260394627045445e-01 1.000000000000000000e+00
5.001789999999999964e+03 4.440295625036084770e-01 1.000000000000000000e+00
5.001800000000000182e+03 6.994453077701102695e-01 1.000000000000000000e+00
5.001810000000000400e+03 8.158128472088304051e-01 1.000000000000000000e+00
5.001819999999999709e+03 8.604892583127203842e-01 1.000000000000000000e+00
5.001829999999999927e+03 8.935304703729322062e-01 1.000000000000000000e+00
5.001840000000000146e+03 9.235176541559338981e-01 1.000000000000000000e+00
5.001850000000000364e+03 9.458811085617067071e-01 1.000000000000000000e+00
5.001859999999999673e+03 9.593344810180195470e-01 1.000000000000000000e+00
5.001869999999999891e+03 9.665929578080816320e-01 1.000000000000000000e+00
5.001880000000000109e+03 9.706547833187361141e-01 1.000000000000000000e+00
5.001890000000000327e+03 9.732744711326084541e-01 1.000000000000000000e+00
5.001899999999999636e+03 9.751945390499855426e-01 1.000000000000000000e+00
5.001909999999999854e+03 9.767057715826708009e-01 1.000000000000000000e+00
5.001920000000000073e+03 9.778873151813812781e-01 1.000000000000000000e+00
5.001930000000000291e+03 9.788451303205181198e-01 1.000000000000000000e+00
5.001939999999999600e+03 9.795779180121630958e-01 1.000000000000000000e+00
5.001949999999999818e+03 9.800892495519205605e-01 1.000000000000000000e+00
5.001960000000000036e+03 9.804281921705818581e-01 1.000000000000000000e+00
5.001970000000000255e+03 9.805812553474505533e-01 1.000000000000000000e+00
5.001979999999999563e+03 9.805061159048509278e-01 1.000000000000000000e+00
5.001989999999999782e+03 9.802224276788471524e-01 1.000000000000000000e+00
5.002000000000000000e+03 9.796701471630848701e-01 1.000000000000000000e+00
5.002010000000000218e+03 9.787740043091770481e-01 1.000000000000000000e+00
5.002020000000000437e+03 9.773682686142211029e-01 1.000000000000000000e+00
5.002029999999999745e+03 9.750789873282674769e-01 1.000000000000000000e+00
5.002039999999999964e+03 9.710076627504858893e-01 1.000000000000000000e+00
5.002050000000000182e+03 9.618941921481568569e-01 1.000000000000000000e+00
5.002060000000000400e+03 9.365496272890825313e-01 1.000000000000000000e+00
5.002069999999999709e+03 8.684459705900392512e-01 1.000000000000000000e+00
5.002079999999999927e+03 7.286712241195901774e-01 1.000000000000000000e+00
5.002090000000000146e+03 5.426893832978655352e-01 1.000000000000000000e+00
5.002100000000000364e+03 3.890828360285201182e-01 1.000000000000000000e+00
5.002109999999999673e+03 3.045111488695669832e-01 1.000000000000000000e+00
5.002119999999999891e+03 2.713719280947691215e-01 1.000000000000000000e+00
5.002130000000000109e+03 2.702378140444162136e-01 1.000000000000000000e+00
5.002140000000000327e+03 3.002640149511462964e-01 1.000000000000000000e+00
5.002149999999999636e+03 3.797432913339992000e-01 1.000000000000000000e+00
5.002159999999999854e+03 5.279219153404233200e-01 1.000000000000000000e+00
5.002170000000000073e+03 7.140344713949524635e-01 1.000000000000000000e+00
5.002180000000000291e+03 8.591129708675032672e-01 1.000000000000000000e+00
5.002189999999999600e+03 9.317873951681263645e-01 1.000000000000000000e+00
5.002199999999999818e+03 9.586403406581220921e-01 1.000000000000000000e+00
5.002210000000000036e+03 9.669608548583501495e-01 1.000000000000000000e+00
5.002220000000000255e+03 9.665978147903416806e-01 1.000000000000000000e+00
5.002229999999999563e+03 9.561041283985004524e-01 1.000000000000000000e+00
5.002239999999999782e+03 9.303504730759553087e-01 1.000000000000000000e+00
5.002250000000000000e+03 8.909526322086878114e-01 1.000000000000000000e+00
5.002260000000000218e+03 8.531025166986513364e-01 1.000000000000000000e+00
5.002270000000000437e+03 8.370921434939402328e-01 1.000000000000000000e+00
5.002279999999999745e+03 8.511490017962263233e-01 1.000000000000000000e+00
5.002289999999999964e+03 8.849153237243972958e-01 1.000000000000000000e+00
5.002300000000000182e+03 9.142099661206877226e-01 1.000000000000000000e+00
5.002310000000000400e+03 9.071046014138831604e-01 1.000000000000000000e+00
5.002319999999999709e+03 8.015432952397228972e-01 1.000000000000000000e+00
5.002329999999999927e+03 5.302770740147880746e-01 1.000000000000000000e+00
5.002340000000000146e+03 2.586570196259357912e-01 1.000000000000000000e+00
5.002350000000000364e+03 1.685289904790658599e-01 1.000000000000000000e+00
5.002359999999999673e+03 1.444704889128065328e-01 1.000000000000000000e+00
5.002369999999999891e+03 1.334829462566122227e-01 1.000000000000000000e+00
5.002380000000000109e+03 1.289316496676256862e-01 1.000000000000000000e+00
5.002390000000000327e+03 1.291129427961928144e-01 1.000000000000000000e+00
5.002399999999999636e+03 1.340888979038759032e-01 1.000000000000000000e+00
5.002409999999999854e+03 1.457483862769523297e-01 1.000000000000000000e+00
5.002420000000000073e+03 1.717731510078580603e-01 1.000000000000000000e+00
5.002430000000000291e+03 2.733539836176942517e-01 1.000000000000000000e+00
5.002439999999999600e+03 5.568879774980663999e-01 1.000000000000000000e+00
5.002449999999999818e+03 8.205501456189926435e-01 1.000000000000000000e+00
5.002460000000000036e+03 9.277511383003216316e-01 1.000000000000000000e+00
5.002470000000000255e+03 9.576700302602066950e-01 1.000000000000000000e+00
5.002479999999999563e+03 9.669716549379914206e-01 1.000000000000000000e+00
5.002489999999999782e+03 9.713409702394762979e-01 1.000000000000000000e+00
5.002500000000000000e+03 9.740462192027934396e-01 1.000000000000000000e+00
5.002510000000000218e+03 9.759124521822908349e-01 1.000000000000000000e+00
5.002520000000000437e+03 9.772630569075158036e-01 1.000000000000000000e+00
5.002529999999999745e+03 9.782413230214793698e-01 1.000000000000000000e+00
5.002539999999999964e+03 9.788537774339237663e-01 1.000000000000000000e+00
5.002550000000000182e+03 9.789776914365629912e-01 1.000000000000000000e+00
5.002560000000000400e+03 9.777822623705038074e-01 1.000000000000000000e+00
5.002569999999999709e+03 9.720238998367463079e-01 1.000000000000000000e+00
5.002579999999999927e+03 9.533145324624936467e-01 1.000000000000000000e+00
5.002590000000000146e+03 9.091066689845536120e-01 1.000000000000000000e+00
5.002600000000000364e+03 8.362975099563428882e-01 1.000000000000000000e+00
5.002609999999999673e+03 7.564807559261813585e-01 1.000000000000000000e+00
5.002619999999999891e+03 7.050211303201660007e-01 1.000000000000000000e+00
5.002630000000000109e+03 7.043896479522698817e-01 1.000000000000000000e+00
5.002640000000000327e+03 7.547828078221952008e-01 1.000000000000000000e+00
5.002649999999999636e+03 8.340890234927759161e-01 1.000000000000000000e+00
5.002659999999999854e+03 9.070124734384813481e-01 1.000000000000000000e+00
5.002670000000000073e+03 9.515313647610308401e-01 1.000000000000000000e+00
5.002680000000000291e+03 9.703794733470845202e-01 1.000000000000000000e+00
5.002689999999999600e+03 9.761332854295008410e-01 1.000000000000000000e+00
5.002699999999999818e+03 9.772939188469584870e-01 1.000000000000000000e+00
5.002710000000000036e+03 9.772061949447762297e-01 1.000000000000000000e+00
5.002720000000000255e+03 9.767751397230400867e-01 1.000000000000000000e+00
5.002729999999999563e+03 9.761988744339537005e-01 1.000000000000000000e+00
5.002739999999999782e+03 9.755170084969311262e-01 1.000000000000000000e+00
5.002750000000000000e+03 9.747331949477343604e-01 1.000000000000000000e+00
5.002760000000000218e+03 9.737663305796373514e-01 1.000000000000000000e+00
5.002770000000000437e+03 9.724458920955314500e-01 1.000000000000000000e+00
5.002779999999999745e+03 9.700366777529123574e-01 1.000000000000000000e+00
5.002789999999999964e+03 9.638520941769959105e-01 1.000000000000000000e+00
5.002800000000000182e+03 9.466897866232262260e-01 1.000000000000000000e+00
5.002810000000000400e+03 9.062599261468603506e-01 1.000000000000000000e+00
5.002819999999999709e+03 8.360076879128777172e-01 1.000000000000000000e+00
5.002829999999999927e+03 7.453381011983586379e-01 1.000000000000000000e+00
5.002840000000000146e+03 6.522219253024206242e-01 1.000000000000000000e+00
5.002850000000000364e+03 5.728165300336534038e-01 1.000000000000000000e+00
5.002859999999999673e+03 5.175421449274902885e-01 1.000000000000000000e+00
5.002869999999999891e+03 4.905119279368638230e-01 1.000000000000000000e+00
5.002880000000000109e+03 4.923279362597263176e-01 1.000000000000000000e+00
5.002890000000000327e+03 5.227872728901158395e-01 1.000000000000000000e+00
5.002899999999999636e+03 5.805370925723136732e-01 1.000000000000000000e+00
5.002909999999999854e+03 6.602360944421432620e-01 1.000000000000000000e+00
5.002920000000000073e+03 7.501921688629005214e-01 1.000000000000000000e+00
5.002930000000000291e+03 8.337218188214209347e-01 1.000000000000000000e+00
5.002939999999999600e+03 8.938987088679429815e-01 1.000000000000000000e+00
5.002949999999999818e+03 9.245645491031661001e-01 1.000000000000000000e+00
5.002960000000000036e+03 9.343448812152351790e-01 1.000000000000000000e+00
5.002970000000000255e+03 9.348475634840377468e-01 1.000000000000000000e+00
5.002979999999999563e+03 9.320655743457201270e-01 1.000000000000000000e+00
5.002989999999999782e+03 9.280631461028048257e-01 1.000000000000000000e+00
5.003000000000000000e+03 9.233003005745624714e-01 1.000000000000000000e+00
5.003010000000000218e+03 9.178957686472901667e-01 1.000000000000000000e+00
5.003020000000000437e+03 9.117622950968606865e-01 1.000000000000000000e+00
5.003029999999999745e+03 9.048326057181762527e-01 1.000000000000000000e+00
5.003039999999999964e+03 8.969657663684417193e-01 1.000000000000000000e+00
5.003050000000000182e+03 8.880139925480809993e-01 1.000000000000000000e+00
5.003060000000000400e+03 8.777769053025983315e-01 1.000000000000000000e+00
5.003069999999999709e+03 8.660250164643058524e-01 1.000000000000000000e+00
5.003079999999999927e+03 8.525513870144982853e-01 1.000000000000000000e+00
5.003090000000000146e+03 8.367930661776932233e-01 1.000000000000000000e+00
5.003100000000000364e+03 8.183910607882973753e-01 1.000000000000000000e+00
5.003109999999999673e+03 7.967521576115978998e-01 1.000000000000000000e+00
5.003119999999999891e+03 7.710705882432382641e-01 1.000000000000000000e+00
5.003130000000000109e+03 7.398638949183103941e-01 1.000000000000000000e+00
5.003140000000000327e+03 7.030849535859898802e-01 1.000000000000000000e+00
5.003149999999999636e+03 6.586058930741967021e-01 1.000000000000000000e+00
5.003159999999999854e+03 6.027394488312642906e-01 1.000000000000000000e+00
5.003170000000000073e+03 5.284185466353542582e-01 1.000000000000000000e+00
5.003180000000000291e+03 4.163213207987350173e-01 1.000000000000000000e+00
5.003189999999999600e+03 2.593597068088370206e-01 1.000000000000000000e+00
5.003199999999999818e+03 1.720432577751059844e-01 1.000000000000000000e+00
5.003210000000000036e+03 1.389820101612768422e-01 1.000000000000000000e+00
5.003220000000000255e+03 1.205798839060638061e-01 1.000000000000000000e+00
5.003229999999999563e+03 1.098670222883335046e-01 1.000000000000000000e+00
5.003239999999999782e+03 1.035566719515767231e-01 1.000000000000000000e+00
5.003250000000000000e+03 1.002515843536314483e-01 1.000000000000000000e+00
5.003260000000000218e+03 9.944241501720743615e-02 1.000000000000000000e+00
5.003270000000000437e+03 1.010163182203706600e-01 1.000000000000000000e+00
5.003279999999999745e+03 1.051937192696087570e-01 1.000000000000000000e+00
5.003289999999999964e+03 1.126832903365009020e-01 1.000000000000000000e+00
5.003300000000000182e+03 1.253445253305869589e-01 1.000000000000000000e+00
5.003310000000000400e+03 1.473907463736794932e-01 1.000000000000000000e+00
5.003319999999999709e+03 1.880339957480501867e-01 1.000000000000000000e+00
5.003329999999999927e+03 2.699462437327773690e-01 1.000000000000000000e+00
5.003340000000000146e+03 3.383423041357650485e-01 1.000000000000000000e+00
5.003350000000000364e+03 3.771830060571651488e-01 1.000000000000000000e+00
5.003359999999999673e+03 4.136673173637530621e-01 1.000000000000000000e+00
5.003369999999999891e+03 4.589589768562438721e-01 1.000000000000000000e+00
5.003380000000000109e+03 5.157212386571720097e-01 1.000000000000000000e+00
5.003390000000000327e+03 5.829208690796681136e-01 1.000000000000000000e+00
5.003399999999999636e+03 6.530316959498556617e-01 1.000000000000000000e+00
5.003409999999999854e+03 7.162542611542341842e-01 1.000000000000000000e+00
5.003420000000000073e+03 7.653223621116804765e-01 1.000000000000000000e+00
5.003430000000000291e+03 8.001199948270197870e-01 1.000000000000000000e+00
5.003439999999999600e+03 8.251806583948518847e-01 1.000000000000000000e+00
5.003449999999999818e+03 8.446842327668524497e-01 1.000000000000000000e+00
5.003460000000000036e+03 8.605911531335824760e-01 1.000000000000000000e+00
5.003470000000000255e+03 8.738841641013629369e-01 1.000000000000000000e+00
5.003479999999999563e+03 8.851871581199608485e-01 1.000000000000000000e+00
5.003489999999999782e+03 8.949545780467765832e-01 1.000000000000000000e+00
5.003500000000000000e+03 9.035106887104019657e-01 1.000000000000000000e+00
5.003510000000000218e+03 9.109117769914530927e-01 1.000000000000000000e+00
5.003520000000000437e+03 9.174912805981567665e-01 1.000000000000000000e+00
5.003529999999999745e+03 9.233201451130695903e-01 1.000000000000000000e+00
5.003539999999999964e+03 9.285164913510269846e-01 1.000000000000000000e+00
5.003550000000000182e+03 9.331622991668000466e-01 1.000000000000000000e+00
5.003560000000000400e+03 9.373362828557721960e-01 1.000000000000000000e+00
5.003569999999999709e+03 9.410876447017545443e-01 1.000000000000000000e+00
5.003579999999999927e+03 9.444897217492587149e-01 1.000000000000000000e+00
5.003590000000000146e+03 9.475684869774991803e-01 1.000000000000000000e+00
5.003600000000000364e+03 9.503637174635832796e-01 1.000000000000000000e+00
5.003609999999999673e+03 9.529038569423309291e-01 1.000000000000000000e+00
5.003619999999999891e+03 9.552128727943407505e-01 1.000000000000000000e+00
5.003630000000000109e+03 9.572682207532468013e-01 1.000000000000000000e+00
5.003640000000000327e+03 9.588367865416214109e-01 1.000000000000000000e+00
5.003649999999999636e+03 9.586167506464569055e-01 1.000000000000000000e+00
5.003659999999999854e+03 9.515736540158812318e-01 1.000000000000000000e+00
5.003670000000000073e+03 9.240888774344264700e-01 1.000000000000000000e+00
5.003680000000000291e+03 8.555949975324141921e-01 1.000000000000000000e+00
5.003689999999999600e+03 7.420483855529436124e-01 1.000000000000000000e+00
5.003699999999999818e+03 6.201450590416470732e-01 1.000000000000000000e+00
5.003710000000000036e+03 5.383947801938422373e-01 1.000000000000000000e+00
5.003720000000000255e+03 5.198819203287319279e-01 1.000000000000000000e+00
5.003729999999999563e+03 5.681160324213548884e-01 1.000000000000000000e+00
5.003739999999999782e+03 6.737199040119264959e-01 1.000000000000000000e+00
5.003750000000000000e+03 8.007532966554425924e-01 1.000000000000000000e+00
5.003760000000000218e+03 8.992134307245136515e-01 1.000000000000000000e+00
5.003770000000000437e+03 9.500363458560905361e-01 1.000000000000000000e+00
5.003779999999999745e+03 9.685486912405790738e-01 1.000000000000000000e+00
5.003789999999999964e+03 9.738030367412697785e-01 1.000000000000000000e+00
5.003800000000000182e+03 9.751890614000562341e-01 1.000000000000000000e+00
5.003810000000000400e+03 9.756544111394588326e-01 1.000000000000000000e+00
5.003819999999999709e+03 9.758585252500908691e-01 1.000000000000000000e+00
5.003829999999999927e+03 9.758982044602786399e-01 1.000000000000000000e+00
5.003840000000000146e+03 9.757735539470797637e-01 1.000000000000000000e+00
5.003850000000000364e+03 9.754205875537030890e-01 1.000000000000000000e+00
5.003859999999999673e+03 9.748333505027370061e-01 1.000000000000000000e+00
5.003869999999999891e+03 9.738586126459344294e-01 1.000000000000000000e+00
5.003880000000000109e+03 9.722067178460452874e-01 1.000000000000000000e+00
5.003890000000000327e+03 9.689958573227399619e-01 1.000000000000000000e+00
5.003899999999999636e+03 9.597150938876169990e-01 1.000000000000000000e+00
5.003909999999999854e+03 9.219806116163626886e-01 1.000000000000000000e+00
5.003920000000000073e+03 7.833732737546698077e-01 1.000000000000000000e+00
5.003930000000000291e+03 4.886987465510351791e-01 1.000000000000000000e+00
5.003939999999999600e+03 2.466747861366269112e-01 1.000000000000000000e+00
5.003949999999999818e+03 1.751964316236415686e-01 1.000000000000000000e+00
5.003960000000000036e+03 1.536232055836901644e-01 1.000000000000000000e+00
5.003970000000000255e+03 1.442974786548323618e-01 1.000000000000000000e+00
5.003979999999999563e+03 1.421707819248359539e-01 1.000000000000000000e+00
5.003989999999999782e+03 1.463923367667962494e-01 1.000000000000000000e+00
5.004000000000000000e+03 1.587234819795743379e-01 1.000000000000000000e+00
5.004010000000000218e+03 1.882008635134685415e-01 1.000000000000000000e+00
5.004020000000000437e+03 3.024573717942040108e-01 1.000000000000000000e+00
5.004029999999999745e+03 5.941960567676101146e-01 1.000000000000000000e+00
5.004039999999999964e+03 8.449748668894121462e-01 1.000000000000000000e+00
5.004050000000000182e+03 9.378288305304885997e-01 1.000000000000000000e+00
5.004060000000000400e+03 9.597559286972517922e-01 1.000000000000000000e+00
5.004069999999999709e+03 9.641332591645850325e-01 1.000000000000000000e+00
5.004079999999999927e+03 9.641812896592881765e-01 1.000000000000000000e+00
5.004090000000000146e+03 9.618554259894842584e-01 1.000000000000000000e+00
5.004100000000000364e+03 9.559359932955437955e-01 1.000000000000000000e+00
5.004109999999999673e+03 9.378624690359819160e-01 1.000000000000000000e+00
5.004119999999999891e+03 8.661827820703337233e-01 1.000000000000000000e+00
5.004130000000000109e+03 6.389659466128376764e-01 1.000000000000000000e+00
5.004140000000000327e+03 3.133802901742448466e-01 1.000000000000000000e+00
5.004149999999999636e+03 1.792248076688529590e-01 1.000000000000000000e+00
5.004159999999999854e+03 1.480064862269040993e-01 1.000000000000000000e+00
5.004170000000000073e+03 1.341489256361924343e-01 1.000000000000000000e+00
5.004180000000000291e+03 1.278803602883593904e-01 1.000000000000000000e+00
5.004189999999999600e+03 1.267258235540848765e-01 1.000000000000000000e+00
5.004199999999999818e+03 1.302891886411657596e-01 1.000000000000000000e+00
5.004210000000000036e+03 1.398486618720986008e-01 1.000000000000000000e+00
5.004220000000000255e+03 1.598903421106936951e-01 1.000000000000000000e+00
5.004229999999999563e+03 2.207141938136621406e-01 1.000000000000000000e+00
5.004239999999999782e+03 4.681513731093910335e-01 1.000000000000000000e+00
5.004250000000000000e+03 7.810443601353567189e-01 1.000000000000000000e+00
5.004260000000000218e+03 9.188868435151669178e-01 1.000000000000000000e+00
5.004270000000000437e+03 9.559810058215075790e-01 1.000000000000000000e+00
5.004279999999999745e+03 9.673263296037647452e-01 1.000000000000000000e+00
5.004289999999999964e+03 9.728743271246431679e-01 1.000000000000000000e+00
5.004300000000000182e+03 9.764991805989693407e-01 1.000000000000000000e+00
5.004310000000000400e+03 9.791498602182182598e-01 1.000000000000000000e+00
5.004319999999999709e+03 9.812244107378798041e-01 1.000000000000000000e+00
5.004329999999999927e+03 9.828558455535676419e-01 1.000000000000000000e+00
5.004340000000000146e+03 9.841461182503988825e-01 1.000000000000000000e+00
5.004350000000000364e+03 9.852318051909779717e-01 1.000000000000000000e+00
5.004359999999999673e+03 9.861320093836277723e-01 1.000000000000000000e+00
5.004369999999999891e+03 9.868934102240679573e-01 1.000000000000000000e+00
5.004380000000000109e+03 9.875265891947374586e-01 1.000000000000000000e+00
5.004390000000000327e+03 9.880872294983189530e-01 1.000000000000000000e+00
5.004399999999999636e+03 9.885600048432414688e-01 1.000000000000000000e+00
5.004409999999999854e+03 9.889910292000267944e-01 1.000000000000000000e+00
5.004420000000000073e+03 9.893805985953660898e-01 1.000000000000000000e+00
5.004430000000000291e+03 9.897207628413227098e-01 1.000000000000000000e+00
5.004439999999999600e+03 9.900208921095239312e-01 1.000000000000000000e+00
5.004449999999999818e+03 9.902949738344095643e-01 1.000000000000000000e+00
5.004460000000000036e+03 9.905435070853676471e-01 1.000000000000000000e+00
5.004470000000000255e+03 9.907688581300224673e-01 1.000000000000000000e+00
5.004479999999999563e+03 9.909773230216619710e-01 1.000000000000000000e+00
5.004489999999999782e+03 9.911658082562941896e-01 1.000000000000000000e+00
5.004500000000000000e+03 9.913424579325385011e-01 1.000000000000000000e+00
5.004510000000000218e+03 9.914902643920850966e-01 1.000000000000000000e+00
5.004520000000000437e+03 9.916374743013053328e-01 1.000000000000000000e+00
5.004529999999999745e+03 9.917717829506700333e-01 1.000000000000000000e+00
5.004539999999999964e+03 9.918848611016769512e-01 1.000000000000000000e+00
5.004550000000000182e+03 9.920104106554187284e-01 1.000000000000000000e+00
5.004560000000000400e+03 9.921189107057916123e-01 1.000000000000000000e+00
5.004569999999999709e+03 9.922046438984928329e-01 1.000000000000000000e+00
5.004579999999999927e+03 9.922986548389580719e-01 1.000000000000000000e+00
5.004590000000000146e+03 9.923848683913972790e-01 1.000000000000000000e+00
5.004600000000000364e+03 9.924550998523816725e-01 1.000000000000000000e+00
5.004609999999999673e+03 9.925325567093481460e-01 1.000000000000000000e+00
5.004619999999999891e+03 9.926103076367098765e-01 1.000000000000000000e+00
5.004630000000000109e+03 9.926736093555745821e-01 1.000000000000000000e+00
5.004640000000000327e+03 9.927371427095206258e-01 1.000000000000000000e+00
5.004649999999999636e+03 9.927947130955295796e-01 1.000000000000000000e+00
5.004659999999999854e+03 9.928323417703640574e-01 1.000000000000000000e+00
5.004670000000000073e+03 9.928755071058700254e-01 1.000000000000000000e+00
5.004680000000000291e+03 9.929149830210601824e-01 1.000000000000000000e+00
5.004689999999999600e+03 9.929464929489595360e-01 1.000000000000000000e+00
5.004699999999999818e+03 9.929646284516713273e-01 1.000000000000000000e+00
5.004710000000000036e+03 9.929726238716908293e-01 1.000000000000000000e+00
5.004720000000000255e+03 9.929933285558542044e-01 1.000000000000000000e+00
5.004729999999999563e+03 9.930114553047896253e-01 1.000000000000000000e+00
5.004739999999999782e+03 9.930289287401314891e-01 1.000000000000000000e+00
5.004750000000000000e+03 9.930246339152384305e-01 1.000000000000000000e+00
5.004760000000000218e+03 9.930244525940143951e-01 1.000000000000000000e+00
5.004770000000000437e+03 9.930111555390584988e-01 1.000000000000000000e+00
5.004779999999999745e+03 9.929812903101532529e-01 1.000000000000000000e+00
5.004789999999999964e+03 9.929262409404789880e-01 1.000000000000000000e+00
5.004800000000000182e+03 9.928570728963517222e-01 1.000000000000000000e+00
5.004810000000000400e+03 9.927276608476491848e-01 1.000000000000000000e+00
5.004819999999999709e+03 9.923956487810449145e-01 1.000000000000000000e+00
5.004829999999999927e+03 9.912447214347552826e-01 1.000000000000000000e+00
5.004840000000000146e+03 9.872664201862173528e-01 1.000000000000000000e+00
5.004850000000000364e+03 9.756355916444265919e-01 1.000000000000000000e+00
5.004859999999999673e+03 9.495973197793858844e-01 1.000000000000000000e+00
5.004869999999999891e+03 9.077533552059258160e-01 1.000000000000000000e+00
5.004880000000000109e+03 8.624276993107694578e-01 1.000000000000000000e+00
5.004890000000000327e+03 8.350480916888408656e-01 1.000000000000000000e+00
5.004899999999999636e+03 8.401610226831746076e-01 1.000000000000000000e+00
5.004909999999999854e+03 8.749580163163779289e-01 1.000000000000000000e+00
5.004920000000000073e+03 9.213083809997495432e-01 1.000000000000000000e+00
5.004930000000000291e+03 9.589064007031551373e-01 1.000000000000000000e+00
5.004939999999999600e+03 9.798828612358437828e-01 1.000000000000000000e+00
5.004949999999999818e+03 9.884010508634358816e-01 1.000000000000000000e+00
5.004960000000000036e+03 9.910422940763269350e-01 1.000000000000000000e+00
5.004970000000000255e+03 9.916541945480598086e-01 1.000000000000000000e+00
5.004979999999999563e+03 9.916964865994802869e-01 1.000000000000000000e+00
5.004989999999999782e+03 9.915707737120558196e-01 1.000000000000000000e+00
5.005000000000000000e+03 9.913345041547491077e-01 1.000000000000000000e+00
5.005010000000000218e+03 9.910056989156980078e-01 1.000000000000000000e+00
5.005020000000000437e+03 9.905304037190097999e-01 1.000000000000000000e+00
5.005029999999999745e+03 9.898989236643770395e-01 1.000000000000000000e+00
5.005039999999999964e+03 9.889677723540709620e-01 1.000000000000000000e+00
5.005050000000000182e+03 9.873312694441069848e-01 1.000000000000000000e+00
5.005060000000000400e+03 9.832280639096164787e-01 1.000000000000000000e+00
5.005069999999999709e+03 9.692038536085318956e-01 1.000000000000000000e+00
5.005079999999999927e+03 9.208524652840085478e-01 1.000000000000000000e+00
5.005090000000000146e+03 7.911093788523335668e-01 1.000000000000000000e+00
5.005100000000000364e+03 5.674762740482489631e-01 1.000000000000000000e+00
5.005109999999999673e+03 3.522244223815930719e-01 1.000000000000000000e+00
5.005119999999999891e+03 2.370476090243902878e-01 1.000000000000000000e+00
5.005130000000000109e+03 1.963134661493537436e-01 1.000000000000000000e+00
5.005140000000000327e+03 1.897247239654211437e-01 1.000000000000000000e+00
5.005149999999999636e+03 2.091925865838584475e-01 1.000000000000000000e+00
5.005159999999999854e+03 2.798543162491037295e-01 1.000000000000000000e+00
5.005170000000000073e+03 4.525069426297085862e-01 1.000000000000000000e+00
5.005180000000000291e+03 6.970323113421913463e-01 1.000000000000000000e+00
5.005189999999999600e+03 8.797445672148420659e-01 1.000000000000000000e+00
5.005199999999999818e+03 9.570111787928259339e-01 1.000000000000000000e+00
5.005210000000000036e+03 9.794530545522788234e-01 1.000000000000000000e+00
5.005220000000000255e+03 9.852613784087453919e-01 1.000000000000000000e+00
5.005229999999999563e+03 9.871764601530370609e-01 1.000000000000000000e+00
5.005239999999999782e+03 9.881114586448337400e-01 1.000000000000000000e+00
5.005250000000000000e+03 9.886302377432130140e-01 1.000000000000000000e+00
5.005260000000000218e+03 9.889114839187284067e-01 1.000000000000000000e+00
5.005270000000000437e+03 9.890291877003313248e-01 1.000000000000000000e+00
5.005279999999999745e+03 9.889898010257479610e-01 1.000000000000000000e+00
5.005289999999999964e+03 9.888196876389101497e-01 1.000000000000000000e+00
5.005300000000000182e+03 9.885011365180976783e-01 1.000000000000000000e+00
5.005310000000000400e+03 9.880020753485360130e-01 1.000000000000000000e+00
5.005319999999999709e+03 9.873098719291711900e-01 1.000000000000000000e+00
5.005329999999999927e+03 9.863273988231757716e-01 1.000000000000000000e+00
5.005340000000000146e+03 9.848664556022649341e-01 1.000000000000000000e+00
5.005350000000000364e+03 9.824332162075736230e-01 1.000000000000000000e+00
5.005359999999999673e+03 9.767824847808296296e-01 1.000000000000000000e+00
5.005369999999999891e+03 9.568272842013904045e-01 1.000000000000000000e+00
5.005380000000000109e+03 8.812272943298168348e-01 1.000000000000000000e+00
5.005390000000000327e+03 6.763364152782267436e-01 1.000000000000000000e+00
5.005399999999999636e+03 3.904510247561174263e-01 1.000000000000000000e+00
5.005409999999999854e+03 2.260737910529705685e-01 1.000000000000000000e+00
5.005420000000000073e+03 1.779035999946309288e-01 1.000000000000000000e+00
5.005430000000000291e+03 1.628091397151553987e-01 1.000000000000000000e+00
5.005439999999999600e+03 1.591356259439131726e-01 1.000000000000000000e+00
5.005449999999999818e+03 1.642841004299594732e-01 1.000000000000000000e+00
5.005460000000000036e+03 1.821740738495848388e-01 1.000000000000000000e+00
5.005470000000000255e+03 2.416476914517644847e-01 1.000000000000000000e+00
5.005479999999999563e+03 4.327511900407469692e-01 1.000000000000000000e+00
5.005489999999999782e+03 7.187832980847695952e-01 1.000000000000000000e+00
5.005500000000000000e+03 8.997414259283059712e-01 1.000000000000000000e+00
5.005510000000000218e+03 9.614895648245661564e-01 1.000000000000000000e+00
5.005520000000000437e+03 9.772911568853208664e-01 1.000000000000000000e+00
5.005529999999999745e+03 9.812463029490887667e-01 1.000000000000000000e+00
5.005539999999999964e+03 9.794477498219720246e-01 1.000000000000000000e+00
5.005550000000000182e+03 9.639079378685375676e-01 1.000000000000000000e+00
5.005560000000000400e+03 9.116981144606265408e-01 1.000000000000000000e+00
5.005569999999999709e+03 7.982585980554552929e-01 1.000000000000000000e+00
5.005579999999999927e+03 6.426466726910710081e-01 1.000000000000000000e+00
5.005590000000000146e+03 5.105463054230650055e-01 1.000000000000000000e+00
5.005600000000000364e+03 4.456000383189741565e-01 1.000000000000000000e+00
5.005609999999999673e+03 4.528575250011476760e-01 1.000000000000000000e+00
5.005619999999999891e+03 5.325944717825630281e-01 1.000000000000000000e+00
5.005630000000000109e+03 6.746627025160191193e-01 1.000000000000000000e+00
5.005640000000000327e+03 8.269999855775899134e-01 1.000000000000000000e+00
5.005649999999999636e+03 9.282713053437611217e-01 1.000000000000000000e+00
5.005659999999999854e+03 9.708916571031902532e-01 1.000000000000000000e+00
5.005670000000000073e+03 9.793186083585898594e-01 1.000000000000000000e+00
5.005680000000000291e+03 9.628480542636657091e-01 1.000000000000000000e+00
5.005689999999999600e+03 9.005905215611956782e-01 1.000000000000000000e+00
5.005699999999999818e+03 7.633436486910472052e-01 1.000000000000000000e+00
5.005710000000000036e+03 5.781453749968108458e-01 1.000000000000000000e+00
5.005720000000000255e+03 4.281451955347760352e-01 1.000000000000000000e+00
5.005729999999999563e+03 3.529886612240372146e-01 1.000000000000000000e+00
5.005739999999999782e+03 3.456658240302325491e-01 1.000000000000000000e+00
5.005750000000000000e+03 3.968843747616957462e-01 1.000000000000000000e+00
5.005760000000000218e+03 4.920156917113900352e-01 1.000000000000000000e+00
5.005770000000000437e+03 5.589510266435602226e-01 1.000000000000000000e+00
5.005779999999999745e+03 5.473072425056648704e-01 1.000000000000000000e+00
5.005789999999999964e+03 5.108504855183035875e-01 1.000000000000000000e+00
5.005800000000000182e+03 5.125928411169775600e-01 1.000000000000000000e+00
5.005810000000000400e+03 5.736417000109603759e-01 1.000000000000000000e+00
5.005819999999999709e+03 6.879817444600783150e-01 1.000000000000000000e+00
5.005829999999999927e+03 8.173163765363209432e-01 1.000000000000000000e+00
5.005840000000000146e+03 9.133867861745762484e-01 1.000000000000000000e+00
5.005850000000000364e+03 9.617425565708811463e-01 1.000000000000000000e+00
5.005859999999999673e+03 9.795321113869416285e-01 1.000000000000000000e+00
5.005869999999999891e+03 9.849116676059747055e-01 1.000000000000000000e+00
5.005880000000000109e+03 9.865161994190981831e-01 1.000000000000000000e+00
5.005890000000000327e+03 9.871261012409330293e-01 1.000000000000000000e+00
5.005899999999999636e+03 9.874233844645333713e-01 1.000000000000000000e+00
5.005909999999999854e+03 9.875705927609624846e-01 1.000000000000000000e+00
5.005920000000000073e+03 9.876263665886381160e-01 1.000000000000000000e+00
5.005930000000000291e+03 9.876380067880299318e-01 1.000000000000000000e+00
5.005939999999999600e+03 9.875962977435462919e-01 1.000000000000000000e+00
5.005949999999999818e+03 9.874915338830226874e-01 1.000000000000000000e+00
5.005960000000000036e+03 9.871603258827917893e-01 1.000000000000000000e+00
5.005970000000000255e+03 9.859479359407017363e-01 1.000000000000000000e+00
5.005979999999999563e+03 9.819294963282783062e-01 1.000000000000000000e+00
5.005989999999999782e+03 9.714383711956134926e-01 1.000000000000000000e+00
5.006000000000000000e+03 9.511862932504711043e-01 1.000000000000000000e+00
5.006010000000000218e+03 9.240629734898029302e-01 1.000000000000000000e+00
5.006020000000000437e+03 9.016050126719074020e-01 1.000000000000000000e+00
5.006029999999999745e+03 8.965485907151297118e-01 1.000000000000000000e+00
5.006039999999999964e+03 9.118924029024899625e-01 1.000000000000000000e+00
5.006050000000000182e+03 9.383215689207706767e-01 1.000000000000000000e+00
5.006060000000000400e+03 9.622994692963330321e-01 1.000000000000000000e+00
5.006069999999999709e+03 9.767415631775044904e-01 1.000000000000000000e+00
5.006079999999999927e+03 9.828595263603125964e-01 1.000000000000000000e+00
5.006090000000000146e+03 9.846751489960898773e-01 1.000000000000000000e+00
5.006100000000000364e+03 9.849607402167307457e-01 1.000000000000000000e+00
5.006109999999999673e+03 9.848260788383715880e-01 1.000000000000000000e+00
5.006119999999999891e+03 9.845865272259320955e-01 1.000000000000000000e+00
5.006130000000000109e+03 9.843177490285409670e-01 1.000000000000000000e+00
5.006140000000000327e+03 9.840280015074333031e-01 1.000000000000000000e+00
5.006149999999999636e+03 9.837159173982916727e-01 1.000000000000000000e+00
5.006159999999999854e+03 9.833710607369712253e-01 1.000000000000000000e+00
5.006170000000000073e+03 9.830013311922409791e-01 1.000000000000000000e+00
5.006180000000000291e+03 9.826010184392848235e-01 1.000000000000000000e+00
5.006189999999999600e+03 9.821529574390199802e-01 1.000000000000000000e+00
5.006199999999999818e+03 9.816450114080477185e-01 1.000000000000000000e+00
5.006210000000000036e+03 9.808798222757083574e-01 1.000000000000000000e+00
5.006220000000000255e+03 9.789421796061967829e-01 1.000000000000000000e+00
5.006229999999999563e+03 9.718068322249980850e-01 1.000000000000000000e+00
5.006239999999999782e+03 9.467584819197144563e-01 1.000000000000000000e+00
5.006250000000000000e+03 8.801367411667410101e-01 1.000000000000000000e+00
5.006260000000000218e+03 7.593811835987585024e-01 1.000000000000000000e+00
5.006270000000000437e+03 6.187828370326184935e-01 1.000000000000000000e+00
5.006279999999999745e+03 5.162751206857270070e-01 1.000000000000000000e+00
5.006289999999999964e+03 4.813248999183242782e-01 1.000000000000000000e+00
5.006300000000000182e+03 5.171924422652030007e-01 1.000000000000000000e+00
5.006310000000000400e+03 6.199819880275256878e-01 1.000000000000000000e+00
5.006319999999999709e+03 7.592273916056544447e-01 1.000000000000000000e+00
5.006329999999999927e+03 8.769763930418023046e-01 1.000000000000000000e+00
5.006340000000000146e+03 9.403885085796388488e-01 1.000000000000000000e+00
5.006350000000000364e+03 9.628902717012920442e-01 1.000000000000000000e+00
5.006359999999999673e+03 9.679327585975653347e-01 1.000000000000000000e+00
5.006369999999999891e+03 9.678169103776463889e-01 1.000000000000000000e+00
5.006380000000000109e+03 9.664083183326305226e-01 1.000000000000000000e+00
5.006390000000000327e+03 9.645028344457025060e-01 1.000000000000000000e+00
5.006399999999999636e+03 9.622180509834264983e-01 1.000000000000000000e+00
5.006409999999999854e+03 9.594679798425377326e-01 1.000000000000000000e+00
5.006420000000000073e+03 9.561395398759353625e-01 1.000000000000000000e+00
5.006430000000000291e+03 9.520222269272055060e-01 1.000000000000000000e+00
5.006439999999999600e+03 9.469460808208999270e-01 1.000000000000000000e+00
5.006449999999999818e+03 9.403426035835396046e-01 1.000000000000000000e+00
5.006460000000000036e+03 9.312262056634392771e-01 1.000000000000000000e+00
5.006470000000000255e+03 9.172696831824238561e-01 1.000000000000000000e+00
5.006479999999999563e+03 8.911190710342425936e-01 1.000000000000000000e+00
5.006489999999999782e+03 8.281100783768693407e-01 1.000000000000000000e+00
5.006500000000000000e+03 6.796661636875661605e-01 1.000000000000000000e+00
5.006510000000000218e+03 4.478841495426207908e-01 1.000000000000000000e+00
5.006520000000000437e+03 2.695355195221629807e-01 1.000000000000000000e+00
5.006529999999999745e+03 1.997194044761053944e-01 1.000000000000000000e+00
5.006539999999999964e+03 1.718947194062035722e-01 1.000000000000000000e+00
5.006550000000000182e+03 1.578110626899901225e-01 1.000000000000000000e+00
5.006560000000000400e+03 1.521322657873224737e-01 1.000000000000000000e+00
5.006569999999999709e+03 1.531668669364141255e-01 1.000000000000000000e+00
5.006579999999999927e+03 1.611987044543077008e-01 1.000000000000000000e+00
5.006590000000000146e+03 1.785269744571577333e-01 1.000000000000000000e+00
5.006600000000000364e+03 2.132296191220143800e-01 1.000000000000000000e+00
5.006609999999999673e+03 3.048810562826876347e-01 1.000000000000000000e+00
5.006619999999999891e+03 4.980653330262224121e-01 1.000000000000000000e+00
5.006630000000000109e+03 6.994125210982827801e-01 1.000000000000000000e+00
5.006640000000000327e+03 8.193193003606145108e-01 1.000000000000000000e+00
5.006649999999999636e+03 8.754416809095409979e-01 1.000000000000000000e+00
5.006659999999999854e+03 9.017517942666593012e-01 1.000000000000000000e+00
5.006670000000000073e+03 9.150416744424570981e-01 1.000000000000000000e+00
5.006680000000000291e+03 9.222264177221992654e-01 1.000000000000000000e+00
5.006689999999999600e+03 9.264077622744391061e-01 1.000000000000000000e+00
5.006699999999999818e+03 9.289857391611395787e-01 1.000000000000000000e+00
5.006710000000000036e+03 9.305449533766877446e-01 1.000000000000000000e+00
5.006720000000000255e+03 9.312819707086924526e-01 1.000000000000000000e+00
5.006729999999999563e+03 9.313701563268196315e-01 1.000000000000000000e+00
5.006739999999999782e+03 9.309250579782870627e-01 1.000000000000000000e+00
5.006750000000000000e+03 9.300313391269108276e-01 1.000000000000000000e+00
5.006760000000000218e+03 9.287149951622467592e-01 1.000000000000000000e+00
5.006770000000000437e+03 9.270115233822777689e-01 1.000000000000000000e+00
5.006779999999999745e+03 9.249246875337936435e-01 1.000000000000000000e+00
5.006789999999999964e+03 9.224536126365203703e-01 1.000000000000000000e+00
5.006800000000000182e+03 9.196036785934226243e-01 1.000000000000000000e+00
5.006810000000000400e+03 9.163417138235538939e-01 1.000000000000000000e+00
5.006819999999999709e+03 9.126547878921206225e-01 1.000000000000000000e+00
5.006829999999999927e+03 9.085140193475376158e-01 1.000000000000000000e+00
5.006840000000000146e+03 9.038637086967719059e-01 1.000000000000000000e+00
5.006850000000000364e+03 8.986468473085570396e-01 1.000000000000000000e+00
5.006859999999999673e+03 8.927865704992038465e-01 1.000000000000000000e+00
5.006869999999999891e+03 8.862099080497868320e-01 1.000000000000000000e+00
5.006880000000000109e+03 8.788059876874160237e-01 1.000000000000000000e+00
5.006890000000000327e+03 8.704389515550123857e-01 1.000000000000000000e+00
5.006899999999999636e+03 8.609370160737539468e-01 1.000000000000000000e+00
5.006909999999999854e+03 8.500552993333677643e-01 1.000000000000000000e+00
5.006920000000000073e+03 8.373722817397050155e-01 1.000000000000000000e+00
5.006930000000000291e+03 8.215736336157393183e-01 1.000000000000000000e+00
5.006939999999999600e+03 8.002973977906306935e-01 1.000000000000000000e+00
5.006949999999999818e+03 7.700714307492193544e-01 1.000000000000000000e+00
5.006960000000000036e+03 7.293557122877890597e-01 1.000000000000000000e+00
5.006970000000000255e+03 6.827649966822865180e-01 1.000000000000000000e+00
5.006979999999999563e+03 6.394833015060527037e-01 1.000000000000000000e+00
5.006989999999999782e+03 6.065768073171985408e-01 1.000000000000000000e+00
5.007000000000000000e+03 5.799547506042558309e-01 1.000000000000000000e+00
5.007010000000000218e+03 5.464369136218293344e-01 1.000000000000000000e+00
5.007020000000000437e+03 4.898333903353730978e-01 1.000000000000000000e+00
5.007029999999999745e+03 3.892749895803260252e-01 1.000000000000000000e+00
5.007039999999999964e+03 2.473848994133797385e-01 1.000000000000000000e+00
5.007050000000000182e+03 1.697004393899854691e-01 1.000000000000000000e+00
5.007060000000000400e+03 1.380480084545780695e-01 1.000000000000000000e+00
5.007069999999999709e+03 1.201261357762174187e-01 1.000000000000000000e+00
5.007079999999999927e+03 1.096157567932619509e-01 1.000000000000000000e+00
5.007090000000000146e+03 1.034028381892153348e-01 1.000000000000000000e+00
5.007100000000000364e+03 1.001511068241988933e-01 1.000000000000000000e+00
5.007109999999999673e+03 9.937366648165374405e-02 1.000000000000000000e+00
5.007119999999999891e+03 1.009646491011063352e-01 1.000000000000000000e+00
5.007130000000000109e+03 1.051416816400752158e-01 1.000000000000000000e+00
5.007140000000000327e+03 1.125975711123543832e-01 1.000000000000000000e+00
5.007149999999999636e+03 1.251353428463875817e-01 1.000000000000000000e+00
5.007159999999999854e+03 1.467044821667665977e-01 1.000000000000000000e+00
5.007170000000000073e+03 1.852422308099253012e-01 1.000000000000000000e+00
5.007180000000000291e+03 2.806580052366356437e-01 1.000000000000000000e+00
5.007189999999999600e+03 3.939033012605769324e-01 1.000000000000000000e+00
5.007199999999999818e+03 4.736337079767075076e-01 1.000000000000000000e+00
5.007210000000000036e+03 5.373303180235701193e-01 1.000000000000000000e+00
5.007220000000000255e+03 5.907659842269405992e-01 1.000000000000000000e+00
5.007229999999999563e+03 6.322483972915781125e-01 1.000000000000000000e+00
5.007239999999999782e+03 6.624039309940508158e-01 1.000000000000000000e+00
5.007250000000000000e+03 6.836070897568795601e-01 1.000000000000000000e+00
5.007260000000000218e+03 6.979359370483418923e-01 1.000000000000000000e+00
5.007270000000000437e+03 7.072669219189847700e-01 1.000000000000000000e+00
5.007279999999999745e+03 7.124573087221224288e-01 1.000000000000000000e+00
5.007289999999999964e+03 7.139180275112048113e-01 1.000000000000000000e+00
5.007300000000000182e+03 7.119005402843754382e-01 1.000000000000000000e+00
5.007310000000000400e+03 7.064870559421984053e-01 1.000000000000000000e+00
5.007319999999999709e+03 6.976112832854279855e-01 1.000000000000000000e+00
5.007329999999999927e+03 6.850561356843408722e-01 1.000000000000000000e+00
5.007340000000000146e+03 6.684473524136411715e-01 1.000000000000000000e+00
5.007350000000000364e+03 6.470244944105448814e-01 1.000000000000000000e+00
5.007359999999999673e+03 6.191301543529119655e-01 1.000000000000000000e+00
5.007369999999999891e+03 5.801788497956056334e-01 1.000000000000000000e+00
5.007380000000000109e+03 5.225158253890983540e-01 1.000000000000000000e+00
5.007390000000000327e+03 4.384489075704664507e-01 1.000000000000000000e+00
5.007399999999999636e+03 3.371936272574593829e-01 1.000000000000000000e+00
5.007409999999999854e+03 2.519262228652229263e-01 1.000000000000000000e+00
5.007420000000000073e+03 2.032925137568375451e-01 1.000000000000000000e+00
5.007430000000000291e+03 1.799014344981945679e-01 1.000000000000000000e+00
5.007439999999999600e+03 1.656032512298528936e-01 1.000000000000000000e+00
5.007449999999999818e+03 1.511364287436366416e-01 1.000000000000000000e+00
5.007460000000000036e+03 1.327524777674450041e-01 1.000000000000000000e+00
5.007470000000000255e+03 1.163519176212702150e-01 1.000000000000000000e+00
5.007479999999999563e+03 1.051271707960525631e-01 1.000000000000000000e+00
5.007489999999999782e+03 9.784466569090174981e-02 1.000000000000000000e+00
5.007500000000000000e+03 9.338387370778987451e-02 1.000000000000000000e+00
5.007510000000000218e+03 9.125796096597411922e-02 1.000000000000000000e+00
5.007520000000000437e+03 9.130172373028901112e-02 1.000000000000000000e+00
5.007529999999999745e+03 9.352032640068956570e-02 1.000000000000000000e+00
5.007539999999999964e+03 9.809518566232365566e-02 1.000000000000000000e+00
5.007550000000000182e+03 1.055794425216288746e-01 1.000000000000000000e+00
5.007560000000000400e+03 1.174270495327629643e-01 1.000000000000000000e+00
5.007569999999999709e+03 1.368214216456757615e-01 1.000000000000000000e+00
5.007579999999999927e+03 1.683635659139844920e-01 1.000000000000000000e+00
5.007590000000000146e+03 2.329761591189443704e-01 1.000000000000000000e+00
5.007600000000000364e+03 3.195515700307282603e-01 1.000000000000000000e+00
5.007609999999999673e+03 3.925134646132122374e-01 1.000000000000000000e+00
5.007619999999999891e+03 4.560741043924418925e-01 1.000000000000000000e+00
5.007630000000000109e+03 5.100360208935633688e-01 1.000000000000000000e+00
5.007640000000000327e+03 5.579770021526442303e-01 1.000000000000000000e+00
5.007649999999999636e+03 6.014860219102778904e-01 1.000000000000000000e+00
5.007659999999999854e+03 6.388577041790207689e-01 1.000000000000000000e+00
5.007670000000000073e+03 6.716188031493957045e-01 1.000000000000000000e+00
5.007680000000000291e+03 7.003256532329723560e-01 1.000000000000000000e+00
5.007689999999999600e+03 7.255394970676095623e-01 1.000000000000000000e+00
5.007699999999999818e+03 7.477434002464481422e-01 1.000000000000000000e+00
5.007710000000000036e+03 7.673551033292986823e-01 1.000000000000000000e+00
5.007720000000000255e+03 7.847320986389476616e-01 1.000000000000000000e+00
5.007729999999999563e+03 8.001786855401099574e-01 1.000000000000000000e+00
5.007739999999999782e+03 8.139549633624016955e-01 1.000000000000000000e+00
5.007750000000000000e+03 8.262803321126848122e-01 1.000000000000000000e+00
5.007760000000000218e+03 8.372559761919421417e-01 1.000000000000000000e+00
5.007770000000000437e+03 8.472032689060426947e-01 1.000000000000000000e+00
5.007779999999999745e+03 8.561786673078208842e-01 1.000000000000000000e+00
5.007789999999999964e+03 8.642981695648904727e-01 1.000000000000000000e+00
5.007800000000000182e+03 8.716602312699925914e-01 1.000000000000000000e+00
5.007810000000000400e+03 8.783525553907499672e-01 1.000000000000000000e+00
5.007819999999999709e+03 8.844422272524483652e-01 1.000000000000000000e+00
5.007829999999999927e+03 8.900052338003353603e-01 1.000000000000000000e+00
5.007840000000000146e+03 8.950907830997972825e-01 1.000000000000000000e+00
5.007850000000000364e+03 8.997476287675939544e-01 1.000000000000000000e+00
5.007859999999999673e+03 9.040203190621060036e-01 1.000000000000000000e+00
5.007869999999999891e+03 9.079411018136439582e-01 1.000000000000000000e+00
5.007880000000000109e+03 9.115451114175049385e-01 1.000000000000000000e+00
5.007890000000000327e+03 9.148607844348702889e-01 1.000000000000000000e+00
5.007899999999999636e+03 9.179133072415863737e-01 1.000000000000000000e+00
5.007909999999999854e+03 9.207306354110587066e-01 1.000000000000000000e+00
5.007920000000000073e+03 9.233209411511743570e-01 1.000000000000000000e+00
5.007930000000000291e+03 9.257114693938346406e-01 1.000000000000000000e+00
5.007939999999999600e+03 9.279094036271539059e-01 1.000000000000000000e+00
5.007949999999999818e+03 9.299326875144033888e-01 1.000000000000000000e+00
5.007960000000000036e+03 9.317970011516061302e-01 1.000000000000000000e+00
5.007970000000000255e+03 9.335059434716587168e-01 1.000000000000000000e+00
5.007979999999999563e+03 9.350726500304423761e-01 1.000000000000000000e+00
5.007989999999999782e+03 9.365056951719230582e-01 1.000000000000000000e+00
5.008000000000000000e+03 9.378063919333797793e-01 1.000000000000000000e+00
5.008010000000000218e+03 9.389929416710822707e-01 1.000000000000000000e+00
5.008020000000000437e+03 9.400708449480694728e-01 1.000000000000000000e+00
5.008029999999999745e+03 9.410339374055557427e-01 1.000000000000000000e+00
5.008039999999999964e+03 9.418920213286717802e-01 1.000000000000000000e+00
5.008050000000000182e+03 9.426493933113667678e-01 1.000000000000000000e+00
5.008060000000000400e+03 9.433073550880199942e-01 1.000000000000000000e+00
5.008069999999999709e+03 9.438713733018136987e-01 1.000000000000000000e+00
5.008079999999999927e+03 9.443389226078792165e-01 1.000000000000000000e+00
5.008090000000000146e+03 9.447146124604905992e-01 1.000000000000000000e+00
5.008100000000000364e+03 9.449959501029140396e-01 1.000000000000000000e+00
5.008109999999999673e+03 9.451953635829691835e-01 1.000000000000000000e+00
5.008119999999999891e+03 9.452838799812424142e-01 1.000000000000000000e+00
5.008130000000000109e+03 9.452876173926536563e-01 1.000000000000000000e+00
5.008140000000000327e+03 9.451977056616714945e-01 1.000000000000000000e+00
5.008149999999999636e+03 9.450136357593382774e-01 1.000000000000000000e+00
5.008159999999999854e+03 9.447224992121916465e-01 1.000000000000000000e+00
5.008170000000000073e+03 9.443204347599918336e-01 1.000000000000000000e+00
5.008180000000000291e+03 9.438268175371646862e-01 1.000000000000000000e+00
5.008189999999999600e+03 9.431997984404522084e-01 1.000000000000000000e+00
5.008199999999999818e+03 9.424750430804430534e-01 1.000000000000000000e+00
5.008210000000000036e+03 9.416223325807139277e-01 1.000000000000000000e+00
5.008220000000000255e+03 9.406296055894518560e-01 1.000000000000000000e+00
5.008229999999999563e+03 9.395054440080687908e-01 1.000000000000000000e+00
5.008239999999999782e+03 9.382305160362660601e-01 1.000000000000000000e+00
5.008250000000000000e+03 9.367719171924226984e-01 1.000000000000000000e+00
5.008260000000000218e+03 9.351539355096589734e-01 1.000000000000000000e+00
5.008270000000000437e+03 9.333213686162968870e-01 1.000000000000000000e+00
5.008279999999999745e+03 9.312571995973285555e-01 1.000000000000000000e+00
5.008289999999999964e+03 9.289787996516304380e-01 1.000000000000000000e+00
5.008300000000000182e+03 9.264230821937899929e-01 1.000000000000000000e+00
5.008310000000000400e+03 9.235203206675285381e-01 1.000000000000000000e+00
5.008319999999999709e+03 9.201287851432615739e-01 1.000000000000000000e+00
5.008329999999999927e+03 9.158853368925166105e-01 1.000000000000000000e+00
5.008340000000000146e+03 9.101392420116107829e-01 1.000000000000000000e+00
5.008350000000000364e+03 9.019933049150767879e-01 1.000000000000000000e+00
5.008359999999999673e+03 8.910159152814198791e-01 1.000000000000000000e+00
5.008369999999999891e+03 8.782303228292033248e-01 1.000000000000000000e+00
5.008380000000000109e+03 8.662416854386930654e-01 1.000000000000000000e+00
5.008390000000000327e+03 8.577464255472119214e-01 1.000000000000000000e+00
5.008399999999999636e+03 8.534034133381456222e-01 1.000000000000000000e+00
5.008409999999999854e+03 8.511665402325171437e-01 1.000000000000000000e+00
5.008420000000000073e+03 8.476875858226239346e-01 1.000000000000000000e+00
5.008430000000000291e+03 8.403850130735174284e-01 1.000000000000000000e+00
5.008439999999999600e+03 8.273726029649445257e-01 1.000000000000000000e+00
5.008449999999999818e+03 8.064078864480345166e-01 1.000000000000000000e+00
5.008460000000000036e+03 7.735166871525769317e-01 1.000000000000000000e+00
5.008470000000000255e+03 7.259159960026619896e-01 1.000000000000000000e+00
5.008479999999999563e+03 6.695099463778236837e-01 1.000000000000000000e+00
5.008489999999999782e+03 6.176279728219075116e-01 1.000000000000000000e+00
5.008500000000000000e+03 5.800755681866963664e-01 1.000000000000000000e+00
5.008510000000000218e+03 5.525032964038564254e-01 1.000000000000000000e+00
5.008520000000000437e+03 5.068112054100636366e-01 1.000000000000000000e+00
5.008529999999999745e+03 3.784100774463507455e-01 1.000000000000000000e+00
5.008539999999999964e+03 2.026900968680190596e-01 1.000000000000000000e+00
5.008550000000000182e+03 1.435239009785730935e-01 1.000000000000000000e+00
5.008560000000000400e+03 1.206765767649437271e-01 1.000000000000000000e+00
5.008569999999999709e+03 1.079732365009045542e-01 1.000000000000000000e+00
5.008579999999999927e+03 1.002269897749951122e-01 1.000000000000000000e+00
5.008590000000000146e+03 9.552847044515322406e-02 1.000000000000000000e+00
5.008600000000000364e+03 9.318848544641060438e-02 1.000000000000000000e+00
5.008609999999999673e+03 9.297213027342360325e-02 1.000000000000000000e+00
5.008619999999999891e+03 9.483630749699396845e-02 1.000000000000000000e+00
5.008630000000000109e+03 9.880222484821624129e-02 1.000000000000000000e+00
5.008640000000000327e+03 1.044015937513471659e-01 1.000000000000000000e+00
5.008649999999999636e+03 1.088076981307381924e-01 1.000000000000000000e+00
5.008659999999999854e+03 1.092392081587210545e-01 1.000000000000000000e+00
5.008670000000000073e+03 1.087986608120631998e-01 1.000000000000000000e+00
5.008680000000000291e+03 1.101978720889263269e-01 1.000000000000000000e+00
5.008689999999999600e+03 1.144359463910199215e-01 1.000000000000000000e+00
5.008699999999999818e+03 1.225189079820442201e-01 1.000000000000000000e+00
5.008710000000000036e+03 1.366124125140506795e-01 1.000000000000000000e+00
5.008720000000000255e+03 1.609615134438392714e-01 1.000000000000000000e+00
5.008729999999999563e+03 2.111409879340858109e-01 1.000000000000000000e+00
5.008739999999999782e+03 3.251352945469375699e-01 1.000000000000000000e+00
5.008750000000000000e+03 4.078917824139488557e-01 1.000000000000000000e+00
5.008760000000000218e+03 4.244678078341041494e-01 1.000000000000000000e+00
5.008770000000000437e+03 4.227649442963185011e-01 1.000000000000000000e+00
5.008779999999999745e+03 4.384506174284371061e-01 1.000000000000000000e+00
5.008789999999999964e+03 4.876120633827563666e-01 1.000000000000000000e+00
5.008800000000000182e+03 5.702961801740885628e-01 1.000000000000000000e+00
5.008810000000000400e+03 6.652244420938512315e-01 1.000000000000000000e+00
5.008819999999999709e+03 7.433373288797432421e-01 1.000000000000000000e+00
5.008829999999999927e+03 7.933161613967849579e-01 1.000000000000000000e+00
5.008840000000000146e+03 8.227990937823987938e-01 1.000000000000000000e+00
5.008850000000000364e+03 8.419660275047281539e-01 1.000000000000000000e+00
5.008859999999999673e+03 8.563386834891180133e-01 1.000000000000000000e+00
5.008869999999999891e+03 8.683318525982341995e-01 1.000000000000000000e+00
5.008880000000000109e+03 8.786545187704555282e-01 1.000000000000000000e+00
5.008890000000000327e+03 8.876857458096031328e-01 1.000000000000000000e+00
5.008899999999999636e+03 8.956530207654503917e-01 1.000000000000000000e+00
5.008909999999999854e+03 9.027327016489086198e-01 1.000000000000000000e+00
5.008920000000000073e+03 9.090553795180728036e-01 1.000000000000000000e+00
5.008930000000000291e+03 9.147106298589193774e-01 1.000000000000000000e+00
5.008939999999999600e+03 9.198080112181166168e-01 1.000000000000000000e+00
5.008949999999999818e+03 9.244019790661939240e-01 1.000000000000000000e+00
5.008960000000000036e+03 9.285623042538322380e-01 1.000000000000000000e+00
5.008970000000000255e+03 9.323118495218882806e-01 1.000000000000000000e+00
5.008979999999999563e+03 9.357152834085898929e-01 1.000000000000000000e+00
5.008989999999999782e+03 9.387925559401744113e-01 1.000000000000000000e+00
5.009000000000000000e+03 9.415689860923850407e-01 1.000000000000000000e+00
5.009010000000000218e+03 9.440689223809475283e-01 1.000000000000000000e+00
5.009020000000000437e+03 9.462738367031326980e-01 1.000000000000000000e+00
5.009029999999999745e+03 9.481410528049137865e-01 1.000000000000000000e+00
5.009039999999999964e+03 9.495187464234972063e-01 1.000000000000000000e+00
5.009050000000000182e+03 9.496959378789336936e-01 1.000000000000000000e+00
5.009060000000000400e+03 9.450973153362902668e-01 1.000000000000000000e+00
5.009069999999999709e+03 9.222458152837217371e-01 1.000000000000000000e+00
5.009079999999999927e+03 8.481413774079190615e-01 1.000000000000000000e+00
5.009090000000000146e+03 6.914017189812647901e-01 1.000000000000000000e+00
5.009100000000000364e+03 4.952193641760797016e-01 1.000000000000000000e+00
5.009109999999999673e+03 3.512747843145697102e-01 1.000000000000000000e+00
5.009119999999999891e+03 2.860351335474837775e-01 1.000000000000000000e+00
5.009130000000000109e+03 2.763077330296127565e-01 1.000000000000000000e+00
5.009140000000000327e+03 3.159563682666999829e-01 1.000000000000000000e+00
5.009149999999999636e+03 4.262919190693523763e-01 1.000000000000000000e+00
5.009159999999999854e+03 6.115941162449125557e-01 1.000000000000000000e+00
5.009170000000000073e+03 7.996405445216897556e-01 1.000000000000000000e+00
5.009180000000000291e+03 9.110638039339145067e-01 1.000000000000000000e+00
5.009189999999999600e+03 9.535630654600466549e-01 1.000000000000000000e+00
5.009199999999999818e+03 9.660224980879797974e-01 1.000000000000000000e+00
5.009210000000000036e+03 9.697874719399747212e-01 1.000000000000000000e+00
5.009220000000000255e+03 9.715122020039957951e-01 1.000000000000000000e+00
5.009229999999999563e+03 9.726753098875594583e-01 1.000000000000000000e+00
5.009239999999999782e+03 9.735854610057916858e-01 1.000000000000000000e+00
5.009250000000000000e+03 9.743588412826659217e-01 1.000000000000000000e+00
5.009260000000000218e+03 9.750120963238367855e-01 1.000000000000000000e+00
5.009270000000000437e+03 9.755670934207237854e-01 1.000000000000000000e+00
5.009279999999999745e+03 9.760018203452849317e-01 1.000000000000000000e+00
5.009289999999999964e+03 9.763395561068335393e-01 1.000000000000000000e+00
5.009300000000000182e+03 9.765518105816648475e-01 1.000000000000000000e+00
5.009310000000000400e+03 9.766244953806798579e-01 1.000000000000000000e+00
5.009319999999999709e+03 9.764565925261858848e-01 1.000000000000000000e+00
5.009329999999999927e+03 9.759195124517265896e-01 1.000000000000000000e+00
5.009340000000000146e+03 9.746453622772776049e-01 1.000000000000000000e+00
5.009350000000000364e+03 9.712307394104336966e-01 1.000000000000000000e+00
5.009359999999999673e+03 9.610413738697802799e-01 1.000000000000000000e+00
5.009369999999999891e+03 9.320066301101498363e-01 1.000000000000000000e+00
5.009380000000000109e+03 8.643122344391538370e-01 1.000000000000000000e+00
5.009390000000000327e+03 7.500862006831883200e-01 1.000000000000000000e+00
5.009399999999999636e+03 6.210122336050281078e-01 1.000000000000000000e+00
5.009409999999999854e+03 5.255811234122540476e-01 1.000000000000000000e+00
5.009420000000000073e+03 4.905674520298702324e-01 1.000000000000000000e+00
5.009430000000000291e+03 5.194015812004380006e-01 1.000000000000000000e+00
5.009439999999999600e+03 6.098005381699792560e-01 1.000000000000000000e+00
5.009449999999999818e+03 7.382018899272224655e-01 1.000000000000000000e+00
5.009460000000000036e+03 8.568898205981073657e-01 1.000000000000000000e+00
5.009470000000000255e+03 9.301623030808827686e-01 1.000000000000000000e+00
5.009479999999999563e+03 9.629295936999910932e-01 1.000000000000000000e+00
5.009489999999999782e+03 9.749983846891202566e-01 1.000000000000000000e+00
5.009500000000000000e+03 9.794817667019067864e-01 1.000000000000000000e+00
5.009510000000000218e+03 9.815934949245321839e-01 1.000000000000000000e+00
5.009520000000000437e+03 9.828915732724470278e-01 1.000000000000000000e+00
5.009529999999999745e+03 9.838220733686439123e-01 1.000000000000000000e+00
5.009539999999999964e+03 9.845265413916369779e-01 1.000000000000000000e+00
5.009550000000000182e+03 9.850972257426247047e-01 1.000000000000000000e+00
5.009560000000000400e+03 9.855837347916130975e-01 1.000000000000000000e+00
5.009569999999999709e+03 9.859912083373383318e-01 1.000000000000000000e+00
5.009579999999999927e+03 9.863412865771035154e-01 1.000000000000000000e+00
5.009590000000000146e+03 9.866635881780421169e-01 1.000000000000000000e+00
5.009600000000000364e+03 9.869466334092379389e-01 1.000000000000000000e+00
5.009609999999999673e+03 9.872174913410187713e-01 1.000000000000000000e+00
5.009619999999999891e+03 9.874575739360789139e-01 1.000000000000000000e+00
5.009630000000000109e+03 9.876673495287474625e-01 1.000000000000000000e+00
5.009640000000000327e+03 9.878772700305461507e-01 1.000000000000000000e+00
5.009649999999999636e+03 9.880650944773110567e-01 1.000000000000000000e+00
5.009659999999999854e+03 9.882300510509350877e-01 1.000000000000000000e+00
5.009670000000000073e+03 9.883836299049132412e-01 1.000000000000000000e+00
5.009680000000000291e+03 9.885362376413486807e-01 1.000000000000000000e+00
5.009689999999999600e+03 9.886799088187399054e-01 1.000000000000000000e+00
5.009699999999999818e+03 9.888092440651151671e-01 1.000000000000000000e+00
5.009710000000000036e+03 9.889172707847431187e-01 1.000000000000000000e+00
5.009720000000000255e+03 9.890196749648628716e-01 1.000000000000000000e+00
5.009729999999999563e+03 9.891059973175770903e-01 1.000000000000000000e+00
5.009739999999999782e+03 9.891896851985511052e-01 1.000000000000000000e+00
5.009750000000000000e+03 9.892613359098356707e-01 1.000000000000000000e+00
5.009760000000000218e+03 9.893301390492805769e-01 1.000000000000000000e+00
5.009770000000000437e+03 9.893786551872594259e-01 1.000000000000000000e+00
5.009779999999999745e+03 9.894142137316106478e-01 1.000000000000000000e+00
5.009789999999999964e+03 9.894314879180693412e-01 1.000000000000000000e+00
5.009800000000000182e+03 9.894367796432786966e-01 1.000000000000000000e+00
5.009810000000000400e+03 9.894253711692582165e-01 1.000000000000000000e+00
5.009819999999999709e+03 9.893967762982129877e-01 1.000000000000000000e+00
5.009829999999999927e+03 9.893342803996733048e-01 1.000000000000000000e+00
5.009840000000000146e+03 9.892488275925401808e-01 1.000000000000000000e+00
5.009850000000000364e+03 9.891260898182551164e-01 1.000000000000000000e+00
5.009859999999999673e+03 9.889642501197668523e-01 1.000000000000000000e+00
5.009869999999999891e+03 9.887500892806522224e-01 1.000000000000000000e+00
5.009880000000000109e+03 9.884782881454444725e-01 1.000000000000000000e+00
5.009890000000000327e+03 9.881108145416842570e-01 1.000000000000000000e+00
5.009899999999999636e+03 9.876334190847874117e-01 1.000000000000000000e+00
5.009909999999999854e+03 9.869917009549700193e-01 1.000000000000000000e+00
5.009920000000000073e+03 9.861589221841758901e-01 1.000000000000000000e+00
5.009930000000000291e+03 9.850155711944902359e-01 1.000000000000000000e+00
5.009939999999999600e+03 9.833478107483116792e-01 1.000000000000000000e+00
5.009949999999999818e+03 9.806631516703574469e-01 1.000000000000000000e+00
5.009960000000000036e+03 9.751877246855663595e-01 1.000000000000000000e+00
5.009970000000000255e+03 9.590890805359330029e-01 1.000000000000000000e+00
5.009979999999999563e+03 9.046267155606423360e-01 1.000000000000000000e+00
5.009989999999999782e+03 7.561898744664475869e-01 1.000000000000000000e+00
5.010000000000000000e+03 5.101784628135473953e-01 1.000000000000000000e+00
5.010010000000000218e+03 3.051685561315981010e-01 1.000000000000000000e+00
5.010020000000000437e+03 2.167773254080264389e-01 1.000000000000000000e+00
5.010029999999999745e+03 1.893531852179347885e-01 1.000000000000000000e+00
5.010039999999999964e+03 1.840480345716383470e-01 1.000000000000000000e+00
5.010050000000000182e+03 1.939606091738321492e-01 1.000000000000000000e+00
5.010060000000000400e+03 2.325549062909315068e-01 1.000000000000000000e+00
5.010069999999999709e+03 3.502281650252673240e-01 1.000000000000000000e+00
5.010079999999999927e+03 5.826401162853458437e-01 1.000000000000000000e+00
5.010090000000000146e+03 8.104623449332729601e-01 1.000000000000000000e+00
5.010100000000000364e+03 9.271277812070763957e-01 1.000000000000000000e+00
5.010109999999999673e+03 9.662021190615149857e-01 1.000000000000000000e+00
5.010119999999999891e+03 9.774265891844465814e-01 1.000000000000000000e+00
5.010130000000000109e+03 9.804099699222952324e-01 1.000000000000000000e+00
5.010140000000000327e+03 9.785300352296798509e-01 1.000000000000000000e+00
5.010149999999999636e+03 9.700179272522935214e-01 1.000000000000000000e+00
5.010159999999999854e+03 9.535607501832077393e-01 1.000000000000000000e+00
5.010170000000000073e+03 9.329838240553219864e-01 1.000000000000000000e+00
5.010180000000000291e+03 9.179070584156643342e-01 1.000000000000000000e+00
5.010189999999999600e+03 9.172459603720051202e-01 1.000000000000000000e+00
5.010199999999999818e+03 9.317694773945198738e-01 1.000000000000000000e+00
5.010210000000000036e+03 9.534814630491316167e-01 1.000000000000000000e+00
5.010220000000000255e+03 9.723743692094625191e-01 1.000000000000000000e+00
5.010229999999999563e+03 9.838685696606606079e-01 1.000000000000000000e+00
5.010239999999999782e+03 9.891057364355072545e-01 1.000000000000000000e+00
5.010250000000000000e+03 9.910660072572099466e-01 1.000000000000000000e+00
5.010260000000000218e+03 9.917827454776574347e-01 1.000000000000000000e+00
5.010270000000000437e+03 9.921088775451559760e-01 1.000000000000000000e+00
5.010279999999999745e+03 9.923235788559333637e-01 1.000000000000000000e+00
5.010289999999999964e+03 9.924949872448836086e-01 1.000000000000000000e+00
5.010300000000000182e+03 9.926486586055350836e-01 1.000000000000000000e+00
5.010310000000000400e+03 9.927779094595002851e-01 1.000000000000000000e+00
5.010319999999999709e+03 9.928931677848824577e-01 1.000000000000000000e+00
5.010329999999999927e+03 9.930039996037201000e-01 1.000000000000000000e+00
5.010340000000000146e+03 9.931018258324857406e-01 1.000000000000000000e+00
5.010350000000000364e+03 9.931977625717453018e-01 1.000000000000000000e+00
5.010359999999999673e+03 9.932780337242368418e-01 1.000000000000000000e+00
5.010369999999999891e+03 9.933477438281843597e-01 1.000000000000000000e+00
5.010380000000000109e+03 9.934152370605701110e-01 1.000000000000000000e+00
5.010390000000000327e+03 9.934716640733451953e-01 1.000000000000000000e+00
5.010399999999999636e+03 9.935339467409245451e-01 1.000000000000000000e+00
5.010409999999999854e+03 9.935813944122803276e-01 1.000000000000000000e+00
5.010420000000000073e+03 9.936356464983776560e-01 1.000000000000000000e+00
5.010430000000000291e+03 9.936729837446303115e-01 1.000000000000000000e+00
5.010439999999999600e+03 9.937099646962352928e-01 1.000000000000000000e+00
5.010449999999999818e+03 9.937456761477243550e-01 1.000000000000000000e+00
5.010460000000000036e+03 9.937780747899717104e-01 1.000000000000000000e+00
5.010470000000000255e+03 9.938071885162065300e-01 1.000000000000000000e+00
5.010479999999999563e+03 9.938222488331246440e-01 1.000000000000000000e+00
5.010489999999999782e+03 9.938265408466242512e-01 1.000000000000000000e+00
5.010500000000000000e+03 9.936603199106768258e-01 1.000000000000000000e+00
5.010510000000000218e+03 9.925051231628956305e-01 1.000000000000000000e+00
5.010520000000000437e+03 9.866707281119693196e-01 1.000000000000000000e+00
5.010529999999999745e+03 9.646775255703116114e-01 1.000000000000000000e+00
5.010539999999999964e+03 9.050316356043137667e-01 1.000000000000000000e+00
5.010550000000000182e+03 7.958141820174242653e-01 1.000000000000000000e+00
5.010560000000000400e+03 6.667469172006398326e-01 1.000000000000000000e+00
5.010569999999999709e+03 5.720210823538363076e-01 1.000000000000000000e+00
5.010579999999999927e+03 5.428530449290426274e-01 1.000000000000000000e+00
5.010590000000000146e+03 5.847284925256135413e-01 1.000000000000000000e+00
5.010600000000000364e+03 6.889166237514849911e-01 1.000000000000000000e+00
5.010609999999999673e+03 8.184631001680665596e-01 1.000000000000000000e+00
5.010619999999999891e+03 9.195366878916885200e-01 1.000000000000000000e+00
5.010630000000000109e+03 9.707636635474211628e-01 1.000000000000000000e+00
5.010640000000000327e+03 9.884455585534219768e-01 1.000000000000000000e+00
5.010649999999999636e+03 9.928832998144752064e-01 1.000000000000000000e+00
5.010659999999999854e+03 9.937183436223182564e-01 1.000000000000000000e+00
5.010670000000000073e+03 9.938162068707718788e-01 1.000000000000000000e+00
5.010680000000000291e+03 9.938045695512789379e-01 1.000000000000000000e+00
5.010689999999999600e+03 9.937586810384443359e-01 1.000000000000000000e+00
5.010699999999999818e+03 9.937030208542786403e-01 1.000000000000000000e+00
5.010710000000000036e+03 9.936253699718212706e-01 1.000000000000000000e+00
5.010720000000000255e+03 9.935135947800507461e-01 1.000000000000000000e+00
5.010729999999999563e+03 9.933787804328985116e-01 1.000000000000000000e+00
5.010739999999999782e+03 9.931678048849783558e-01 1.000000000000000000e+00
5.010750000000000000e+03 9.928822591924444385e-01 1.000000000000000000e+00
5.010760000000000218e+03 9.923974655985392523e-01 1.000000000000000000e+00
5.010770000000000437e+03 9.912430489778836229e-01 1.000000000000000000e+00
5.010779999999999745e+03 9.875742806967904297e-01 1.000000000000000000e+00
5.010789999999999964e+03 9.756554889430842925e-01 1.000000000000000000e+00
5.010800000000000182e+03 9.434052525819202062e-01 1.000000000000000000e+00
5.010810000000000400e+03 8.782746755385542059e-01 1.000000000000000000e+00
5.010819999999999709e+03 7.875785153907373104e-01 1.000000000000000000e+00
5.010829999999999927e+03 7.043991433351595166e-01 1.000000000000000000e+00
5.010840000000000146e+03 6.641992980574944472e-01 1.000000000000000000e+00
5.010850000000000364e+03 6.817955873932156630e-01 1.000000000000000000e+00
5.010859999999999673e+03 7.509998661081643823e-01 1.000000000000000000e+00
5.010869999999999891e+03 8.435113490824557303e-01 1.000000000000000000e+00
5.010880000000000109e+03 9.212900055703726609e-01 1.000000000000000000e+00
5.010890000000000327e+03 9.656292196886593349e-01 1.000000000000000000e+00
5.010899999999999636e+03 9.837878381221928370e-01 1.000000000000000000e+00
5.010909999999999854e+03 9.896138989875535863e-01 1.000000000000000000e+00
5.010920000000000073e+03 9.912903088049839218e-01 1.000000000000000000e+00
5.010930000000000291e+03 9.917930418383015256e-01 1.000000000000000000e+00
5.010939999999999600e+03 9.919326446025849009e-01 1.000000000000000000e+00
5.010949999999999818e+03 9.916148932207770050e-01 1.000000000000000000e+00
5.010960000000000036e+03 9.889973122942465888e-01 1.000000000000000000e+00
5.010970000000000255e+03 9.734611604745778690e-01 1.000000000000000000e+00
5.010979999999999563e+03 9.035075901701635770e-01 1.000000000000000000e+00
5.010989999999999782e+03 6.990393671234994555e-01 1.000000000000000000e+00
5.011000000000000000e+03 3.932674161996117523e-01 1.000000000000000000e+00
5.011010000000000218e+03 2.065391718295626899e-01 1.000000000000000000e+00
5.011020000000000437e+03 1.542940092527000651e-01 1.000000000000000000e+00
5.011029999999999745e+03 1.397846218856887146e-01 1.000000000000000000e+00
5.011039999999999964e+03 1.352534116331947645e-01 1.000000000000000000e+00
5.011050000000000182e+03 1.370370664280721462e-01 1.000000000000000000e+00
5.011060000000000400e+03 1.463230386026816154e-01 1.000000000000000000e+00
5.011069999999999709e+03 1.753546145117721444e-01 1.000000000000000000e+00
5.011079999999999927e+03 2.922625855809518058e-01 1.000000000000000000e+00
5.011090000000000146e+03 5.708248574717843526e-01 1.000000000000000000e+00
5.011100000000000364e+03 8.368556950920023052e-01 1.000000000000000000e+00
5.011109999999999673e+03 9.535191840719685619e-01 1.000000000000000000e+00
5.011119999999999891e+03 9.834719327431343805e-01 1.000000000000000000e+00
5.011130000000000109e+03 9.883385360525367425e-01 1.000000000000000000e+00
5.011140000000000327e+03 9.868356746819235692e-01 1.000000000000000000e+00
5.011149999999999636e+03 9.792024804121473025e-01 1.000000000000000000e+00
5.011159999999999854e+03 9.571203674217424462e-01 1.000000000000000000e+00
5.011170000000000073e+03 9.086037382252141192e-01 1.000000000000000000e+00
5.011180000000000291e+03 8.325981550610519477e-01 1.000000000000000000e+00
5.011189999999999600e+03 7.516103681397776626e-01 1.000000000000000000e+00
5.011199999999999818e+03 6.997211976124763089e-01 1.000000000000000000e+00
5.011210000000000036e+03 6.979603906656602907e-01 1.000000000000000000e+00
5.011220000000000255e+03 7.468646091460633407e-01 1.000000000000000000e+00
5.011229999999999563e+03 8.265310335068798420e-01 1.000000000000000000e+00
5.011239999999999782e+03 9.030253511705707004e-01 1.000000000000000000e+00
5.011250000000000000e+03 9.526455655807560818e-01 1.000000000000000000e+00
5.011260000000000218e+03 9.752848271338971919e-01 1.000000000000000000e+00
5.011270000000000437e+03 9.828574275227117685e-01 1.000000000000000000e+00
5.011279999999999745e+03 9.845861046183056464e-01 1.000000000000000000e+00
5.011289999999999964e+03 9.844787766553173558e-01 1.000000000000000000e+00
5.011300000000000182e+03 9.837566902407519631e-01 1.000000000000000000e+00
5.011310000000000400e+03 9.826692294449653753e-01 1.000000000000000000e+00
5.011319999999999709e+03 9.811280468117262732e-01 1.000000000000000000e+00
5.011329999999999927e+03 9.788464605194688861e-01 1.000000000000000000e+00
5.011340000000000146e+03 9.747091320689192928e-01 1.000000000000000000e+00
5.011350000000000364e+03 9.630894815561340527e-01 1.000000000000000000e+00
5.011359999999999673e+03 9.204758460020662225e-01 1.000000000000000000e+00
5.011369999999999891e+03 7.880433677468221543e-01 1.000000000000000000e+00
5.011380000000000109e+03 5.370729334485707662e-01 1.000000000000000000e+00
5.011390000000000327e+03 3.083082526328088657e-01 1.000000000000000000e+00
5.011399999999999636e+03 2.101477979110954186e-01 1.000000000000000000e+00
5.011409999999999854e+03 1.812142919122144424e-01 1.000000000000000000e+00
5.011420000000000073e+03 1.744787686381596981e-01 1.000000000000000000e+00
5.011430000000000291e+03 1.809147454905181973e-01 1.000000000000000000e+00
5.011439999999999600e+03 2.090199972105253323e-01 1.000000000000000000e+00
5.011449999999999818e+03 3.039628670071846117e-01 1.000000000000000000e+00
5.011460000000000036e+03 5.255176664518556029e-01 1.000000000000000000e+00
5.011470000000000255e+03 7.680136452942779579e-01 1.000000000000000000e+00
5.011479999999999563e+03 8.920703041253081889e-01 1.000000000000000000e+00
5.011489999999999782e+03 9.253794440687157508e-01 1.000000000000000000e+00
5.011500000000000000e+03 9.252843183038472752e-01 1.000000000000000000e+00
5.011510000000000218e+03 9.119068642737830910e-01 1.000000000000000000e+00
5.011520000000000437e+03 8.811898534990187937e-01 1.000000000000000000e+00
5.011529999999999745e+03 8.081341723991072312e-01 1.000000000000000000e+00
5.011539999999999964e+03 6.549963764288918577e-01 1.000000000000000000e+00
5.011550000000000182e+03 4.425828716530618157e-01 1.000000000000000000e+00
5.011560000000000400e+03 2.814489504471283099e-01 1.000000000000000000e+00
5.011569999999999709e+03 2.129081070585045199e-01 1.000000000000000000e+00
5.011579999999999927e+03 1.830043041020161798e-01 1.000000000000000000e+00
5.011590000000000146e+03 1.666743036345399165e-01 1.000000000000000000e+00
5.011600000000000364e+03 1.589412175409392058e-01 1.000000000000000000e+00
5.011609999999999673e+03 1.578923190163884771e-01 1.000000000000000000e+00
5.011619999999999891e+03 1.627707466888052845e-01 1.000000000000000000e+00
5.011630000000000109e+03 1.721994443400458041e-01 1.000000000000000000e+00
5.011640000000000327e+03 1.799929492976741763e-01 1.000000000000000000e+00
5.011649999999999636e+03 1.786332004587037059e-01 1.000000000000000000e+00
5.011659999999999854e+03 1.735045057131034962e-01 1.000000000000000000e+00
5.011670000000000073e+03 1.737248413108962719e-01 1.000000000000000000e+00
5.011680000000000291e+03 1.842493717465886194e-01 1.000000000000000000e+00
5.011689999999999600e+03 2.180502251016991910e-01 1.000000000000000000e+00
5.011699999999999818e+03 3.188942900627908528e-01 1.000000000000000000e+00
5.011710000000000036e+03 4.935267934695257153e-01 1.000000000000000000e+00
5.011720000000000255e+03 5.876595327114153555e-01 1.000000000000000000e+00
5.011729999999999563e+03 5.585846068620010652e-01 1.000000000000000000e+00
5.011739999999999782e+03 5.150291461042422192e-01 1.000000000000000000e+00
5.011750000000000000e+03 5.199186631603686104e-01 1.000000000000000000e+00
5.011760000000000218e+03 5.872683473044701952e-01 1.000000000000000000e+00
5.011770000000000437e+03 7.050475733003422896e-01 1.000000000000000000e+00
5.011779999999999745e+03 8.298223456946598464e-01 1.000000000000000000e+00
5.011789999999999964e+03 9.156676870831189641e-01 1.000000000000000000e+00
5.011800000000000182e+03 9.560695219551496038e-01 1.000000000000000000e+00
5.011810000000000400e+03 9.706741802608386260e-01 1.000000000000000000e+00
5.011819999999999709e+03 9.758070813006206601e-01 1.000000000000000000e+00
5.011829999999999927e+03 9.782504400702912717e-01 1.000000000000000000e+00
5.011840000000000146e+03 9.799168163469390569e-01 1.000000000000000000e+00
5.011850000000000364e+03 9.812732364406409058e-01 1.000000000000000000e+00
5.011859999999999673e+03 9.824167162658586916e-01 1.000000000000000000e+00
5.011869999999999891e+03 9.834113375793728240e-01 1.000000000000000000e+00
5.011880000000000109e+03 9.842753271505854107e-01 1.000000000000000000e+00
5.011890000000000327e+03 9.850123289009059535e-01 1.000000000000000000e+00
5.011899999999999636e+03 9.856684031186389028e-01 1.000000000000000000e+00
5.011909999999999854e+03 9.862282616405294577e-01 1.000000000000000000e+00
5.011920000000000073e+03 9.867304128110520045e-01 1.000000000000000000e+00
5.011930000000000291e+03 9.871700087821555503e-01 1.000000000000000000e+00
5.011939999999999600e+03 9.875606259689447830e-01 1.000000000000000000e+00
5.011949999999999818e+03 9.879029450881670060e-01 1.000000000000000000e+00
5.011960000000000036e+03 9.881963857202350487e-01 1.000000000000000000e+00
5.011970000000000255e+03 9.884537868285583340e-01 1.000000000000000000e+00
5.011979999999999563e+03 9.886808000452462775e-01 1.000000000000000000e+00
5.011989999999999782e+03 9.888591587836208507e-01 1.000000000000000000e+00
5.012000000000000000e+03 9.890129552348427833e-01 1.000000000000000000e+00
5.012010000000000218e+03 9.891513684211311608e-01 1.000000000000000000e+00
5.012020000000000437e+03 9.892591311492651140e-01 1.000000000000000000e+00
5.012029999999999745e+03 9.893387172726739731e-01 1.000000000000000000e+00
5.012039999999999964e+03 9.893675851099209551e-01 1.000000000000000000e+00
5.012050000000000182e+03 9.893873593661064447e-01 1.000000000000000000e+00
5.012060000000000400e+03 9.893552485399469409e-01 1.000000000000000000e+00
5.012069999999999709e+03 9.893099081269352002e-01 1.000000000000000000e+00
5.012079999999999927e+03 9.892093254482217102e-01 1.000000000000000000e+00
5.012090000000000146e+03 9.890895600426604650e-01 1.000000000000000000e+00
5.012100000000000364e+03 9.889212564381749671e-01 1.000000000000000000e+00
5.012109999999999673e+03 9.886880825485541147e-01 1.000000000000000000e+00
5.012119999999999891e+03 9.884123657373995453e-01 1.000000000000000000e+00
5.012130000000000109e+03 9.880658460909373941e-01 1.000000000000000000e+00
5.012140000000000327e+03 9.876478238213418637e-01 1.000000000000000000e+00
5.012149999999999636e+03 9.871236630275982415e-01 1.000000000000000000e+00
5.012159999999999854e+03 9.864768395909968568e-01 1.000000000000000000e+00
5.012170000000000073e+03 9.857126099590652890e-01 1.000000000000000000e+00
5.012180000000000291e+03 9.847609722928836185e-01 1.000000000000000000e+00
5.012189999999999600e+03 9.835852456808131805e-01 1.000000000000000000e+00
5.012199999999999818e+03 9.820908755724234718e-01 1.000000000000000000e+00
5.012210000000000036e+03 9.801434520573110154e-01 1.000000000000000000e+00
5.012220000000000255e+03 9.776217191013105712e-01 1.000000000000000000e+00
5.012229999999999563e+03 9.742114796989267411e-01 1.000000000000000000e+00
5.012239999999999782e+03 9.691983896765825612e-01 1.000000000000000000e+00
5.012250000000000000e+03 9.605751038433593125e-01 1.000000000000000000e+00
5.012260000000000218e+03 9.402918989299339225e-01 1.000000000000000000e+00
5.012270000000000437e+03 8.773349117047275492e-01 1.000000000000000000e+00
5.012279999999999745e+03 7.012729906128921664e-01 1.000000000000000000e+00
5.012289999999999964e+03 4.155635886766632092e-01 1.000000000000000000e+00
5.012300000000000182e+03 2.264606488692651465e-01 1.000000000000000000e+00
5.012310000000000400e+03 1.722480614467118976e-01 1.000000000000000000e+00
5.012319999999999709e+03 1.540741330655582275e-01 1.000000000000000000e+00
5.012329999999999927e+03 1.464387251609314267e-01 1.000000000000000000e+00
5.012340000000000146e+03 1.456564737831636536e-01 1.000000000000000000e+00
5.012350000000000364e+03 1.514794641860946200e-01 1.000000000000000000e+00
5.012359999999999673e+03 1.666100856251920836e-01 1.000000000000000000e+00
5.012369999999999891e+03 2.078600803917948492e-01 1.000000000000000000e+00
5.012380000000000109e+03 3.648360808162566804e-01 1.000000000000000000e+00
5.012390000000000327e+03 6.570837638926032565e-01 1.000000000000000000e+00
5.012399999999999636e+03 8.607871932220525490e-01 1.000000000000000000e+00
5.012409999999999854e+03 9.356070020814545307e-01 1.000000000000000000e+00
5.012420000000000073e+03 9.587737365630862874e-01 1.000000000000000000e+00
5.012430000000000291e+03 9.682546523431528884e-01 1.000000000000000000e+00
5.012439999999999600e+03 9.737109950110155454e-01 1.000000000000000000e+00
5.012449999999999818e+03 9.773941215503310076e-01 1.000000000000000000e+00
5.012460000000000036e+03 9.800913928405052822e-01 1.000000000000000000e+00
5.012470000000000255e+03 9.821751170759029925e-01 1.000000000000000000e+00
5.012479999999999563e+03 9.838187898569360490e-01 1.000000000000000000e+00
5.012489999999999782e+03 9.851091656695828425e-01 1.000000000000000000e+00
5.012500000000000000e+03 9.861545775315323503e-01 1.000000000000000000e+00
5.012510000000000218e+03 9.870176726180988069e-01 1.000000000000000000e+00
5.012520000000000437e+03 9.877364126759040630e-01 1.000000000000000000e+00
5.012529999999999745e+03 9.883343728382119053e-01 1.000000000000000000e+00
5.012539999999999964e+03 9.888300008180107570e-01 1.000000000000000000e+00
5.012550000000000182e+03 9.892567538734712285e-01 1.000000000000000000e+00
5.012560000000000400e+03 9.896242430115900213e-01 1.000000000000000000e+00
5.012569999999999709e+03 9.899316643299831409e-01 1.000000000000000000e+00
5.012579999999999927e+03 9.901942739642133340e-01 1.000000000000000000e+00
5.012590000000000146e+03 9.904203154157464883e-01 1.000000000000000000e+00
5.012600000000000364e+03 9.906174924246160529e-01 1.000000000000000000e+00
5.012609999999999673e+03 9.907883120115277276e-01 1.000000000000000000e+00
5.012619999999999891e+03 9.909532653231918342e-01 1.000000000000000000e+00
5.012630000000000109e+03 9.910753121009930888e-01 1.000000000000000000e+00
5.012640000000000327e+03 9.911760043956845401e-01 1.000000000000000000e+00
5.012649999999999636e+03 9.912768590812418568e-01 1.000000000000000000e+00
5.012659999999999854e+03 9.913520775259613282e-01 1.000000000000000000e+00
5.012670000000000073e+03 9.914197184959838705e-01 1.000000000000000000e+00
5.012680000000000291e+03 9.914695560249612294e-01 1.000000000000000000e+00
5.012689999999999600e+03 9.915213854149194095e-01 1.000000000000000000e+00
5.012699999999999818e+03 9.915666044467091877e-01 1.000000000000000000e+00
5.012710000000000036e+03 9.915911246118153111e-01 1.000000000000000000e+00
5.012720000000000255e+03 9.916036362487530287e-01 1.000000000000000000e+00
5.012729999999999563e+03 9.916108614991525627e-01 1.000000000000000000e+00
5.012739999999999782e+03 9.915952215986059137e-01 1.000000000000000000e+00
5.012750000000000000e+03 9.915852482595941542e-01 1.000000000000000000e+00
5.012760000000000218e+03 9.915743029640098349e-01 1.000000000000000000e+00
5.012770000000000437e+03 9.915655464382865381e-01 1.000000000000000000e+00
5.012779999999999745e+03 9.915350803540523561e-01 1.000000000000000000e+00
5.012789999999999964e+03 9.914991184614474484e-01 1.000000000000000000e+00
5.012800000000000182e+03 9.914517976872775362e-01 1.000000000000000000e+00
5.012810000000000400e+03 9.913912384777787690e-01 1.000000000000000000e+00
5.012819999999999709e+03 9.913384945099245060e-01 1.000000000000000000e+00
5.012829999999999927e+03 9.912740080989841385e-01 1.000000000000000000e+00
5.012840000000000146e+03 9.912188968444632930e-01 1.000000000000000000e+00
5.012850000000000364e+03 9.911451249205418534e-01 1.000000000000000000e+00
5.012859999999999673e+03 9.910561980428465034e-01 1.000000000000000000e+00
5.012869999999999891e+03 9.909634616256614015e-01 1.000000000000000000e+00
5.012880000000000109e+03 9.908540566679716610e-01 1.000000000000000000e+00
5.012890000000000327e+03 9.907577642964605635e-01 1.000000000000000000e+00
5.012899999999999636e+03 9.906548431574734304e-01 1.000000000000000000e+00
5.012909999999999854e+03 9.905367667472371185e-01 1.000000000000000000e+00
5.012920000000000073e+03 9.904119315284336533e-01 1.000000000000000000e+00
5.012930000000000291e+03 9.902836825796322850e-01 1.000000000000000000e+00
5.012939999999999600e+03 9.901366403740518018e-01 1.000000000000000000e+00
5.012949999999999818e+03 9.899891660323499876e-01 1.000000000000000000e+00
5.012960000000000036e+03 9.898254432741756537e-01 1.000000000000000000e+00
5.012970000000000255e+03 9.896542669610919329e-01 1.000000000000000000e+00
5.012979999999999563e+03 9.894704602669430749e-01 1.000000000000000000e+00
5.012989999999999782e+03 9.892682819286883200e-01 1.000000000000000000e+00
5.013000000000000000e+03 9.890590587915041310e-01 1.000000000000000000e+00
5.013010000000000218e+03 9.888366830059898138e-01 1.000000000000000000e+00
5.013020000000000437e+03 9.886029201787797094e-01 1.000000000000000000e+00
5.013029999999999745e+03 9.883479055141043412e-01 1.000000000000000000e+00
5.013039999999999964e+03 9.880680115905604577e-01 1.000000000000000000e+00
5.013050000000000182e+03 9.877726229247577594e-01 1.000000000000000000e+00
5.013060000000000400e+03 9.874620892170488107e-01 1.000000000000000000e+00
5.013069999999999709e+03 9.871137342769553680e-01 1.000000000000000000e+00
5.013079999999999927e+03 9.867515531054962263e-01 1.000000000000000000e+00
5.013090000000000146e+03 9.863537404436892864e-01 1.000000000000000000e+00
5.013100000000000364e+03 9.859451797777272208e-01 1.000000000000000000e+00
5.013109999999999673e+03 9.854900281191047995e-01 1.000000000000000000e+00
5.013119999999999891e+03 9.849882399338434347e-01 1.000000000000000000e+00
5.013130000000000109e+03 9.844535223650509037e-01 1.000000000000000000e+00
5.013140000000000327e+03 9.838767576062044107e-01 1.000000000000000000e+00
5.013149999999999636e+03 9.832303352481158720e-01 1.000000000000000000e+00
5.013159999999999854e+03 9.825458290815424212e-01 1.000000000000000000e+00
5.013170000000000073e+03 9.817856342330170127e-01 1.000000000000000000e+00
5.013180000000000291e+03 9.809515082694497679e-01 1.000000000000000000e+00
5.013189999999999600e+03 9.800297539322124774e-01 1.000000000000000000e+00
5.013199999999999818e+03 9.789972014937238232e-01 1.000000000000000000e+00
5.013210000000000036e+03 9.778611324266011096e-01 1.000000000000000000e+00
5.013220000000000255e+03 9.765973741481476234e-01 1.000000000000000000e+00
5.013229999999999563e+03 9.751627546761125753e-01 1.000000000000000000e+00
5.013239999999999782e+03 9.735632443321848850e-01 1.000000000000000000e+00
5.013250000000000000e+03 9.717430935502247014e-01 1.000000000000000000e+00
5.013260000000000218e+03 9.696737690347342342e-01 1.000000000000000000e+00
5.013270000000000437e+03 9.672932639468482252e-01 1.000000000000000000e+00
5.013279999999999745e+03 9.645576435829967821e-01 1.000000000000000000e+00
5.013289999999999964e+03 9.613632650291401571e-01 1.000000000000000000e+00
5.013300000000000182e+03 9.575982081721619021e-01 1.000000000000000000e+00
5.013310000000000400e+03 9.531135691366608986e-01 1.000000000000000000e+00
5.013319999999999709e+03 9.477314145376536381e-01 1.000000000000000000e+00
5.013329999999999927e+03 9.411555609455135585e-01 1.000000000000000000e+00
5.013340000000000146e+03 9.328339631420397016e-01 1.000000000000000000e+00
5.013350000000000364e+03 9.225236669647464138e-01 1.000000000000000000e+00
5.013359999999999673e+03 9.089435524844032832e-01 1.000000000000000000e+00
5.013369999999999891e+03 8.883457580806628506e-01 1.000000000000000000e+00
5.013380000000000109e+03 8.399761695510351567e-01 1.000000000000000000e+00
5.013390000000000327e+03 6.574895292895339693e-01 1.000000000000000000e+00
5.013399999999999636e+03 2.741743572412544405e-01 1.000000000000000000e+00
5.013409999999999854e+03 1.448419046416094258e-01 1.000000000000000000e+00
5.013420000000000073e+03 1.178521277269339862e-01 1.000000000000000000e+00
5.013430000000000291e+03 1.042063397838936534e-01 1.000000000000000000e+00
5.013439999999999600e+03 9.600750572995500609e-02 1.000000000000000000e+00
5.013449999999999818e+03 9.101854243264238808e-02 1.000000000000000000e+00
5.013460000000000036e+03 8.854992942747992590e-02 1.000000000000000000e+00
5.013470000000000255e+03 8.839055119612033995e-02 1.000000000000000000e+00
5.013479999999999563e+03 9.052888775494581652e-02 1.000000000000000000e+00
5.013489999999999782e+03 9.513924289926602162e-02 1.000000000000000000e+00
5.013500000000000000e+03 1.027994718880245462e-01 1.000000000000000000e+00
5.013510000000000218e+03 1.152235664878141913e-01 1.000000000000000000e+00
5.013520000000000437e+03 1.349792200857365398e-01 1.000000000000000000e+00
5.013529999999999745e+03 1.468267330610257271e-01 1.000000000000000000e+00
5.013539999999999964e+03 1.411392319236136617e-01 1.000000000000000000e+00
5.013550000000000182e+03 1.365847524764088605e-01 1.000000000000000000e+00
5.013560000000000400e+03 1.368821343050346528e-01 1.000000000000000000e+00
5.013569999999999709e+03 1.426121624984126313e-01 1.000000000000000000e+00
5.013579999999999927e+03 1.558639641545255805e-01 1.000000000000000000e+00
5.013590000000000146e+03 1.843474597267553139e-01 1.000000000000000000e+00
5.013600000000000364e+03 2.845440004242659748e-01 1.000000000000000000e+00
5.013609999999999673e+03 5.319030443744502401e-01 1.000000000000000000e+00
5.013619999999999891e+03 7.481211204981043084e-01 1.000000000000000000e+00
5.013630000000000109e+03 8.453137183189690651e-01 1.000000000000000000e+00
5.013640000000000327e+03 8.841328326917131664e-01 1.000000000000000000e+00
5.013649999999999636e+03 9.043562061703628308e-01 1.000000000000000000e+00
5.013659999999999854e+03 9.172312696611272242e-01 1.000000000000000000e+00
5.013670000000000073e+03 9.260948811439176920e-01 1.000000000000000000e+00
5.013680000000000291e+03 9.323733610373099445e-01 1.000000000000000000e+00
5.013689999999999600e+03 9.368505601211327694e-01 1.000000000000000000e+00
5.013699999999999818e+03 9.396621317313014199e-01 1.000000000000000000e+00
5.013710000000000036e+03 9.409847491935839914e-01 1.000000000000000000e+00
5.013720000000000255e+03 9.408542280639001776e-01 1.000000000000000000e+00
5.013729999999999563e+03 9.391131631484196385e-01 1.000000000000000000e+00
5.013739999999999782e+03 9.351048811688973394e-01 1.000000000000000000e+00
5.013750000000000000e+03 9.270485281772208319e-01 1.000000000000000000e+00
5.013760000000000218e+03 9.075895925164215727e-01 1.000000000000000000e+00
5.013770000000000437e+03 8.430260840831562685e-01 1.000000000000000000e+00
5.013779999999999745e+03 6.417072027486493413e-01 1.000000000000000000e+00
5.013789999999999964e+03 3.303346798288200881e-01 1.000000000000000000e+00
5.013800000000000182e+03 1.880719112635026447e-01 1.000000000000000000e+00
5.013810000000000400e+03 1.535182781047363387e-01 1.000000000000000000e+00
5.013819999999999709e+03 1.378063015210317377e-01 1.000000000000000000e+00
5.013829999999999927e+03 1.302803581426990043e-01 1.000000000000000000e+00
5.013840000000000146e+03 1.280869990219067334e-01 1.000000000000000000e+00
5.013850000000000364e+03 1.305151031969345454e-01 1.000000000000000000e+00
5.013859999999999673e+03 1.383632939862738942e-01 1.000000000000000000e+00
5.013869999999999891e+03 1.546715766096120881e-01 1.000000000000000000e+00
5.013880000000000109e+03 1.913348328012024757e-01 1.000000000000000000e+00
5.013890000000000327e+03 3.452291633956779959e-01 1.000000000000000000e+00
5.013899999999999636e+03 6.604795868995728680e-01 1.000000000000000000e+00
5.013909999999999854e+03 8.548385400132935130e-01 1.000000000000000000e+00
5.013920000000000073e+03 9.177533319103178266e-01 1.000000000000000000e+00
5.013930000000000291e+03 9.386802758642264211e-01 1.000000000000000000e+00
5.013939999999999600e+03 9.489677629002527537e-01 1.000000000000000000e+00
5.013949999999999818e+03 9.554778397770838927e-01 1.000000000000000000e+00
5.013960000000000036e+03 9.599400119296056522e-01 1.000000000000000000e+00
5.013970000000000255e+03 9.631765331280656151e-01 1.000000000000000000e+00
5.013979999999999563e+03 9.654466271107584596e-01 1.000000000000000000e+00
5.013989999999999782e+03 9.667749191770100836e-01 1.000000000000000000e+00
5.014000000000000000e+03 9.671408019658532806e-01 1.000000000000000000e+00
5.014010000000000218e+03 9.659867992542101600e-01 1.000000000000000000e+00
5.014020000000000437e+03 9.607221845164357621e-01 1.000000000000000000e+00
5.014029999999999745e+03 9.404647799691002730e-01 1.000000000000000000e+00
5.014039999999999964e+03 8.740951969340814420e-01 1.000000000000000000e+00
5.014050000000000182e+03 7.179110581759947651e-01 1.000000000000000000e+00
5.014060000000000400e+03 4.969995556447684981e-01 1.000000000000000000e+00
5.014069999999999709e+03 3.248530609771976829e-01 1.000000000000000000e+00
5.014079999999999927e+03 2.449643716088328316e-01 1.000000000000000000e+00
5.014090000000000146e+03 2.207136282616770639e-01 1.000000000000000000e+00
5.014100000000000364e+03 2.276760367789881501e-01 1.000000000000000000e+00
5.014109999999999673e+03 2.733242774858158919e-01 1.000000000000000000e+00
5.014119999999999891e+03 3.916000573099860382e-01 1.000000000000000000e+00
5.014130000000000109e+03 5.852576054410343342e-01 1.000000000000000000e+00
5.014140000000000327e+03 7.487131029853497655e-01 1.000000000000000000e+00
5.014149999999999636e+03 8.156309477779499773e-01 1.000000000000000000e+00
5.014159999999999854e+03 8.352344521582688586e-01 1.000000000000000000e+00
5.014170000000000073e+03 8.586006187842980530e-01 1.000000000000000000e+00
5.014180000000000291e+03 8.954753425487910201e-01 1.000000000000000000e+00
5.014189999999999600e+03 9.333655004339422856e-01 1.000000000000000000e+00
5.014199999999999818e+03 9.600035291704895890e-01 1.000000000000000000e+00
5.014210000000000036e+03 9.736072175114819371e-01 1.000000000000000000e+00
5.014220000000000255e+03 9.791366057708751347e-01 1.000000000000000000e+00
5.014229999999999563e+03 9.811942689404751228e-01 1.000000000000000000e+00
5.014239999999999782e+03 9.820800901877341227e-01 1.000000000000000000e+00
5.014250000000000000e+03 9.825796435044149568e-01 1.000000000000000000e+00
5.014260000000000218e+03 9.829182663979854073e-01 1.000000000000000000e+00
5.014270000000000437e+03 9.831541620097350442e-01 1.000000000000000000e+00
5.014279999999999745e+03 9.833121151385453285e-01 1.000000000000000000e+00
5.014289999999999964e+03 9.834285846933923381e-01 1.000000000000000000e+00
5.014300000000000182e+03 9.835019983987092207e-01 1.000000000000000000e+00
5.014310000000000400e+03 9.835172297224799021e-01 1.000000000000000000e+00
5.014319999999999709e+03 9.834974094207802331e-01 1.000000000000000000e+00
5.014329999999999927e+03 9.834355343232284996e-01 1.000000000000000000e+00
5.014340000000000146e+03 9.833512451458489290e-01 1.000000000000000000e+00
5.014350000000000364e+03 9.832283339677757583e-01 1.000000000000000000e+00
5.014359999999999673e+03 9.830628864888607543e-01 1.000000000000000000e+00
5.014369999999999891e+03 9.828809148063705203e-01 1.000000000000000000e+00
5.014380000000000109e+03 9.826463979807451565e-01 1.000000000000000000e+00
5.014390000000000327e+03 9.823943693205487993e-01 1.000000000000000000e+00
5.014399999999999636e+03 9.820968292522246346e-01 1.000000000000000000e+00
5.014409999999999854e+03 9.817586558348220249e-01 1.000000000000000000e+00
5.014420000000000073e+03 9.813584924760971884e-01 1.000000000000000000e+00
5.014430000000000291e+03 9.809153765310143491e-01 1.000000000000000000e+00
5.014439999999999600e+03 9.804075583255794646e-01 1.000000000000000000e+00
5.014449999999999818e+03 9.798078815622350835e-01 1.000000000000000000e+00
5.014460000000000036e+03 9.791644923120846888e-01 1.000000000000000000e+00
5.014470000000000255e+03 9.784345107505825201e-01 1.000000000000000000e+00
5.014479999999999563e+03 9.775999746086676545e-01 1.000000000000000000e+00
5.014489999999999782e+03 9.766355584669980106e-01 1.000000000000000000e+00
5.014500000000000000e+03 9.755140993037197950e-01 1.000000000000000000e+00
5.014510000000000218e+03 9.741994280434748132e-01 1.000000000000000000e+00
5.014520000000000437e+03 9.726728952915497661e-01 1.000000000000000000e+00
5.014529999999999745e+03 9.708535038590930810e-01 1.000000000000000000e+00
5.014539999999999964e+03 9.686464619537819010e-01 1.000000000000000000e+00
5.014550000000000182e+03 9.659238906135599878e-01 1.000000000000000000e+00
5.014560000000000400e+03 9.625865619107466520e-01 1.000000000000000000e+00
5.014569999999999709e+03 9.582671026053218855e-01 1.000000000000000000e+00
5.014579999999999927e+03 9.522950889183666723e-01 1.000000000000000000e+00
5.014590000000000146e+03 9.426679203406714835e-01 1.000000000000000000e+00
5.014600000000000364e+03 9.203586808123661589e-01 1.000000000000000000e+00
5.014609999999999673e+03 8.472889253359180417e-01 1.000000000000000000e+00
5.014619999999999891e+03 6.370883877346695812e-01 1.000000000000000000e+00
5.014630000000000109e+03 3.300576937798473942e-01 1.000000000000000000e+00
5.014640000000000327e+03 1.835652421907616461e-01 1.000000000000000000e+00
5.014649999999999636e+03 1.488880519956182480e-01 1.000000000000000000e+00
5.014659999999999854e+03 1.340862150841315437e-01 1.000000000000000000e+00
5.014670000000000073e+03 1.268243286161294392e-01 1.000000000000000000e+00
5.014680000000000291e+03 1.242410099999770867e-01 1.000000000000000000e+00
5.014689999999999600e+03 1.253424733228962196e-01 1.000000000000000000e+00
5.014699999999999818e+03 1.299467325516212579e-01 1.000000000000000000e+00
5.014710000000000036e+03 1.381829869293586255e-01 1.000000000000000000e+00
5.014720000000000255e+03 1.501670998757474451e-01 1.000000000000000000e+00
5.014729999999999563e+03 1.660923652813085516e-01 1.000000000000000000e+00
5.014739999999999782e+03 1.877624038485055935e-01 1.000000000000000000e+00
5.014750000000000000e+03 2.228824128046010822e-01 1.000000000000000000e+00
5.014760000000000218e+03 2.963004431117970960e-01 1.000000000000000000e+00
5.014770000000000437e+03 4.440797906371737325e-01 1.000000000000000000e+00
5.014779999999999745e+03 6.428879942150925730e-01 1.000000000000000000e+00
5.014789999999999964e+03 8.047016438290174323e-01 1.000000000000000000e+00
5.014800000000000182e+03 8.889316200034528270e-01 1.000000000000000000e+00
5.014810000000000400e+03 9.214840507861878915e-01 1.000000000000000000e+00
5.014819999999999709e+03 9.332650858673626759e-01 1.000000000000000000e+00
5.014829999999999927e+03 9.380939181536223082e-01 1.000000000000000000e+00
5.014840000000000146e+03 9.402575121809153558e-01 1.000000000000000000e+00
5.014850000000000364e+03 9.409351007326509642e-01 1.000000000000000000e+00
5.014859999999999673e+03 9.405708244787563954e-01 1.000000000000000000e+00
5.014869999999999891e+03 9.393123828188028046e-01 1.000000000000000000e+00
5.014880000000000109e+03 9.371728126509631940e-01 1.000000000000000000e+00
5.014890000000000327e+03 9.339798309283821043e-01 1.000000000000000000e+00
5.014899999999999636e+03 9.293228182969205386e-01 1.000000000000000000e+00
5.014909999999999854e+03 9.224098031789994545e-01 1.000000000000000000e+00
5.014920000000000073e+03 9.123050276306700068e-01 1.000000000000000000e+00
5.014930000000000291e+03 8.986860779237217933e-01 1.000000000000000000e+00
5.014939999999999600e+03 8.825031816149454533e-01 1.000000000000000000e+00
5.014949999999999818e+03 8.660747427304837931e-01 1.000000000000000000e+00
5.014960000000000036e+03 8.514282416888954153e-01 1.000000000000000000e+00
5.014970000000000255e+03 8.372918368927896315e-01 1.000000000000000000e+00
5.014979999999999563e+03 8.189055890616023792e-01 1.000000000000000000e+00
5.014989999999999782e+03 7.884197740972229695e-01 1.000000000000000000e+00
5.015000000000000000e+03 7.307459135264939842e-01 1.000000000000000000e+00
5.015010000000000218e+03 6.121826164579415863e-01 1.000000000000000000e+00
5.015020000000000437e+03 4.165445439664474114e-01 1.000000000000000000e+00
5.015029999999999745e+03 2.524698885798380421e-01 1.000000000000000000e+00
5.015039999999999964e+03 1.872653423068025569e-01 1.000000000000000000e+00
5.015050000000000182e+03 1.568120771411347647e-01 1.000000000000000000e+00
5.015060000000000400e+03 1.395162828925524956e-01 1.000000000000000000e+00
5.015069999999999709e+03 1.300934595537967808e-01 1.000000000000000000e+00
5.015079999999999927e+03 1.259296687216859556e-01 1.000000000000000000e+00
5.015090000000000146e+03 1.259705034482002939e-01 1.000000000000000000e+00
5.015100000000000364e+03 1.302262752051682182e-01 1.000000000000000000e+00
5.015109999999999673e+03 1.397740908034600660e-01 1.000000000000000000e+00
5.015119999999999891e+03 1.572708074862633476e-01 1.000000000000000000e+00
5.015130000000000109e+03 1.880635382129270949e-01 1.000000000000000000e+00
5.015140000000000327e+03 2.545412154628874934e-01 1.000000000000000000e+00
5.015149999999999636e+03 4.204438994414308461e-01 1.000000000000000000e+00
5.015159999999999854e+03 6.154064565040112678e-01 1.000000000000000000e+00
5.015170000000000073e+03 7.340997952854594333e-01 1.000000000000000000e+00
5.015180000000000291e+03 7.950020653749708677e-01 1.000000000000000000e+00
5.015189999999999600e+03 8.313763406341277973e-01 1.000000000000000000e+00
5.015199999999999818e+03 8.564016943806442850e-01 1.000000000000000000e+00
5.015210000000000036e+03 8.748823025994449942e-01 1.000000000000000000e+00
5.015220000000000255e+03 8.892114190883456670e-01 1.000000000000000000e+00
5.015229999999999563e+03 9.007633176930321950e-01 1.000000000000000000e+00
5.015239999999999782e+03 9.098633699260435526e-01 1.000000000000000000e+00
5.015250000000000000e+03 9.172592565033091949e-01 1.000000000000000000e+00
5.015260000000000218e+03 9.232718779415995947e-01 1.000000000000000000e+00
5.015270000000000437e+03 9.281925241529911386e-01 1.000000000000000000e+00
5.015279999999999745e+03 9.322181911393474518e-01 1.000000000000000000e+00
5.015289999999999964e+03 9.355032733221894103e-01 1.000000000000000000e+00
5.015300000000000182e+03 9.381709510031244204e-01 1.000000000000000000e+00
5.015310000000000400e+03 9.402746026469456231e-01 1.000000000000000000e+00
5.015319999999999709e+03 9.419258315421447092e-01 1.000000000000000000e+00
5.015329999999999927e+03 9.431814289033308985e-01 1.000000000000000000e+00
5.015340000000000146e+03 9.440503428411677334e-01 1.000000000000000000e+00
5.015350000000000364e+03 9.445529882931462673e-01 1.000000000000000000e+00
5.015359999999999673e+03 9.447352774112347529e-01 1.000000000000000000e+00
5.015369999999999891e+03 9.445748382012928435e-01 1.000000000000000000e+00
5.015380000000000109e+03 9.441065977377463003e-01 1.000000000000000000e+00
5.015390000000000327e+03 9.433163158967359241e-01 1.000000000000000000e+00
5.015399999999999636e+03 9.421530163272517910e-01 1.000000000000000000e+00
5.015409999999999854e+03 9.406413518033769350e-01 1.000000000000000000e+00
5.015420000000000073e+03 9.387229192739071637e-01 1.000000000000000000e+00
5.015430000000000291e+03 9.363506351889098189e-01 1.000000000000000000e+00
5.015439999999999600e+03 9.334554438287496758e-01 1.000000000000000000e+00
5.015449999999999818e+03 9.299477122265172868e-01 1.000000000000000000e+00
5.015460000000000036e+03 9.257259124760200963e-01 1.000000000000000000e+00
5.015470000000000255e+03 9.206132380198872589e-01 1.000000000000000000e+00
5.015479999999999563e+03 9.142389357509896897e-01 1.000000000000000000e+00
5.015489999999999782e+03 9.046969713960458792e-01 1.000000000000000000e+00
5.015500000000000000e+03 8.806465218633261482e-01 1.000000000000000000e+00
5.015510000000000218e+03 7.860604205738014327e-01 1.000000000000000000e+00
5.015520000000000437e+03 5.044805207672851122e-01 1.000000000000000000e+00
5.015529999999999745e+03 2.111446674185683547e-01 1.000000000000000000e+00
5.015539999999999964e+03 1.417957648331368281e-01 1.000000000000000000e+00
5.015550000000000182e+03 1.218187786906545084e-01 1.000000000000000000e+00
5.015560000000000400e+03 1.114391331860675183e-01 1.000000000000000000e+00
5.015569999999999709e+03 1.057482395040588857e-01 1.000000000000000000e+00
5.015579999999999927e+03 1.031651286446492316e-01 1.000000000000000000e+00
5.015590000000000146e+03 1.031741209764334005e-01 1.000000000000000000e+00
5.015600000000000364e+03 1.057184403326420913e-01 1.000000000000000000e+00
5.015609999999999673e+03 1.109540722964195009e-01 1.000000000000000000e+00
5.015619999999999891e+03 1.177124980234039164e-01 1.000000000000000000e+00
5.015630000000000109e+03 1.177040864161626177e-01 1.000000000000000000e+00
5.015640000000000327e+03 1.094734239605196086e-01 1.000000000000000000e+00
5.015649999999999636e+03 1.022519924804123209e-01 1.000000000000000000e+00
5.015659999999999854e+03 9.774492875831398975e-02 1.000000000000000000e+00
5.015670000000000073e+03 9.562484526697623277e-02 1.000000000000000000e+00
5.015680000000000291e+03 9.569134348025963577e-02 1.000000000000000000e+00
5.015689999999999600e+03 9.795633055427749314e-02 1.000000000000000000e+00
5.015699999999999818e+03 1.026818186945319400e-01 1.000000000000000000e+00
5.015710000000000036e+03 1.106499499377365803e-01 1.000000000000000000e+00
5.015720000000000255e+03 1.240476663654320466e-01 1.000000000000000000e+00
5.015729999999999563e+03 1.491682933139999723e-01 1.000000000000000000e+00
5.015739999999999782e+03 2.335545727562565177e-01 1.000000000000000000e+00
5.015750000000000000e+03 4.896930296188244380e-01 1.000000000000000000e+00
5.015760000000000218e+03 6.753416809443242297e-01 1.000000000000000000e+00
5.015770000000000437e+03 7.551813303161272195e-01 1.000000000000000000e+00
5.015779999999999745e+03 7.984393445710639137e-01 1.000000000000000000e+00
5.015789999999999964e+03 8.281153391137513475e-01 1.000000000000000000e+00
5.015800000000000182e+03 8.503814059991599006e-01 1.000000000000000000e+00
5.015810000000000400e+03 8.681490491315085878e-01 1.000000000000000000e+00
5.015819999999999709e+03 8.826995319649636462e-01 1.000000000000000000e+00
5.015829999999999927e+03 8.942813067707063857e-01 1.000000000000000000e+00
5.015840000000000146e+03 9.038083762574542490e-01 1.000000000000000000e+00
5.015850000000000364e+03 9.117399119950925224e-01 1.000000000000000000e+00
5.015859999999999673e+03 9.183671550559034946e-01 1.000000000000000000e+00
5.015869999999999891e+03 9.239596209578012642e-01 1.000000000000000000e+00
5.015880000000000109e+03 9.287016090877532326e-01 1.000000000000000000e+00
5.015890000000000327e+03 9.327098156753795832e-01 1.000000000000000000e+00
5.015899999999999636e+03 9.361248243726002505e-01 1.000000000000000000e+00
5.015909999999999854e+03 9.390317313745816241e-01 1.000000000000000000e+00
5.015920000000000073e+03 9.414776448286069632e-01 1.000000000000000000e+00
5.015930000000000291e+03 9.434843129684042928e-01 1.000000000000000000e+00
5.015939999999999600e+03 9.448433569031052803e-01 1.000000000000000000e+00
5.015949999999999818e+03 9.442297725575843348e-01 1.000000000000000000e+00
5.015960000000000036e+03 9.363247527784488433e-01 1.000000000000000000e+00
5.015970000000000255e+03 9.064848474795457189e-01 1.000000000000000000e+00
5.015979999999999563e+03 8.322409570666444711e-01 1.000000000000000000e+00
5.015989999999999782e+03 7.093596917230658994e-01 1.000000000000000000e+00
5.016000000000000000e+03 5.783212167587664654e-01 1.000000000000000000e+00
5.016010000000000218e+03 4.904303225421794976e-01 1.000000000000000000e+00
5.016020000000000437e+03 4.658692196044900147e-01 1.000000000000000000e+00
5.016029999999999745e+03 5.071262066980960492e-01 1.000000000000000000e+00
5.016039999999999964e+03 6.097043113041035189e-01 1.000000000000000000e+00
5.016050000000000182e+03 7.438081917716968805e-01 1.000000000000000000e+00
5.016060000000000400e+03 8.557571987782132128e-01 1.000000000000000000e+00
5.016069999999999709e+03 9.161032179570002265e-01 1.000000000000000000e+00
5.016079999999999927e+03 9.377289879002028705e-01 1.000000000000000000e+00
5.016090000000000146e+03 9.423664014602431971e-01 1.000000000000000000e+00
5.016100000000000364e+03 9.417020262689715926e-01 1.000000000000000000e+00
5.016109999999999673e+03 9.395516473634419885e-01 1.000000000000000000e+00
5.016119999999999891e+03 9.367519421007863833e-01 1.000000000000000000e+00
5.016130000000000109e+03 9.333924432617464184e-01 1.000000000000000000e+00
5.016140000000000327e+03 9.294364562195076562e-01 1.000000000000000000e+00
5.016149999999999636e+03 9.247202439125236095e-01 1.000000000000000000e+00
5.016159999999999854e+03 9.191167756613728423e-01 1.000000000000000000e+00
5.016170000000000073e+03 9.124287038874853151e-01 1.000000000000000000e+00
5.016180000000000291e+03 9.043815606307985533e-01 1.000000000000000000e+00
5.016189999999999600e+03 8.946570016865118546e-01 1.000000000000000000e+00
5.016199999999999818e+03 8.827581917268420009e-01 1.000000000000000000e+00
5.016210000000000036e+03 8.677818647336384972e-01 1.000000000000000000e+00
5.016220000000000255e+03 8.492532702671513611e-01 1.000000000000000000e+00
5.016229999999999563e+03 8.257663348972028583e-01 1.000000000000000000e+00
5.016239999999999782e+03 7.943667526379346588e-01 1.000000000000000000e+00
5.016250000000000000e+03 7.491530900327656450e-01 1.000000000000000000e+00
5.016260000000000218e+03 6.713994990050692335e-01 1.000000000000000000e+00
5.016270000000000437e+03 5.059833676551981352e-01 1.000000000000000000e+00
5.016279999999999745e+03 2.675925339121320023e-01 1.000000000000000000e+00
5.016289999999999964e+03 1.704427577023194806e-01 1.000000000000000000e+00
5.016300000000000182e+03 1.396148536274891272e-01 1.000000000000000000e+00
5.016310000000000400e+03 1.233469588501425185e-01 1.000000000000000000e+00
5.016319999999999709e+03 1.142719381371584825e-01 1.000000000000000000e+00
5.016329999999999927e+03 1.094550707055838290e-01 1.000000000000000000e+00
5.016340000000000146e+03 1.077712135881429417e-01 1.000000000000000000e+00
5.016350000000000364e+03 1.088879327921692119e-01 1.000000000000000000e+00
5.016359999999999673e+03 1.130222195811075303e-01 1.000000000000000000e+00
5.016369999999999891e+03 1.210924789370033117e-01 1.000000000000000000e+00
5.016380000000000109e+03 1.355440876819467844e-01 1.000000000000000000e+00
5.016390000000000327e+03 1.624093067304094307e-01 1.000000000000000000e+00
5.016399999999999636e+03 2.348984589859373084e-01 1.000000000000000000e+00
5.016409999999999854e+03 4.583731860340259368e-01 1.000000000000000000e+00
5.016420000000000073e+03 6.486879981701765274e-01 1.000000000000000000e+00
5.016430000000000291e+03 7.384121637462647270e-01 1.000000000000000000e+00
5.016439999999999600e+03 7.880999780533286536e-01 1.000000000000000000e+00
5.016449999999999818e+03 8.218685075883224167e-01 1.000000000000000000e+00
5.016460000000000036e+03 8.469184702155058142e-01 1.000000000000000000e+00
5.016470000000000255e+03 8.665117891898911351e-01 1.000000000000000000e+00
5.016479999999999563e+03 8.825067163715664131e-01 1.000000000000000000e+00
5.016489999999999782e+03 8.952313284566519869e-01 1.000000000000000000e+00
5.016500000000000000e+03 9.056600695369033671e-01 1.000000000000000000e+00
5.016510000000000218e+03 9.143226879942311092e-01 1.000000000000000000e+00
5.016520000000000437e+03 9.215976209233951444e-01 1.000000000000000000e+00
5.016529999999999745e+03 9.277539880666104688e-01 1.000000000000000000e+00
5.016539999999999964e+03 9.330092502699462997e-01 1.000000000000000000e+00
5.016550000000000182e+03 9.375231698067989505e-01 1.000000000000000000e+00
5.016560000000000400e+03 9.414387006867639407e-01 1.000000000000000000e+00
5.016569999999999709e+03 9.448288767823745937e-01 1.000000000000000000e+00
5.016579999999999927e+03 9.477908477417537059e-01 1.000000000000000000e+00
5.016590000000000146e+03 9.503856185443445570e-01 1.000000000000000000e+00
5.016600000000000364e+03 9.526503949525342296e-01 1.000000000000000000e+00
5.016609999999999673e+03 9.546177460674608595e-01 1.000000000000000000e+00
5.016619999999999891e+03 9.562947696668593345e-01 1.000000000000000000e+00
5.016630000000000109e+03 9.575567146944252706e-01 1.000000000000000000e+00
5.016640000000000327e+03 9.575185691092927831e-01 1.000000000000000000e+00
5.016649999999999636e+03 9.517907729511662085e-01 1.000000000000000000e+00
5.016659999999999854e+03 9.250516995404512999e-01 1.000000000000000000e+00
5.016670000000000073e+03 8.448434985457581314e-01 1.000000000000000000e+00
5.016680000000000291e+03 6.904845171636302403e-01 1.000000000000000000e+00
5.016689999999999600e+03 5.118232497258982105e-01 1.000000000000000000e+00
5.016699999999999818e+03 3.861795557776592225e-01 1.000000000000000000e+00
5.016710000000000036e+03 3.343984728172850196e-01 1.000000000000000000e+00
5.016720000000000255e+03 3.439678803752198033e-01 1.000000000000000000e+00
5.016729999999999563e+03 4.191560546368726103e-01 1.000000000000000000e+00
5.016739999999999782e+03 5.676717834691513698e-01 1.000000000000000000e+00
5.016750000000000000e+03 7.500130436667730160e-01 1.000000000000000000e+00
5.016760000000000218e+03 8.842973046411000126e-01 1.000000000000000000e+00
5.016770000000000437e+03 9.455351246895995487e-01 1.000000000000000000e+00
5.016779999999999745e+03 9.646701047627130876e-01 1.000000000000000000e+00
5.016789999999999964e+03 9.694765783599935682e-01 1.000000000000000000e+00
5.016800000000000182e+03 9.708004389906497167e-01 1.000000000000000000e+00
5.016810000000000400e+03 9.714065768495263598e-01 1.000000000000000000e+00
5.016819999999999709e+03 9.718376073296348672e-01 1.000000000000000000e+00
5.016829999999999927e+03 9.721893565027706074e-01 1.000000000000000000e+00
5.016840000000000146e+03 9.724858249420216261e-01 1.000000000000000000e+00
5.016850000000000364e+03 9.727478588259078629e-01 1.000000000000000000e+00
5.016859999999999673e+03 9.729878207814995905e-01 1.000000000000000000e+00
5.016869999999999891e+03 9.731884625834077429e-01 1.000000000000000000e+00
5.016880000000000109e+03 9.733621891000062698e-01 1.000000000000000000e+00
5.016890000000000327e+03 9.735168559421670809e-01 1.000000000000000000e+00
5.016899999999999636e+03 9.736391895903565574e-01 1.000000000000000000e+00
5.016909999999999854e+03 9.737423959387991879e-01 1.000000000000000000e+00
5.016920000000000073e+03 9.738473886259126910e-01 1.000000000000000000e+00
5.016930000000000291e+03 9.739290306464803981e-01 1.000000000000000000e+00
5.016939999999999600e+03 9.739906050102570267e-01 1.000000000000000000e+00
5.016949999999999818e+03 9.740422617028359209e-01 1.000000000000000000e+00
5.016960000000000036e+03 9.740760499043190634e-01 1.000000000000000000e+00
5.016970000000000255e+03 9.741012453497287504e-01 1.000000000000000000e+00
5.016979999999999563e+03 9.740916347036479017e-01 1.000000000000000000e+00
5.016989999999999782e+03 9.740999332624522555e-01 1.000000000000000000e+00
5.017000000000000000e+03 9.740839504722569320e-01 1.000000000000000000e+00
5.017010000000000218e+03 9.740623333371585257e-01 1.000000000000000000e+00
5.017020000000000437e+03 9.740202570535104742e-01 1.000000000000000000e+00
5.017029999999999745e+03 9.739608436699778160e-01 1.000000000000000000e+00
5.017039999999999964e+03 9.738503908980175039e-01 1.000000000000000000e+00
5.017050000000000182e+03 9.737579699783952547e-01 1.000000000000000000e+00
5.017060000000000400e+03 9.736512427890012811e-01 1.000000000000000000e+00
5.017069999999999709e+03 9.735243023115226491e-01 1.000000000000000000e+00
5.017079999999999927e+03 9.733801205397174527e-01 1.000000000000000000e+00
5.017090000000000146e+03 9.731497170910304861e-01 1.000000000000000000e+00
5.017100000000000364e+03 9.725702417248033305e-01 1.000000000000000000e+00
5.017109999999999673e+03 9.704028054089161026e-01 1.000000000000000000e+00
5.017119999999999891e+03 9.628442744860146174e-01 1.000000000000000000e+00
5.017130000000000109e+03 9.421120382681770211e-01 1.000000000000000000e+00
5.017140000000000327e+03 9.006447562900906645e-01 1.000000000000000000e+00
5.017149999999999636e+03 8.430378857046364471e-01 1.000000000000000000e+00
5.017159999999999854e+03 7.899740339319244464e-01 1.000000000000000000e+00
5.017170000000000073e+03 7.635829928490061036e-01 1.000000000000000000e+00
5.017180000000000291e+03 7.708720516194926820e-01 1.000000000000000000e+00
5.017189999999999600e+03 8.024187116042625911e-01 1.000000000000000000e+00
5.017199999999999818e+03 8.423453438218393430e-01 1.000000000000000000e+00
5.017210000000000036e+03 8.799416816463601076e-01 1.000000000000000000e+00
5.017220000000000255e+03 9.118015835532063962e-01 1.000000000000000000e+00
5.017229999999999563e+03 9.366217745522014138e-01 1.000000000000000000e+00
5.017239999999999782e+03 9.531606940654384630e-01 1.000000000000000000e+00
5.017250000000000000e+03 9.620481610214540735e-01 1.000000000000000000e+00
5.017260000000000218e+03 9.657272778130258084e-01 1.000000000000000000e+00
5.017270000000000437e+03 9.667030309054083226e-01 1.000000000000000000e+00
5.017279999999999745e+03 9.665830871693722459e-01 1.000000000000000000e+00
5.017289999999999964e+03 9.660546868279923372e-01 1.000000000000000000e+00
5.017300000000000182e+03 9.653317213644919681e-01 1.000000000000000000e+00
5.017310000000000400e+03 9.644750637729693210e-01 1.000000000000000000e+00
5.017319999999999709e+03 9.634850735063222871e-01 1.000000000000000000e+00
5.017329999999999927e+03 9.623345782547358951e-01 1.000000000000000000e+00
5.017340000000000146e+03 9.609803353266959114e-01 1.000000000000000000e+00
5.017350000000000364e+03 9.593373285994805100e-01 1.000000000000000000e+00
5.017359999999999673e+03 9.571452660698392956e-01 1.000000000000000000e+00
5.017369999999999891e+03 9.536382394848481603e-01 1.000000000000000000e+00
5.017380000000000109e+03 9.466450556284483620e-01 1.000000000000000000e+00
5.017390000000000327e+03 9.319788581988586174e-01 1.000000000000000000e+00
5.017399999999999636e+03 9.049671351525999663e-01 1.000000000000000000e+00
5.017409999999999854e+03 8.669740213844784327e-01 1.000000000000000000e+00
5.017420000000000073e+03 8.290591937498033026e-01 1.000000000000000000e+00
5.017430000000000291e+03 8.078331988644955608e-01 1.000000000000000000e+00
5.017439999999999600e+03 8.115051619048819775e-01 1.000000000000000000e+00
5.017449999999999818e+03 8.339477436432138902e-01 1.000000000000000000e+00
5.017460000000000036e+03 8.576415831948839275e-01 1.000000000000000000e+00
5.017470000000000255e+03 8.636181553789100684e-01 1.000000000000000000e+00
5.017479999999999563e+03 8.247600021325582897e-01 1.000000000000000000e+00
5.017489999999999782e+03 6.638490253769316896e-01 1.000000000000000000e+00
5.017500000000000000e+03 3.476644032698447129e-01 1.000000000000000000e+00
5.017510000000000218e+03 1.729820574471877814e-01 1.000000000000000000e+00
5.017520000000000437e+03 1.368789117600022476e-01 1.000000000000000000e+00
5.017529999999999745e+03 1.211402336615230863e-01 1.000000000000000000e+00
5.017539999999999964e+03 1.126591792913442525e-01 1.000000000000000000e+00
5.017550000000000182e+03 1.082797863325888482e-01 1.000000000000000000e+00
5.017560000000000400e+03 1.069121793061369591e-01 1.000000000000000000e+00
5.017569999999999709e+03 1.082809273951808871e-01 1.000000000000000000e+00
5.017579999999999927e+03 1.126615159882381756e-01 1.000000000000000000e+00
5.017590000000000146e+03 1.211438860846582172e-01 1.000000000000000000e+00
5.017600000000000364e+03 1.368841097868380707e-01 1.000000000000000000e+00
5.017609999999999673e+03 1.729844975770163107e-01 1.000000000000000000e+00
5.017619999999999891e+03 3.475402446343119900e-01 1.000000000000000000e+00
5.017630000000000109e+03 6.644645199680417891e-01 1.000000000000000000e+00
5.017640000000000327e+03 8.307029554974069141e-01 1.000000000000000000e+00
5.017649999999999636e+03 8.837413134051336217e-01 1.000000000000000000e+00
5.017659999999999854e+03 9.045316611108409344e-01 1.000000000000000000e+00
5.017670000000000073e+03 9.163490870466458604e-01 1.000000000000000000e+00
5.017680000000000291e+03 9.244022340836378637e-01 1.000000000000000000e+00
5.017689999999999600e+03 9.302870438405973497e-01 1.000000000000000000e+00
5.017699999999999818e+03 9.348494943871884511e-01 1.000000000000000000e+00
5.017710000000000036e+03 9.382839795282813533e-01 1.000000000000000000e+00
5.017720000000000255e+03 9.408575467538211612e-01 1.000000000000000000e+00
5.017729999999999563e+03 9.427665570738835710e-01 1.000000000000000000e+00
5.017739999999999782e+03 9.441397251505981858e-01 1.000000000000000000e+00
5.017750000000000000e+03 9.449903452072647703e-01 1.000000000000000000e+00
5.017760000000000218e+03 9.453539261662923243e-01 1.000000000000000000e+00
5.017770000000000437e+03 9.451970611803283129e-01 1.000000000000000000e+00
5.017779999999999745e+03 9.442987008551864125e-01 1.000000000000000000e+00
5.017789999999999964e+03 9.421798505337670715e-01 1.000000000000000000e+00
5.017800000000000182e+03 9.368337307580325568e-01 1.000000000000000000e+00
5.017810000000000400e+03 9.197371138880970909e-01 1.000000000000000000e+00
5.017819999999999709e+03 8.633876745207049730e-01 1.000000000000000000e+00
5.017829999999999927e+03 7.188428512293741912e-01 1.000000000000000000e+00
5.017840000000000146e+03 4.936727891706881310e-01 1.000000000000000000e+00
5.017850000000000364e+03 3.088209907890666628e-01 1.000000000000000000e+00
5.017859999999999673e+03 2.250256148267589795e-01 1.000000000000000000e+00
5.017869999999999891e+03 1.982722551532385968e-01 1.000000000000000000e+00
5.017880000000000109e+03 1.959995814718312468e-01 1.000000000000000000e+00
5.017890000000000327e+03 2.152622913923288306e-01 1.000000000000000000e+00
5.017899999999999636e+03 2.805663625710093090e-01 1.000000000000000000e+00
5.017909999999999854e+03 4.406843651540053863e-01 1.000000000000000000e+00
5.017920000000000073e+03 6.686045465610993555e-01 1.000000000000000000e+00
5.017930000000000291e+03 8.377211724004252069e-01 1.000000000000000000e+00
5.017939999999999600e+03 9.105352348384967431e-01 1.000000000000000000e+00
5.017949999999999818e+03 9.334049903614944910e-01 1.000000000000000000e+00
5.017960000000000036e+03 9.402308424912227958e-01 1.000000000000000000e+00
5.017970000000000255e+03 9.426296037382440041e-01 1.000000000000000000e+00
5.017979999999999563e+03 9.426943508425770224e-01 1.000000000000000000e+00
5.017989999999999782e+03 9.377419752271742848e-01 1.000000000000000000e+00
5.018000000000000000e+03 9.169869963687592440e-01 1.000000000000000000e+00
5.018010000000000218e+03 8.582042650688128660e-01 1.000000000000000000e+00
5.018020000000000437e+03 7.452915477485954066e-01 1.000000000000000000e+00
5.018029999999999745e+03 6.065982830776192047e-01 1.000000000000000000e+00
5.018039999999999964e+03 4.994213025170332609e-01 1.000000000000000000e+00
5.018050000000000182e+03 4.562800618860203272e-01 1.000000000000000000e+00
5.018060000000000400e+03 4.803139250501214930e-01 1.000000000000000000e+00
5.018069999999999709e+03 5.703151858185029344e-01 1.000000000000000000e+00
5.018079999999999927e+03 7.045823318959354431e-01 1.000000000000000000e+00
5.018090000000000146e+03 8.283390288440405369e-01 1.000000000000000000e+00
5.018100000000000364e+03 9.004707525990450767e-01 1.000000000000000000e+00
5.018109999999999673e+03 9.279080014509988317e-01 1.000000000000000000e+00
5.018119999999999891e+03 9.346381518497958174e-01 1.000000000000000000e+00
5.018130000000000109e+03 9.347336562590939923e-01 1.000000000000000000e+00
5.018140000000000327e+03 9.329510675998649027e-01 1.000000000000000000e+00
5.018149999999999636e+03 9.302876156115299500e-01 1.000000000000000000e+00
5.018159999999999854e+03 9.268608451738147291e-01 1.000000000000000000e+00
5.018170000000000073e+03 9.223993988295496882e-01 1.000000000000000000e+00
5.018180000000000291e+03 9.162499947644686671e-01 1.000000000000000000e+00
5.018189999999999600e+03 9.071444358759191973e-01 1.000000000000000000e+00
5.018199999999999818e+03 8.906733703039479977e-01 1.000000000000000000e+00
5.018210000000000036e+03 8.497005342842957054e-01 1.000000000000000000e+00
5.018220000000000255e+03 7.311392984958841046e-01 1.000000000000000000e+00
5.018229999999999563e+03 4.867109708598091888e-01 1.000000000000000000e+00
5.018239999999999782e+03 2.604982755501565883e-01 1.000000000000000000e+00
5.018250000000000000e+03 1.813439180007856699e-01 1.000000000000000000e+00
5.018260000000000218e+03 1.574603220094610012e-01 1.000000000000000000e+00
5.018270000000000437e+03 1.469005302615554176e-01 1.000000000000000000e+00
5.018279999999999745e+03 1.437432651432737629e-01 1.000000000000000000e+00
5.018289999999999964e+03 1.467742008167964296e-01 1.000000000000000000e+00
5.018300000000000182e+03 1.571558168456099469e-01 1.000000000000000000e+00
5.018310000000000400e+03 1.806008288217088587e-01 1.000000000000000000e+00
5.018319999999999709e+03 2.573910440741652428e-01 1.000000000000000000e+00
5.018329999999999927e+03 4.792346531104475504e-01 1.000000000000000000e+00
5.018340000000000146e+03 7.223982418388882332e-01 1.000000000000000000e+00
5.018350000000000364e+03 8.403334272733041788e-01 1.000000000000000000e+00
5.018359999999999673e+03 8.795647591204249771e-01 1.000000000000000000e+00
5.018369999999999891e+03 8.930999414549972704e-01 1.000000000000000000e+00
5.018380000000000109e+03 8.977769496145062700e-01 1.000000000000000000e+00
5.018390000000000327e+03 8.969379544531956849e-01 1.000000000000000000e+00
5.018399999999999636e+03 8.908555642522204554e-01 1.000000000000000000e+00
5.018409999999999854e+03 8.792330919300670455e-01 1.000000000000000000e+00
5.018420000000000073e+03 8.620495270145276390e-01 1.000000000000000000e+00
5.018430000000000291e+03 8.400981004352512382e-01 1.000000000000000000e+00
5.018439999999999600e+03 8.154827215244090377e-01 1.000000000000000000e+00
5.018449999999999818e+03 7.908158838859754569e-01 1.000000000000000000e+00
5.018460000000000036e+03 7.691411128228000660e-01 1.000000000000000000e+00
5.018470000000000255e+03 7.529991943640881313e-01 1.000000000000000000e+00
5.018479999999999563e+03 7.442003487677028017e-01 1.000000000000000000e+00
5.018489999999999782e+03 7.436722458860941520e-01 1.000000000000000000e+00
5.018500000000000000e+03 7.514328808176556906e-01 1.000000000000000000e+00
5.018510000000000218e+03 7.666125346080723268e-01 1.000000000000000000e+00
5.018520000000000437e+03 7.874642090769832237e-01 1.000000000000000000e+00
5.018529999999999745e+03 8.115183174185418569e-01 1.000000000000000000e+00
5.018539999999999964e+03 8.358293269667643743e-01 1.000000000000000000e+00
5.018550000000000182e+03 8.578605577580074026e-01 1.000000000000000000e+00
5.018560000000000400e+03 8.756837387645683979e-01 1.000000000000000000e+00
5.018569999999999709e+03 8.885667718859311393e-01 1.000000000000000000e+00
5.018579999999999927e+03 8.968308952546031332e-01 1.000000000000000000e+00
5.018590000000000146e+03 9.014209930409322613e-01 1.000000000000000000e+00
5.018600000000000364e+03 9.034411754190802002e-01 1.000000000000000000e+00
5.018609999999999673e+03 9.038365165616308872e-01 1.000000000000000000e+00
5.018619999999999891e+03 9.032775378641423325e-01 1.000000000000000000e+00
5.018630000000000109e+03 9.021820417820007876e-01 1.000000000000000000e+00
5.018640000000000327e+03 9.008072721202797783e-01 1.000000000000000000e+00
5.018649999999999636e+03 8.992731189240708023e-01 1.000000000000000000e+00
5.018659999999999854e+03 8.976196957649080765e-01 1.000000000000000000e+00
5.018670000000000073e+03 8.958623480977306874e-01 1.000000000000000000e+00
5.018680000000000291e+03 8.940163325520124049e-01 1.000000000000000000e+00
5.018689999999999600e+03 8.920790150174482402e-01 1.000000000000000000e+00
5.018699999999999818e+03 8.900479530806764128e-01 1.000000000000000000e+00
5.018710000000000036e+03 8.879074119043144364e-01 1.000000000000000000e+00
5.018720000000000255e+03 8.856442533535292538e-01 1.000000000000000000e+00
5.018729999999999563e+03 8.832531492605065759e-01 1.000000000000000000e+00
5.018739999999999782e+03 8.807178658270120586e-01 1.000000000000000000e+00
5.018750000000000000e+03 8.780151570841806530e-01 1.000000000000000000e+00
5.018760000000000218e+03 8.751204278586927066e-01 1.000000000000000000e+00
5.018770000000000437e+03 8.719987936038925413e-01 1.000000000000000000e+00
5.018779999999999745e+03 8.686216394300944055e-01 1.000000000000000000e+00
5.018789999999999964e+03 8.649436032700563715e-01 1.000000000000000000e+00
5.018800000000000182e+03 8.608739954823023677e-01 1.000000000000000000e+00
5.018810000000000400e+03 8.563487246797033547e-01 1.000000000000000000e+00
5.018819999999999709e+03 8.512551998469943815e-01 1.000000000000000000e+00
5.018829999999999927e+03 8.454246305730734878e-01 1.000000000000000000e+00
5.018840000000000146e+03 8.386521941033527883e-01 1.000000000000000000e+00
5.018850000000000364e+03 8.304827095686151406e-01 1.000000000000000000e+00
5.018859999999999673e+03 8.207513885743534798e-01 1.000000000000000000e+00
5.018869999999999891e+03 8.085187587605033865e-01 1.000000000000000000e+00
5.018880000000000109e+03 7.920207019407429216e-01 1.000000000000000000e+00
5.018890000000000327e+03 7.666014276925831039e-01 1.000000000000000000e+00
5.018899999999999636e+03 7.130942030567194445e-01 1.000000000000000000e+00
5.018909999999999854e+03 5.655773619012910425e-01 1.000000000000000000e+00
5.018920000000000073e+03 3.089009727513242765e-01 1.000000000000000000e+00
5.018930000000000291e+03 1.809003648162773592e-01 1.000000000000000000e+00
5.018939999999999600e+03 1.465904025727296500e-01 1.000000000000000000e+00
5.018949999999999818e+03 1.298507477777113839e-01 1.000000000000000000e+00
5.018960000000000036e+03 1.211096624033534963e-01 1.000000000000000000e+00
5.018970000000000255e+03 1.171966416789602811e-01 1.000000000000000000e+00
5.018979999999999563e+03 1.169996881524333621e-01 1.000000000000000000e+00
5.018989999999999782e+03 1.204582217476772577e-01 1.000000000000000000e+00
5.019000000000000000e+03 1.285132755268626470e-01 1.000000000000000000e+00
5.019010000000000218e+03 1.439002044029188687e-01 1.000000000000000000e+00
5.019020000000000437e+03 1.741577518171729955e-01 1.000000000000000000e+00
5.019029999999999745e+03 2.724779446725290044e-01 1.000000000000000000e+00
5.019039999999999964e+03 5.056106611384337812e-01 1.000000000000000000e+00
5.019050000000000182e+03 6.618309501442257714e-01 1.000000000000000000e+00
5.019060000000000400e+03 7.172459529641067588e-01 1.000000000000000000e+00
5.019069999999999709e+03 7.382740028860990122e-01 1.000000000000000000e+00
5.019079999999999927e+03 7.486150182603616976e-01 1.000000000000000000e+00
5.019090000000000146e+03 7.542694843556894124e-01 1.000000000000000000e+00
5.019100000000000364e+03 7.572674670035406397e-01 1.000000000000000000e+00
5.019109999999999673e+03 7.585990204567735207e-01 1.000000000000000000e+00
5.019119999999999891e+03 7.584913003221762651e-01 1.000000000000000000e+00
5.019130000000000109e+03 7.573659635005768331e-01 1.000000000000000000e+00
5.019140000000000327e+03 7.554417941848674545e-01 1.000000000000000000e+00
5.019149999999999636e+03 7.528618900709702633e-01 1.000000000000000000e+00
5.019159999999999854e+03 7.497341959031198488e-01 1.000000000000000000e+00
5.019170000000000073e+03 7.461400601624601503e-01 1.000000000000000000e+00
5.019180000000000291e+03 7.421271268615748928e-01 1.000000000000000000e+00
5.019189999999999600e+03 7.377485749329217857e-01 1.000000000000000000e+00
5.019199999999999818e+03 7.330320202439778443e-01 1.000000000000000000e+00
5.019210000000000036e+03 7.279927921778817090e-01 1.000000000000000000e+00
5.019220000000000255e+03 7.226591824295325317e-01 1.000000000000000000e+00
5.019229999999999563e+03 7.170366636871086108e-01 1.000000000000000000e+00
5.019239999999999782e+03 7.111344402001991138e-01 1.000000000000000000e+00
5.019250000000000000e+03 7.049617369751252083e-01 1.000000000000000000e+00
5.019260000000000218e+03 6.985156816735198504e-01 1.000000000000000000e+00
5.019270000000000437e+03 6.918023143939576736e-01 1.000000000000000000e+00
5.019279999999999745e+03 6.848164057681720429e-01 1.000000000000000000e+00
5.019289999999999964e+03 6.775698407307018112e-01 1.000000000000000000e+00
5.019300000000000182e+03 6.701548842597608857e-01 1.000000000000000000e+00
5.019310000000000400e+03 6.623620633947859826e-01 1.000000000000000000e+00
5.019319999999999709e+03 6.542924441458685125e-01 1.000000000000000000e+00
5.019329999999999927e+03 6.459373028107706638e-01 1.000000000000000000e+00
5.019340000000000146e+03 6.372817619764890029e-01 1.000000000000000000e+00
5.019350000000000364e+03 6.282259148508382296e-01 1.000000000000000000e+00
5.019359999999999673e+03 6.182857247668712697e-01 1.000000000000000000e+00
5.019369999999999891e+03 6.055042332987961018e-01 1.000000000000000000e+00
5.019380000000000109e+03 5.845869137653344483e-01 1.000000000000000000e+00
5.019390000000000327e+03 5.474872514962314529e-01 1.000000000000000000e+00
5.019399999999999636e+03 4.921771137997483225e-01 1.000000000000000000e+00
5.019409999999999854e+03 4.340221584955603062e-01 1.000000000000000000e+00
5.019420000000000073e+03 3.944576043440099489e-01 1.000000000000000000e+00
5.019430000000000291e+03 3.846573456809628255e-01 1.000000000000000000e+00
5.019439999999999600e+03 4.032258605339621993e-01 1.000000000000000000e+00
5.019449999999999818e+03 4.382476323534205687e-01 1.000000000000000000e+00
5.019460000000000036e+03 4.697146425245653512e-01 1.000000000000000000e+00
5.019470000000000255e+03 4.837771857092411087e-01 1.000000000000000000e+00
5.019479999999999563e+03 4.819099331472431746e-01 1.000000000000000000e+00
5.019489999999999782e+03 4.720048737740886735e-01 1.000000000000000000e+00
5.019500000000000000e+03 4.590850601172731249e-01 1.000000000000000000e+00
5.019510000000000218e+03 4.445873994270424512e-01 1.000000000000000000e+00
5.019520000000000437e+03 4.280074217607827691e-01 1.000000000000000000e+00
5.019529999999999745e+03 4.090944300982986004e-01 1.000000000000000000e+00
5.019539999999999964e+03 3.891958586014317434e-01 1.000000000000000000e+00
5.019550000000000182e+03 3.712565864040419106e-01 1.000000000000000000e+00
5.019560000000000400e+03 3.576532027140403303e-01 1.000000000000000000e+00
5.019569999999999709e+03 3.480076741298274712e-01 1.000000000000000000e+00
5.019579999999999927e+03 3.394521286049869691e-01 1.000000000000000000e+00
5.019590000000000146e+03 3.298793448255279981e-01 1.000000000000000000e+00
5.019600000000000364e+03 3.178410294685025117e-01 1.000000000000000000e+00
5.019609999999999673e+03 3.025091602443040206e-01 1.000000000000000000e+00
5.019619999999999891e+03 2.795229830122517023e-01 1.000000000000000000e+00
5.019630000000000109e+03 2.412242903235836677e-01 1.000000000000000000e+00
5.019640000000000327e+03 1.967162042482174522e-01 1.000000000000000000e+00
5.019649999999999636e+03 1.654440898045632657e-01 1.000000000000000000e+00
5.019659999999999854e+03 1.472940801013475354e-01 1.000000000000000000e+00
5.019670000000000073e+03 1.379318890126295383e-01 1.000000000000000000e+00
5.019680000000000291e+03 1.346445647322447869e-01 1.000000000000000000e+00
5.019689999999999600e+03 1.364033515767661964e-01 1.000000000000000000e+00
5.019699999999999818e+03 1.434391499487094046e-01 1.000000000000000000e+00
5.019710000000000036e+03 1.563492874384320996e-01 1.000000000000000000e+00
5.019720000000000255e+03 1.723038746266221943e-01 1.000000000000000000e+00
5.019729999999999563e+03 1.809477838207571021e-01 1.000000000000000000e+00
5.019739999999999782e+03 1.786159629374212132e-01 1.000000000000000000e+00
5.019750000000000000e+03 1.712521034819027843e-01 1.000000000000000000e+00
5.019760000000000218e+03 1.613469310027992043e-01 1.000000000000000000e+00
5.019770000000000437e+03 1.473962609871116158e-01 1.000000000000000000e+00
5.019779999999999745e+03 1.306076845436960898e-01 1.000000000000000000e+00
5.019789999999999964e+03 1.159081900368714585e-01 1.000000000000000000e+00
5.019800000000000182e+03 1.052688210767655924e-01 1.000000000000000000e+00
5.019810000000000400e+03 9.806077763219116228e-02 1.000000000000000000e+00
5.019819999999999709e+03 9.352955648231028873e-02 1.000000000000000000e+00
5.019829999999999927e+03 9.129360016567300562e-02 1.000000000000000000e+00
5.019840000000000146e+03 9.121174678346524733e-02 1.000000000000000000e+00
5.019850000000000364e+03 9.327873072461485837e-02 1.000000000000000000e+00
5.019859999999999673e+03 9.763107520786554194e-02 1.000000000000000000e+00
5.019869999999999891e+03 1.046293486339044676e-01 1.000000000000000000e+00
5.019880000000000109e+03 1.150254058044528349e-01 1.000000000000000000e+00
5.019890000000000327e+03 1.295619882089300012e-01 1.000000000000000000e+00
5.019899999999999636e+03 1.466813462494159503e-01 1.000000000000000000e+00
5.019909999999999854e+03 1.616837964702086128e-01 1.000000000000000000e+00
5.019920000000000073e+03 1.728017149356354254e-01 1.000000000000000000e+00
5.019930000000000291e+03 1.819536374949734525e-01 1.000000000000000000e+00
5.019939999999999600e+03 1.902343357857681494e-01 1.000000000000000000e+00
5.019949999999999818e+03 1.980175519161815889e-01 1.000000000000000000e+00
5.019960000000000036e+03 2.055086857383066901e-01 1.000000000000000000e+00
5.019970000000000255e+03 2.125399677231451512e-01 1.000000000000000000e+00
5.019979999999999563e+03 2.177000997690993478e-01 1.000000000000000000e+00
5.019989999999999782e+03 2.203506042693793299e-01 1.000000000000000000e+00
5.020000000000000000e+03 2.217505192685458593e-01 1.000000000000000000e+00
