# Korg.jl Reference Spectrum - Metal-poor K Giant (Continuum-only)
# Generated: 2025-10-05 14:04:46
# Parameters: Teff=4500.0K, logg=1.5, [M/H]=-2.5
# Synthesis time: 0.11 seconds
# Wavelength range: 5000.0-5020.0 Å (2001 points)
# Line list: 0 lines (continuum only)
#
# Wavelength(Å)    Flux              Continuum         NormalizedFlux
     5000.0000      1.802589e+14      1.802589e+14      1.000000
     5000.0100      1.802595e+14      1.802595e+14      1.000000
     5000.0200      1.802601e+14      1.802601e+14      1.000000
     5000.0300      1.802608e+14      1.802608e+14      1.000000
     5000.0400      1.802614e+14      1.802614e+14      1.000000
     5000.0500      1.802620e+14      1.802620e+14      1.000000
     5000.0600      1.802626e+14      1.802626e+14      1.000000
     5000.0700      1.802633e+14      1.802633e+14      1.000000
     5000.0800      1.802639e+14      1.802639e+14      1.000000
     5000.0900      1.802645e+14      1.802645e+14      1.000000
     5000.1000      1.802651e+14      1.802651e+14      1.000000
     5000.1100      1.802658e+14      1.802658e+14      1.000000
     5000.1200      1.802664e+14      1.802664e+14      1.000000
     5000.1300      1.802670e+14      1.802670e+14      1.000000
     5000.1400      1.802676e+14      1.802676e+14      1.000000
     5000.1500      1.802683e+14      1.802683e+14      1.000000
     5000.1600      1.802689e+14      1.802689e+14      1.000000
     5000.1700      1.802695e+14      1.802695e+14      1.000000
     5000.1800      1.802701e+14      1.802701e+14      1.000000
     5000.1900      1.802708e+14      1.802708e+14      1.000000
     5000.2000      1.802714e+14      1.802714e+14      1.000000
     5000.2100      1.802720e+14      1.802720e+14      1.000000
     5000.2200      1.802726e+14      1.802726e+14      1.000000
     5000.2300      1.802733e+14      1.802733e+14      1.000000
     5000.2400      1.802739e+14      1.802739e+14      1.000000
     5000.2500      1.802745e+14      1.802745e+14      1.000000
     5000.2600      1.802751e+14      1.802751e+14      1.000000
     5000.2700      1.802758e+14      1.802758e+14      1.000000
     5000.2800      1.802764e+14      1.802764e+14      1.000000
     5000.2900      1.802770e+14      1.802770e+14      1.000000
     5000.3000      1.802776e+14      1.802776e+14      1.000000
     5000.3100      1.802783e+14      1.802783e+14      1.000000
     5000.3200      1.802789e+14      1.802789e+14      1.000000
     5000.3300      1.802795e+14      1.802795e+14      1.000000
     5000.3400      1.802801e+14      1.802801e+14      1.000000
     5000.3500      1.802808e+14      1.802808e+14      1.000000
     5000.3600      1.802814e+14      1.802814e+14      1.000000
     5000.3700      1.802820e+14      1.802820e+14      1.000000
     5000.3800      1.802826e+14      1.802826e+14      1.000000
     5000.3900      1.802833e+14      1.802833e+14      1.000000
     5000.4000      1.802839e+14      1.802839e+14      1.000000
     5000.4100      1.802845e+14      1.802845e+14      1.000000
     5000.4200      1.802851e+14      1.802851e+14      1.000000
     5000.4300      1.802858e+14      1.802858e+14      1.000000
     5000.4400      1.802864e+14      1.802864e+14      1.000000
     5000.4500      1.802870e+14      1.802870e+14      1.000000
     5000.4600      1.802876e+14      1.802876e+14      1.000000
     5000.4700      1.802883e+14      1.802883e+14      1.000000
     5000.4800      1.802889e+14      1.802889e+14      1.000000
     5000.4900      1.802895e+14      1.802895e+14      1.000000
     5000.5000      1.802901e+14      1.802901e+14      1.000000
     5000.5100      1.802907e+14      1.802907e+14      1.000000
     5000.5200      1.802914e+14      1.802914e+14      1.000000
     5000.5300      1.802920e+14      1.802920e+14      1.000000
     5000.5400      1.802926e+14      1.802926e+14      1.000000
     5000.5500      1.802932e+14      1.802932e+14      1.000000
     5000.5600      1.802939e+14      1.802939e+14      1.000000
     5000.5700      1.802945e+14      1.802945e+14      1.000000
     5000.5800      1.802951e+14      1.802951e+14      1.000000
     5000.5900      1.802957e+14      1.802957e+14      1.000000
     5000.6000      1.802964e+14      1.802964e+14      1.000000
     5000.6100      1.802970e+14      1.802970e+14      1.000000
     5000.6200      1.802976e+14      1.802976e+14      1.000000
     5000.6300      1.802982e+14      1.802982e+14      1.000000
     5000.6400      1.802989e+14      1.802989e+14      1.000000
     5000.6500      1.802995e+14      1.802995e+14      1.000000
     5000.6600      1.803001e+14      1.803001e+14      1.000000
     5000.6700      1.803007e+14      1.803007e+14      1.000000
     5000.6800      1.803014e+14      1.803014e+14      1.000000
     5000.6900      1.803020e+14      1.803020e+14      1.000000
     5000.7000      1.803026e+14      1.803026e+14      1.000000
     5000.7100      1.803032e+14      1.803032e+14      1.000000
     5000.7200      1.803039e+14      1.803039e+14      1.000000
     5000.7300      1.803045e+14      1.803045e+14      1.000000
     5000.7400      1.803051e+14      1.803051e+14      1.000000
     5000.7500      1.803057e+14      1.803057e+14      1.000000
     5000.7600      1.803064e+14      1.803064e+14      1.000000
     5000.7700      1.803070e+14      1.803070e+14      1.000000
     5000.7800      1.803076e+14      1.803076e+14      1.000000
     5000.7900      1.803082e+14      1.803082e+14      1.000000
     5000.8000      1.803089e+14      1.803089e+14      1.000000
     5000.8100      1.803095e+14      1.803095e+14      1.000000
     5000.8200      1.803101e+14      1.803101e+14      1.000000
     5000.8300      1.803107e+14      1.803107e+14      1.000000
     5000.8400      1.803114e+14      1.803114e+14      1.000000
     5000.8500      1.803120e+14      1.803120e+14      1.000000
     5000.8600      1.803126e+14      1.803126e+14      1.000000
     5000.8700      1.803132e+14      1.803132e+14      1.000000
     5000.8800      1.803139e+14      1.803139e+14      1.000000
     5000.8900      1.803145e+14      1.803145e+14      1.000000
     5000.9000      1.803151e+14      1.803151e+14      1.000000
     5000.9100      1.803157e+14      1.803157e+14      1.000000
     5000.9200      1.803164e+14      1.803164e+14      1.000000
     5000.9300      1.803170e+14      1.803170e+14      1.000000
     5000.9400      1.803176e+14      1.803176e+14      1.000000
     5000.9500      1.803182e+14      1.803182e+14      1.000000
     5000.9600      1.803188e+14      1.803188e+14      1.000000
     5000.9700      1.803195e+14      1.803195e+14      1.000000
     5000.9800      1.803201e+14      1.803201e+14      1.000000
     5000.9900      1.803207e+14      1.803207e+14      1.000000
     5001.0000      1.803213e+14      1.803213e+14      1.000000
     5001.0100      1.803220e+14      1.803220e+14      1.000000
     5001.0200      1.803226e+14      1.803226e+14      1.000000
     5001.0300      1.803232e+14      1.803232e+14      1.000000
     5001.0400      1.803238e+14      1.803238e+14      1.000000
     5001.0500      1.803245e+14      1.803245e+14      1.000000
     5001.0600      1.803251e+14      1.803251e+14      1.000000
     5001.0700      1.803257e+14      1.803257e+14      1.000000
     5001.0800      1.803263e+14      1.803263e+14      1.000000
     5001.0900      1.803270e+14      1.803270e+14      1.000000
     5001.1000      1.803276e+14      1.803276e+14      1.000000
     5001.1100      1.803282e+14      1.803282e+14      1.000000
     5001.1200      1.803288e+14      1.803288e+14      1.000000
     5001.1300      1.803295e+14      1.803295e+14      1.000000
     5001.1400      1.803301e+14      1.803301e+14      1.000000
     5001.1500      1.803307e+14      1.803307e+14      1.000000
     5001.1600      1.803313e+14      1.803313e+14      1.000000
     5001.1700      1.803320e+14      1.803320e+14      1.000000
     5001.1800      1.803326e+14      1.803326e+14      1.000000
     5001.1900      1.803332e+14      1.803332e+14      1.000000
     5001.2000      1.803338e+14      1.803338e+14      1.000000
     5001.2100      1.803345e+14      1.803345e+14      1.000000
     5001.2200      1.803351e+14      1.803351e+14      1.000000
     5001.2300      1.803357e+14      1.803357e+14      1.000000
     5001.2400      1.803363e+14      1.803363e+14      1.000000
     5001.2500      1.803370e+14      1.803370e+14      1.000000
     5001.2600      1.803376e+14      1.803376e+14      1.000000
     5001.2700      1.803382e+14      1.803382e+14      1.000000
     5001.2800      1.803388e+14      1.803388e+14      1.000000
     5001.2900      1.803395e+14      1.803395e+14      1.000000
     5001.3000      1.803401e+14      1.803401e+14      1.000000
     5001.3100      1.803407e+14      1.803407e+14      1.000000
     5001.3200      1.803413e+14      1.803413e+14      1.000000
     5001.3300      1.803419e+14      1.803419e+14      1.000000
     5001.3400      1.803426e+14      1.803426e+14      1.000000
     5001.3500      1.803432e+14      1.803432e+14      1.000000
     5001.3600      1.803438e+14      1.803438e+14      1.000000
     5001.3700      1.803444e+14      1.803444e+14      1.000000
     5001.3800      1.803451e+14      1.803451e+14      1.000000
     5001.3900      1.803457e+14      1.803457e+14      1.000000
     5001.4000      1.803463e+14      1.803463e+14      1.000000
     5001.4100      1.803469e+14      1.803469e+14      1.000000
     5001.4200      1.803476e+14      1.803476e+14      1.000000
     5001.4300      1.803482e+14      1.803482e+14      1.000000
     5001.4400      1.803488e+14      1.803488e+14      1.000000
     5001.4500      1.803494e+14      1.803494e+14      1.000000
     5001.4600      1.803501e+14      1.803501e+14      1.000000
     5001.4700      1.803507e+14      1.803507e+14      1.000000
     5001.4800      1.803513e+14      1.803513e+14      1.000000
     5001.4900      1.803519e+14      1.803519e+14      1.000000
     5001.5000      1.803526e+14      1.803526e+14      1.000000
     5001.5100      1.803532e+14      1.803532e+14      1.000000
     5001.5200      1.803538e+14      1.803538e+14      1.000000
     5001.5300      1.803544e+14      1.803544e+14      1.000000
     5001.5400      1.803551e+14      1.803551e+14      1.000000
     5001.5500      1.803557e+14      1.803557e+14      1.000000
     5001.5600      1.803563e+14      1.803563e+14      1.000000
     5001.5700      1.803569e+14      1.803569e+14      1.000000
     5001.5800      1.803576e+14      1.803576e+14      1.000000
     5001.5900      1.803582e+14      1.803582e+14      1.000000
     5001.6000      1.803588e+14      1.803588e+14      1.000000
     5001.6100      1.803594e+14      1.803594e+14      1.000000
     5001.6200      1.803601e+14      1.803601e+14      1.000000
     5001.6300      1.803607e+14      1.803607e+14      1.000000
     5001.6400      1.803613e+14      1.803613e+14      1.000000
     5001.6500      1.803619e+14      1.803619e+14      1.000000
     5001.6600      1.803625e+14      1.803625e+14      1.000000
     5001.6700      1.803632e+14      1.803632e+14      1.000000
     5001.6800      1.803638e+14      1.803638e+14      1.000000
     5001.6900      1.803644e+14      1.803644e+14      1.000000
     5001.7000      1.803650e+14      1.803650e+14      1.000000
     5001.7100      1.803657e+14      1.803657e+14      1.000000
     5001.7200      1.803663e+14      1.803663e+14      1.000000
     5001.7300      1.803669e+14      1.803669e+14      1.000000
     5001.7400      1.803675e+14      1.803675e+14      1.000000
     5001.7500      1.803682e+14      1.803682e+14      1.000000
     5001.7600      1.803688e+14      1.803688e+14      1.000000
     5001.7700      1.803694e+14      1.803694e+14      1.000000
     5001.7800      1.803700e+14      1.803700e+14      1.000000
     5001.7900      1.803707e+14      1.803707e+14      1.000000
     5001.8000      1.803713e+14      1.803713e+14      1.000000
     5001.8100      1.803719e+14      1.803719e+14      1.000000
     5001.8200      1.803725e+14      1.803725e+14      1.000000
     5001.8300      1.803732e+14      1.803732e+14      1.000000
     5001.8400      1.803738e+14      1.803738e+14      1.000000
     5001.8500      1.803744e+14      1.803744e+14      1.000000
     5001.8600      1.803750e+14      1.803750e+14      1.000000
     5001.8700      1.803757e+14      1.803757e+14      1.000000
     5001.8800      1.803763e+14      1.803763e+14      1.000000
     5001.8900      1.803769e+14      1.803769e+14      1.000000
     5001.9000      1.803775e+14      1.803775e+14      1.000000
     5001.9100      1.803782e+14      1.803782e+14      1.000000
     5001.9200      1.803788e+14      1.803788e+14      1.000000
     5001.9300      1.803794e+14      1.803794e+14      1.000000
     5001.9400      1.803800e+14      1.803800e+14      1.000000
     5001.9500      1.803806e+14      1.803806e+14      1.000000
     5001.9600      1.803813e+14      1.803813e+14      1.000000
     5001.9700      1.803819e+14      1.803819e+14      1.000000
     5001.9800      1.803825e+14      1.803825e+14      1.000000
     5001.9900      1.803831e+14      1.803831e+14      1.000000
     5002.0000      1.803838e+14      1.803838e+14      1.000000
     5002.0100      1.803844e+14      1.803844e+14      1.000000
     5002.0200      1.803850e+14      1.803850e+14      1.000000
     5002.0300      1.803856e+14      1.803856e+14      1.000000
     5002.0400      1.803863e+14      1.803863e+14      1.000000
     5002.0500      1.803869e+14      1.803869e+14      1.000000
     5002.0600      1.803875e+14      1.803875e+14      1.000000
     5002.0700      1.803881e+14      1.803881e+14      1.000000
     5002.0800      1.803888e+14      1.803888e+14      1.000000
     5002.0900      1.803894e+14      1.803894e+14      1.000000
     5002.1000      1.803900e+14      1.803900e+14      1.000000
     5002.1100      1.803906e+14      1.803906e+14      1.000000
     5002.1200      1.803913e+14      1.803913e+14      1.000000
     5002.1300      1.803919e+14      1.803919e+14      1.000000
     5002.1400      1.803925e+14      1.803925e+14      1.000000
     5002.1500      1.803931e+14      1.803931e+14      1.000000
     5002.1600      1.803937e+14      1.803937e+14      1.000000
     5002.1700      1.803944e+14      1.803944e+14      1.000000
     5002.1800      1.803950e+14      1.803950e+14      1.000000
     5002.1900      1.803956e+14      1.803956e+14      1.000000
     5002.2000      1.803962e+14      1.803962e+14      1.000000
     5002.2100      1.803969e+14      1.803969e+14      1.000000
     5002.2200      1.803975e+14      1.803975e+14      1.000000
     5002.2300      1.803981e+14      1.803981e+14      1.000000
     5002.2400      1.803987e+14      1.803987e+14      1.000000
     5002.2500      1.803994e+14      1.803994e+14      1.000000
     5002.2600      1.804000e+14      1.804000e+14      1.000000
     5002.2700      1.804006e+14      1.804006e+14      1.000000
     5002.2800      1.804012e+14      1.804012e+14      1.000000
     5002.2900      1.804019e+14      1.804019e+14      1.000000
     5002.3000      1.804025e+14      1.804025e+14      1.000000
     5002.3100      1.804031e+14      1.804031e+14      1.000000
     5002.3200      1.804037e+14      1.804037e+14      1.000000
     5002.3300      1.804044e+14      1.804044e+14      1.000000
     5002.3400      1.804050e+14      1.804050e+14      1.000000
     5002.3500      1.804056e+14      1.804056e+14      1.000000
     5002.3600      1.804062e+14      1.804062e+14      1.000000
     5002.3700      1.804068e+14      1.804068e+14      1.000000
     5002.3800      1.804075e+14      1.804075e+14      1.000000
     5002.3900      1.804081e+14      1.804081e+14      1.000000
     5002.4000      1.804087e+14      1.804087e+14      1.000000
     5002.4100      1.804093e+14      1.804093e+14      1.000000
     5002.4200      1.804100e+14      1.804100e+14      1.000000
     5002.4300      1.804106e+14      1.804106e+14      1.000000
     5002.4400      1.804112e+14      1.804112e+14      1.000000
     5002.4500      1.804118e+14      1.804118e+14      1.000000
     5002.4600      1.804125e+14      1.804125e+14      1.000000
     5002.4700      1.804131e+14      1.804131e+14      1.000000
     5002.4800      1.804137e+14      1.804137e+14      1.000000
     5002.4900      1.804143e+14      1.804143e+14      1.000000
     5002.5000      1.804150e+14      1.804150e+14      1.000000
     5002.5100      1.804156e+14      1.804156e+14      1.000000
     5002.5200      1.804162e+14      1.804162e+14      1.000000
     5002.5300      1.804168e+14      1.804168e+14      1.000000
     5002.5400      1.804174e+14      1.804174e+14      1.000000
     5002.5500      1.804181e+14      1.804181e+14      1.000000
     5002.5600      1.804187e+14      1.804187e+14      1.000000
     5002.5700      1.804193e+14      1.804193e+14      1.000000
     5002.5800      1.804199e+14      1.804199e+14      1.000000
     5002.5900      1.804206e+14      1.804206e+14      1.000000
     5002.6000      1.804212e+14      1.804212e+14      1.000000
     5002.6100      1.804218e+14      1.804218e+14      1.000000
     5002.6200      1.804224e+14      1.804224e+14      1.000000
     5002.6300      1.804231e+14      1.804231e+14      1.000000
     5002.6400      1.804237e+14      1.804237e+14      1.000000
     5002.6500      1.804243e+14      1.804243e+14      1.000000
     5002.6600      1.804249e+14      1.804249e+14      1.000000
     5002.6700      1.804256e+14      1.804256e+14      1.000000
     5002.6800      1.804262e+14      1.804262e+14      1.000000
     5002.6900      1.804268e+14      1.804268e+14      1.000000
     5002.7000      1.804274e+14      1.804274e+14      1.000000
     5002.7100      1.804280e+14      1.804280e+14      1.000000
     5002.7200      1.804287e+14      1.804287e+14      1.000000
     5002.7300      1.804293e+14      1.804293e+14      1.000000
     5002.7400      1.804299e+14      1.804299e+14      1.000000
     5002.7500      1.804305e+14      1.804305e+14      1.000000
     5002.7600      1.804312e+14      1.804312e+14      1.000000
     5002.7700      1.804318e+14      1.804318e+14      1.000000
     5002.7800      1.804324e+14      1.804324e+14      1.000000
     5002.7900      1.804330e+14      1.804330e+14      1.000000
     5002.8000      1.804337e+14      1.804337e+14      1.000000
     5002.8100      1.804343e+14      1.804343e+14      1.000000
     5002.8200      1.804349e+14      1.804349e+14      1.000000
     5002.8300      1.804355e+14      1.804355e+14      1.000000
     5002.8400      1.804362e+14      1.804362e+14      1.000000
     5002.8500      1.804368e+14      1.804368e+14      1.000000
     5002.8600      1.804374e+14      1.804374e+14      1.000000
     5002.8700      1.804380e+14      1.804380e+14      1.000000
     5002.8800      1.804386e+14      1.804386e+14      1.000000
     5002.8900      1.804393e+14      1.804393e+14      1.000000
     5002.9000      1.804399e+14      1.804399e+14      1.000000
     5002.9100      1.804405e+14      1.804405e+14      1.000000
     5002.9200      1.804411e+14      1.804411e+14      1.000000
     5002.9300      1.804418e+14      1.804418e+14      1.000000
     5002.9400      1.804424e+14      1.804424e+14      1.000000
     5002.9500      1.804430e+14      1.804430e+14      1.000000
     5002.9600      1.804436e+14      1.804436e+14      1.000000
     5002.9700      1.804443e+14      1.804443e+14      1.000000
     5002.9800      1.804449e+14      1.804449e+14      1.000000
     5002.9900      1.804455e+14      1.804455e+14      1.000000
     5003.0000      1.804461e+14      1.804461e+14      1.000000
     5003.0100      1.804467e+14      1.804467e+14      1.000000
     5003.0200      1.804474e+14      1.804474e+14      1.000000
     5003.0300      1.804480e+14      1.804480e+14      1.000000
     5003.0400      1.804486e+14      1.804486e+14      1.000000
     5003.0500      1.804492e+14      1.804492e+14      1.000000
     5003.0600      1.804498e+14      1.804498e+14      1.000000
     5003.0700      1.804505e+14      1.804505e+14      1.000000
     5003.0800      1.804511e+14      1.804511e+14      1.000000
     5003.0900      1.804517e+14      1.804517e+14      1.000000
     5003.1000      1.804523e+14      1.804523e+14      1.000000
     5003.1100      1.804529e+14      1.804529e+14      1.000000
     5003.1200      1.804535e+14      1.804535e+14      1.000000
     5003.1300      1.804542e+14      1.804542e+14      1.000000
     5003.1400      1.804548e+14      1.804548e+14      1.000000
     5003.1500      1.804554e+14      1.804554e+14      1.000000
     5003.1600      1.804560e+14      1.804560e+14      1.000000
     5003.1700      1.804566e+14      1.804566e+14      1.000000
     5003.1800      1.804572e+14      1.804572e+14      1.000000
     5003.1900      1.804579e+14      1.804579e+14      1.000000
     5003.2000      1.804585e+14      1.804585e+14      1.000000
     5003.2100      1.804591e+14      1.804591e+14      1.000000
     5003.2200      1.804597e+14      1.804597e+14      1.000000
     5003.2300      1.804603e+14      1.804603e+14      1.000000
     5003.2400      1.804609e+14      1.804609e+14      1.000000
     5003.2500      1.804616e+14      1.804616e+14      1.000000
     5003.2600      1.804622e+14      1.804622e+14      1.000000
     5003.2700      1.804628e+14      1.804628e+14      1.000000
     5003.2800      1.804634e+14      1.804634e+14      1.000000
     5003.2900      1.804640e+14      1.804640e+14      1.000000
     5003.3000      1.804647e+14      1.804647e+14      1.000000
     5003.3100      1.804653e+14      1.804653e+14      1.000000
     5003.3200      1.804659e+14      1.804659e+14      1.000000
     5003.3300      1.804665e+14      1.804665e+14      1.000000
     5003.3400      1.804671e+14      1.804671e+14      1.000000
     5003.3500      1.804677e+14      1.804677e+14      1.000000
     5003.3600      1.804684e+14      1.804684e+14      1.000000
     5003.3700      1.804690e+14      1.804690e+14      1.000000
     5003.3800      1.804696e+14      1.804696e+14      1.000000
     5003.3900      1.804702e+14      1.804702e+14      1.000000
     5003.4000      1.804708e+14      1.804708e+14      1.000000
     5003.4100      1.804714e+14      1.804714e+14      1.000000
     5003.4200      1.804721e+14      1.804721e+14      1.000000
     5003.4300      1.804727e+14      1.804727e+14      1.000000
     5003.4400      1.804733e+14      1.804733e+14      1.000000
     5003.4500      1.804739e+14      1.804739e+14      1.000000
     5003.4600      1.804745e+14      1.804745e+14      1.000000
     5003.4700      1.804751e+14      1.804751e+14      1.000000
     5003.4800      1.804758e+14      1.804758e+14      1.000000
     5003.4900      1.804764e+14      1.804764e+14      1.000000
     5003.5000      1.804770e+14      1.804770e+14      1.000000
     5003.5100      1.804776e+14      1.804776e+14      1.000000
     5003.5200      1.804782e+14      1.804782e+14      1.000000
     5003.5300      1.804788e+14      1.804788e+14      1.000000
     5003.5400      1.804795e+14      1.804795e+14      1.000000
     5003.5500      1.804801e+14      1.804801e+14      1.000000
     5003.5600      1.804807e+14      1.804807e+14      1.000000
     5003.5700      1.804813e+14      1.804813e+14      1.000000
     5003.5800      1.804819e+14      1.804819e+14      1.000000
     5003.5900      1.804826e+14      1.804826e+14      1.000000
     5003.6000      1.804832e+14      1.804832e+14      1.000000
     5003.6100      1.804838e+14      1.804838e+14      1.000000
     5003.6200      1.804844e+14      1.804844e+14      1.000000
     5003.6300      1.804850e+14      1.804850e+14      1.000000
     5003.6400      1.804856e+14      1.804856e+14      1.000000
     5003.6500      1.804863e+14      1.804863e+14      1.000000
     5003.6600      1.804869e+14      1.804869e+14      1.000000
     5003.6700      1.804875e+14      1.804875e+14      1.000000
     5003.6800      1.804881e+14      1.804881e+14      1.000000
     5003.6900      1.804887e+14      1.804887e+14      1.000000
     5003.7000      1.804893e+14      1.804893e+14      1.000000
     5003.7100      1.804900e+14      1.804900e+14      1.000000
     5003.7200      1.804906e+14      1.804906e+14      1.000000
     5003.7300      1.804912e+14      1.804912e+14      1.000000
     5003.7400      1.804918e+14      1.804918e+14      1.000000
     5003.7500      1.804924e+14      1.804924e+14      1.000000
     5003.7600      1.804930e+14      1.804930e+14      1.000000
     5003.7700      1.804937e+14      1.804937e+14      1.000000
     5003.7800      1.804943e+14      1.804943e+14      1.000000
     5003.7900      1.804949e+14      1.804949e+14      1.000000
     5003.8000      1.804955e+14      1.804955e+14      1.000000
     5003.8100      1.804961e+14      1.804961e+14      1.000000
     5003.8200      1.804967e+14      1.804967e+14      1.000000
     5003.8300      1.804974e+14      1.804974e+14      1.000000
     5003.8400      1.804980e+14      1.804980e+14      1.000000
     5003.8500      1.804986e+14      1.804986e+14      1.000000
     5003.8600      1.804992e+14      1.804992e+14      1.000000
     5003.8700      1.804998e+14      1.804998e+14      1.000000
     5003.8800      1.805004e+14      1.805004e+14      1.000000
     5003.8900      1.805011e+14      1.805011e+14      1.000000
     5003.9000      1.805017e+14      1.805017e+14      1.000000
     5003.9100      1.805023e+14      1.805023e+14      1.000000
     5003.9200      1.805029e+14      1.805029e+14      1.000000
     5003.9300      1.805035e+14      1.805035e+14      1.000000
     5003.9400      1.805042e+14      1.805042e+14      1.000000
     5003.9500      1.805048e+14      1.805048e+14      1.000000
     5003.9600      1.805054e+14      1.805054e+14      1.000000
     5003.9700      1.805060e+14      1.805060e+14      1.000000
     5003.9800      1.805066e+14      1.805066e+14      1.000000
     5003.9900      1.805072e+14      1.805072e+14      1.000000
     5004.0000      1.805079e+14      1.805079e+14      1.000000
     5004.0100      1.805085e+14      1.805085e+14      1.000000
     5004.0200      1.805091e+14      1.805091e+14      1.000000
     5004.0300      1.805097e+14      1.805097e+14      1.000000
     5004.0400      1.805103e+14      1.805103e+14      1.000000
     5004.0500      1.805109e+14      1.805109e+14      1.000000
     5004.0600      1.805115e+14      1.805115e+14      1.000000
     5004.0700      1.805121e+14      1.805121e+14      1.000000
     5004.0800      1.805128e+14      1.805128e+14      1.000000
     5004.0900      1.805134e+14      1.805134e+14      1.000000
     5004.1000      1.805140e+14      1.805140e+14      1.000000
     5004.1100      1.805146e+14      1.805146e+14      1.000000
     5004.1200      1.805152e+14      1.805152e+14      1.000000
     5004.1300      1.805158e+14      1.805158e+14      1.000000
     5004.1400      1.805164e+14      1.805164e+14      1.000000
     5004.1500      1.805170e+14      1.805170e+14      1.000000
     5004.1600      1.805177e+14      1.805177e+14      1.000000
     5004.1700      1.805183e+14      1.805183e+14      1.000000
     5004.1800      1.805189e+14      1.805189e+14      1.000000
     5004.1900      1.805195e+14      1.805195e+14      1.000000
     5004.2000      1.805201e+14      1.805201e+14      1.000000
     5004.2100      1.805207e+14      1.805207e+14      1.000000
     5004.2200      1.805213e+14      1.805213e+14      1.000000
     5004.2300      1.805219e+14      1.805219e+14      1.000000
     5004.2400      1.805226e+14      1.805226e+14      1.000000
     5004.2500      1.805232e+14      1.805232e+14      1.000000
     5004.2600      1.805238e+14      1.805238e+14      1.000000
     5004.2700      1.805244e+14      1.805244e+14      1.000000
     5004.2800      1.805250e+14      1.805250e+14      1.000000
     5004.2900      1.805256e+14      1.805256e+14      1.000000
     5004.3000      1.805262e+14      1.805262e+14      1.000000
     5004.3100      1.805268e+14      1.805268e+14      1.000000
     5004.3200      1.805275e+14      1.805275e+14      1.000000
     5004.3300      1.805281e+14      1.805281e+14      1.000000
     5004.3400      1.805287e+14      1.805287e+14      1.000000
     5004.3500      1.805293e+14      1.805293e+14      1.000000
     5004.3600      1.805299e+14      1.805299e+14      1.000000
     5004.3700      1.805305e+14      1.805305e+14      1.000000
     5004.3800      1.805311e+14      1.805311e+14      1.000000
     5004.3900      1.805317e+14      1.805317e+14      1.000000
     5004.4000      1.805324e+14      1.805324e+14      1.000000
     5004.4100      1.805330e+14      1.805330e+14      1.000000
     5004.4200      1.805336e+14      1.805336e+14      1.000000
     5004.4300      1.805342e+14      1.805342e+14      1.000000
     5004.4400      1.805348e+14      1.805348e+14      1.000000
     5004.4500      1.805354e+14      1.805354e+14      1.000000
     5004.4600      1.805360e+14      1.805360e+14      1.000000
     5004.4700      1.805366e+14      1.805366e+14      1.000000
     5004.4800      1.805373e+14      1.805373e+14      1.000000
     5004.4900      1.805379e+14      1.805379e+14      1.000000
     5004.5000      1.805385e+14      1.805385e+14      1.000000
     5004.5100      1.805391e+14      1.805391e+14      1.000000
     5004.5200      1.805397e+14      1.805397e+14      1.000000
     5004.5300      1.805403e+14      1.805403e+14      1.000000
     5004.5400      1.805409e+14      1.805409e+14      1.000000
     5004.5500      1.805415e+14      1.805415e+14      1.000000
     5004.5600      1.805422e+14      1.805422e+14      1.000000
     5004.5700      1.805428e+14      1.805428e+14      1.000000
     5004.5800      1.805434e+14      1.805434e+14      1.000000
     5004.5900      1.805440e+14      1.805440e+14      1.000000
     5004.6000      1.805446e+14      1.805446e+14      1.000000
     5004.6100      1.805452e+14      1.805452e+14      1.000000
     5004.6200      1.805458e+14      1.805458e+14      1.000000
     5004.6300      1.805464e+14      1.805464e+14      1.000000
     5004.6400      1.805471e+14      1.805471e+14      1.000000
     5004.6500      1.805477e+14      1.805477e+14      1.000000
     5004.6600      1.805483e+14      1.805483e+14      1.000000
     5004.6700      1.805489e+14      1.805489e+14      1.000000
     5004.6800      1.805495e+14      1.805495e+14      1.000000
     5004.6900      1.805501e+14      1.805501e+14      1.000000
     5004.7000      1.805507e+14      1.805507e+14      1.000000
     5004.7100      1.805513e+14      1.805513e+14      1.000000
     5004.7200      1.805520e+14      1.805520e+14      1.000000
     5004.7300      1.805526e+14      1.805526e+14      1.000000
     5004.7400      1.805532e+14      1.805532e+14      1.000000
     5004.7500      1.805538e+14      1.805538e+14      1.000000
     5004.7600      1.805544e+14      1.805544e+14      1.000000
     5004.7700      1.805550e+14      1.805550e+14      1.000000
     5004.7800      1.805556e+14      1.805556e+14      1.000000
     5004.7900      1.805562e+14      1.805562e+14      1.000000
     5004.8000      1.805569e+14      1.805569e+14      1.000000
     5004.8100      1.805575e+14      1.805575e+14      1.000000
     5004.8200      1.805581e+14      1.805581e+14      1.000000
     5004.8300      1.805587e+14      1.805587e+14      1.000000
     5004.8400      1.805593e+14      1.805593e+14      1.000000
     5004.8500      1.805599e+14      1.805599e+14      1.000000
     5004.8600      1.805605e+14      1.805605e+14      1.000000
     5004.8700      1.805611e+14      1.805611e+14      1.000000
     5004.8800      1.805618e+14      1.805618e+14      1.000000
     5004.8900      1.805624e+14      1.805624e+14      1.000000
     5004.9000      1.805630e+14      1.805630e+14      1.000000
     5004.9100      1.805636e+14      1.805636e+14      1.000000
     5004.9200      1.805642e+14      1.805642e+14      1.000000
     5004.9300      1.805648e+14      1.805648e+14      1.000000
     5004.9400      1.805654e+14      1.805654e+14      1.000000
     5004.9500      1.805660e+14      1.805660e+14      1.000000
     5004.9600      1.805667e+14      1.805667e+14      1.000000
     5004.9700      1.805673e+14      1.805673e+14      1.000000
     5004.9800      1.805679e+14      1.805679e+14      1.000000
     5004.9900      1.805685e+14      1.805685e+14      1.000000
     5005.0000      1.805691e+14      1.805691e+14      1.000000
     5005.0100      1.805697e+14      1.805697e+14      1.000000
     5005.0200      1.805703e+14      1.805703e+14      1.000000
     5005.0300      1.805710e+14      1.805710e+14      1.000000
     5005.0400      1.805716e+14      1.805716e+14      1.000000
     5005.0500      1.805722e+14      1.805722e+14      1.000000
     5005.0600      1.805728e+14      1.805728e+14      1.000000
     5005.0700      1.805734e+14      1.805734e+14      1.000000
     5005.0800      1.805740e+14      1.805740e+14      1.000000
     5005.0900      1.805747e+14      1.805747e+14      1.000000
     5005.1000      1.805753e+14      1.805753e+14      1.000000
     5005.1100      1.805759e+14      1.805759e+14      1.000000
     5005.1200      1.805765e+14      1.805765e+14      1.000000
     5005.1300      1.805771e+14      1.805771e+14      1.000000
     5005.1400      1.805777e+14      1.805777e+14      1.000000
     5005.1500      1.805783e+14      1.805783e+14      1.000000
     5005.1600      1.805790e+14      1.805790e+14      1.000000
     5005.1700      1.805796e+14      1.805796e+14      1.000000
     5005.1800      1.805802e+14      1.805802e+14      1.000000
     5005.1900      1.805808e+14      1.805808e+14      1.000000
     5005.2000      1.805814e+14      1.805814e+14      1.000000
     5005.2100      1.805820e+14      1.805820e+14      1.000000
     5005.2200      1.805827e+14      1.805827e+14      1.000000
     5005.2300      1.805833e+14      1.805833e+14      1.000000
     5005.2400      1.805839e+14      1.805839e+14      1.000000
     5005.2500      1.805845e+14      1.805845e+14      1.000000
     5005.2600      1.805851e+14      1.805851e+14      1.000000
     5005.2700      1.805857e+14      1.805857e+14      1.000000
     5005.2800      1.805864e+14      1.805864e+14      1.000000
     5005.2900      1.805870e+14      1.805870e+14      1.000000
     5005.3000      1.805876e+14      1.805876e+14      1.000000
     5005.3100      1.805882e+14      1.805882e+14      1.000000
     5005.3200      1.805888e+14      1.805888e+14      1.000000
     5005.3300      1.805894e+14      1.805894e+14      1.000000
     5005.3400      1.805901e+14      1.805901e+14      1.000000
     5005.3500      1.805907e+14      1.805907e+14      1.000000
     5005.3600      1.805913e+14      1.805913e+14      1.000000
     5005.3700      1.805919e+14      1.805919e+14      1.000000
     5005.3800      1.805925e+14      1.805925e+14      1.000000
     5005.3900      1.805931e+14      1.805931e+14      1.000000
     5005.4000      1.805937e+14      1.805937e+14      1.000000
     5005.4100      1.805944e+14      1.805944e+14      1.000000
     5005.4200      1.805950e+14      1.805950e+14      1.000000
     5005.4300      1.805956e+14      1.805956e+14      1.000000
     5005.4400      1.805962e+14      1.805962e+14      1.000000
     5005.4500      1.805968e+14      1.805968e+14      1.000000
     5005.4600      1.805974e+14      1.805974e+14      1.000000
     5005.4700      1.805981e+14      1.805981e+14      1.000000
     5005.4800      1.805987e+14      1.805987e+14      1.000000
     5005.4900      1.805993e+14      1.805993e+14      1.000000
     5005.5000      1.805999e+14      1.805999e+14      1.000000
     5005.5100      1.806005e+14      1.806005e+14      1.000000
     5005.5200      1.806011e+14      1.806011e+14      1.000000
     5005.5300      1.806018e+14      1.806018e+14      1.000000
     5005.5400      1.806024e+14      1.806024e+14      1.000000
     5005.5500      1.806030e+14      1.806030e+14      1.000000
     5005.5600      1.806036e+14      1.806036e+14      1.000000
     5005.5700      1.806042e+14      1.806042e+14      1.000000
     5005.5800      1.806048e+14      1.806048e+14      1.000000
     5005.5900      1.806054e+14      1.806054e+14      1.000000
     5005.6000      1.806061e+14      1.806061e+14      1.000000
     5005.6100      1.806067e+14      1.806067e+14      1.000000
     5005.6200      1.806073e+14      1.806073e+14      1.000000
     5005.6300      1.806079e+14      1.806079e+14      1.000000
     5005.6400      1.806085e+14      1.806085e+14      1.000000
     5005.6500      1.806091e+14      1.806091e+14      1.000000
     5005.6600      1.806098e+14      1.806098e+14      1.000000
     5005.6700      1.806104e+14      1.806104e+14      1.000000
     5005.6800      1.806110e+14      1.806110e+14      1.000000
     5005.6900      1.806116e+14      1.806116e+14      1.000000
     5005.7000      1.806122e+14      1.806122e+14      1.000000
     5005.7100      1.806128e+14      1.806128e+14      1.000000
     5005.7200      1.806134e+14      1.806134e+14      1.000000
     5005.7300      1.806141e+14      1.806141e+14      1.000000
     5005.7400      1.806147e+14      1.806147e+14      1.000000
     5005.7500      1.806153e+14      1.806153e+14      1.000000
     5005.7600      1.806159e+14      1.806159e+14      1.000000
     5005.7700      1.806165e+14      1.806165e+14      1.000000
     5005.7800      1.806171e+14      1.806171e+14      1.000000
     5005.7900      1.806178e+14      1.806178e+14      1.000000
     5005.8000      1.806184e+14      1.806184e+14      1.000000
     5005.8100      1.806190e+14      1.806190e+14      1.000000
     5005.8200      1.806196e+14      1.806196e+14      1.000000
     5005.8300      1.806202e+14      1.806202e+14      1.000000
     5005.8400      1.806208e+14      1.806208e+14      1.000000
     5005.8500      1.806215e+14      1.806215e+14      1.000000
     5005.8600      1.806221e+14      1.806221e+14      1.000000
     5005.8700      1.806227e+14      1.806227e+14      1.000000
     5005.8800      1.806233e+14      1.806233e+14      1.000000
     5005.8900      1.806239e+14      1.806239e+14      1.000000
     5005.9000      1.806245e+14      1.806245e+14      1.000000
     5005.9100      1.806251e+14      1.806251e+14      1.000000
     5005.9200      1.806258e+14      1.806258e+14      1.000000
     5005.9300      1.806264e+14      1.806264e+14      1.000000
     5005.9400      1.806270e+14      1.806270e+14      1.000000
     5005.9500      1.806276e+14      1.806276e+14      1.000000
     5005.9600      1.806282e+14      1.806282e+14      1.000000
     5005.9700      1.806288e+14      1.806288e+14      1.000000
     5005.9800      1.806295e+14      1.806295e+14      1.000000
     5005.9900      1.806301e+14      1.806301e+14      1.000000
     5006.0000      1.806307e+14      1.806307e+14      1.000000
     5006.0100      1.806313e+14      1.806313e+14      1.000000
     5006.0200      1.806319e+14      1.806319e+14      1.000000
     5006.0300      1.806326e+14      1.806326e+14      1.000000
     5006.0400      1.806332e+14      1.806332e+14      1.000000
     5006.0500      1.806338e+14      1.806338e+14      1.000000
     5006.0600      1.806345e+14      1.806345e+14      1.000000
     5006.0700      1.806351e+14      1.806351e+14      1.000000
     5006.0800      1.806357e+14      1.806357e+14      1.000000
     5006.0900      1.806363e+14      1.806363e+14      1.000000
     5006.1000      1.806370e+14      1.806370e+14      1.000000
     5006.1100      1.806376e+14      1.806376e+14      1.000000
     5006.1200      1.806382e+14      1.806382e+14      1.000000
     5006.1300      1.806389e+14      1.806389e+14      1.000000
     5006.1400      1.806395e+14      1.806395e+14      1.000000
     5006.1500      1.806401e+14      1.806401e+14      1.000000
     5006.1600      1.806407e+14      1.806407e+14      1.000000
     5006.1700      1.806414e+14      1.806414e+14      1.000000
     5006.1800      1.806420e+14      1.806420e+14      1.000000
     5006.1900      1.806426e+14      1.806426e+14      1.000000
     5006.2000      1.806433e+14      1.806433e+14      1.000000
     5006.2100      1.806439e+14      1.806439e+14      1.000000
     5006.2200      1.806445e+14      1.806445e+14      1.000000
     5006.2300      1.806451e+14      1.806451e+14      1.000000
     5006.2400      1.806458e+14      1.806458e+14      1.000000
     5006.2500      1.806464e+14      1.806464e+14      1.000000
     5006.2600      1.806470e+14      1.806470e+14      1.000000
     5006.2700      1.806477e+14      1.806477e+14      1.000000
     5006.2800      1.806483e+14      1.806483e+14      1.000000
     5006.2900      1.806489e+14      1.806489e+14      1.000000
     5006.3000      1.806495e+14      1.806495e+14      1.000000
     5006.3100      1.806502e+14      1.806502e+14      1.000000
     5006.3200      1.806508e+14      1.806508e+14      1.000000
     5006.3300      1.806514e+14      1.806514e+14      1.000000
     5006.3400      1.806521e+14      1.806521e+14      1.000000
     5006.3500      1.806527e+14      1.806527e+14      1.000000
     5006.3600      1.806533e+14      1.806533e+14      1.000000
     5006.3700      1.806539e+14      1.806539e+14      1.000000
     5006.3800      1.806546e+14      1.806546e+14      1.000000
     5006.3900      1.806552e+14      1.806552e+14      1.000000
     5006.4000      1.806558e+14      1.806558e+14      1.000000
     5006.4100      1.806565e+14      1.806565e+14      1.000000
     5006.4200      1.806571e+14      1.806571e+14      1.000000
     5006.4300      1.806577e+14      1.806577e+14      1.000000
     5006.4400      1.806583e+14      1.806583e+14      1.000000
     5006.4500      1.806590e+14      1.806590e+14      1.000000
     5006.4600      1.806596e+14      1.806596e+14      1.000000
     5006.4700      1.806602e+14      1.806602e+14      1.000000
     5006.4800      1.806609e+14      1.806609e+14      1.000000
     5006.4900      1.806615e+14      1.806615e+14      1.000000
     5006.5000      1.806621e+14      1.806621e+14      1.000000
     5006.5100      1.806627e+14      1.806627e+14      1.000000
     5006.5200      1.806634e+14      1.806634e+14      1.000000
     5006.5300      1.806640e+14      1.806640e+14      1.000000
     5006.5400      1.806646e+14      1.806646e+14      1.000000
     5006.5500      1.806653e+14      1.806653e+14      1.000000
     5006.5600      1.806659e+14      1.806659e+14      1.000000
     5006.5700      1.806665e+14      1.806665e+14      1.000000
     5006.5800      1.806671e+14      1.806671e+14      1.000000
     5006.5900      1.806678e+14      1.806678e+14      1.000000
     5006.6000      1.806684e+14      1.806684e+14      1.000000
     5006.6100      1.806690e+14      1.806690e+14      1.000000
     5006.6200      1.806696e+14      1.806696e+14      1.000000
     5006.6300      1.806703e+14      1.806703e+14      1.000000
     5006.6400      1.806709e+14      1.806709e+14      1.000000
     5006.6500      1.806715e+14      1.806715e+14      1.000000
     5006.6600      1.806722e+14      1.806722e+14      1.000000
     5006.6700      1.806728e+14      1.806728e+14      1.000000
     5006.6800      1.806734e+14      1.806734e+14      1.000000
     5006.6900      1.806740e+14      1.806740e+14      1.000000
     5006.7000      1.806747e+14      1.806747e+14      1.000000
     5006.7100      1.806753e+14      1.806753e+14      1.000000
     5006.7200      1.806759e+14      1.806759e+14      1.000000
     5006.7300      1.806766e+14      1.806766e+14      1.000000
     5006.7400      1.806772e+14      1.806772e+14      1.000000
     5006.7500      1.806778e+14      1.806778e+14      1.000000
     5006.7600      1.806784e+14      1.806784e+14      1.000000
     5006.7700      1.806791e+14      1.806791e+14      1.000000
     5006.7800      1.806797e+14      1.806797e+14      1.000000
     5006.7900      1.806803e+14      1.806803e+14      1.000000
     5006.8000      1.806810e+14      1.806810e+14      1.000000
     5006.8100      1.806816e+14      1.806816e+14      1.000000
     5006.8200      1.806822e+14      1.806822e+14      1.000000
     5006.8300      1.806828e+14      1.806828e+14      1.000000
     5006.8400      1.806835e+14      1.806835e+14      1.000000
     5006.8500      1.806841e+14      1.806841e+14      1.000000
     5006.8600      1.806847e+14      1.806847e+14      1.000000
     5006.8700      1.806854e+14      1.806854e+14      1.000000
     5006.8800      1.806860e+14      1.806860e+14      1.000000
     5006.8900      1.806866e+14      1.806866e+14      1.000000
     5006.9000      1.806872e+14      1.806872e+14      1.000000
     5006.9100      1.806879e+14      1.806879e+14      1.000000
     5006.9200      1.806885e+14      1.806885e+14      1.000000
     5006.9300      1.806891e+14      1.806891e+14      1.000000
     5006.9400      1.806898e+14      1.806898e+14      1.000000
     5006.9500      1.806904e+14      1.806904e+14      1.000000
     5006.9600      1.806910e+14      1.806910e+14      1.000000
     5006.9700      1.806916e+14      1.806916e+14      1.000000
     5006.9800      1.806923e+14      1.806923e+14      1.000000
     5006.9900      1.806929e+14      1.806929e+14      1.000000
     5007.0000      1.806935e+14      1.806935e+14      1.000000
     5007.0100      1.806942e+14      1.806942e+14      1.000000
     5007.0200      1.806948e+14      1.806948e+14      1.000000
     5007.0300      1.806954e+14      1.806954e+14      1.000000
     5007.0400      1.806961e+14      1.806961e+14      1.000000
     5007.0500      1.806967e+14      1.806967e+14      1.000000
     5007.0600      1.806973e+14      1.806973e+14      1.000000
     5007.0700      1.806980e+14      1.806980e+14      1.000000
     5007.0800      1.806986e+14      1.806986e+14      1.000000
     5007.0900      1.806992e+14      1.806992e+14      1.000000
     5007.1000      1.806999e+14      1.806999e+14      1.000000
     5007.1100      1.807005e+14      1.807005e+14      1.000000
     5007.1200      1.807011e+14      1.807011e+14      1.000000
     5007.1300      1.807018e+14      1.807018e+14      1.000000
     5007.1400      1.807024e+14      1.807024e+14      1.000000
     5007.1500      1.807030e+14      1.807030e+14      1.000000
     5007.1600      1.807037e+14      1.807037e+14      1.000000
     5007.1700      1.807043e+14      1.807043e+14      1.000000
     5007.1800      1.807049e+14      1.807049e+14      1.000000
     5007.1900      1.807056e+14      1.807056e+14      1.000000
     5007.2000      1.807062e+14      1.807062e+14      1.000000
     5007.2100      1.807068e+14      1.807068e+14      1.000000
     5007.2200      1.807075e+14      1.807075e+14      1.000000
     5007.2300      1.807081e+14      1.807081e+14      1.000000
     5007.2400      1.807087e+14      1.807087e+14      1.000000
     5007.2500      1.807094e+14      1.807094e+14      1.000000
     5007.2600      1.807100e+14      1.807100e+14      1.000000
     5007.2700      1.807106e+14      1.807106e+14      1.000000
     5007.2800      1.807113e+14      1.807113e+14      1.000000
     5007.2900      1.807119e+14      1.807119e+14      1.000000
     5007.3000      1.807125e+14      1.807125e+14      1.000000
     5007.3100      1.807132e+14      1.807132e+14      1.000000
     5007.3200      1.807138e+14      1.807138e+14      1.000000
     5007.3300      1.807144e+14      1.807144e+14      1.000000
     5007.3400      1.807151e+14      1.807151e+14      1.000000
     5007.3500      1.807157e+14      1.807157e+14      1.000000
     5007.3600      1.807163e+14      1.807163e+14      1.000000
     5007.3700      1.807170e+14      1.807170e+14      1.000000
     5007.3800      1.807176e+14      1.807176e+14      1.000000
     5007.3900      1.807182e+14      1.807182e+14      1.000000
     5007.4000      1.807189e+14      1.807189e+14      1.000000
     5007.4100      1.807195e+14      1.807195e+14      1.000000
     5007.4200      1.807201e+14      1.807201e+14      1.000000
     5007.4300      1.807208e+14      1.807208e+14      1.000000
     5007.4400      1.807214e+14      1.807214e+14      1.000000
     5007.4500      1.807220e+14      1.807220e+14      1.000000
     5007.4600      1.807227e+14      1.807227e+14      1.000000
     5007.4700      1.807233e+14      1.807233e+14      1.000000
     5007.4800      1.807239e+14      1.807239e+14      1.000000
     5007.4900      1.807246e+14      1.807246e+14      1.000000
     5007.5000      1.807252e+14      1.807252e+14      1.000000
     5007.5100      1.807259e+14      1.807259e+14      1.000000
     5007.5200      1.807265e+14      1.807265e+14      1.000000
     5007.5300      1.807271e+14      1.807271e+14      1.000000
     5007.5400      1.807278e+14      1.807278e+14      1.000000
     5007.5500      1.807284e+14      1.807284e+14      1.000000
     5007.5600      1.807290e+14      1.807290e+14      1.000000
     5007.5700      1.807297e+14      1.807297e+14      1.000000
     5007.5800      1.807303e+14      1.807303e+14      1.000000
     5007.5900      1.807309e+14      1.807309e+14      1.000000
     5007.6000      1.807316e+14      1.807316e+14      1.000000
     5007.6100      1.807322e+14      1.807322e+14      1.000000
     5007.6200      1.807328e+14      1.807328e+14      1.000000
     5007.6300      1.807335e+14      1.807335e+14      1.000000
     5007.6400      1.807341e+14      1.807341e+14      1.000000
     5007.6500      1.807347e+14      1.807347e+14      1.000000
     5007.6600      1.807354e+14      1.807354e+14      1.000000
     5007.6700      1.807360e+14      1.807360e+14      1.000000
     5007.6800      1.807366e+14      1.807366e+14      1.000000
     5007.6900      1.807373e+14      1.807373e+14      1.000000
     5007.7000      1.807379e+14      1.807379e+14      1.000000
     5007.7100      1.807385e+14      1.807385e+14      1.000000
     5007.7200      1.807392e+14      1.807392e+14      1.000000
     5007.7300      1.807398e+14      1.807398e+14      1.000000
     5007.7400      1.807404e+14      1.807404e+14      1.000000
     5007.7500      1.807411e+14      1.807411e+14      1.000000
     5007.7600      1.807417e+14      1.807417e+14      1.000000
     5007.7700      1.807423e+14      1.807423e+14      1.000000
     5007.7800      1.807430e+14      1.807430e+14      1.000000
     5007.7900      1.807436e+14      1.807436e+14      1.000000
     5007.8000      1.807442e+14      1.807442e+14      1.000000
     5007.8100      1.807449e+14      1.807449e+14      1.000000
     5007.8200      1.807455e+14      1.807455e+14      1.000000
     5007.8300      1.807461e+14      1.807461e+14      1.000000
     5007.8400      1.807468e+14      1.807468e+14      1.000000
     5007.8500      1.807474e+14      1.807474e+14      1.000000
     5007.8600      1.807480e+14      1.807480e+14      1.000000
     5007.8700      1.807487e+14      1.807487e+14      1.000000
     5007.8800      1.807493e+14      1.807493e+14      1.000000
     5007.8900      1.807499e+14      1.807499e+14      1.000000
     5007.9000      1.807506e+14      1.807506e+14      1.000000
     5007.9100      1.807512e+14      1.807512e+14      1.000000
     5007.9200      1.807518e+14      1.807518e+14      1.000000
     5007.9300      1.807525e+14      1.807525e+14      1.000000
     5007.9400      1.807531e+14      1.807531e+14      1.000000
     5007.9500      1.807537e+14      1.807537e+14      1.000000
     5007.9600      1.807544e+14      1.807544e+14      1.000000
     5007.9700      1.807550e+14      1.807550e+14      1.000000
     5007.9800      1.807556e+14      1.807556e+14      1.000000
     5007.9900      1.807563e+14      1.807563e+14      1.000000
     5008.0000      1.807569e+14      1.807569e+14      1.000000
     5008.0100      1.807575e+14      1.807575e+14      1.000000
     5008.0200      1.807582e+14      1.807582e+14      1.000000
     5008.0300      1.807588e+14      1.807588e+14      1.000000
     5008.0400      1.807594e+14      1.807594e+14      1.000000
     5008.0500      1.807601e+14      1.807601e+14      1.000000
     5008.0600      1.807607e+14      1.807607e+14      1.000000
     5008.0700      1.807613e+14      1.807613e+14      1.000000
     5008.0800      1.807620e+14      1.807620e+14      1.000000
     5008.0900      1.807626e+14      1.807626e+14      1.000000
     5008.1000      1.807632e+14      1.807632e+14      1.000000
     5008.1100      1.807639e+14      1.807639e+14      1.000000
     5008.1200      1.807645e+14      1.807645e+14      1.000000
     5008.1300      1.807651e+14      1.807651e+14      1.000000
     5008.1400      1.807658e+14      1.807658e+14      1.000000
     5008.1500      1.807664e+14      1.807664e+14      1.000000
     5008.1600      1.807670e+14      1.807670e+14      1.000000
     5008.1700      1.807677e+14      1.807677e+14      1.000000
     5008.1800      1.807683e+14      1.807683e+14      1.000000
     5008.1900      1.807689e+14      1.807689e+14      1.000000
     5008.2000      1.807695e+14      1.807695e+14      1.000000
     5008.2100      1.807702e+14      1.807702e+14      1.000000
     5008.2200      1.807708e+14      1.807708e+14      1.000000
     5008.2300      1.807714e+14      1.807714e+14      1.000000
     5008.2400      1.807721e+14      1.807721e+14      1.000000
     5008.2500      1.807727e+14      1.807727e+14      1.000000
     5008.2600      1.807733e+14      1.807733e+14      1.000000
     5008.2700      1.807740e+14      1.807740e+14      1.000000
     5008.2800      1.807746e+14      1.807746e+14      1.000000
     5008.2900      1.807752e+14      1.807752e+14      1.000000
     5008.3000      1.807759e+14      1.807759e+14      1.000000
     5008.3100      1.807765e+14      1.807765e+14      1.000000
     5008.3200      1.807771e+14      1.807771e+14      1.000000
     5008.3300      1.807778e+14      1.807778e+14      1.000000
     5008.3400      1.807784e+14      1.807784e+14      1.000000
     5008.3500      1.807790e+14      1.807790e+14      1.000000
     5008.3600      1.807797e+14      1.807797e+14      1.000000
     5008.3700      1.807803e+14      1.807803e+14      1.000000
     5008.3800      1.807809e+14      1.807809e+14      1.000000
     5008.3900      1.807816e+14      1.807816e+14      1.000000
     5008.4000      1.807822e+14      1.807822e+14      1.000000
     5008.4100      1.807828e+14      1.807828e+14      1.000000
     5008.4200      1.807835e+14      1.807835e+14      1.000000
     5008.4300      1.807841e+14      1.807841e+14      1.000000
     5008.4400      1.807847e+14      1.807847e+14      1.000000
     5008.4500      1.807853e+14      1.807853e+14      1.000000
     5008.4600      1.807860e+14      1.807860e+14      1.000000
     5008.4700      1.807866e+14      1.807866e+14      1.000000
     5008.4800      1.807872e+14      1.807872e+14      1.000000
     5008.4900      1.807879e+14      1.807879e+14      1.000000
     5008.5000      1.807885e+14      1.807885e+14      1.000000
     5008.5100      1.807891e+14      1.807891e+14      1.000000
     5008.5200      1.807898e+14      1.807898e+14      1.000000
     5008.5300      1.807904e+14      1.807904e+14      1.000000
     5008.5400      1.807910e+14      1.807910e+14      1.000000
     5008.5500      1.807917e+14      1.807917e+14      1.000000
     5008.5600      1.807923e+14      1.807923e+14      1.000000
     5008.5700      1.807929e+14      1.807929e+14      1.000000
     5008.5800      1.807936e+14      1.807936e+14      1.000000
     5008.5900      1.807942e+14      1.807942e+14      1.000000
     5008.6000      1.807948e+14      1.807948e+14      1.000000
     5008.6100      1.807955e+14      1.807955e+14      1.000000
     5008.6200      1.807961e+14      1.807961e+14      1.000000
     5008.6300      1.807967e+14      1.807967e+14      1.000000
     5008.6400      1.807974e+14      1.807974e+14      1.000000
     5008.6500      1.807980e+14      1.807980e+14      1.000000
     5008.6600      1.807986e+14      1.807986e+14      1.000000
     5008.6700      1.807993e+14      1.807993e+14      1.000000
     5008.6800      1.807999e+14      1.807999e+14      1.000000
     5008.6900      1.808005e+14      1.808005e+14      1.000000
     5008.7000      1.808011e+14      1.808011e+14      1.000000
     5008.7100      1.808018e+14      1.808018e+14      1.000000
     5008.7200      1.808024e+14      1.808024e+14      1.000000
     5008.7300      1.808030e+14      1.808030e+14      1.000000
     5008.7400      1.808037e+14      1.808037e+14      1.000000
     5008.7500      1.808043e+14      1.808043e+14      1.000000
     5008.7600      1.808049e+14      1.808049e+14      1.000000
     5008.7700      1.808056e+14      1.808056e+14      1.000000
     5008.7800      1.808062e+14      1.808062e+14      1.000000
     5008.7900      1.808068e+14      1.808068e+14      1.000000
     5008.8000      1.808075e+14      1.808075e+14      1.000000
     5008.8100      1.808081e+14      1.808081e+14      1.000000
     5008.8200      1.808087e+14      1.808087e+14      1.000000
     5008.8300      1.808094e+14      1.808094e+14      1.000000
     5008.8400      1.808100e+14      1.808100e+14      1.000000
     5008.8500      1.808106e+14      1.808106e+14      1.000000
     5008.8600      1.808113e+14      1.808113e+14      1.000000
     5008.8700      1.808119e+14      1.808119e+14      1.000000
     5008.8800      1.808125e+14      1.808125e+14      1.000000
     5008.8900      1.808132e+14      1.808132e+14      1.000000
     5008.9000      1.808138e+14      1.808138e+14      1.000000
     5008.9100      1.808144e+14      1.808144e+14      1.000000
     5008.9200      1.808151e+14      1.808151e+14      1.000000
     5008.9300      1.808157e+14      1.808157e+14      1.000000
     5008.9400      1.808163e+14      1.808163e+14      1.000000
     5008.9500      1.808169e+14      1.808169e+14      1.000000
     5008.9600      1.808176e+14      1.808176e+14      1.000000
     5008.9700      1.808182e+14      1.808182e+14      1.000000
     5008.9800      1.808188e+14      1.808188e+14      1.000000
     5008.9900      1.808195e+14      1.808195e+14      1.000000
     5009.0000      1.808201e+14      1.808201e+14      1.000000
     5009.0100      1.808207e+14      1.808207e+14      1.000000
     5009.0200      1.808213e+14      1.808213e+14      1.000000
     5009.0300      1.808219e+14      1.808219e+14      1.000000
     5009.0400      1.808226e+14      1.808226e+14      1.000000
     5009.0500      1.808232e+14      1.808232e+14      1.000000
     5009.0600      1.808238e+14      1.808238e+14      1.000000
     5009.0700      1.808244e+14      1.808244e+14      1.000000
     5009.0800      1.808250e+14      1.808250e+14      1.000000
     5009.0900      1.808256e+14      1.808256e+14      1.000000
     5009.1000      1.808262e+14      1.808262e+14      1.000000
     5009.1100      1.808269e+14      1.808269e+14      1.000000
     5009.1200      1.808275e+14      1.808275e+14      1.000000
     5009.1300      1.808281e+14      1.808281e+14      1.000000
     5009.1400      1.808287e+14      1.808287e+14      1.000000
     5009.1500      1.808293e+14      1.808293e+14      1.000000
     5009.1600      1.808299e+14      1.808299e+14      1.000000
     5009.1700      1.808305e+14      1.808305e+14      1.000000
     5009.1800      1.808311e+14      1.808311e+14      1.000000
     5009.1900      1.808318e+14      1.808318e+14      1.000000
     5009.2000      1.808324e+14      1.808324e+14      1.000000
     5009.2100      1.808330e+14      1.808330e+14      1.000000
     5009.2200      1.808336e+14      1.808336e+14      1.000000
     5009.2300      1.808342e+14      1.808342e+14      1.000000
     5009.2400      1.808348e+14      1.808348e+14      1.000000
     5009.2500      1.808354e+14      1.808354e+14      1.000000
     5009.2600      1.808361e+14      1.808361e+14      1.000000
     5009.2700      1.808367e+14      1.808367e+14      1.000000
     5009.2800      1.808373e+14      1.808373e+14      1.000000
     5009.2900      1.808379e+14      1.808379e+14      1.000000
     5009.3000      1.808385e+14      1.808385e+14      1.000000
     5009.3100      1.808391e+14      1.808391e+14      1.000000
     5009.3200      1.808397e+14      1.808397e+14      1.000000
     5009.3300      1.808403e+14      1.808403e+14      1.000000
     5009.3400      1.808410e+14      1.808410e+14      1.000000
     5009.3500      1.808416e+14      1.808416e+14      1.000000
     5009.3600      1.808422e+14      1.808422e+14      1.000000
     5009.3700      1.808428e+14      1.808428e+14      1.000000
     5009.3800      1.808434e+14      1.808434e+14      1.000000
     5009.3900      1.808440e+14      1.808440e+14      1.000000
     5009.4000      1.808446e+14      1.808446e+14      1.000000
     5009.4100      1.808453e+14      1.808453e+14      1.000000
     5009.4200      1.808459e+14      1.808459e+14      1.000000
     5009.4300      1.808465e+14      1.808465e+14      1.000000
     5009.4400      1.808471e+14      1.808471e+14      1.000000
     5009.4500      1.808477e+14      1.808477e+14      1.000000
     5009.4600      1.808483e+14      1.808483e+14      1.000000
     5009.4700      1.808489e+14      1.808489e+14      1.000000
     5009.4800      1.808495e+14      1.808495e+14      1.000000
     5009.4900      1.808502e+14      1.808502e+14      1.000000
     5009.5000      1.808508e+14      1.808508e+14      1.000000
     5009.5100      1.808514e+14      1.808514e+14      1.000000
     5009.5200      1.808520e+14      1.808520e+14      1.000000
     5009.5300      1.808526e+14      1.808526e+14      1.000000
     5009.5400      1.808532e+14      1.808532e+14      1.000000
     5009.5500      1.808538e+14      1.808538e+14      1.000000
     5009.5600      1.808545e+14      1.808545e+14      1.000000
     5009.5700      1.808551e+14      1.808551e+14      1.000000
     5009.5800      1.808557e+14      1.808557e+14      1.000000
     5009.5900      1.808563e+14      1.808563e+14      1.000000
     5009.6000      1.808569e+14      1.808569e+14      1.000000
     5009.6100      1.808575e+14      1.808575e+14      1.000000
     5009.6200      1.808581e+14      1.808581e+14      1.000000
     5009.6300      1.808587e+14      1.808587e+14      1.000000
     5009.6400      1.808594e+14      1.808594e+14      1.000000
     5009.6500      1.808600e+14      1.808600e+14      1.000000
     5009.6600      1.808606e+14      1.808606e+14      1.000000
     5009.6700      1.808612e+14      1.808612e+14      1.000000
     5009.6800      1.808618e+14      1.808618e+14      1.000000
     5009.6900      1.808624e+14      1.808624e+14      1.000000
     5009.7000      1.808630e+14      1.808630e+14      1.000000
     5009.7100      1.808637e+14      1.808637e+14      1.000000
     5009.7200      1.808643e+14      1.808643e+14      1.000000
     5009.7300      1.808649e+14      1.808649e+14      1.000000
     5009.7400      1.808655e+14      1.808655e+14      1.000000
     5009.7500      1.808661e+14      1.808661e+14      1.000000
     5009.7600      1.808667e+14      1.808667e+14      1.000000
     5009.7700      1.808673e+14      1.808673e+14      1.000000
     5009.7800      1.808679e+14      1.808679e+14      1.000000
     5009.7900      1.808686e+14      1.808686e+14      1.000000
     5009.8000      1.808692e+14      1.808692e+14      1.000000
     5009.8100      1.808698e+14      1.808698e+14      1.000000
     5009.8200      1.808704e+14      1.808704e+14      1.000000
     5009.8300      1.808710e+14      1.808710e+14      1.000000
     5009.8400      1.808716e+14      1.808716e+14      1.000000
     5009.8500      1.808722e+14      1.808722e+14      1.000000
     5009.8600      1.808729e+14      1.808729e+14      1.000000
     5009.8700      1.808735e+14      1.808735e+14      1.000000
     5009.8800      1.808741e+14      1.808741e+14      1.000000
     5009.8900      1.808747e+14      1.808747e+14      1.000000
     5009.9000      1.808753e+14      1.808753e+14      1.000000
     5009.9100      1.808759e+14      1.808759e+14      1.000000
     5009.9200      1.808765e+14      1.808765e+14      1.000000
     5009.9300      1.808771e+14      1.808771e+14      1.000000
     5009.9400      1.808778e+14      1.808778e+14      1.000000
     5009.9500      1.808784e+14      1.808784e+14      1.000000
     5009.9600      1.808790e+14      1.808790e+14      1.000000
     5009.9700      1.808796e+14      1.808796e+14      1.000000
     5009.9800      1.808802e+14      1.808802e+14      1.000000
     5009.9900      1.808808e+14      1.808808e+14      1.000000
     5010.0000      1.808814e+14      1.808814e+14      1.000000
     5010.0100      1.808820e+14      1.808820e+14      1.000000
     5010.0200      1.808827e+14      1.808827e+14      1.000000
     5010.0300      1.808833e+14      1.808833e+14      1.000000
     5010.0400      1.808839e+14      1.808839e+14      1.000000
     5010.0500      1.808845e+14      1.808845e+14      1.000000
     5010.0600      1.808851e+14      1.808851e+14      1.000000
     5010.0700      1.808857e+14      1.808857e+14      1.000000
     5010.0800      1.808863e+14      1.808863e+14      1.000000
     5010.0900      1.808869e+14      1.808869e+14      1.000000
     5010.1000      1.808875e+14      1.808875e+14      1.000000
     5010.1100      1.808881e+14      1.808881e+14      1.000000
     5010.1200      1.808887e+14      1.808887e+14      1.000000
     5010.1300      1.808893e+14      1.808893e+14      1.000000
     5010.1400      1.808899e+14      1.808899e+14      1.000000
     5010.1500      1.808905e+14      1.808905e+14      1.000000
     5010.1600      1.808911e+14      1.808911e+14      1.000000
     5010.1700      1.808917e+14      1.808917e+14      1.000000
     5010.1800      1.808923e+14      1.808923e+14      1.000000
     5010.1900      1.808930e+14      1.808930e+14      1.000000
     5010.2000      1.808936e+14      1.808936e+14      1.000000
     5010.2100      1.808942e+14      1.808942e+14      1.000000
     5010.2200      1.808948e+14      1.808948e+14      1.000000
     5010.2300      1.808954e+14      1.808954e+14      1.000000
     5010.2400      1.808960e+14      1.808960e+14      1.000000
     5010.2500      1.808966e+14      1.808966e+14      1.000000
     5010.2600      1.808972e+14      1.808972e+14      1.000000
     5010.2700      1.808978e+14      1.808978e+14      1.000000
     5010.2800      1.808984e+14      1.808984e+14      1.000000
     5010.2900      1.808990e+14      1.808990e+14      1.000000
     5010.3000      1.808996e+14      1.808996e+14      1.000000
     5010.3100      1.809002e+14      1.809002e+14      1.000000
     5010.3200      1.809008e+14      1.809008e+14      1.000000
     5010.3300      1.809014e+14      1.809014e+14      1.000000
     5010.3400      1.809020e+14      1.809020e+14      1.000000
     5010.3500      1.809027e+14      1.809027e+14      1.000000
     5010.3600      1.809033e+14      1.809033e+14      1.000000
     5010.3700      1.809039e+14      1.809039e+14      1.000000
     5010.3800      1.809045e+14      1.809045e+14      1.000000
     5010.3900      1.809051e+14      1.809051e+14      1.000000
     5010.4000      1.809057e+14      1.809057e+14      1.000000
     5010.4100      1.809063e+14      1.809063e+14      1.000000
     5010.4200      1.809069e+14      1.809069e+14      1.000000
     5010.4300      1.809075e+14      1.809075e+14      1.000000
     5010.4400      1.809081e+14      1.809081e+14      1.000000
     5010.4500      1.809087e+14      1.809087e+14      1.000000
     5010.4600      1.809093e+14      1.809093e+14      1.000000
     5010.4700      1.809099e+14      1.809099e+14      1.000000
     5010.4800      1.809105e+14      1.809105e+14      1.000000
     5010.4900      1.809111e+14      1.809111e+14      1.000000
     5010.5000      1.809117e+14      1.809117e+14      1.000000
     5010.5100      1.809123e+14      1.809123e+14      1.000000
     5010.5200      1.809130e+14      1.809130e+14      1.000000
     5010.5300      1.809136e+14      1.809136e+14      1.000000
     5010.5400      1.809142e+14      1.809142e+14      1.000000
     5010.5500      1.809148e+14      1.809148e+14      1.000000
     5010.5600      1.809154e+14      1.809154e+14      1.000000
     5010.5700      1.809160e+14      1.809160e+14      1.000000
     5010.5800      1.809166e+14      1.809166e+14      1.000000
     5010.5900      1.809172e+14      1.809172e+14      1.000000
     5010.6000      1.809178e+14      1.809178e+14      1.000000
     5010.6100      1.809184e+14      1.809184e+14      1.000000
     5010.6200      1.809190e+14      1.809190e+14      1.000000
     5010.6300      1.809196e+14      1.809196e+14      1.000000
     5010.6400      1.809202e+14      1.809202e+14      1.000000
     5010.6500      1.809208e+14      1.809208e+14      1.000000
     5010.6600      1.809214e+14      1.809214e+14      1.000000
     5010.6700      1.809220e+14      1.809220e+14      1.000000
     5010.6800      1.809226e+14      1.809226e+14      1.000000
     5010.6900      1.809233e+14      1.809233e+14      1.000000
     5010.7000      1.809239e+14      1.809239e+14      1.000000
     5010.7100      1.809245e+14      1.809245e+14      1.000000
     5010.7200      1.809251e+14      1.809251e+14      1.000000
     5010.7300      1.809257e+14      1.809257e+14      1.000000
     5010.7400      1.809263e+14      1.809263e+14      1.000000
     5010.7500      1.809269e+14      1.809269e+14      1.000000
     5010.7600      1.809275e+14      1.809275e+14      1.000000
     5010.7700      1.809281e+14      1.809281e+14      1.000000
     5010.7800      1.809287e+14      1.809287e+14      1.000000
     5010.7900      1.809293e+14      1.809293e+14      1.000000
     5010.8000      1.809299e+14      1.809299e+14      1.000000
     5010.8100      1.809305e+14      1.809305e+14      1.000000
     5010.8200      1.809311e+14      1.809311e+14      1.000000
     5010.8300      1.809317e+14      1.809317e+14      1.000000
     5010.8400      1.809323e+14      1.809323e+14      1.000000
     5010.8500      1.809329e+14      1.809329e+14      1.000000
     5010.8600      1.809336e+14      1.809336e+14      1.000000
     5010.8700      1.809342e+14      1.809342e+14      1.000000
     5010.8800      1.809348e+14      1.809348e+14      1.000000
     5010.8900      1.809354e+14      1.809354e+14      1.000000
     5010.9000      1.809360e+14      1.809360e+14      1.000000
     5010.9100      1.809366e+14      1.809366e+14      1.000000
     5010.9200      1.809372e+14      1.809372e+14      1.000000
     5010.9300      1.809378e+14      1.809378e+14      1.000000
     5010.9400      1.809384e+14      1.809384e+14      1.000000
     5010.9500      1.809390e+14      1.809390e+14      1.000000
     5010.9600      1.809396e+14      1.809396e+14      1.000000
     5010.9700      1.809402e+14      1.809402e+14      1.000000
     5010.9800      1.809408e+14      1.809408e+14      1.000000
     5010.9900      1.809414e+14      1.809414e+14      1.000000
     5011.0000      1.809420e+14      1.809420e+14      1.000000
     5011.0100      1.809426e+14      1.809426e+14      1.000000
     5011.0200      1.809432e+14      1.809432e+14      1.000000
     5011.0300      1.809439e+14      1.809439e+14      1.000000
     5011.0400      1.809445e+14      1.809445e+14      1.000000
     5011.0500      1.809451e+14      1.809451e+14      1.000000
     5011.0600      1.809457e+14      1.809457e+14      1.000000
     5011.0700      1.809463e+14      1.809463e+14      1.000000
     5011.0800      1.809469e+14      1.809469e+14      1.000000
     5011.0900      1.809475e+14      1.809475e+14      1.000000
     5011.1000      1.809481e+14      1.809481e+14      1.000000
     5011.1100      1.809487e+14      1.809487e+14      1.000000
     5011.1200      1.809493e+14      1.809493e+14      1.000000
     5011.1300      1.809499e+14      1.809499e+14      1.000000
     5011.1400      1.809505e+14      1.809505e+14      1.000000
     5011.1500      1.809511e+14      1.809511e+14      1.000000
     5011.1600      1.809518e+14      1.809518e+14      1.000000
     5011.1700      1.809524e+14      1.809524e+14      1.000000
     5011.1800      1.809530e+14      1.809530e+14      1.000000
     5011.1900      1.809536e+14      1.809536e+14      1.000000
     5011.2000      1.809542e+14      1.809542e+14      1.000000
     5011.2100      1.809548e+14      1.809548e+14      1.000000
     5011.2200      1.809554e+14      1.809554e+14      1.000000
     5011.2300      1.809560e+14      1.809560e+14      1.000000
     5011.2400      1.809566e+14      1.809566e+14      1.000000
     5011.2500      1.809572e+14      1.809572e+14      1.000000
     5011.2600      1.809578e+14      1.809578e+14      1.000000
     5011.2700      1.809584e+14      1.809584e+14      1.000000
     5011.2800      1.809590e+14      1.809590e+14      1.000000
     5011.2900      1.809597e+14      1.809597e+14      1.000000
     5011.3000      1.809603e+14      1.809603e+14      1.000000
     5011.3100      1.809609e+14      1.809609e+14      1.000000
     5011.3200      1.809615e+14      1.809615e+14      1.000000
     5011.3300      1.809621e+14      1.809621e+14      1.000000
     5011.3400      1.809627e+14      1.809627e+14      1.000000
     5011.3500      1.809633e+14      1.809633e+14      1.000000
     5011.3600      1.809639e+14      1.809639e+14      1.000000
     5011.3700      1.809645e+14      1.809645e+14      1.000000
     5011.3800      1.809651e+14      1.809651e+14      1.000000
     5011.3900      1.809657e+14      1.809657e+14      1.000000
     5011.4000      1.809663e+14      1.809663e+14      1.000000
     5011.4100      1.809669e+14      1.809669e+14      1.000000
     5011.4200      1.809675e+14      1.809675e+14      1.000000
     5011.4300      1.809682e+14      1.809682e+14      1.000000
     5011.4400      1.809688e+14      1.809688e+14      1.000000
     5011.4500      1.809694e+14      1.809694e+14      1.000000
     5011.4600      1.809700e+14      1.809700e+14      1.000000
     5011.4700      1.809706e+14      1.809706e+14      1.000000
     5011.4800      1.809712e+14      1.809712e+14      1.000000
     5011.4900      1.809718e+14      1.809718e+14      1.000000
     5011.5000      1.809724e+14      1.809724e+14      1.000000
     5011.5100      1.809730e+14      1.809730e+14      1.000000
     5011.5200      1.809736e+14      1.809736e+14      1.000000
     5011.5300      1.809742e+14      1.809742e+14      1.000000
     5011.5400      1.809748e+14      1.809748e+14      1.000000
     5011.5500      1.809754e+14      1.809754e+14      1.000000
     5011.5600      1.809761e+14      1.809761e+14      1.000000
     5011.5700      1.809767e+14      1.809767e+14      1.000000
     5011.5800      1.809773e+14      1.809773e+14      1.000000
     5011.5900      1.809779e+14      1.809779e+14      1.000000
     5011.6000      1.809785e+14      1.809785e+14      1.000000
     5011.6100      1.809791e+14      1.809791e+14      1.000000
     5011.6200      1.809797e+14      1.809797e+14      1.000000
     5011.6300      1.809803e+14      1.809803e+14      1.000000
     5011.6400      1.809809e+14      1.809809e+14      1.000000
     5011.6500      1.809815e+14      1.809815e+14      1.000000
     5011.6600      1.809821e+14      1.809821e+14      1.000000
     5011.6700      1.809827e+14      1.809827e+14      1.000000
     5011.6800      1.809833e+14      1.809833e+14      1.000000
     5011.6900      1.809839e+14      1.809839e+14      1.000000
     5011.7000      1.809846e+14      1.809846e+14      1.000000
     5011.7100      1.809852e+14      1.809852e+14      1.000000
     5011.7200      1.809858e+14      1.809858e+14      1.000000
     5011.7300      1.809864e+14      1.809864e+14      1.000000
     5011.7400      1.809870e+14      1.809870e+14      1.000000
     5011.7500      1.809876e+14      1.809876e+14      1.000000
     5011.7600      1.809882e+14      1.809882e+14      1.000000
     5011.7700      1.809888e+14      1.809888e+14      1.000000
     5011.7800      1.809894e+14      1.809894e+14      1.000000
     5011.7900      1.809900e+14      1.809900e+14      1.000000
     5011.8000      1.809906e+14      1.809906e+14      1.000000
     5011.8100      1.809912e+14      1.809912e+14      1.000000
     5011.8200      1.809918e+14      1.809918e+14      1.000000
     5011.8300      1.809924e+14      1.809924e+14      1.000000
     5011.8400      1.809931e+14      1.809931e+14      1.000000
     5011.8500      1.809937e+14      1.809937e+14      1.000000
     5011.8600      1.809943e+14      1.809943e+14      1.000000
     5011.8700      1.809949e+14      1.809949e+14      1.000000
     5011.8800      1.809955e+14      1.809955e+14      1.000000
     5011.8900      1.809961e+14      1.809961e+14      1.000000
     5011.9000      1.809967e+14      1.809967e+14      1.000000
     5011.9100      1.809973e+14      1.809973e+14      1.000000
     5011.9200      1.809979e+14      1.809979e+14      1.000000
     5011.9300      1.809985e+14      1.809985e+14      1.000000
     5011.9400      1.809991e+14      1.809991e+14      1.000000
     5011.9500      1.809997e+14      1.809997e+14      1.000000
     5011.9600      1.810003e+14      1.810003e+14      1.000000
     5011.9700      1.810010e+14      1.810010e+14      1.000000
     5011.9800      1.810016e+14      1.810016e+14      1.000000
     5011.9900      1.810022e+14      1.810022e+14      1.000000
     5012.0000      1.810028e+14      1.810028e+14      1.000000
     5012.0100      1.810034e+14      1.810034e+14      1.000000
     5012.0200      1.810040e+14      1.810040e+14      1.000000
     5012.0300      1.810046e+14      1.810046e+14      1.000000
     5012.0400      1.810053e+14      1.810053e+14      1.000000
     5012.0500      1.810059e+14      1.810059e+14      1.000000
     5012.0600      1.810065e+14      1.810065e+14      1.000000
     5012.0700      1.810071e+14      1.810071e+14      1.000000
     5012.0800      1.810078e+14      1.810078e+14      1.000000
     5012.0900      1.810084e+14      1.810084e+14      1.000000
     5012.1000      1.810090e+14      1.810090e+14      1.000000
     5012.1100      1.810096e+14      1.810096e+14      1.000000
     5012.1200      1.810103e+14      1.810103e+14      1.000000
     5012.1300      1.810109e+14      1.810109e+14      1.000000
     5012.1400      1.810115e+14      1.810115e+14      1.000000
     5012.1500      1.810121e+14      1.810121e+14      1.000000
     5012.1600      1.810128e+14      1.810128e+14      1.000000
     5012.1700      1.810134e+14      1.810134e+14      1.000000
     5012.1800      1.810140e+14      1.810140e+14      1.000000
     5012.1900      1.810146e+14      1.810146e+14      1.000000
     5012.2000      1.810152e+14      1.810152e+14      1.000000
     5012.2100      1.810159e+14      1.810159e+14      1.000000
     5012.2200      1.810165e+14      1.810165e+14      1.000000
     5012.2300      1.810171e+14      1.810171e+14      1.000000
     5012.2400      1.810177e+14      1.810177e+14      1.000000
     5012.2500      1.810184e+14      1.810184e+14      1.000000
     5012.2600      1.810190e+14      1.810190e+14      1.000000
     5012.2700      1.810196e+14      1.810196e+14      1.000000
     5012.2800      1.810202e+14      1.810202e+14      1.000000
     5012.2900      1.810209e+14      1.810209e+14      1.000000
     5012.3000      1.810215e+14      1.810215e+14      1.000000
     5012.3100      1.810221e+14      1.810221e+14      1.000000
     5012.3200      1.810227e+14      1.810227e+14      1.000000
     5012.3300      1.810234e+14      1.810234e+14      1.000000
     5012.3400      1.810240e+14      1.810240e+14      1.000000
     5012.3500      1.810246e+14      1.810246e+14      1.000000
     5012.3600      1.810252e+14      1.810252e+14      1.000000
     5012.3700      1.810259e+14      1.810259e+14      1.000000
     5012.3800      1.810265e+14      1.810265e+14      1.000000
     5012.3900      1.810271e+14      1.810271e+14      1.000000
     5012.4000      1.810277e+14      1.810277e+14      1.000000
     5012.4100      1.810283e+14      1.810283e+14      1.000000
     5012.4200      1.810290e+14      1.810290e+14      1.000000
     5012.4300      1.810296e+14      1.810296e+14      1.000000
     5012.4400      1.810302e+14      1.810302e+14      1.000000
     5012.4500      1.810308e+14      1.810308e+14      1.000000
     5012.4600      1.810315e+14      1.810315e+14      1.000000
     5012.4700      1.810321e+14      1.810321e+14      1.000000
     5012.4800      1.810327e+14      1.810327e+14      1.000000
     5012.4900      1.810333e+14      1.810333e+14      1.000000
     5012.5000      1.810340e+14      1.810340e+14      1.000000
     5012.5100      1.810346e+14      1.810346e+14      1.000000
     5012.5200      1.810352e+14      1.810352e+14      1.000000
     5012.5300      1.810358e+14      1.810358e+14      1.000000
     5012.5400      1.810365e+14      1.810365e+14      1.000000
     5012.5500      1.810371e+14      1.810371e+14      1.000000
     5012.5600      1.810377e+14      1.810377e+14      1.000000
     5012.5700      1.810383e+14      1.810383e+14      1.000000
     5012.5800      1.810389e+14      1.810389e+14      1.000000
     5012.5900      1.810396e+14      1.810396e+14      1.000000
     5012.6000      1.810402e+14      1.810402e+14      1.000000
     5012.6100      1.810408e+14      1.810408e+14      1.000000
     5012.6200      1.810414e+14      1.810414e+14      1.000000
     5012.6300      1.810421e+14      1.810421e+14      1.000000
     5012.6400      1.810427e+14      1.810427e+14      1.000000
     5012.6500      1.810433e+14      1.810433e+14      1.000000
     5012.6600      1.810439e+14      1.810439e+14      1.000000
     5012.6700      1.810446e+14      1.810446e+14      1.000000
     5012.6800      1.810452e+14      1.810452e+14      1.000000
     5012.6900      1.810458e+14      1.810458e+14      1.000000
     5012.7000      1.810464e+14      1.810464e+14      1.000000
     5012.7100      1.810471e+14      1.810471e+14      1.000000
     5012.7200      1.810477e+14      1.810477e+14      1.000000
     5012.7300      1.810483e+14      1.810483e+14      1.000000
     5012.7400      1.810489e+14      1.810489e+14      1.000000
     5012.7500      1.810496e+14      1.810496e+14      1.000000
     5012.7600      1.810502e+14      1.810502e+14      1.000000
     5012.7700      1.810508e+14      1.810508e+14      1.000000
     5012.7800      1.810514e+14      1.810514e+14      1.000000
     5012.7900      1.810520e+14      1.810520e+14      1.000000
     5012.8000      1.810527e+14      1.810527e+14      1.000000
     5012.8100      1.810533e+14      1.810533e+14      1.000000
     5012.8200      1.810539e+14      1.810539e+14      1.000000
     5012.8300      1.810545e+14      1.810545e+14      1.000000
     5012.8400      1.810552e+14      1.810552e+14      1.000000
     5012.8500      1.810558e+14      1.810558e+14      1.000000
     5012.8600      1.810564e+14      1.810564e+14      1.000000
     5012.8700      1.810570e+14      1.810570e+14      1.000000
     5012.8800      1.810577e+14      1.810577e+14      1.000000
     5012.8900      1.810583e+14      1.810583e+14      1.000000
     5012.9000      1.810589e+14      1.810589e+14      1.000000
     5012.9100      1.810595e+14      1.810595e+14      1.000000
     5012.9200      1.810602e+14      1.810602e+14      1.000000
     5012.9300      1.810608e+14      1.810608e+14      1.000000
     5012.9400      1.810614e+14      1.810614e+14      1.000000
     5012.9500      1.810620e+14      1.810620e+14      1.000000
     5012.9600      1.810626e+14      1.810626e+14      1.000000
     5012.9700      1.810633e+14      1.810633e+14      1.000000
     5012.9800      1.810639e+14      1.810639e+14      1.000000
     5012.9900      1.810645e+14      1.810645e+14      1.000000
     5013.0000      1.810651e+14      1.810651e+14      1.000000
     5013.0100      1.810658e+14      1.810658e+14      1.000000
     5013.0200      1.810664e+14      1.810664e+14      1.000000
     5013.0300      1.810670e+14      1.810670e+14      1.000000
     5013.0400      1.810677e+14      1.810677e+14      1.000000
     5013.0500      1.810683e+14      1.810683e+14      1.000000
     5013.0600      1.810689e+14      1.810689e+14      1.000000
     5013.0700      1.810695e+14      1.810695e+14      1.000000
     5013.0800      1.810702e+14      1.810702e+14      1.000000
     5013.0900      1.810708e+14      1.810708e+14      1.000000
     5013.1000      1.810714e+14      1.810714e+14      1.000000
     5013.1100      1.810721e+14      1.810721e+14      1.000000
     5013.1200      1.810727e+14      1.810727e+14      1.000000
     5013.1300      1.810733e+14      1.810733e+14      1.000000
     5013.1400      1.810739e+14      1.810739e+14      1.000000
     5013.1500      1.810746e+14      1.810746e+14      1.000000
     5013.1600      1.810752e+14      1.810752e+14      1.000000
     5013.1700      1.810758e+14      1.810758e+14      1.000000
     5013.1800      1.810765e+14      1.810765e+14      1.000000
     5013.1900      1.810771e+14      1.810771e+14      1.000000
     5013.2000      1.810777e+14      1.810777e+14      1.000000
     5013.2100      1.810784e+14      1.810784e+14      1.000000
     5013.2200      1.810790e+14      1.810790e+14      1.000000
     5013.2300      1.810796e+14      1.810796e+14      1.000000
     5013.2400      1.810802e+14      1.810802e+14      1.000000
     5013.2500      1.810809e+14      1.810809e+14      1.000000
     5013.2600      1.810815e+14      1.810815e+14      1.000000
     5013.2700      1.810821e+14      1.810821e+14      1.000000
     5013.2800      1.810828e+14      1.810828e+14      1.000000
     5013.2900      1.810834e+14      1.810834e+14      1.000000
     5013.3000      1.810840e+14      1.810840e+14      1.000000
     5013.3100      1.810846e+14      1.810846e+14      1.000000
     5013.3200      1.810853e+14      1.810853e+14      1.000000
     5013.3300      1.810859e+14      1.810859e+14      1.000000
     5013.3400      1.810865e+14      1.810865e+14      1.000000
     5013.3500      1.810872e+14      1.810872e+14      1.000000
     5013.3600      1.810878e+14      1.810878e+14      1.000000
     5013.3700      1.810884e+14      1.810884e+14      1.000000
     5013.3800      1.810891e+14      1.810891e+14      1.000000
     5013.3900      1.810897e+14      1.810897e+14      1.000000
     5013.4000      1.810903e+14      1.810903e+14      1.000000
     5013.4100      1.810909e+14      1.810909e+14      1.000000
     5013.4200      1.810916e+14      1.810916e+14      1.000000
     5013.4300      1.810922e+14      1.810922e+14      1.000000
     5013.4400      1.810928e+14      1.810928e+14      1.000000
     5013.4500      1.810935e+14      1.810935e+14      1.000000
     5013.4600      1.810941e+14      1.810941e+14      1.000000
     5013.4700      1.810947e+14      1.810947e+14      1.000000
     5013.4800      1.810953e+14      1.810953e+14      1.000000
     5013.4900      1.810960e+14      1.810960e+14      1.000000
     5013.5000      1.810966e+14      1.810966e+14      1.000000
     5013.5100      1.810972e+14      1.810972e+14      1.000000
     5013.5200      1.810979e+14      1.810979e+14      1.000000
     5013.5300      1.810985e+14      1.810985e+14      1.000000
     5013.5400      1.810991e+14      1.810991e+14      1.000000
     5013.5500      1.810997e+14      1.810997e+14      1.000000
     5013.5600      1.811004e+14      1.811004e+14      1.000000
     5013.5700      1.811010e+14      1.811010e+14      1.000000
     5013.5800      1.811016e+14      1.811016e+14      1.000000
     5013.5900      1.811023e+14      1.811023e+14      1.000000
     5013.6000      1.811029e+14      1.811029e+14      1.000000
     5013.6100      1.811035e+14      1.811035e+14      1.000000
     5013.6200      1.811041e+14      1.811041e+14      1.000000
     5013.6300      1.811048e+14      1.811048e+14      1.000000
     5013.6400      1.811054e+14      1.811054e+14      1.000000
     5013.6500      1.811060e+14      1.811060e+14      1.000000
     5013.6600      1.811067e+14      1.811067e+14      1.000000
     5013.6700      1.811073e+14      1.811073e+14      1.000000
     5013.6800      1.811079e+14      1.811079e+14      1.000000
     5013.6900      1.811086e+14      1.811086e+14      1.000000
     5013.7000      1.811092e+14      1.811092e+14      1.000000
     5013.7100      1.811098e+14      1.811098e+14      1.000000
     5013.7200      1.811104e+14      1.811104e+14      1.000000
     5013.7300      1.811111e+14      1.811111e+14      1.000000
     5013.7400      1.811117e+14      1.811117e+14      1.000000
     5013.7500      1.811123e+14      1.811123e+14      1.000000
     5013.7600      1.811130e+14      1.811130e+14      1.000000
     5013.7700      1.811136e+14      1.811136e+14      1.000000
     5013.7800      1.811142e+14      1.811142e+14      1.000000
     5013.7900      1.811148e+14      1.811148e+14      1.000000
     5013.8000      1.811155e+14      1.811155e+14      1.000000
     5013.8100      1.811161e+14      1.811161e+14      1.000000
     5013.8200      1.811167e+14      1.811167e+14      1.000000
     5013.8300      1.811174e+14      1.811174e+14      1.000000
     5013.8400      1.811180e+14      1.811180e+14      1.000000
     5013.8500      1.811186e+14      1.811186e+14      1.000000
     5013.8600      1.811192e+14      1.811192e+14      1.000000
     5013.8700      1.811199e+14      1.811199e+14      1.000000
     5013.8800      1.811205e+14      1.811205e+14      1.000000
     5013.8900      1.811211e+14      1.811211e+14      1.000000
     5013.9000      1.811218e+14      1.811218e+14      1.000000
     5013.9100      1.811224e+14      1.811224e+14      1.000000
     5013.9200      1.811230e+14      1.811230e+14      1.000000
     5013.9300      1.811237e+14      1.811237e+14      1.000000
     5013.9400      1.811243e+14      1.811243e+14      1.000000
     5013.9500      1.811249e+14      1.811249e+14      1.000000
     5013.9600      1.811255e+14      1.811255e+14      1.000000
     5013.9700      1.811262e+14      1.811262e+14      1.000000
     5013.9800      1.811268e+14      1.811268e+14      1.000000
     5013.9900      1.811274e+14      1.811274e+14      1.000000
     5014.0000      1.811281e+14      1.811281e+14      1.000000
     5014.0100      1.811287e+14      1.811287e+14      1.000000
     5014.0200      1.811293e+14      1.811293e+14      1.000000
     5014.0300      1.811299e+14      1.811299e+14      1.000000
     5014.0400      1.811306e+14      1.811306e+14      1.000000
     5014.0500      1.811312e+14      1.811312e+14      1.000000
     5014.0600      1.811318e+14      1.811318e+14      1.000000
     5014.0700      1.811324e+14      1.811324e+14      1.000000
     5014.0800      1.811331e+14      1.811331e+14      1.000000
     5014.0900      1.811337e+14      1.811337e+14      1.000000
     5014.1000      1.811343e+14      1.811343e+14      1.000000
     5014.1100      1.811350e+14      1.811350e+14      1.000000
     5014.1200      1.811356e+14      1.811356e+14      1.000000
     5014.1300      1.811362e+14      1.811362e+14      1.000000
     5014.1400      1.811368e+14      1.811368e+14      1.000000
     5014.1500      1.811375e+14      1.811375e+14      1.000000
     5014.1600      1.811381e+14      1.811381e+14      1.000000
     5014.1700      1.811387e+14      1.811387e+14      1.000000
     5014.1800      1.811393e+14      1.811393e+14      1.000000
     5014.1900      1.811400e+14      1.811400e+14      1.000000
     5014.2000      1.811406e+14      1.811406e+14      1.000000
     5014.2100      1.811412e+14      1.811412e+14      1.000000
     5014.2200      1.811419e+14      1.811419e+14      1.000000
     5014.2300      1.811425e+14      1.811425e+14      1.000000
     5014.2400      1.811431e+14      1.811431e+14      1.000000
     5014.2500      1.811437e+14      1.811437e+14      1.000000
     5014.2600      1.811444e+14      1.811444e+14      1.000000
     5014.2700      1.811450e+14      1.811450e+14      1.000000
     5014.2800      1.811456e+14      1.811456e+14      1.000000
     5014.2900      1.811462e+14      1.811462e+14      1.000000
     5014.3000      1.811469e+14      1.811469e+14      1.000000
     5014.3100      1.811475e+14      1.811475e+14      1.000000
     5014.3200      1.811481e+14      1.811481e+14      1.000000
     5014.3300      1.811488e+14      1.811488e+14      1.000000
     5014.3400      1.811494e+14      1.811494e+14      1.000000
     5014.3500      1.811500e+14      1.811500e+14      1.000000
     5014.3600      1.811506e+14      1.811506e+14      1.000000
     5014.3700      1.811513e+14      1.811513e+14      1.000000
     5014.3800      1.811519e+14      1.811519e+14      1.000000
     5014.3900      1.811525e+14      1.811525e+14      1.000000
     5014.4000      1.811531e+14      1.811531e+14      1.000000
     5014.4100      1.811538e+14      1.811538e+14      1.000000
     5014.4200      1.811544e+14      1.811544e+14      1.000000
     5014.4300      1.811550e+14      1.811550e+14      1.000000
     5014.4400      1.811557e+14      1.811557e+14      1.000000
     5014.4500      1.811563e+14      1.811563e+14      1.000000
     5014.4600      1.811569e+14      1.811569e+14      1.000000
     5014.4700      1.811575e+14      1.811575e+14      1.000000
     5014.4800      1.811582e+14      1.811582e+14      1.000000
     5014.4900      1.811588e+14      1.811588e+14      1.000000
     5014.5000      1.811594e+14      1.811594e+14      1.000000
     5014.5100      1.811600e+14      1.811600e+14      1.000000
     5014.5200      1.811607e+14      1.811607e+14      1.000000
     5014.5300      1.811613e+14      1.811613e+14      1.000000
     5014.5400      1.811619e+14      1.811619e+14      1.000000
     5014.5500      1.811626e+14      1.811626e+14      1.000000
     5014.5600      1.811632e+14      1.811632e+14      1.000000
     5014.5700      1.811638e+14      1.811638e+14      1.000000
     5014.5800      1.811644e+14      1.811644e+14      1.000000
     5014.5900      1.811651e+14      1.811651e+14      1.000000
     5014.6000      1.811657e+14      1.811657e+14      1.000000
     5014.6100      1.811663e+14      1.811663e+14      1.000000
     5014.6200      1.811669e+14      1.811669e+14      1.000000
     5014.6300      1.811676e+14      1.811676e+14      1.000000
     5014.6400      1.811682e+14      1.811682e+14      1.000000
     5014.6500      1.811688e+14      1.811688e+14      1.000000
     5014.6600      1.811695e+14      1.811695e+14      1.000000
     5014.6700      1.811701e+14      1.811701e+14      1.000000
     5014.6800      1.811707e+14      1.811707e+14      1.000000
     5014.6900      1.811713e+14      1.811713e+14      1.000000
     5014.7000      1.811720e+14      1.811720e+14      1.000000
     5014.7100      1.811726e+14      1.811726e+14      1.000000
     5014.7200      1.811732e+14      1.811732e+14      1.000000
     5014.7300      1.811738e+14      1.811738e+14      1.000000
     5014.7400      1.811745e+14      1.811745e+14      1.000000
     5014.7500      1.811751e+14      1.811751e+14      1.000000
     5014.7600      1.811757e+14      1.811757e+14      1.000000
     5014.7700      1.811764e+14      1.811764e+14      1.000000
     5014.7800      1.811770e+14      1.811770e+14      1.000000
     5014.7900      1.811776e+14      1.811776e+14      1.000000
     5014.8000      1.811782e+14      1.811782e+14      1.000000
     5014.8100      1.811789e+14      1.811789e+14      1.000000
     5014.8200      1.811795e+14      1.811795e+14      1.000000
     5014.8300      1.811801e+14      1.811801e+14      1.000000
     5014.8400      1.811807e+14      1.811807e+14      1.000000
     5014.8500      1.811814e+14      1.811814e+14      1.000000
     5014.8600      1.811820e+14      1.811820e+14      1.000000
     5014.8700      1.811826e+14      1.811826e+14      1.000000
     5014.8800      1.811833e+14      1.811833e+14      1.000000
     5014.8900      1.811839e+14      1.811839e+14      1.000000
     5014.9000      1.811845e+14      1.811845e+14      1.000000
     5014.9100      1.811851e+14      1.811851e+14      1.000000
     5014.9200      1.811858e+14      1.811858e+14      1.000000
     5014.9300      1.811864e+14      1.811864e+14      1.000000
     5014.9400      1.811870e+14      1.811870e+14      1.000000
     5014.9500      1.811876e+14      1.811876e+14      1.000000
     5014.9600      1.811883e+14      1.811883e+14      1.000000
     5014.9700      1.811889e+14      1.811889e+14      1.000000
     5014.9800      1.811895e+14      1.811895e+14      1.000000
     5014.9900      1.811902e+14      1.811902e+14      1.000000
     5015.0000      1.811908e+14      1.811908e+14      1.000000
     5015.0100      1.811914e+14      1.811914e+14      1.000000
     5015.0200      1.811920e+14      1.811920e+14      1.000000
     5015.0300      1.811926e+14      1.811926e+14      1.000000
     5015.0400      1.811932e+14      1.811932e+14      1.000000
     5015.0500      1.811939e+14      1.811939e+14      1.000000
     5015.0600      1.811945e+14      1.811945e+14      1.000000
     5015.0700      1.811951e+14      1.811951e+14      1.000000
     5015.0800      1.811957e+14      1.811957e+14      1.000000
     5015.0900      1.811963e+14      1.811963e+14      1.000000
     5015.1000      1.811970e+14      1.811970e+14      1.000000
     5015.1100      1.811976e+14      1.811976e+14      1.000000
     5015.1200      1.811982e+14      1.811982e+14      1.000000
     5015.1300      1.811988e+14      1.811988e+14      1.000000
     5015.1400      1.811994e+14      1.811994e+14      1.000000
     5015.1500      1.812000e+14      1.812000e+14      1.000000
     5015.1600      1.812007e+14      1.812007e+14      1.000000
     5015.1700      1.812013e+14      1.812013e+14      1.000000
     5015.1800      1.812019e+14      1.812019e+14      1.000000
     5015.1900      1.812025e+14      1.812025e+14      1.000000
     5015.2000      1.812031e+14      1.812031e+14      1.000000
     5015.2100      1.812037e+14      1.812037e+14      1.000000
     5015.2200      1.812044e+14      1.812044e+14      1.000000
     5015.2300      1.812050e+14      1.812050e+14      1.000000
     5015.2400      1.812056e+14      1.812056e+14      1.000000
     5015.2500      1.812062e+14      1.812062e+14      1.000000
     5015.2600      1.812068e+14      1.812068e+14      1.000000
     5015.2700      1.812074e+14      1.812074e+14      1.000000
     5015.2800      1.812081e+14      1.812081e+14      1.000000
     5015.2900      1.812087e+14      1.812087e+14      1.000000
     5015.3000      1.812093e+14      1.812093e+14      1.000000
     5015.3100      1.812099e+14      1.812099e+14      1.000000
     5015.3200      1.812105e+14      1.812105e+14      1.000000
     5015.3300      1.812111e+14      1.812111e+14      1.000000
     5015.3400      1.812118e+14      1.812118e+14      1.000000
     5015.3500      1.812124e+14      1.812124e+14      1.000000
     5015.3600      1.812130e+14      1.812130e+14      1.000000
     5015.3700      1.812136e+14      1.812136e+14      1.000000
     5015.3800      1.812142e+14      1.812142e+14      1.000000
     5015.3900      1.812148e+14      1.812148e+14      1.000000
     5015.4000      1.812155e+14      1.812155e+14      1.000000
     5015.4100      1.812161e+14      1.812161e+14      1.000000
     5015.4200      1.812167e+14      1.812167e+14      1.000000
     5015.4300      1.812173e+14      1.812173e+14      1.000000
     5015.4400      1.812179e+14      1.812179e+14      1.000000
     5015.4500      1.812185e+14      1.812185e+14      1.000000
     5015.4600      1.812192e+14      1.812192e+14      1.000000
     5015.4700      1.812198e+14      1.812198e+14      1.000000
     5015.4800      1.812204e+14      1.812204e+14      1.000000
     5015.4900      1.812210e+14      1.812210e+14      1.000000
     5015.5000      1.812216e+14      1.812216e+14      1.000000
     5015.5100      1.812223e+14      1.812223e+14      1.000000
     5015.5200      1.812229e+14      1.812229e+14      1.000000
     5015.5300      1.812235e+14      1.812235e+14      1.000000
     5015.5400      1.812241e+14      1.812241e+14      1.000000
     5015.5500      1.812247e+14      1.812247e+14      1.000000
     5015.5600      1.812253e+14      1.812253e+14      1.000000
     5015.5700      1.812260e+14      1.812260e+14      1.000000
     5015.5800      1.812266e+14      1.812266e+14      1.000000
     5015.5900      1.812272e+14      1.812272e+14      1.000000
     5015.6000      1.812278e+14      1.812278e+14      1.000000
     5015.6100      1.812284e+14      1.812284e+14      1.000000
     5015.6200      1.812290e+14      1.812290e+14      1.000000
     5015.6300      1.812297e+14      1.812297e+14      1.000000
     5015.6400      1.812303e+14      1.812303e+14      1.000000
     5015.6500      1.812309e+14      1.812309e+14      1.000000
     5015.6600      1.812315e+14      1.812315e+14      1.000000
     5015.6700      1.812321e+14      1.812321e+14      1.000000
     5015.6800      1.812327e+14      1.812327e+14      1.000000
     5015.6900      1.812334e+14      1.812334e+14      1.000000
     5015.7000      1.812340e+14      1.812340e+14      1.000000
     5015.7100      1.812346e+14      1.812346e+14      1.000000
     5015.7200      1.812352e+14      1.812352e+14      1.000000
     5015.7300      1.812358e+14      1.812358e+14      1.000000
     5015.7400      1.812364e+14      1.812364e+14      1.000000
     5015.7500      1.812371e+14      1.812371e+14      1.000000
     5015.7600      1.812377e+14      1.812377e+14      1.000000
     5015.7700      1.812383e+14      1.812383e+14      1.000000
     5015.7800      1.812389e+14      1.812389e+14      1.000000
     5015.7900      1.812395e+14      1.812395e+14      1.000000
     5015.8000      1.812401e+14      1.812401e+14      1.000000
     5015.8100      1.812408e+14      1.812408e+14      1.000000
     5015.8200      1.812414e+14      1.812414e+14      1.000000
     5015.8300      1.812420e+14      1.812420e+14      1.000000
     5015.8400      1.812426e+14      1.812426e+14      1.000000
     5015.8500      1.812432e+14      1.812432e+14      1.000000
     5015.8600      1.812438e+14      1.812438e+14      1.000000
     5015.8700      1.812445e+14      1.812445e+14      1.000000
     5015.8800      1.812451e+14      1.812451e+14      1.000000
     5015.8900      1.812457e+14      1.812457e+14      1.000000
     5015.9000      1.812463e+14      1.812463e+14      1.000000
     5015.9100      1.812469e+14      1.812469e+14      1.000000
     5015.9200      1.812475e+14      1.812475e+14      1.000000
     5015.9300      1.812482e+14      1.812482e+14      1.000000
     5015.9400      1.812488e+14      1.812488e+14      1.000000
     5015.9500      1.812494e+14      1.812494e+14      1.000000
     5015.9600      1.812500e+14      1.812500e+14      1.000000
     5015.9700      1.812506e+14      1.812506e+14      1.000000
     5015.9800      1.812512e+14      1.812512e+14      1.000000
     5015.9900      1.812519e+14      1.812519e+14      1.000000
     5016.0000      1.812525e+14      1.812525e+14      1.000000
     5016.0100      1.812531e+14      1.812531e+14      1.000000
     5016.0200      1.812537e+14      1.812537e+14      1.000000
     5016.0300      1.812543e+14      1.812543e+14      1.000000
     5016.0400      1.812549e+14      1.812549e+14      1.000000
     5016.0500      1.812556e+14      1.812556e+14      1.000000
     5016.0600      1.812562e+14      1.812562e+14      1.000000
     5016.0700      1.812568e+14      1.812568e+14      1.000000
     5016.0800      1.812574e+14      1.812574e+14      1.000000
     5016.0900      1.812580e+14      1.812580e+14      1.000000
     5016.1000      1.812586e+14      1.812586e+14      1.000000
     5016.1100      1.812593e+14      1.812593e+14      1.000000
     5016.1200      1.812599e+14      1.812599e+14      1.000000
     5016.1300      1.812605e+14      1.812605e+14      1.000000
     5016.1400      1.812611e+14      1.812611e+14      1.000000
     5016.1500      1.812617e+14      1.812617e+14      1.000000
     5016.1600      1.812623e+14      1.812623e+14      1.000000
     5016.1700      1.812630e+14      1.812630e+14      1.000000
     5016.1800      1.812636e+14      1.812636e+14      1.000000
     5016.1900      1.812642e+14      1.812642e+14      1.000000
     5016.2000      1.812648e+14      1.812648e+14      1.000000
     5016.2100      1.812654e+14      1.812654e+14      1.000000
     5016.2200      1.812660e+14      1.812660e+14      1.000000
     5016.2300      1.812666e+14      1.812666e+14      1.000000
     5016.2400      1.812673e+14      1.812673e+14      1.000000
     5016.2500      1.812679e+14      1.812679e+14      1.000000
     5016.2600      1.812685e+14      1.812685e+14      1.000000
     5016.2700      1.812691e+14      1.812691e+14      1.000000
     5016.2800      1.812697e+14      1.812697e+14      1.000000
     5016.2900      1.812703e+14      1.812703e+14      1.000000
     5016.3000      1.812710e+14      1.812710e+14      1.000000
     5016.3100      1.812716e+14      1.812716e+14      1.000000
     5016.3200      1.812722e+14      1.812722e+14      1.000000
     5016.3300      1.812728e+14      1.812728e+14      1.000000
     5016.3400      1.812734e+14      1.812734e+14      1.000000
     5016.3500      1.812740e+14      1.812740e+14      1.000000
     5016.3600      1.812747e+14      1.812747e+14      1.000000
     5016.3700      1.812753e+14      1.812753e+14      1.000000
     5016.3800      1.812759e+14      1.812759e+14      1.000000
     5016.3900      1.812765e+14      1.812765e+14      1.000000
     5016.4000      1.812771e+14      1.812771e+14      1.000000
     5016.4100      1.812777e+14      1.812777e+14      1.000000
     5016.4200      1.812783e+14      1.812783e+14      1.000000
     5016.4300      1.812790e+14      1.812790e+14      1.000000
     5016.4400      1.812796e+14      1.812796e+14      1.000000
     5016.4500      1.812802e+14      1.812802e+14      1.000000
     5016.4600      1.812808e+14      1.812808e+14      1.000000
     5016.4700      1.812814e+14      1.812814e+14      1.000000
     5016.4800      1.812820e+14      1.812820e+14      1.000000
     5016.4900      1.812827e+14      1.812827e+14      1.000000
     5016.5000      1.812833e+14      1.812833e+14      1.000000
     5016.5100      1.812839e+14      1.812839e+14      1.000000
     5016.5200      1.812845e+14      1.812845e+14      1.000000
     5016.5300      1.812851e+14      1.812851e+14      1.000000
     5016.5400      1.812857e+14      1.812857e+14      1.000000
     5016.5500      1.812863e+14      1.812863e+14      1.000000
     5016.5600      1.812870e+14      1.812870e+14      1.000000
     5016.5700      1.812876e+14      1.812876e+14      1.000000
     5016.5800      1.812882e+14      1.812882e+14      1.000000
     5016.5900      1.812888e+14      1.812888e+14      1.000000
     5016.6000      1.812894e+14      1.812894e+14      1.000000
     5016.6100      1.812900e+14      1.812900e+14      1.000000
     5016.6200      1.812907e+14      1.812907e+14      1.000000
     5016.6300      1.812913e+14      1.812913e+14      1.000000
     5016.6400      1.812919e+14      1.812919e+14      1.000000
     5016.6500      1.812925e+14      1.812925e+14      1.000000
     5016.6600      1.812931e+14      1.812931e+14      1.000000
     5016.6700      1.812937e+14      1.812937e+14      1.000000
     5016.6800      1.812944e+14      1.812944e+14      1.000000
     5016.6900      1.812950e+14      1.812950e+14      1.000000
     5016.7000      1.812956e+14      1.812956e+14      1.000000
     5016.7100      1.812962e+14      1.812962e+14      1.000000
     5016.7200      1.812968e+14      1.812968e+14      1.000000
     5016.7300      1.812974e+14      1.812974e+14      1.000000
     5016.7400      1.812980e+14      1.812980e+14      1.000000
     5016.7500      1.812987e+14      1.812987e+14      1.000000
     5016.7600      1.812993e+14      1.812993e+14      1.000000
     5016.7700      1.812999e+14      1.812999e+14      1.000000
     5016.7800      1.813005e+14      1.813005e+14      1.000000
     5016.7900      1.813011e+14      1.813011e+14      1.000000
     5016.8000      1.813017e+14      1.813017e+14      1.000000
     5016.8100      1.813024e+14      1.813024e+14      1.000000
     5016.8200      1.813030e+14      1.813030e+14      1.000000
     5016.8300      1.813036e+14      1.813036e+14      1.000000
     5016.8400      1.813042e+14      1.813042e+14      1.000000
     5016.8500      1.813048e+14      1.813048e+14      1.000000
     5016.8600      1.813054e+14      1.813054e+14      1.000000
     5016.8700      1.813061e+14      1.813061e+14      1.000000
     5016.8800      1.813067e+14      1.813067e+14      1.000000
     5016.8900      1.813073e+14      1.813073e+14      1.000000
     5016.9000      1.813079e+14      1.813079e+14      1.000000
     5016.9100      1.813085e+14      1.813085e+14      1.000000
     5016.9200      1.813091e+14      1.813091e+14      1.000000
     5016.9300      1.813097e+14      1.813097e+14      1.000000
     5016.9400      1.813104e+14      1.813104e+14      1.000000
     5016.9500      1.813110e+14      1.813110e+14      1.000000
     5016.9600      1.813116e+14      1.813116e+14      1.000000
     5016.9700      1.813122e+14      1.813122e+14      1.000000
     5016.9800      1.813128e+14      1.813128e+14      1.000000
     5016.9900      1.813134e+14      1.813134e+14      1.000000
     5017.0000      1.813141e+14      1.813141e+14      1.000000
     5017.0100      1.813147e+14      1.813147e+14      1.000000
     5017.0200      1.813153e+14      1.813153e+14      1.000000
     5017.0300      1.813159e+14      1.813159e+14      1.000000
     5017.0400      1.813165e+14      1.813165e+14      1.000000
     5017.0500      1.813171e+14      1.813171e+14      1.000000
     5017.0600      1.813177e+14      1.813177e+14      1.000000
     5017.0700      1.813184e+14      1.813184e+14      1.000000
     5017.0800      1.813190e+14      1.813190e+14      1.000000
     5017.0900      1.813196e+14      1.813196e+14      1.000000
     5017.1000      1.813202e+14      1.813202e+14      1.000000
     5017.1100      1.813208e+14      1.813208e+14      1.000000
     5017.1200      1.813214e+14      1.813214e+14      1.000000
     5017.1300      1.813220e+14      1.813220e+14      1.000000
     5017.1400      1.813227e+14      1.813227e+14      1.000000
     5017.1500      1.813233e+14      1.813233e+14      1.000000
     5017.1600      1.813239e+14      1.813239e+14      1.000000
     5017.1700      1.813245e+14      1.813245e+14      1.000000
     5017.1800      1.813251e+14      1.813251e+14      1.000000
     5017.1900      1.813257e+14      1.813257e+14      1.000000
     5017.2000      1.813263e+14      1.813263e+14      1.000000
     5017.2100      1.813269e+14      1.813269e+14      1.000000
     5017.2200      1.813276e+14      1.813276e+14      1.000000
     5017.2300      1.813282e+14      1.813282e+14      1.000000
     5017.2400      1.813288e+14      1.813288e+14      1.000000
     5017.2500      1.813294e+14      1.813294e+14      1.000000
     5017.2600      1.813300e+14      1.813300e+14      1.000000
     5017.2700      1.813306e+14      1.813306e+14      1.000000
     5017.2800      1.813312e+14      1.813312e+14      1.000000
     5017.2900      1.813319e+14      1.813319e+14      1.000000
     5017.3000      1.813325e+14      1.813325e+14      1.000000
     5017.3100      1.813331e+14      1.813331e+14      1.000000
     5017.3200      1.813337e+14      1.813337e+14      1.000000
     5017.3300      1.813343e+14      1.813343e+14      1.000000
     5017.3400      1.813349e+14      1.813349e+14      1.000000
     5017.3500      1.813355e+14      1.813355e+14      1.000000
     5017.3600      1.813362e+14      1.813362e+14      1.000000
     5017.3700      1.813368e+14      1.813368e+14      1.000000
     5017.3800      1.813374e+14      1.813374e+14      1.000000
     5017.3900      1.813380e+14      1.813380e+14      1.000000
     5017.4000      1.813386e+14      1.813386e+14      1.000000
     5017.4100      1.813392e+14      1.813392e+14      1.000000
     5017.4200      1.813398e+14      1.813398e+14      1.000000
     5017.4300      1.813405e+14      1.813405e+14      1.000000
     5017.4400      1.813411e+14      1.813411e+14      1.000000
     5017.4500      1.813417e+14      1.813417e+14      1.000000
     5017.4600      1.813423e+14      1.813423e+14      1.000000
     5017.4700      1.813429e+14      1.813429e+14      1.000000
     5017.4800      1.813435e+14      1.813435e+14      1.000000
     5017.4900      1.813441e+14      1.813441e+14      1.000000
     5017.5000      1.813448e+14      1.813448e+14      1.000000
     5017.5100      1.813454e+14      1.813454e+14      1.000000
     5017.5200      1.813460e+14      1.813460e+14      1.000000
     5017.5300      1.813466e+14      1.813466e+14      1.000000
     5017.5400      1.813472e+14      1.813472e+14      1.000000
     5017.5500      1.813478e+14      1.813478e+14      1.000000
     5017.5600      1.813484e+14      1.813484e+14      1.000000
     5017.5700      1.813491e+14      1.813491e+14      1.000000
     5017.5800      1.813497e+14      1.813497e+14      1.000000
     5017.5900      1.813503e+14      1.813503e+14      1.000000
     5017.6000      1.813509e+14      1.813509e+14      1.000000
     5017.6100      1.813515e+14      1.813515e+14      1.000000
     5017.6200      1.813521e+14      1.813521e+14      1.000000
     5017.6300      1.813527e+14      1.813527e+14      1.000000
     5017.6400      1.813534e+14      1.813534e+14      1.000000
     5017.6500      1.813540e+14      1.813540e+14      1.000000
     5017.6600      1.813546e+14      1.813546e+14      1.000000
     5017.6700      1.813552e+14      1.813552e+14      1.000000
     5017.6800      1.813558e+14      1.813558e+14      1.000000
     5017.6900      1.813564e+14      1.813564e+14      1.000000
     5017.7000      1.813570e+14      1.813570e+14      1.000000
     5017.7100      1.813576e+14      1.813576e+14      1.000000
     5017.7200      1.813583e+14      1.813583e+14      1.000000
     5017.7300      1.813589e+14      1.813589e+14      1.000000
     5017.7400      1.813595e+14      1.813595e+14      1.000000
     5017.7500      1.813601e+14      1.813601e+14      1.000000
     5017.7600      1.813607e+14      1.813607e+14      1.000000
     5017.7700      1.813613e+14      1.813613e+14      1.000000
     5017.7800      1.813619e+14      1.813619e+14      1.000000
     5017.7900      1.813626e+14      1.813626e+14      1.000000
     5017.8000      1.813632e+14      1.813632e+14      1.000000
     5017.8100      1.813638e+14      1.813638e+14      1.000000
     5017.8200      1.813644e+14      1.813644e+14      1.000000
     5017.8300      1.813650e+14      1.813650e+14      1.000000
     5017.8400      1.813656e+14      1.813656e+14      1.000000
     5017.8500      1.813662e+14      1.813662e+14      1.000000
     5017.8600      1.813669e+14      1.813669e+14      1.000000
     5017.8700      1.813675e+14      1.813675e+14      1.000000
     5017.8800      1.813681e+14      1.813681e+14      1.000000
     5017.8900      1.813687e+14      1.813687e+14      1.000000
     5017.9000      1.813693e+14      1.813693e+14      1.000000
     5017.9100      1.813699e+14      1.813699e+14      1.000000
     5017.9200      1.813705e+14      1.813705e+14      1.000000
     5017.9300      1.813712e+14      1.813712e+14      1.000000
     5017.9400      1.813718e+14      1.813718e+14      1.000000
     5017.9500      1.813724e+14      1.813724e+14      1.000000
     5017.9600      1.813730e+14      1.813730e+14      1.000000
     5017.9700      1.813736e+14      1.813736e+14      1.000000
     5017.9800      1.813742e+14      1.813742e+14      1.000000
     5017.9900      1.813748e+14      1.813748e+14      1.000000
     5018.0000      1.813755e+14      1.813755e+14      1.000000
     5018.0100      1.813761e+14      1.813761e+14      1.000000
     5018.0200      1.813767e+14      1.813767e+14      1.000000
     5018.0300      1.813773e+14      1.813773e+14      1.000000
     5018.0400      1.813779e+14      1.813779e+14      1.000000
     5018.0500      1.813785e+14      1.813785e+14      1.000000
     5018.0600      1.813791e+14      1.813791e+14      1.000000
     5018.0700      1.813797e+14      1.813797e+14      1.000000
     5018.0800      1.813804e+14      1.813804e+14      1.000000
     5018.0900      1.813810e+14      1.813810e+14      1.000000
     5018.1000      1.813816e+14      1.813816e+14      1.000000
     5018.1100      1.813822e+14      1.813822e+14      1.000000
     5018.1200      1.813828e+14      1.813828e+14      1.000000
     5018.1300      1.813834e+14      1.813834e+14      1.000000
     5018.1400      1.813840e+14      1.813840e+14      1.000000
     5018.1500      1.813846e+14      1.813846e+14      1.000000
     5018.1600      1.813853e+14      1.813853e+14      1.000000
     5018.1700      1.813859e+14      1.813859e+14      1.000000
     5018.1800      1.813865e+14      1.813865e+14      1.000000
     5018.1900      1.813871e+14      1.813871e+14      1.000000
     5018.2000      1.813877e+14      1.813877e+14      1.000000
     5018.2100      1.813883e+14      1.813883e+14      1.000000
     5018.2200      1.813889e+14      1.813889e+14      1.000000
     5018.2300      1.813896e+14      1.813896e+14      1.000000
     5018.2400      1.813902e+14      1.813902e+14      1.000000
     5018.2500      1.813908e+14      1.813908e+14      1.000000
     5018.2600      1.813914e+14      1.813914e+14      1.000000
     5018.2700      1.813920e+14      1.813920e+14      1.000000
     5018.2800      1.813926e+14      1.813926e+14      1.000000
     5018.2900      1.813932e+14      1.813932e+14      1.000000
     5018.3000      1.813938e+14      1.813938e+14      1.000000
     5018.3100      1.813945e+14      1.813945e+14      1.000000
     5018.3200      1.813951e+14      1.813951e+14      1.000000
     5018.3300      1.813957e+14      1.813957e+14      1.000000
     5018.3400      1.813963e+14      1.813963e+14      1.000000
     5018.3500      1.813969e+14      1.813969e+14      1.000000
     5018.3600      1.813975e+14      1.813975e+14      1.000000
     5018.3700      1.813981e+14      1.813981e+14      1.000000
     5018.3800      1.813988e+14      1.813988e+14      1.000000
     5018.3900      1.813994e+14      1.813994e+14      1.000000
     5018.4000      1.814000e+14      1.814000e+14      1.000000
     5018.4100      1.814006e+14      1.814006e+14      1.000000
     5018.4200      1.814012e+14      1.814012e+14      1.000000
     5018.4300      1.814018e+14      1.814018e+14      1.000000
     5018.4400      1.814024e+14      1.814024e+14      1.000000
     5018.4500      1.814030e+14      1.814030e+14      1.000000
     5018.4600      1.814037e+14      1.814037e+14      1.000000
     5018.4700      1.814043e+14      1.814043e+14      1.000000
     5018.4800      1.814049e+14      1.814049e+14      1.000000
     5018.4900      1.814055e+14      1.814055e+14      1.000000
     5018.5000      1.814061e+14      1.814061e+14      1.000000
     5018.5100      1.814067e+14      1.814067e+14      1.000000
     5018.5200      1.814073e+14      1.814073e+14      1.000000
     5018.5300      1.814080e+14      1.814080e+14      1.000000
     5018.5400      1.814086e+14      1.814086e+14      1.000000
     5018.5500      1.814092e+14      1.814092e+14      1.000000
     5018.5600      1.814098e+14      1.814098e+14      1.000000
     5018.5700      1.814104e+14      1.814104e+14      1.000000
     5018.5800      1.814110e+14      1.814110e+14      1.000000
     5018.5900      1.814116e+14      1.814116e+14      1.000000
     5018.6000      1.814122e+14      1.814122e+14      1.000000
     5018.6100      1.814129e+14      1.814129e+14      1.000000
     5018.6200      1.814135e+14      1.814135e+14      1.000000
     5018.6300      1.814141e+14      1.814141e+14      1.000000
     5018.6400      1.814147e+14      1.814147e+14      1.000000
     5018.6500      1.814153e+14      1.814153e+14      1.000000
     5018.6600      1.814159e+14      1.814159e+14      1.000000
     5018.6700      1.814165e+14      1.814165e+14      1.000000
     5018.6800      1.814171e+14      1.814171e+14      1.000000
     5018.6900      1.814178e+14      1.814178e+14      1.000000
     5018.7000      1.814184e+14      1.814184e+14      1.000000
     5018.7100      1.814190e+14      1.814190e+14      1.000000
     5018.7200      1.814196e+14      1.814196e+14      1.000000
     5018.7300      1.814202e+14      1.814202e+14      1.000000
     5018.7400      1.814208e+14      1.814208e+14      1.000000
     5018.7500      1.814214e+14      1.814214e+14      1.000000
     5018.7600      1.814221e+14      1.814221e+14      1.000000
     5018.7700      1.814227e+14      1.814227e+14      1.000000
     5018.7800      1.814233e+14      1.814233e+14      1.000000
     5018.7900      1.814239e+14      1.814239e+14      1.000000
     5018.8000      1.814245e+14      1.814245e+14      1.000000
     5018.8100      1.814251e+14      1.814251e+14      1.000000
     5018.8200      1.814257e+14      1.814257e+14      1.000000
     5018.8300      1.814263e+14      1.814263e+14      1.000000
     5018.8400      1.814270e+14      1.814270e+14      1.000000
     5018.8500      1.814276e+14      1.814276e+14      1.000000
     5018.8600      1.814282e+14      1.814282e+14      1.000000
     5018.8700      1.814288e+14      1.814288e+14      1.000000
     5018.8800      1.814294e+14      1.814294e+14      1.000000
     5018.8900      1.814300e+14      1.814300e+14      1.000000
     5018.9000      1.814306e+14      1.814306e+14      1.000000
     5018.9100      1.814312e+14      1.814312e+14      1.000000
     5018.9200      1.814319e+14      1.814319e+14      1.000000
     5018.9300      1.814325e+14      1.814325e+14      1.000000
     5018.9400      1.814331e+14      1.814331e+14      1.000000
     5018.9500      1.814337e+14      1.814337e+14      1.000000
     5018.9600      1.814343e+14      1.814343e+14      1.000000
     5018.9700      1.814349e+14      1.814349e+14      1.000000
     5018.9800      1.814355e+14      1.814355e+14      1.000000
     5018.9900      1.814362e+14      1.814362e+14      1.000000
     5019.0000      1.814368e+14      1.814368e+14      1.000000
     5019.0100      1.814374e+14      1.814374e+14      1.000000
     5019.0200      1.814380e+14      1.814380e+14      1.000000
     5019.0300      1.814386e+14      1.814386e+14      1.000000
     5019.0400      1.814392e+14      1.814392e+14      1.000000
     5019.0500      1.814398e+14      1.814398e+14      1.000000
     5019.0600      1.814404e+14      1.814404e+14      1.000000
     5019.0700      1.814411e+14      1.814411e+14      1.000000
     5019.0800      1.814417e+14      1.814417e+14      1.000000
     5019.0900      1.814423e+14      1.814423e+14      1.000000
     5019.1000      1.814429e+14      1.814429e+14      1.000000
     5019.1100      1.814435e+14      1.814435e+14      1.000000
     5019.1200      1.814441e+14      1.814441e+14      1.000000
     5019.1300      1.814447e+14      1.814447e+14      1.000000
     5019.1400      1.814453e+14      1.814453e+14      1.000000
     5019.1500      1.814460e+14      1.814460e+14      1.000000
     5019.1600      1.814466e+14      1.814466e+14      1.000000
     5019.1700      1.814472e+14      1.814472e+14      1.000000
     5019.1800      1.814478e+14      1.814478e+14      1.000000
     5019.1900      1.814484e+14      1.814484e+14      1.000000
     5019.2000      1.814490e+14      1.814490e+14      1.000000
     5019.2100      1.814496e+14      1.814496e+14      1.000000
     5019.2200      1.814502e+14      1.814502e+14      1.000000
     5019.2300      1.814509e+14      1.814509e+14      1.000000
     5019.2400      1.814515e+14      1.814515e+14      1.000000
     5019.2500      1.814521e+14      1.814521e+14      1.000000
     5019.2600      1.814527e+14      1.814527e+14      1.000000
     5019.2700      1.814533e+14      1.814533e+14      1.000000
     5019.2800      1.814539e+14      1.814539e+14      1.000000
     5019.2900      1.814545e+14      1.814545e+14      1.000000
     5019.3000      1.814551e+14      1.814551e+14      1.000000
     5019.3100      1.814558e+14      1.814558e+14      1.000000
     5019.3200      1.814564e+14      1.814564e+14      1.000000
     5019.3300      1.814570e+14      1.814570e+14      1.000000
     5019.3400      1.814576e+14      1.814576e+14      1.000000
     5019.3500      1.814582e+14      1.814582e+14      1.000000
     5019.3600      1.814588e+14      1.814588e+14      1.000000
     5019.3700      1.814594e+14      1.814594e+14      1.000000
     5019.3800      1.814601e+14      1.814601e+14      1.000000
     5019.3900      1.814607e+14      1.814607e+14      1.000000
     5019.4000      1.814613e+14      1.814613e+14      1.000000
     5019.4100      1.814619e+14      1.814619e+14      1.000000
     5019.4200      1.814625e+14      1.814625e+14      1.000000
     5019.4300      1.814631e+14      1.814631e+14      1.000000
     5019.4400      1.814637e+14      1.814637e+14      1.000000
     5019.4500      1.814643e+14      1.814643e+14      1.000000
     5019.4600      1.814650e+14      1.814650e+14      1.000000
     5019.4700      1.814656e+14      1.814656e+14      1.000000
     5019.4800      1.814662e+14      1.814662e+14      1.000000
     5019.4900      1.814668e+14      1.814668e+14      1.000000
     5019.5000      1.814674e+14      1.814674e+14      1.000000
     5019.5100      1.814680e+14      1.814680e+14      1.000000
     5019.5200      1.814686e+14      1.814686e+14      1.000000
     5019.5300      1.814692e+14      1.814692e+14      1.000000
     5019.5400      1.814699e+14      1.814699e+14      1.000000
     5019.5500      1.814705e+14      1.814705e+14      1.000000
     5019.5600      1.814711e+14      1.814711e+14      1.000000
     5019.5700      1.814717e+14      1.814717e+14      1.000000
     5019.5800      1.814723e+14      1.814723e+14      1.000000
     5019.5900      1.814729e+14      1.814729e+14      1.000000
     5019.6000      1.814735e+14      1.814735e+14      1.000000
     5019.6100      1.814741e+14      1.814741e+14      1.000000
     5019.6200      1.814748e+14      1.814748e+14      1.000000
     5019.6300      1.814754e+14      1.814754e+14      1.000000
     5019.6400      1.814760e+14      1.814760e+14      1.000000
     5019.6500      1.814766e+14      1.814766e+14      1.000000
     5019.6600      1.814772e+14      1.814772e+14      1.000000
     5019.6700      1.814778e+14      1.814778e+14      1.000000
     5019.6800      1.814784e+14      1.814784e+14      1.000000
     5019.6900      1.814790e+14      1.814790e+14      1.000000
     5019.7000      1.814797e+14      1.814797e+14      1.000000
     5019.7100      1.814803e+14      1.814803e+14      1.000000
     5019.7200      1.814809e+14      1.814809e+14      1.000000
     5019.7300      1.814815e+14      1.814815e+14      1.000000
     5019.7400      1.814821e+14      1.814821e+14      1.000000
     5019.7500      1.814827e+14      1.814827e+14      1.000000
     5019.7600      1.814833e+14      1.814833e+14      1.000000
     5019.7700      1.814839e+14      1.814839e+14      1.000000
     5019.7800      1.814846e+14      1.814846e+14      1.000000
     5019.7900      1.814852e+14      1.814852e+14      1.000000
     5019.8000      1.814858e+14      1.814858e+14      1.000000
     5019.8100      1.814864e+14      1.814864e+14      1.000000
     5019.8200      1.814870e+14      1.814870e+14      1.000000
     5019.8300      1.814876e+14      1.814876e+14      1.000000
     5019.8400      1.814882e+14      1.814882e+14      1.000000
     5019.8500      1.814888e+14      1.814888e+14      1.000000
     5019.8600      1.814895e+14      1.814895e+14      1.000000
     5019.8700      1.814901e+14      1.814901e+14      1.000000
     5019.8800      1.814907e+14      1.814907e+14      1.000000
     5019.8900      1.814913e+14      1.814913e+14      1.000000
     5019.9000      1.814919e+14      1.814919e+14      1.000000
     5019.9100      1.814925e+14      1.814925e+14      1.000000
     5019.9200      1.814931e+14      1.814931e+14      1.000000
     5019.9300      1.814937e+14      1.814937e+14      1.000000
     5019.9400      1.814944e+14      1.814944e+14      1.000000
     5019.9500      1.814950e+14      1.814950e+14      1.000000
     5019.9600      1.814956e+14      1.814956e+14      1.000000
     5019.9700      1.814962e+14      1.814962e+14      1.000000
     5019.9800      1.814968e+14      1.814968e+14      1.000000
     5019.9900      1.814974e+14      1.814974e+14      1.000000
     5020.0000      1.814980e+14      1.814980e+14      1.000000
