# Korg.jl Reference Spectrum - Solar-like (Continuum-only)
# Generated: 2025-10-05 14:04:41
# Parameters: Teff=5771.0K, logg=4.44, [M/H]=0.0
# Synthesis time: 12.51 seconds
# Wavelength range: 5000.0-5020.0 Å (2001 points)
# Line list: 0 lines (continuum only)
#
# Wavelength(Å)    Flux              Continuum         NormalizedFlux
     5000.0000      1.034345e+15      1.034345e+15      1.000000
     5000.0100      1.034340e+15      1.034340e+15      1.000000
     5000.0200      1.034336e+15      1.034336e+15      1.000000
     5000.0300      1.034331e+15      1.034331e+15      1.000000
     5000.0400      1.034327e+15      1.034327e+15      1.000000
     5000.0500      1.034322e+15      1.034322e+15      1.000000
     5000.0600      1.034318e+15      1.034318e+15      1.000000
     5000.0700      1.034313e+15      1.034313e+15      1.000000
     5000.0800      1.034309e+15      1.034309e+15      1.000000
     5000.0900      1.034304e+15      1.034304e+15      1.000000
     5000.1000      1.034300e+15      1.034300e+15      1.000000
     5000.1100      1.034295e+15      1.034295e+15      1.000000
     5000.1200      1.034291e+15      1.034291e+15      1.000000
     5000.1300      1.034287e+15      1.034287e+15      1.000000
     5000.1400      1.034282e+15      1.034282e+15      1.000000
     5000.1500      1.034278e+15      1.034278e+15      1.000000
     5000.1600      1.034273e+15      1.034273e+15      1.000000
     5000.1700      1.034269e+15      1.034269e+15      1.000000
     5000.1800      1.034264e+15      1.034264e+15      1.000000
     5000.1900      1.034260e+15      1.034260e+15      1.000000
     5000.2000      1.034255e+15      1.034255e+15      1.000000
     5000.2100      1.034251e+15      1.034251e+15      1.000000
     5000.2200      1.034246e+15      1.034246e+15      1.000000
     5000.2300      1.034242e+15      1.034242e+15      1.000000
     5000.2400      1.034237e+15      1.034237e+15      1.000000
     5000.2500      1.034233e+15      1.034233e+15      1.000000
     5000.2600      1.034229e+15      1.034229e+15      1.000000
     5000.2700      1.034224e+15      1.034224e+15      1.000000
     5000.2800      1.034220e+15      1.034220e+15      1.000000
     5000.2900      1.034215e+15      1.034215e+15      1.000000
     5000.3000      1.034211e+15      1.034211e+15      1.000000
     5000.3100      1.034206e+15      1.034206e+15      1.000000
     5000.3200      1.034202e+15      1.034202e+15      1.000000
     5000.3300      1.034197e+15      1.034197e+15      1.000000
     5000.3400      1.034193e+15      1.034193e+15      1.000000
     5000.3500      1.034188e+15      1.034188e+15      1.000000
     5000.3600      1.034184e+15      1.034184e+15      1.000000
     5000.3700      1.034179e+15      1.034179e+15      1.000000
     5000.3800      1.034175e+15      1.034175e+15      1.000000
     5000.3900      1.034170e+15      1.034170e+15      1.000000
     5000.4000      1.034166e+15      1.034166e+15      1.000000
     5000.4100      1.034162e+15      1.034162e+15      1.000000
     5000.4200      1.034157e+15      1.034157e+15      1.000000
     5000.4300      1.034153e+15      1.034153e+15      1.000000
     5000.4400      1.034148e+15      1.034148e+15      1.000000
     5000.4500      1.034144e+15      1.034144e+15      1.000000
     5000.4600      1.034139e+15      1.034139e+15      1.000000
     5000.4700      1.034135e+15      1.034135e+15      1.000000
     5000.4800      1.034130e+15      1.034130e+15      1.000000
     5000.4900      1.034126e+15      1.034126e+15      1.000000
     5000.5000      1.034121e+15      1.034121e+15      1.000000
     5000.5100      1.034117e+15      1.034117e+15      1.000000
     5000.5200      1.034112e+15      1.034112e+15      1.000000
     5000.5300      1.034108e+15      1.034108e+15      1.000000
     5000.5400      1.034104e+15      1.034104e+15      1.000000
     5000.5500      1.034099e+15      1.034099e+15      1.000000
     5000.5600      1.034095e+15      1.034095e+15      1.000000
     5000.5700      1.034090e+15      1.034090e+15      1.000000
     5000.5800      1.034086e+15      1.034086e+15      1.000000
     5000.5900      1.034081e+15      1.034081e+15      1.000000
     5000.6000      1.034077e+15      1.034077e+15      1.000000
     5000.6100      1.034072e+15      1.034072e+15      1.000000
     5000.6200      1.034068e+15      1.034068e+15      1.000000
     5000.6300      1.034063e+15      1.034063e+15      1.000000
     5000.6400      1.034059e+15      1.034059e+15      1.000000
     5000.6500      1.034054e+15      1.034054e+15      1.000000
     5000.6600      1.034050e+15      1.034050e+15      1.000000
     5000.6700      1.034046e+15      1.034046e+15      1.000000
     5000.6800      1.034041e+15      1.034041e+15      1.000000
     5000.6900      1.034037e+15      1.034037e+15      1.000000
     5000.7000      1.034032e+15      1.034032e+15      1.000000
     5000.7100      1.034028e+15      1.034028e+15      1.000000
     5000.7200      1.034023e+15      1.034023e+15      1.000000
     5000.7300      1.034019e+15      1.034019e+15      1.000000
     5000.7400      1.034014e+15      1.034014e+15      1.000000
     5000.7500      1.034010e+15      1.034010e+15      1.000000
     5000.7600      1.034005e+15      1.034005e+15      1.000000
     5000.7700      1.034001e+15      1.034001e+15      1.000000
     5000.7800      1.033996e+15      1.033996e+15      1.000000
     5000.7900      1.033992e+15      1.033992e+15      1.000000
     5000.8000      1.033988e+15      1.033988e+15      1.000000
     5000.8100      1.033983e+15      1.033983e+15      1.000000
     5000.8200      1.033979e+15      1.033979e+15      1.000000
     5000.8300      1.033974e+15      1.033974e+15      1.000000
     5000.8400      1.033970e+15      1.033970e+15      1.000000
     5000.8500      1.033965e+15      1.033965e+15      1.000000
     5000.8600      1.033961e+15      1.033961e+15      1.000000
     5000.8700      1.033956e+15      1.033956e+15      1.000000
     5000.8800      1.033952e+15      1.033952e+15      1.000000
     5000.8900      1.033947e+15      1.033947e+15      1.000000
     5000.9000      1.033943e+15      1.033943e+15      1.000000
     5000.9100      1.033938e+15      1.033938e+15      1.000000
     5000.9200      1.033934e+15      1.033934e+15      1.000000
     5000.9300      1.033930e+15      1.033930e+15      1.000000
     5000.9400      1.033925e+15      1.033925e+15      1.000000
     5000.9500      1.033921e+15      1.033921e+15      1.000000
     5000.9600      1.033916e+15      1.033916e+15      1.000000
     5000.9700      1.033912e+15      1.033912e+15      1.000000
     5000.9800      1.033907e+15      1.033907e+15      1.000000
     5000.9900      1.033903e+15      1.033903e+15      1.000000
     5001.0000      1.033898e+15      1.033898e+15      1.000000
     5001.0100      1.033893e+15      1.033893e+15      1.000000
     5001.0200      1.033888e+15      1.033888e+15      1.000000
     5001.0300      1.033883e+15      1.033883e+15      1.000000
     5001.0400      1.033878e+15      1.033878e+15      1.000000
     5001.0500      1.033873e+15      1.033873e+15      1.000000
     5001.0600      1.033868e+15      1.033868e+15      1.000000
     5001.0700      1.033863e+15      1.033863e+15      1.000000
     5001.0800      1.033857e+15      1.033857e+15      1.000000
     5001.0900      1.033852e+15      1.033852e+15      1.000000
     5001.1000      1.033847e+15      1.033847e+15      1.000000
     5001.1100      1.033842e+15      1.033842e+15      1.000000
     5001.1200      1.033837e+15      1.033837e+15      1.000000
     5001.1300      1.033832e+15      1.033832e+15      1.000000
     5001.1400      1.033827e+15      1.033827e+15      1.000000
     5001.1500      1.033822e+15      1.033822e+15      1.000000
     5001.1600      1.033817e+15      1.033817e+15      1.000000
     5001.1700      1.033812e+15      1.033812e+15      1.000000
     5001.1800      1.033807e+15      1.033807e+15      1.000000
     5001.1900      1.033801e+15      1.033801e+15      1.000000
     5001.2000      1.033796e+15      1.033796e+15      1.000000
     5001.2100      1.033791e+15      1.033791e+15      1.000000
     5001.2200      1.033786e+15      1.033786e+15      1.000000
     5001.2300      1.033781e+15      1.033781e+15      1.000000
     5001.2400      1.033776e+15      1.033776e+15      1.000000
     5001.2500      1.033771e+15      1.033771e+15      1.000000
     5001.2600      1.033766e+15      1.033766e+15      1.000000
     5001.2700      1.033761e+15      1.033761e+15      1.000000
     5001.2800      1.033756e+15      1.033756e+15      1.000000
     5001.2900      1.033750e+15      1.033750e+15      1.000000
     5001.3000      1.033745e+15      1.033745e+15      1.000000
     5001.3100      1.033740e+15      1.033740e+15      1.000000
     5001.3200      1.033735e+15      1.033735e+15      1.000000
     5001.3300      1.033730e+15      1.033730e+15      1.000000
     5001.3400      1.033725e+15      1.033725e+15      1.000000
     5001.3500      1.033720e+15      1.033720e+15      1.000000
     5001.3600      1.033715e+15      1.033715e+15      1.000000
     5001.3700      1.033710e+15      1.033710e+15      1.000000
     5001.3800      1.033705e+15      1.033705e+15      1.000000
     5001.3900      1.033699e+15      1.033699e+15      1.000000
     5001.4000      1.033694e+15      1.033694e+15      1.000000
     5001.4100      1.033689e+15      1.033689e+15      1.000000
     5001.4200      1.033684e+15      1.033684e+15      1.000000
     5001.4300      1.033679e+15      1.033679e+15      1.000000
     5001.4400      1.033674e+15      1.033674e+15      1.000000
     5001.4500      1.033669e+15      1.033669e+15      1.000000
     5001.4600      1.033664e+15      1.033664e+15      1.000000
     5001.4700      1.033659e+15      1.033659e+15      1.000000
     5001.4800      1.033654e+15      1.033654e+15      1.000000
     5001.4900      1.033648e+15      1.033648e+15      1.000000
     5001.5000      1.033643e+15      1.033643e+15      1.000000
     5001.5100      1.033638e+15      1.033638e+15      1.000000
     5001.5200      1.033633e+15      1.033633e+15      1.000000
     5001.5300      1.033628e+15      1.033628e+15      1.000000
     5001.5400      1.033623e+15      1.033623e+15      1.000000
     5001.5500      1.033618e+15      1.033618e+15      1.000000
     5001.5600      1.033613e+15      1.033613e+15      1.000000
     5001.5700      1.033608e+15      1.033608e+15      1.000000
     5001.5800      1.033603e+15      1.033603e+15      1.000000
     5001.5900      1.033597e+15      1.033597e+15      1.000000
     5001.6000      1.033592e+15      1.033592e+15      1.000000
     5001.6100      1.033587e+15      1.033587e+15      1.000000
     5001.6200      1.033582e+15      1.033582e+15      1.000000
     5001.6300      1.033577e+15      1.033577e+15      1.000000
     5001.6400      1.033572e+15      1.033572e+15      1.000000
     5001.6500      1.033567e+15      1.033567e+15      1.000000
     5001.6600      1.033562e+15      1.033562e+15      1.000000
     5001.6700      1.033557e+15      1.033557e+15      1.000000
     5001.6800      1.033552e+15      1.033552e+15      1.000000
     5001.6900      1.033547e+15      1.033547e+15      1.000000
     5001.7000      1.033541e+15      1.033541e+15      1.000000
     5001.7100      1.033536e+15      1.033536e+15      1.000000
     5001.7200      1.033531e+15      1.033531e+15      1.000000
     5001.7300      1.033526e+15      1.033526e+15      1.000000
     5001.7400      1.033521e+15      1.033521e+15      1.000000
     5001.7500      1.033516e+15      1.033516e+15      1.000000
     5001.7600      1.033511e+15      1.033511e+15      1.000000
     5001.7700      1.033506e+15      1.033506e+15      1.000000
     5001.7800      1.033501e+15      1.033501e+15      1.000000
     5001.7900      1.033496e+15      1.033496e+15      1.000000
     5001.8000      1.033490e+15      1.033490e+15      1.000000
     5001.8100      1.033485e+15      1.033485e+15      1.000000
     5001.8200      1.033480e+15      1.033480e+15      1.000000
     5001.8300      1.033475e+15      1.033475e+15      1.000000
     5001.8400      1.033470e+15      1.033470e+15      1.000000
     5001.8500      1.033465e+15      1.033465e+15      1.000000
     5001.8600      1.033460e+15      1.033460e+15      1.000000
     5001.8700      1.033455e+15      1.033455e+15      1.000000
     5001.8800      1.033450e+15      1.033450e+15      1.000000
     5001.8900      1.033445e+15      1.033445e+15      1.000000
     5001.9000      1.033440e+15      1.033440e+15      1.000000
     5001.9100      1.033434e+15      1.033434e+15      1.000000
     5001.9200      1.033429e+15      1.033429e+15      1.000000
     5001.9300      1.033424e+15      1.033424e+15      1.000000
     5001.9400      1.033419e+15      1.033419e+15      1.000000
     5001.9500      1.033414e+15      1.033414e+15      1.000000
     5001.9600      1.033409e+15      1.033409e+15      1.000000
     5001.9700      1.033404e+15      1.033404e+15      1.000000
     5001.9800      1.033399e+15      1.033399e+15      1.000000
     5001.9900      1.033394e+15      1.033394e+15      1.000000
     5002.0000      1.033389e+15      1.033389e+15      1.000000
     5002.0100      1.033383e+15      1.033383e+15      1.000000
     5002.0200      1.033378e+15      1.033378e+15      1.000000
     5002.0300      1.033373e+15      1.033373e+15      1.000000
     5002.0400      1.033368e+15      1.033368e+15      1.000000
     5002.0500      1.033363e+15      1.033363e+15      1.000000
     5002.0600      1.033358e+15      1.033358e+15      1.000000
     5002.0700      1.033353e+15      1.033353e+15      1.000000
     5002.0800      1.033348e+15      1.033348e+15      1.000000
     5002.0900      1.033342e+15      1.033342e+15      1.000000
     5002.1000      1.033337e+15      1.033337e+15      1.000000
     5002.1100      1.033332e+15      1.033332e+15      1.000000
     5002.1200      1.033327e+15      1.033327e+15      1.000000
     5002.1300      1.033322e+15      1.033322e+15      1.000000
     5002.1400      1.033317e+15      1.033317e+15      1.000000
     5002.1500      1.033312e+15      1.033312e+15      1.000000
     5002.1600      1.033307e+15      1.033307e+15      1.000000
     5002.1700      1.033302e+15      1.033302e+15      1.000000
     5002.1800      1.033296e+15      1.033296e+15      1.000000
     5002.1900      1.033291e+15      1.033291e+15      1.000000
     5002.2000      1.033286e+15      1.033286e+15      1.000000
     5002.2100      1.033281e+15      1.033281e+15      1.000000
     5002.2200      1.033276e+15      1.033276e+15      1.000000
     5002.2300      1.033271e+15      1.033271e+15      1.000000
     5002.2400      1.033266e+15      1.033266e+15      1.000000
     5002.2500      1.033261e+15      1.033261e+15      1.000000
     5002.2600      1.033255e+15      1.033255e+15      1.000000
     5002.2700      1.033250e+15      1.033250e+15      1.000000
     5002.2800      1.033245e+15      1.033245e+15      1.000000
     5002.2900      1.033240e+15      1.033240e+15      1.000000
     5002.3000      1.033235e+15      1.033235e+15      1.000000
     5002.3100      1.033230e+15      1.033230e+15      1.000000
     5002.3200      1.033225e+15      1.033225e+15      1.000000
     5002.3300      1.033220e+15      1.033220e+15      1.000000
     5002.3400      1.033214e+15      1.033214e+15      1.000000
     5002.3500      1.033209e+15      1.033209e+15      1.000000
     5002.3600      1.033204e+15      1.033204e+15      1.000000
     5002.3700      1.033199e+15      1.033199e+15      1.000000
     5002.3800      1.033194e+15      1.033194e+15      1.000000
     5002.3900      1.033189e+15      1.033189e+15      1.000000
     5002.4000      1.033184e+15      1.033184e+15      1.000000
     5002.4100      1.033179e+15      1.033179e+15      1.000000
     5002.4200      1.033173e+15      1.033173e+15      1.000000
     5002.4300      1.033168e+15      1.033168e+15      1.000000
     5002.4400      1.033163e+15      1.033163e+15      1.000000
     5002.4500      1.033158e+15      1.033158e+15      1.000000
     5002.4600      1.033153e+15      1.033153e+15      1.000000
     5002.4700      1.033148e+15      1.033148e+15      1.000000
     5002.4800      1.033143e+15      1.033143e+15      1.000000
     5002.4900      1.033138e+15      1.033138e+15      1.000000
     5002.5000      1.033133e+15      1.033133e+15      1.000000
     5002.5100      1.033127e+15      1.033127e+15      1.000000
     5002.5200      1.033122e+15      1.033122e+15      1.000000
     5002.5300      1.033117e+15      1.033117e+15      1.000000
     5002.5400      1.033112e+15      1.033112e+15      1.000000
     5002.5500      1.033107e+15      1.033107e+15      1.000000
     5002.5600      1.033102e+15      1.033102e+15      1.000000
     5002.5700      1.033097e+15      1.033097e+15      1.000000
     5002.5800      1.033092e+15      1.033092e+15      1.000000
     5002.5900      1.033086e+15      1.033086e+15      1.000000
     5002.6000      1.033081e+15      1.033081e+15      1.000000
     5002.6100      1.033076e+15      1.033076e+15      1.000000
     5002.6200      1.033071e+15      1.033071e+15      1.000000
     5002.6300      1.033066e+15      1.033066e+15      1.000000
     5002.6400      1.033061e+15      1.033061e+15      1.000000
     5002.6500      1.033056e+15      1.033056e+15      1.000000
     5002.6600      1.033051e+15      1.033051e+15      1.000000
     5002.6700      1.033045e+15      1.033045e+15      1.000000
     5002.6800      1.033040e+15      1.033040e+15      1.000000
     5002.6900      1.033035e+15      1.033035e+15      1.000000
     5002.7000      1.033030e+15      1.033030e+15      1.000000
     5002.7100      1.033025e+15      1.033025e+15      1.000000
     5002.7200      1.033020e+15      1.033020e+15      1.000000
     5002.7300      1.033015e+15      1.033015e+15      1.000000
     5002.7400      1.033010e+15      1.033010e+15      1.000000
     5002.7500      1.033005e+15      1.033005e+15      1.000000
     5002.7600      1.032999e+15      1.032999e+15      1.000000
     5002.7700      1.032994e+15      1.032994e+15      1.000000
     5002.7800      1.032989e+15      1.032989e+15      1.000000
     5002.7900      1.032984e+15      1.032984e+15      1.000000
     5002.8000      1.032979e+15      1.032979e+15      1.000000
     5002.8100      1.032974e+15      1.032974e+15      1.000000
     5002.8200      1.032969e+15      1.032969e+15      1.000000
     5002.8300      1.032964e+15      1.032964e+15      1.000000
     5002.8400      1.032958e+15      1.032958e+15      1.000000
     5002.8500      1.032953e+15      1.032953e+15      1.000000
     5002.8600      1.032948e+15      1.032948e+15      1.000000
     5002.8700      1.032943e+15      1.032943e+15      1.000000
     5002.8800      1.032938e+15      1.032938e+15      1.000000
     5002.8900      1.032933e+15      1.032933e+15      1.000000
     5002.9000      1.032928e+15      1.032928e+15      1.000000
     5002.9100      1.032923e+15      1.032923e+15      1.000000
     5002.9200      1.032918e+15      1.032918e+15      1.000000
     5002.9300      1.032912e+15      1.032912e+15      1.000000
     5002.9400      1.032907e+15      1.032907e+15      1.000000
     5002.9500      1.032902e+15      1.032902e+15      1.000000
     5002.9600      1.032897e+15      1.032897e+15      1.000000
     5002.9700      1.032892e+15      1.032892e+15      1.000000
     5002.9800      1.032887e+15      1.032887e+15      1.000000
     5002.9900      1.032882e+15      1.032882e+15      1.000000
     5003.0000      1.032877e+15      1.032877e+15      1.000000
     5003.0100      1.032870e+15      1.032870e+15      1.000000
     5003.0200      1.032863e+15      1.032863e+15      1.000000
     5003.0300      1.032856e+15      1.032856e+15      1.000000
     5003.0400      1.032850e+15      1.032850e+15      1.000000
     5003.0500      1.032843e+15      1.032843e+15      1.000000
     5003.0600      1.032836e+15      1.032836e+15      1.000000
     5003.0700      1.032830e+15      1.032830e+15      1.000000
     5003.0800      1.032823e+15      1.032823e+15      1.000000
     5003.0900      1.032816e+15      1.032816e+15      1.000000
     5003.1000      1.032810e+15      1.032810e+15      1.000000
     5003.1100      1.032803e+15      1.032803e+15      1.000000
     5003.1200      1.032796e+15      1.032796e+15      1.000000
     5003.1300      1.032789e+15      1.032789e+15      1.000000
     5003.1400      1.032783e+15      1.032783e+15      1.000000
     5003.1500      1.032776e+15      1.032776e+15      1.000000
     5003.1600      1.032769e+15      1.032769e+15      1.000000
     5003.1700      1.032763e+15      1.032763e+15      1.000000
     5003.1800      1.032756e+15      1.032756e+15      1.000000
     5003.1900      1.032749e+15      1.032749e+15      1.000000
     5003.2000      1.032743e+15      1.032743e+15      1.000000
     5003.2100      1.032736e+15      1.032736e+15      1.000000
     5003.2200      1.032729e+15      1.032729e+15      1.000000
     5003.2300      1.032722e+15      1.032722e+15      1.000000
     5003.2400      1.032716e+15      1.032716e+15      1.000000
     5003.2500      1.032709e+15      1.032709e+15      1.000000
     5003.2600      1.032702e+15      1.032702e+15      1.000000
     5003.2700      1.032696e+15      1.032696e+15      1.000000
     5003.2800      1.032689e+15      1.032689e+15      1.000000
     5003.2900      1.032682e+15      1.032682e+15      1.000000
     5003.3000      1.032676e+15      1.032676e+15      1.000000
     5003.3100      1.032669e+15      1.032669e+15      1.000000
     5003.3200      1.032662e+15      1.032662e+15      1.000000
     5003.3300      1.032655e+15      1.032655e+15      1.000000
     5003.3400      1.032649e+15      1.032649e+15      1.000000
     5003.3500      1.032642e+15      1.032642e+15      1.000000
     5003.3600      1.032635e+15      1.032635e+15      1.000000
     5003.3700      1.032629e+15      1.032629e+15      1.000000
     5003.3800      1.032622e+15      1.032622e+15      1.000000
     5003.3900      1.032615e+15      1.032615e+15      1.000000
     5003.4000      1.032609e+15      1.032609e+15      1.000000
     5003.4100      1.032602e+15      1.032602e+15      1.000000
     5003.4200      1.032595e+15      1.032595e+15      1.000000
     5003.4300      1.032589e+15      1.032589e+15      1.000000
     5003.4400      1.032582e+15      1.032582e+15      1.000000
     5003.4500      1.032575e+15      1.032575e+15      1.000000
     5003.4600      1.032568e+15      1.032568e+15      1.000000
     5003.4700      1.032562e+15      1.032562e+15      1.000000
     5003.4800      1.032555e+15      1.032555e+15      1.000000
     5003.4900      1.032548e+15      1.032548e+15      1.000000
     5003.5000      1.032542e+15      1.032542e+15      1.000000
     5003.5100      1.032535e+15      1.032535e+15      1.000000
     5003.5200      1.032528e+15      1.032528e+15      1.000000
     5003.5300      1.032522e+15      1.032522e+15      1.000000
     5003.5400      1.032515e+15      1.032515e+15      1.000000
     5003.5500      1.032508e+15      1.032508e+15      1.000000
     5003.5600      1.032501e+15      1.032501e+15      1.000000
     5003.5700      1.032495e+15      1.032495e+15      1.000000
     5003.5800      1.032488e+15      1.032488e+15      1.000000
     5003.5900      1.032481e+15      1.032481e+15      1.000000
     5003.6000      1.032475e+15      1.032475e+15      1.000000
     5003.6100      1.032468e+15      1.032468e+15      1.000000
     5003.6200      1.032461e+15      1.032461e+15      1.000000
     5003.6300      1.032455e+15      1.032455e+15      1.000000
     5003.6400      1.032448e+15      1.032448e+15      1.000000
     5003.6500      1.032441e+15      1.032441e+15      1.000000
     5003.6600      1.032435e+15      1.032435e+15      1.000000
     5003.6700      1.032428e+15      1.032428e+15      1.000000
     5003.6800      1.032421e+15      1.032421e+15      1.000000
     5003.6900      1.032414e+15      1.032414e+15      1.000000
     5003.7000      1.032408e+15      1.032408e+15      1.000000
     5003.7100      1.032401e+15      1.032401e+15      1.000000
     5003.7200      1.032394e+15      1.032394e+15      1.000000
     5003.7300      1.032388e+15      1.032388e+15      1.000000
     5003.7400      1.032381e+15      1.032381e+15      1.000000
     5003.7500      1.032374e+15      1.032374e+15      1.000000
     5003.7600      1.032368e+15      1.032368e+15      1.000000
     5003.7700      1.032361e+15      1.032361e+15      1.000000
     5003.7800      1.032354e+15      1.032354e+15      1.000000
     5003.7900      1.032348e+15      1.032348e+15      1.000000
     5003.8000      1.032341e+15      1.032341e+15      1.000000
     5003.8100      1.032334e+15      1.032334e+15      1.000000
     5003.8200      1.032327e+15      1.032327e+15      1.000000
     5003.8300      1.032321e+15      1.032321e+15      1.000000
     5003.8400      1.032314e+15      1.032314e+15      1.000000
     5003.8500      1.032307e+15      1.032307e+15      1.000000
     5003.8600      1.032301e+15      1.032301e+15      1.000000
     5003.8700      1.032294e+15      1.032294e+15      1.000000
     5003.8800      1.032287e+15      1.032287e+15      1.000000
     5003.8900      1.032281e+15      1.032281e+15      1.000000
     5003.9000      1.032274e+15      1.032274e+15      1.000000
     5003.9100      1.032267e+15      1.032267e+15      1.000000
     5003.9200      1.032261e+15      1.032261e+15      1.000000
     5003.9300      1.032254e+15      1.032254e+15      1.000000
     5003.9400      1.032247e+15      1.032247e+15      1.000000
     5003.9500      1.032240e+15      1.032240e+15      1.000000
     5003.9600      1.032234e+15      1.032234e+15      1.000000
     5003.9700      1.032227e+15      1.032227e+15      1.000000
     5003.9800      1.032220e+15      1.032220e+15      1.000000
     5003.9900      1.032214e+15      1.032214e+15      1.000000
     5004.0000      1.032207e+15      1.032207e+15      1.000000
     5004.0100      1.032200e+15      1.032200e+15      1.000000
     5004.0200      1.032193e+15      1.032193e+15      1.000000
     5004.0300      1.032187e+15      1.032187e+15      1.000000
     5004.0400      1.032180e+15      1.032180e+15      1.000000
     5004.0500      1.032173e+15      1.032173e+15      1.000000
     5004.0600      1.032166e+15      1.032166e+15      1.000000
     5004.0700      1.032160e+15      1.032160e+15      1.000000
     5004.0800      1.032153e+15      1.032153e+15      1.000000
     5004.0900      1.032146e+15      1.032146e+15      1.000000
     5004.1000      1.032139e+15      1.032139e+15      1.000000
     5004.1100      1.032133e+15      1.032133e+15      1.000000
     5004.1200      1.032126e+15      1.032126e+15      1.000000
     5004.1300      1.032119e+15      1.032119e+15      1.000000
     5004.1400      1.032112e+15      1.032112e+15      1.000000
     5004.1500      1.032105e+15      1.032105e+15      1.000000
     5004.1600      1.032099e+15      1.032099e+15      1.000000
     5004.1700      1.032092e+15      1.032092e+15      1.000000
     5004.1800      1.032085e+15      1.032085e+15      1.000000
     5004.1900      1.032078e+15      1.032078e+15      1.000000
     5004.2000      1.032072e+15      1.032072e+15      1.000000
     5004.2100      1.032065e+15      1.032065e+15      1.000000
     5004.2200      1.032058e+15      1.032058e+15      1.000000
     5004.2300      1.032051e+15      1.032051e+15      1.000000
     5004.2400      1.032045e+15      1.032045e+15      1.000000
     5004.2500      1.032038e+15      1.032038e+15      1.000000
     5004.2600      1.032031e+15      1.032031e+15      1.000000
     5004.2700      1.032024e+15      1.032024e+15      1.000000
     5004.2800      1.032017e+15      1.032017e+15      1.000000
     5004.2900      1.032011e+15      1.032011e+15      1.000000
     5004.3000      1.032004e+15      1.032004e+15      1.000000
     5004.3100      1.031997e+15      1.031997e+15      1.000000
     5004.3200      1.031990e+15      1.031990e+15      1.000000
     5004.3300      1.031984e+15      1.031984e+15      1.000000
     5004.3400      1.031977e+15      1.031977e+15      1.000000
     5004.3500      1.031970e+15      1.031970e+15      1.000000
     5004.3600      1.031963e+15      1.031963e+15      1.000000
     5004.3700      1.031957e+15      1.031957e+15      1.000000
     5004.3800      1.031950e+15      1.031950e+15      1.000000
     5004.3900      1.031943e+15      1.031943e+15      1.000000
     5004.4000      1.031936e+15      1.031936e+15      1.000000
     5004.4100      1.031930e+15      1.031930e+15      1.000000
     5004.4200      1.031923e+15      1.031923e+15      1.000000
     5004.4300      1.031916e+15      1.031916e+15      1.000000
     5004.4400      1.031909e+15      1.031909e+15      1.000000
     5004.4500      1.031902e+15      1.031902e+15      1.000000
     5004.4600      1.031896e+15      1.031896e+15      1.000000
     5004.4700      1.031889e+15      1.031889e+15      1.000000
     5004.4800      1.031882e+15      1.031882e+15      1.000000
     5004.4900      1.031875e+15      1.031875e+15      1.000000
     5004.5000      1.031869e+15      1.031869e+15      1.000000
     5004.5100      1.031862e+15      1.031862e+15      1.000000
     5004.5200      1.031855e+15      1.031855e+15      1.000000
     5004.5300      1.031848e+15      1.031848e+15      1.000000
     5004.5400      1.031842e+15      1.031842e+15      1.000000
     5004.5500      1.031835e+15      1.031835e+15      1.000000
     5004.5600      1.031828e+15      1.031828e+15      1.000000
     5004.5700      1.031821e+15      1.031821e+15      1.000000
     5004.5800      1.031815e+15      1.031815e+15      1.000000
     5004.5900      1.031808e+15      1.031808e+15      1.000000
     5004.6000      1.031801e+15      1.031801e+15      1.000000
     5004.6100      1.031794e+15      1.031794e+15      1.000000
     5004.6200      1.031787e+15      1.031787e+15      1.000000
     5004.6300      1.031781e+15      1.031781e+15      1.000000
     5004.6400      1.031774e+15      1.031774e+15      1.000000
     5004.6500      1.031767e+15      1.031767e+15      1.000000
     5004.6600      1.031760e+15      1.031760e+15      1.000000
     5004.6700      1.031754e+15      1.031754e+15      1.000000
     5004.6800      1.031747e+15      1.031747e+15      1.000000
     5004.6900      1.031740e+15      1.031740e+15      1.000000
     5004.7000      1.031733e+15      1.031733e+15      1.000000
     5004.7100      1.031727e+15      1.031727e+15      1.000000
     5004.7200      1.031720e+15      1.031720e+15      1.000000
     5004.7300      1.031713e+15      1.031713e+15      1.000000
     5004.7400      1.031706e+15      1.031706e+15      1.000000
     5004.7500      1.031700e+15      1.031700e+15      1.000000
     5004.7600      1.031693e+15      1.031693e+15      1.000000
     5004.7700      1.031686e+15      1.031686e+15      1.000000
     5004.7800      1.031679e+15      1.031679e+15      1.000000
     5004.7900      1.031673e+15      1.031673e+15      1.000000
     5004.8000      1.031666e+15      1.031666e+15      1.000000
     5004.8100      1.031659e+15      1.031659e+15      1.000000
     5004.8200      1.031652e+15      1.031652e+15      1.000000
     5004.8300      1.031645e+15      1.031645e+15      1.000000
     5004.8400      1.031639e+15      1.031639e+15      1.000000
     5004.8500      1.031632e+15      1.031632e+15      1.000000
     5004.8600      1.031625e+15      1.031625e+15      1.000000
     5004.8700      1.031618e+15      1.031618e+15      1.000000
     5004.8800      1.031612e+15      1.031612e+15      1.000000
     5004.8900      1.031605e+15      1.031605e+15      1.000000
     5004.9000      1.031598e+15      1.031598e+15      1.000000
     5004.9100      1.031591e+15      1.031591e+15      1.000000
     5004.9200      1.031585e+15      1.031585e+15      1.000000
     5004.9300      1.031578e+15      1.031578e+15      1.000000
     5004.9400      1.031571e+15      1.031571e+15      1.000000
     5004.9500      1.031564e+15      1.031564e+15      1.000000
     5004.9600      1.031558e+15      1.031558e+15      1.000000
     5004.9700      1.031551e+15      1.031551e+15      1.000000
     5004.9800      1.031544e+15      1.031544e+15      1.000000
     5004.9900      1.031537e+15      1.031537e+15      1.000000
     5005.0000      1.031531e+15      1.031531e+15      1.000000
     5005.0100      1.031529e+15      1.031529e+15      1.000000
     5005.0200      1.031527e+15      1.031527e+15      1.000000
     5005.0300      1.031525e+15      1.031525e+15      1.000000
     5005.0400      1.031523e+15      1.031523e+15      1.000000
     5005.0500      1.031522e+15      1.031522e+15      1.000000
     5005.0600      1.031520e+15      1.031520e+15      1.000000
     5005.0700      1.031518e+15      1.031518e+15      1.000000
     5005.0800      1.031516e+15      1.031516e+15      1.000000
     5005.0900      1.031514e+15      1.031514e+15      1.000000
     5005.1000      1.031513e+15      1.031513e+15      1.000000
     5005.1100      1.031511e+15      1.031511e+15      1.000000
     5005.1200      1.031509e+15      1.031509e+15      1.000000
     5005.1300      1.031507e+15      1.031507e+15      1.000000
     5005.1400      1.031505e+15      1.031505e+15      1.000000
     5005.1500      1.031504e+15      1.031504e+15      1.000000
     5005.1600      1.031502e+15      1.031502e+15      1.000000
     5005.1700      1.031500e+15      1.031500e+15      1.000000
     5005.1800      1.031498e+15      1.031498e+15      1.000000
     5005.1900      1.031496e+15      1.031496e+15      1.000000
     5005.2000      1.031495e+15      1.031495e+15      1.000000
     5005.2100      1.031493e+15      1.031493e+15      1.000000
     5005.2200      1.031491e+15      1.031491e+15      1.000000
     5005.2300      1.031489e+15      1.031489e+15      1.000000
     5005.2400      1.031487e+15      1.031487e+15      1.000000
     5005.2500      1.031486e+15      1.031486e+15      1.000000
     5005.2600      1.031484e+15      1.031484e+15      1.000000
     5005.2700      1.031482e+15      1.031482e+15      1.000000
     5005.2800      1.031480e+15      1.031480e+15      1.000000
     5005.2900      1.031479e+15      1.031479e+15      1.000000
     5005.3000      1.031477e+15      1.031477e+15      1.000000
     5005.3100      1.031475e+15      1.031475e+15      1.000000
     5005.3200      1.031473e+15      1.031473e+15      1.000000
     5005.3300      1.031471e+15      1.031471e+15      1.000000
     5005.3400      1.031470e+15      1.031470e+15      1.000000
     5005.3500      1.031468e+15      1.031468e+15      1.000000
     5005.3600      1.031466e+15      1.031466e+15      1.000000
     5005.3700      1.031464e+15      1.031464e+15      1.000000
     5005.3800      1.031462e+15      1.031462e+15      1.000000
     5005.3900      1.031461e+15      1.031461e+15      1.000000
     5005.4000      1.031459e+15      1.031459e+15      1.000000
     5005.4100      1.031457e+15      1.031457e+15      1.000000
     5005.4200      1.031455e+15      1.031455e+15      1.000000
     5005.4300      1.031453e+15      1.031453e+15      1.000000
     5005.4400      1.031452e+15      1.031452e+15      1.000000
     5005.4500      1.031450e+15      1.031450e+15      1.000000
     5005.4600      1.031448e+15      1.031448e+15      1.000000
     5005.4700      1.031446e+15      1.031446e+15      1.000000
     5005.4800      1.031444e+15      1.031444e+15      1.000000
     5005.4900      1.031443e+15      1.031443e+15      1.000000
     5005.5000      1.031441e+15      1.031441e+15      1.000000
     5005.5100      1.031439e+15      1.031439e+15      1.000000
     5005.5200      1.031437e+15      1.031437e+15      1.000000
     5005.5300      1.031435e+15      1.031435e+15      1.000000
     5005.5400      1.031434e+15      1.031434e+15      1.000000
     5005.5500      1.031432e+15      1.031432e+15      1.000000
     5005.5600      1.031430e+15      1.031430e+15      1.000000
     5005.5700      1.031428e+15      1.031428e+15      1.000000
     5005.5800      1.031426e+15      1.031426e+15      1.000000
     5005.5900      1.031425e+15      1.031425e+15      1.000000
     5005.6000      1.031423e+15      1.031423e+15      1.000000
     5005.6100      1.031421e+15      1.031421e+15      1.000000
     5005.6200      1.031419e+15      1.031419e+15      1.000000
     5005.6300      1.031417e+15      1.031417e+15      1.000000
     5005.6400      1.031416e+15      1.031416e+15      1.000000
     5005.6500      1.031414e+15      1.031414e+15      1.000000
     5005.6600      1.031412e+15      1.031412e+15      1.000000
     5005.6700      1.031410e+15      1.031410e+15      1.000000
     5005.6800      1.031409e+15      1.031409e+15      1.000000
     5005.6900      1.031407e+15      1.031407e+15      1.000000
     5005.7000      1.031405e+15      1.031405e+15      1.000000
     5005.7100      1.031403e+15      1.031403e+15      1.000000
     5005.7200      1.031401e+15      1.031401e+15      1.000000
     5005.7300      1.031400e+15      1.031400e+15      1.000000
     5005.7400      1.031398e+15      1.031398e+15      1.000000
     5005.7500      1.031396e+15      1.031396e+15      1.000000
     5005.7600      1.031394e+15      1.031394e+15      1.000000
     5005.7700      1.031392e+15      1.031392e+15      1.000000
     5005.7800      1.031391e+15      1.031391e+15      1.000000
     5005.7900      1.031389e+15      1.031389e+15      1.000000
     5005.8000      1.031387e+15      1.031387e+15      1.000000
     5005.8100      1.031385e+15      1.031385e+15      1.000000
     5005.8200      1.031383e+15      1.031383e+15      1.000000
     5005.8300      1.031382e+15      1.031382e+15      1.000000
     5005.8400      1.031380e+15      1.031380e+15      1.000000
     5005.8500      1.031378e+15      1.031378e+15      1.000000
     5005.8600      1.031376e+15      1.031376e+15      1.000000
     5005.8700      1.031374e+15      1.031374e+15      1.000000
     5005.8800      1.031373e+15      1.031373e+15      1.000000
     5005.8900      1.031371e+15      1.031371e+15      1.000000
     5005.9000      1.031369e+15      1.031369e+15      1.000000
     5005.9100      1.031367e+15      1.031367e+15      1.000000
     5005.9200      1.031365e+15      1.031365e+15      1.000000
     5005.9300      1.031364e+15      1.031364e+15      1.000000
     5005.9400      1.031362e+15      1.031362e+15      1.000000
     5005.9500      1.031360e+15      1.031360e+15      1.000000
     5005.9600      1.031358e+15      1.031358e+15      1.000000
     5005.9700      1.031356e+15      1.031356e+15      1.000000
     5005.9800      1.031355e+15      1.031355e+15      1.000000
     5005.9900      1.031353e+15      1.031353e+15      1.000000
     5006.0000      1.031351e+15      1.031351e+15      1.000000
     5006.0100      1.031356e+15      1.031356e+15      1.000000
     5006.0200      1.031362e+15      1.031362e+15      1.000000
     5006.0300      1.031367e+15      1.031367e+15      1.000000
     5006.0400      1.031373e+15      1.031373e+15      1.000000
     5006.0500      1.031378e+15      1.031378e+15      1.000000
     5006.0600      1.031383e+15      1.031383e+15      1.000000
     5006.0700      1.031389e+15      1.031389e+15      1.000000
     5006.0800      1.031394e+15      1.031394e+15      1.000000
     5006.0900      1.031399e+15      1.031399e+15      1.000000
     5006.1000      1.031405e+15      1.031405e+15      1.000000
     5006.1100      1.031410e+15      1.031410e+15      1.000000
     5006.1200      1.031416e+15      1.031416e+15      1.000000
     5006.1300      1.031421e+15      1.031421e+15      1.000000
     5006.1400      1.031426e+15      1.031426e+15      1.000000
     5006.1500      1.031432e+15      1.031432e+15      1.000000
     5006.1600      1.031437e+15      1.031437e+15      1.000000
     5006.1700      1.031442e+15      1.031442e+15      1.000000
     5006.1800      1.031448e+15      1.031448e+15      1.000000
     5006.1900      1.031453e+15      1.031453e+15      1.000000
     5006.2000      1.031459e+15      1.031459e+15      1.000000
     5006.2100      1.031464e+15      1.031464e+15      1.000000
     5006.2200      1.031469e+15      1.031469e+15      1.000000
     5006.2300      1.031475e+15      1.031475e+15      1.000000
     5006.2400      1.031480e+15      1.031480e+15      1.000000
     5006.2500      1.031485e+15      1.031485e+15      1.000000
     5006.2600      1.031491e+15      1.031491e+15      1.000000
     5006.2700      1.031496e+15      1.031496e+15      1.000000
     5006.2800      1.031502e+15      1.031502e+15      1.000000
     5006.2900      1.031507e+15      1.031507e+15      1.000000
     5006.3000      1.031512e+15      1.031512e+15      1.000000
     5006.3100      1.031518e+15      1.031518e+15      1.000000
     5006.3200      1.031523e+15      1.031523e+15      1.000000
     5006.3300      1.031528e+15      1.031528e+15      1.000000
     5006.3400      1.031534e+15      1.031534e+15      1.000000
     5006.3500      1.031539e+15      1.031539e+15      1.000000
     5006.3600      1.031544e+15      1.031544e+15      1.000000
     5006.3700      1.031550e+15      1.031550e+15      1.000000
     5006.3800      1.031555e+15      1.031555e+15      1.000000
     5006.3900      1.031561e+15      1.031561e+15      1.000000
     5006.4000      1.031566e+15      1.031566e+15      1.000000
     5006.4100      1.031571e+15      1.031571e+15      1.000000
     5006.4200      1.031577e+15      1.031577e+15      1.000000
     5006.4300      1.031582e+15      1.031582e+15      1.000000
     5006.4400      1.031587e+15      1.031587e+15      1.000000
     5006.4500      1.031593e+15      1.031593e+15      1.000000
     5006.4600      1.031598e+15      1.031598e+15      1.000000
     5006.4700      1.031604e+15      1.031604e+15      1.000000
     5006.4800      1.031609e+15      1.031609e+15      1.000000
     5006.4900      1.031614e+15      1.031614e+15      1.000000
     5006.5000      1.031620e+15      1.031620e+15      1.000000
     5006.5100      1.031625e+15      1.031625e+15      1.000000
     5006.5200      1.031630e+15      1.031630e+15      1.000000
     5006.5300      1.031636e+15      1.031636e+15      1.000000
     5006.5400      1.031641e+15      1.031641e+15      1.000000
     5006.5500      1.031647e+15      1.031647e+15      1.000000
     5006.5600      1.031652e+15      1.031652e+15      1.000000
     5006.5700      1.031657e+15      1.031657e+15      1.000000
     5006.5800      1.031663e+15      1.031663e+15      1.000000
     5006.5900      1.031668e+15      1.031668e+15      1.000000
     5006.6000      1.031673e+15      1.031673e+15      1.000000
     5006.6100      1.031679e+15      1.031679e+15      1.000000
     5006.6200      1.031684e+15      1.031684e+15      1.000000
     5006.6300      1.031690e+15      1.031690e+15      1.000000
     5006.6400      1.031695e+15      1.031695e+15      1.000000
     5006.6500      1.031700e+15      1.031700e+15      1.000000
     5006.6600      1.031706e+15      1.031706e+15      1.000000
     5006.6700      1.031711e+15      1.031711e+15      1.000000
     5006.6800      1.031716e+15      1.031716e+15      1.000000
     5006.6900      1.031722e+15      1.031722e+15      1.000000
     5006.7000      1.031727e+15      1.031727e+15      1.000000
     5006.7100      1.031733e+15      1.031733e+15      1.000000
     5006.7200      1.031738e+15      1.031738e+15      1.000000
     5006.7300      1.031743e+15      1.031743e+15      1.000000
     5006.7400      1.031749e+15      1.031749e+15      1.000000
     5006.7500      1.031754e+15      1.031754e+15      1.000000
     5006.7600      1.031759e+15      1.031759e+15      1.000000
     5006.7700      1.031765e+15      1.031765e+15      1.000000
     5006.7800      1.031770e+15      1.031770e+15      1.000000
     5006.7900      1.031776e+15      1.031776e+15      1.000000
     5006.8000      1.031781e+15      1.031781e+15      1.000000
     5006.8100      1.031786e+15      1.031786e+15      1.000000
     5006.8200      1.031792e+15      1.031792e+15      1.000000
     5006.8300      1.031797e+15      1.031797e+15      1.000000
     5006.8400      1.031802e+15      1.031802e+15      1.000000
     5006.8500      1.031808e+15      1.031808e+15      1.000000
     5006.8600      1.031813e+15      1.031813e+15      1.000000
     5006.8700      1.031819e+15      1.031819e+15      1.000000
     5006.8800      1.031824e+15      1.031824e+15      1.000000
     5006.8900      1.031829e+15      1.031829e+15      1.000000
     5006.9000      1.031835e+15      1.031835e+15      1.000000
     5006.9100      1.031840e+15      1.031840e+15      1.000000
     5006.9200      1.031845e+15      1.031845e+15      1.000000
     5006.9300      1.031851e+15      1.031851e+15      1.000000
     5006.9400      1.031856e+15      1.031856e+15      1.000000
     5006.9500      1.031862e+15      1.031862e+15      1.000000
     5006.9600      1.031867e+15      1.031867e+15      1.000000
     5006.9700      1.031872e+15      1.031872e+15      1.000000
     5006.9800      1.031878e+15      1.031878e+15      1.000000
     5006.9900      1.031883e+15      1.031883e+15      1.000000
     5007.0000      1.031889e+15      1.031889e+15      1.000000
     5007.0100      1.031897e+15      1.031897e+15      1.000000
     5007.0200      1.031905e+15      1.031905e+15      1.000000
     5007.0300      1.031913e+15      1.031913e+15      1.000000
     5007.0400      1.031922e+15      1.031922e+15      1.000000
     5007.0500      1.031930e+15      1.031930e+15      1.000000
     5007.0600      1.031938e+15      1.031938e+15      1.000000
     5007.0700      1.031947e+15      1.031947e+15      1.000000
     5007.0800      1.031955e+15      1.031955e+15      1.000000
     5007.0900      1.031963e+15      1.031963e+15      1.000000
     5007.1000      1.031972e+15      1.031972e+15      1.000000
     5007.1100      1.031980e+15      1.031980e+15      1.000000
     5007.1200      1.031988e+15      1.031988e+15      1.000000
     5007.1300      1.031997e+15      1.031997e+15      1.000000
     5007.1400      1.032005e+15      1.032005e+15      1.000000
     5007.1500      1.032013e+15      1.032013e+15      1.000000
     5007.1600      1.032022e+15      1.032022e+15      1.000000
     5007.1700      1.032030e+15      1.032030e+15      1.000000
     5007.1800      1.032038e+15      1.032038e+15      1.000000
     5007.1900      1.032047e+15      1.032047e+15      1.000000
     5007.2000      1.032055e+15      1.032055e+15      1.000000
     5007.2100      1.032063e+15      1.032063e+15      1.000000
     5007.2200      1.032072e+15      1.032072e+15      1.000000
     5007.2300      1.032080e+15      1.032080e+15      1.000000
     5007.2400      1.032088e+15      1.032088e+15      1.000000
     5007.2500      1.032097e+15      1.032097e+15      1.000000
     5007.2600      1.032105e+15      1.032105e+15      1.000000
     5007.2700      1.032113e+15      1.032113e+15      1.000000
     5007.2800      1.032122e+15      1.032122e+15      1.000000
     5007.2900      1.032130e+15      1.032130e+15      1.000000
     5007.3000      1.032138e+15      1.032138e+15      1.000000
     5007.3100      1.032146e+15      1.032146e+15      1.000000
     5007.3200      1.032155e+15      1.032155e+15      1.000000
     5007.3300      1.032163e+15      1.032163e+15      1.000000
     5007.3400      1.032171e+15      1.032171e+15      1.000000
     5007.3500      1.032180e+15      1.032180e+15      1.000000
     5007.3600      1.032188e+15      1.032188e+15      1.000000
     5007.3700      1.032196e+15      1.032196e+15      1.000000
     5007.3800      1.032205e+15      1.032205e+15      1.000000
     5007.3900      1.032213e+15      1.032213e+15      1.000000
     5007.4000      1.032221e+15      1.032221e+15      1.000000
     5007.4100      1.032230e+15      1.032230e+15      1.000000
     5007.4200      1.032238e+15      1.032238e+15      1.000000
     5007.4300      1.032246e+15      1.032246e+15      1.000000
     5007.4400      1.032255e+15      1.032255e+15      1.000000
     5007.4500      1.032263e+15      1.032263e+15      1.000000
     5007.4600      1.032271e+15      1.032271e+15      1.000000
     5007.4700      1.032280e+15      1.032280e+15      1.000000
     5007.4800      1.032288e+15      1.032288e+15      1.000000
     5007.4900      1.032296e+15      1.032296e+15      1.000000
     5007.5000      1.032305e+15      1.032305e+15      1.000000
     5007.5100      1.032313e+15      1.032313e+15      1.000000
     5007.5200      1.032321e+15      1.032321e+15      1.000000
     5007.5300      1.032330e+15      1.032330e+15      1.000000
     5007.5400      1.032338e+15      1.032338e+15      1.000000
     5007.5500      1.032346e+15      1.032346e+15      1.000000
     5007.5600      1.032355e+15      1.032355e+15      1.000000
     5007.5700      1.032363e+15      1.032363e+15      1.000000
     5007.5800      1.032371e+15      1.032371e+15      1.000000
     5007.5900      1.032380e+15      1.032380e+15      1.000000
     5007.6000      1.032388e+15      1.032388e+15      1.000000
     5007.6100      1.032396e+15      1.032396e+15      1.000000
     5007.6200      1.032405e+15      1.032405e+15      1.000000
     5007.6300      1.032413e+15      1.032413e+15      1.000000
     5007.6400      1.032421e+15      1.032421e+15      1.000000
     5007.6500      1.032430e+15      1.032430e+15      1.000000
     5007.6600      1.032438e+15      1.032438e+15      1.000000
     5007.6700      1.032446e+15      1.032446e+15      1.000000
     5007.6800      1.032455e+15      1.032455e+15      1.000000
     5007.6900      1.032463e+15      1.032463e+15      1.000000
     5007.7000      1.032471e+15      1.032471e+15      1.000000
     5007.7100      1.032480e+15      1.032480e+15      1.000000
     5007.7200      1.032488e+15      1.032488e+15      1.000000
     5007.7300      1.032496e+15      1.032496e+15      1.000000
     5007.7400      1.032505e+15      1.032505e+15      1.000000
     5007.7500      1.032513e+15      1.032513e+15      1.000000
     5007.7600      1.032521e+15      1.032521e+15      1.000000
     5007.7700      1.032530e+15      1.032530e+15      1.000000
     5007.7800      1.032538e+15      1.032538e+15      1.000000
     5007.7900      1.032546e+15      1.032546e+15      1.000000
     5007.8000      1.032555e+15      1.032555e+15      1.000000
     5007.8100      1.032563e+15      1.032563e+15      1.000000
     5007.8200      1.032571e+15      1.032571e+15      1.000000
     5007.8300      1.032579e+15      1.032579e+15      1.000000
     5007.8400      1.032588e+15      1.032588e+15      1.000000
     5007.8500      1.032596e+15      1.032596e+15      1.000000
     5007.8600      1.032604e+15      1.032604e+15      1.000000
     5007.8700      1.032613e+15      1.032613e+15      1.000000
     5007.8800      1.032621e+15      1.032621e+15      1.000000
     5007.8900      1.032629e+15      1.032629e+15      1.000000
     5007.9000      1.032638e+15      1.032638e+15      1.000000
     5007.9100      1.032646e+15      1.032646e+15      1.000000
     5007.9200      1.032654e+15      1.032654e+15      1.000000
     5007.9300      1.032663e+15      1.032663e+15      1.000000
     5007.9400      1.032671e+15      1.032671e+15      1.000000
     5007.9500      1.032679e+15      1.032679e+15      1.000000
     5007.9600      1.032688e+15      1.032688e+15      1.000000
     5007.9700      1.032696e+15      1.032696e+15      1.000000
     5007.9800      1.032704e+15      1.032704e+15      1.000000
     5007.9900      1.032713e+15      1.032713e+15      1.000000
     5008.0000      1.032721e+15      1.032721e+15      1.000000
     5008.0100      1.032729e+15      1.032729e+15      1.000000
     5008.0200      1.032736e+15      1.032736e+15      1.000000
     5008.0300      1.032744e+15      1.032744e+15      1.000000
     5008.0400      1.032751e+15      1.032751e+15      1.000000
     5008.0500      1.032759e+15      1.032759e+15      1.000000
     5008.0600      1.032767e+15      1.032767e+15      1.000000
     5008.0700      1.032774e+15      1.032774e+15      1.000000
     5008.0800      1.032782e+15      1.032782e+15      1.000000
     5008.0900      1.032789e+15      1.032789e+15      1.000000
     5008.1000      1.032797e+15      1.032797e+15      1.000000
     5008.1100      1.032804e+15      1.032804e+15      1.000000
     5008.1200      1.032812e+15      1.032812e+15      1.000000
     5008.1300      1.032819e+15      1.032819e+15      1.000000
     5008.1400      1.032827e+15      1.032827e+15      1.000000
     5008.1500      1.032835e+15      1.032835e+15      1.000000
     5008.1600      1.032842e+15      1.032842e+15      1.000000
     5008.1700      1.032850e+15      1.032850e+15      1.000000
     5008.1800      1.032857e+15      1.032857e+15      1.000000
     5008.1900      1.032865e+15      1.032865e+15      1.000000
     5008.2000      1.032872e+15      1.032872e+15      1.000000
     5008.2100      1.032880e+15      1.032880e+15      1.000000
     5008.2200      1.032888e+15      1.032888e+15      1.000000
     5008.2300      1.032895e+15      1.032895e+15      1.000000
     5008.2400      1.032903e+15      1.032903e+15      1.000000
     5008.2500      1.032910e+15      1.032910e+15      1.000000
     5008.2600      1.032918e+15      1.032918e+15      1.000000
     5008.2700      1.032925e+15      1.032925e+15      1.000000
     5008.2800      1.032933e+15      1.032933e+15      1.000000
     5008.2900      1.032941e+15      1.032941e+15      1.000000
     5008.3000      1.032948e+15      1.032948e+15      1.000000
     5008.3100      1.032956e+15      1.032956e+15      1.000000
     5008.3200      1.032963e+15      1.032963e+15      1.000000
     5008.3300      1.032971e+15      1.032971e+15      1.000000
     5008.3400      1.032978e+15      1.032978e+15      1.000000
     5008.3500      1.032986e+15      1.032986e+15      1.000000
     5008.3600      1.032994e+15      1.032994e+15      1.000000
     5008.3700      1.033001e+15      1.033001e+15      1.000000
     5008.3800      1.033009e+15      1.033009e+15      1.000000
     5008.3900      1.033016e+15      1.033016e+15      1.000000
     5008.4000      1.033024e+15      1.033024e+15      1.000000
     5008.4100      1.033031e+15      1.033031e+15      1.000000
     5008.4200      1.033039e+15      1.033039e+15      1.000000
     5008.4300      1.033046e+15      1.033046e+15      1.000000
     5008.4400      1.033054e+15      1.033054e+15      1.000000
     5008.4500      1.033062e+15      1.033062e+15      1.000000
     5008.4600      1.033069e+15      1.033069e+15      1.000000
     5008.4700      1.033077e+15      1.033077e+15      1.000000
     5008.4800      1.033084e+15      1.033084e+15      1.000000
     5008.4900      1.033092e+15      1.033092e+15      1.000000
     5008.5000      1.033099e+15      1.033099e+15      1.000000
     5008.5100      1.033107e+15      1.033107e+15      1.000000
     5008.5200      1.033115e+15      1.033115e+15      1.000000
     5008.5300      1.033122e+15      1.033122e+15      1.000000
     5008.5400      1.033130e+15      1.033130e+15      1.000000
     5008.5500      1.033137e+15      1.033137e+15      1.000000
     5008.5600      1.033145e+15      1.033145e+15      1.000000
     5008.5700      1.033152e+15      1.033152e+15      1.000000
     5008.5800      1.033160e+15      1.033160e+15      1.000000
     5008.5900      1.033168e+15      1.033168e+15      1.000000
     5008.6000      1.033175e+15      1.033175e+15      1.000000
     5008.6100      1.033183e+15      1.033183e+15      1.000000
     5008.6200      1.033190e+15      1.033190e+15      1.000000
     5008.6300      1.033198e+15      1.033198e+15      1.000000
     5008.6400      1.033205e+15      1.033205e+15      1.000000
     5008.6500      1.033213e+15      1.033213e+15      1.000000
     5008.6600      1.033221e+15      1.033221e+15      1.000000
     5008.6700      1.033228e+15      1.033228e+15      1.000000
     5008.6800      1.033236e+15      1.033236e+15      1.000000
     5008.6900      1.033243e+15      1.033243e+15      1.000000
     5008.7000      1.033251e+15      1.033251e+15      1.000000
     5008.7100      1.033258e+15      1.033258e+15      1.000000
     5008.7200      1.033266e+15      1.033266e+15      1.000000
     5008.7300      1.033274e+15      1.033274e+15      1.000000
     5008.7400      1.033281e+15      1.033281e+15      1.000000
     5008.7500      1.033289e+15      1.033289e+15      1.000000
     5008.7600      1.033296e+15      1.033296e+15      1.000000
     5008.7700      1.033304e+15      1.033304e+15      1.000000
     5008.7800      1.033312e+15      1.033312e+15      1.000000
     5008.7900      1.033319e+15      1.033319e+15      1.000000
     5008.8000      1.033327e+15      1.033327e+15      1.000000
     5008.8100      1.033334e+15      1.033334e+15      1.000000
     5008.8200      1.033342e+15      1.033342e+15      1.000000
     5008.8300      1.033349e+15      1.033349e+15      1.000000
     5008.8400      1.033357e+15      1.033357e+15      1.000000
     5008.8500      1.033365e+15      1.033365e+15      1.000000
     5008.8600      1.033372e+15      1.033372e+15      1.000000
     5008.8700      1.033380e+15      1.033380e+15      1.000000
     5008.8800      1.033387e+15      1.033387e+15      1.000000
     5008.8900      1.033395e+15      1.033395e+15      1.000000
     5008.9000      1.033402e+15      1.033402e+15      1.000000
     5008.9100      1.033410e+15      1.033410e+15      1.000000
     5008.9200      1.033418e+15      1.033418e+15      1.000000
     5008.9300      1.033425e+15      1.033425e+15      1.000000
     5008.9400      1.033433e+15      1.033433e+15      1.000000
     5008.9500      1.033440e+15      1.033440e+15      1.000000
     5008.9600      1.033448e+15      1.033448e+15      1.000000
     5008.9700      1.033455e+15      1.033455e+15      1.000000
     5008.9800      1.033463e+15      1.033463e+15      1.000000
     5008.9900      1.033471e+15      1.033471e+15      1.000000
     5009.0000      1.033478e+15      1.033478e+15      1.000000
     5009.0100      1.033475e+15      1.033475e+15      1.000000
     5009.0200      1.033471e+15      1.033471e+15      1.000000
     5009.0300      1.033468e+15      1.033468e+15      1.000000
     5009.0400      1.033464e+15      1.033464e+15      1.000000
     5009.0500      1.033461e+15      1.033461e+15      1.000000
     5009.0600      1.033458e+15      1.033458e+15      1.000000
     5009.0700      1.033454e+15      1.033454e+15      1.000000
     5009.0800      1.033451e+15      1.033451e+15      1.000000
     5009.0900      1.033447e+15      1.033447e+15      1.000000
     5009.1000      1.033444e+15      1.033444e+15      1.000000
     5009.1100      1.033441e+15      1.033441e+15      1.000000
     5009.1200      1.033437e+15      1.033437e+15      1.000000
     5009.1300      1.033434e+15      1.033434e+15      1.000000
     5009.1400      1.033430e+15      1.033430e+15      1.000000
     5009.1500      1.033427e+15      1.033427e+15      1.000000
     5009.1600      1.033424e+15      1.033424e+15      1.000000
     5009.1700      1.033420e+15      1.033420e+15      1.000000
     5009.1800      1.033417e+15      1.033417e+15      1.000000
     5009.1900      1.033413e+15      1.033413e+15      1.000000
     5009.2000      1.033410e+15      1.033410e+15      1.000000
     5009.2100      1.033406e+15      1.033406e+15      1.000000
     5009.2200      1.033403e+15      1.033403e+15      1.000000
     5009.2300      1.033400e+15      1.033400e+15      1.000000
     5009.2400      1.033396e+15      1.033396e+15      1.000000
     5009.2500      1.033393e+15      1.033393e+15      1.000000
     5009.2600      1.033389e+15      1.033389e+15      1.000000
     5009.2700      1.033386e+15      1.033386e+15      1.000000
     5009.2800      1.033383e+15      1.033383e+15      1.000000
     5009.2900      1.033379e+15      1.033379e+15      1.000000
     5009.3000      1.033376e+15      1.033376e+15      1.000000
     5009.3100      1.033372e+15      1.033372e+15      1.000000
     5009.3200      1.033369e+15      1.033369e+15      1.000000
     5009.3300      1.033366e+15      1.033366e+15      1.000000
     5009.3400      1.033362e+15      1.033362e+15      1.000000
     5009.3500      1.033359e+15      1.033359e+15      1.000000
     5009.3600      1.033355e+15      1.033355e+15      1.000000
     5009.3700      1.033352e+15      1.033352e+15      1.000000
     5009.3800      1.033349e+15      1.033349e+15      1.000000
     5009.3900      1.033345e+15      1.033345e+15      1.000000
     5009.4000      1.033342e+15      1.033342e+15      1.000000
     5009.4100      1.033338e+15      1.033338e+15      1.000000
     5009.4200      1.033335e+15      1.033335e+15      1.000000
     5009.4300      1.033331e+15      1.033331e+15      1.000000
     5009.4400      1.033328e+15      1.033328e+15      1.000000
     5009.4500      1.033325e+15      1.033325e+15      1.000000
     5009.4600      1.033321e+15      1.033321e+15      1.000000
     5009.4700      1.033318e+15      1.033318e+15      1.000000
     5009.4800      1.033314e+15      1.033314e+15      1.000000
     5009.4900      1.033311e+15      1.033311e+15      1.000000
     5009.5000      1.033308e+15      1.033308e+15      1.000000
     5009.5100      1.033304e+15      1.033304e+15      1.000000
     5009.5200      1.033301e+15      1.033301e+15      1.000000
     5009.5300      1.033297e+15      1.033297e+15      1.000000
     5009.5400      1.033294e+15      1.033294e+15      1.000000
     5009.5500      1.033291e+15      1.033291e+15      1.000000
     5009.5600      1.033287e+15      1.033287e+15      1.000000
     5009.5700      1.033284e+15      1.033284e+15      1.000000
     5009.5800      1.033280e+15      1.033280e+15      1.000000
     5009.5900      1.033277e+15      1.033277e+15      1.000000
     5009.6000      1.033274e+15      1.033274e+15      1.000000
     5009.6100      1.033270e+15      1.033270e+15      1.000000
     5009.6200      1.033267e+15      1.033267e+15      1.000000
     5009.6300      1.033263e+15      1.033263e+15      1.000000
     5009.6400      1.033260e+15      1.033260e+15      1.000000
     5009.6500      1.033256e+15      1.033256e+15      1.000000
     5009.6600      1.033253e+15      1.033253e+15      1.000000
     5009.6700      1.033250e+15      1.033250e+15      1.000000
     5009.6800      1.033246e+15      1.033246e+15      1.000000
     5009.6900      1.033243e+15      1.033243e+15      1.000000
     5009.7000      1.033239e+15      1.033239e+15      1.000000
     5009.7100      1.033236e+15      1.033236e+15      1.000000
     5009.7200      1.033233e+15      1.033233e+15      1.000000
     5009.7300      1.033229e+15      1.033229e+15      1.000000
     5009.7400      1.033226e+15      1.033226e+15      1.000000
     5009.7500      1.033222e+15      1.033222e+15      1.000000
     5009.7600      1.033219e+15      1.033219e+15      1.000000
     5009.7700      1.033216e+15      1.033216e+15      1.000000
     5009.7800      1.033212e+15      1.033212e+15      1.000000
     5009.7900      1.033209e+15      1.033209e+15      1.000000
     5009.8000      1.033205e+15      1.033205e+15      1.000000
     5009.8100      1.033202e+15      1.033202e+15      1.000000
     5009.8200      1.033198e+15      1.033198e+15      1.000000
     5009.8300      1.033195e+15      1.033195e+15      1.000000
     5009.8400      1.033192e+15      1.033192e+15      1.000000
     5009.8500      1.033188e+15      1.033188e+15      1.000000
     5009.8600      1.033185e+15      1.033185e+15      1.000000
     5009.8700      1.033181e+15      1.033181e+15      1.000000
     5009.8800      1.033178e+15      1.033178e+15      1.000000
     5009.8900      1.033175e+15      1.033175e+15      1.000000
     5009.9000      1.033171e+15      1.033171e+15      1.000000
     5009.9100      1.033168e+15      1.033168e+15      1.000000
     5009.9200      1.033164e+15      1.033164e+15      1.000000
     5009.9300      1.033161e+15      1.033161e+15      1.000000
     5009.9400      1.033158e+15      1.033158e+15      1.000000
     5009.9500      1.033154e+15      1.033154e+15      1.000000
     5009.9600      1.033151e+15      1.033151e+15      1.000000
     5009.9700      1.033147e+15      1.033147e+15      1.000000
     5009.9800      1.033144e+15      1.033144e+15      1.000000
     5009.9900      1.033141e+15      1.033141e+15      1.000000
     5010.0000      1.033137e+15      1.033137e+15      1.000000
     5010.0100      1.033128e+15      1.033128e+15      1.000000
     5010.0200      1.033119e+15      1.033119e+15      1.000000
     5010.0300      1.033110e+15      1.033110e+15      1.000000
     5010.0400      1.033101e+15      1.033101e+15      1.000000
     5010.0500      1.033093e+15      1.033093e+15      1.000000
     5010.0600      1.033084e+15      1.033084e+15      1.000000
     5010.0700      1.033075e+15      1.033075e+15      1.000000
     5010.0800      1.033066e+15      1.033066e+15      1.000000
     5010.0900      1.033057e+15      1.033057e+15      1.000000
     5010.1000      1.033048e+15      1.033048e+15      1.000000
     5010.1100      1.033039e+15      1.033039e+15      1.000000
     5010.1200      1.033030e+15      1.033030e+15      1.000000
     5010.1300      1.033021e+15      1.033021e+15      1.000000
     5010.1400      1.033012e+15      1.033012e+15      1.000000
     5010.1500      1.033003e+15      1.033003e+15      1.000000
     5010.1600      1.032995e+15      1.032995e+15      1.000000
     5010.1700      1.032986e+15      1.032986e+15      1.000000
     5010.1800      1.032977e+15      1.032977e+15      1.000000
     5010.1900      1.032968e+15      1.032968e+15      1.000000
     5010.2000      1.032959e+15      1.032959e+15      1.000000
     5010.2100      1.032950e+15      1.032950e+15      1.000000
     5010.2200      1.032941e+15      1.032941e+15      1.000000
     5010.2300      1.032932e+15      1.032932e+15      1.000000
     5010.2400      1.032923e+15      1.032923e+15      1.000000
     5010.2500      1.032914e+15      1.032914e+15      1.000000
     5010.2600      1.032905e+15      1.032905e+15      1.000000
     5010.2700      1.032897e+15      1.032897e+15      1.000000
     5010.2800      1.032888e+15      1.032888e+15      1.000000
     5010.2900      1.032879e+15      1.032879e+15      1.000000
     5010.3000      1.032870e+15      1.032870e+15      1.000000
     5010.3100      1.032861e+15      1.032861e+15      1.000000
     5010.3200      1.032852e+15      1.032852e+15      1.000000
     5010.3300      1.032843e+15      1.032843e+15      1.000000
     5010.3400      1.032834e+15      1.032834e+15      1.000000
     5010.3500      1.032825e+15      1.032825e+15      1.000000
     5010.3600      1.032816e+15      1.032816e+15      1.000000
     5010.3700      1.032808e+15      1.032808e+15      1.000000
     5010.3800      1.032799e+15      1.032799e+15      1.000000
     5010.3900      1.032790e+15      1.032790e+15      1.000000
     5010.4000      1.032781e+15      1.032781e+15      1.000000
     5010.4100      1.032772e+15      1.032772e+15      1.000000
     5010.4200      1.032763e+15      1.032763e+15      1.000000
     5010.4300      1.032754e+15      1.032754e+15      1.000000
     5010.4400      1.032745e+15      1.032745e+15      1.000000
     5010.4500      1.032736e+15      1.032736e+15      1.000000
     5010.4600      1.032727e+15      1.032727e+15      1.000000
     5010.4700      1.032718e+15      1.032718e+15      1.000000
     5010.4800      1.032710e+15      1.032710e+15      1.000000
     5010.4900      1.032701e+15      1.032701e+15      1.000000
     5010.5000      1.032692e+15      1.032692e+15      1.000000
     5010.5100      1.032683e+15      1.032683e+15      1.000000
     5010.5200      1.032674e+15      1.032674e+15      1.000000
     5010.5300      1.032665e+15      1.032665e+15      1.000000
     5010.5400      1.032656e+15      1.032656e+15      1.000000
     5010.5500      1.032647e+15      1.032647e+15      1.000000
     5010.5600      1.032638e+15      1.032638e+15      1.000000
     5010.5700      1.032629e+15      1.032629e+15      1.000000
     5010.5800      1.032620e+15      1.032620e+15      1.000000
     5010.5900      1.032612e+15      1.032612e+15      1.000000
     5010.6000      1.032603e+15      1.032603e+15      1.000000
     5010.6100      1.032594e+15      1.032594e+15      1.000000
     5010.6200      1.032585e+15      1.032585e+15      1.000000
     5010.6300      1.032576e+15      1.032576e+15      1.000000
     5010.6400      1.032567e+15      1.032567e+15      1.000000
     5010.6500      1.032558e+15      1.032558e+15      1.000000
     5010.6600      1.032549e+15      1.032549e+15      1.000000
     5010.6700      1.032540e+15      1.032540e+15      1.000000
     5010.6800      1.032531e+15      1.032531e+15      1.000000
     5010.6900      1.032523e+15      1.032523e+15      1.000000
     5010.7000      1.032514e+15      1.032514e+15      1.000000
     5010.7100      1.032505e+15      1.032505e+15      1.000000
     5010.7200      1.032496e+15      1.032496e+15      1.000000
     5010.7300      1.032487e+15      1.032487e+15      1.000000
     5010.7400      1.032478e+15      1.032478e+15      1.000000
     5010.7500      1.032469e+15      1.032469e+15      1.000000
     5010.7600      1.032460e+15      1.032460e+15      1.000000
     5010.7700      1.032451e+15      1.032451e+15      1.000000
     5010.7800      1.032442e+15      1.032442e+15      1.000000
     5010.7900      1.032434e+15      1.032434e+15      1.000000
     5010.8000      1.032425e+15      1.032425e+15      1.000000
     5010.8100      1.032416e+15      1.032416e+15      1.000000
     5010.8200      1.032407e+15      1.032407e+15      1.000000
     5010.8300      1.032398e+15      1.032398e+15      1.000000
     5010.8400      1.032389e+15      1.032389e+15      1.000000
     5010.8500      1.032380e+15      1.032380e+15      1.000000
     5010.8600      1.032371e+15      1.032371e+15      1.000000
     5010.8700      1.032362e+15      1.032362e+15      1.000000
     5010.8800      1.032354e+15      1.032354e+15      1.000000
     5010.8900      1.032345e+15      1.032345e+15      1.000000
     5010.9000      1.032336e+15      1.032336e+15      1.000000
     5010.9100      1.032327e+15      1.032327e+15      1.000000
     5010.9200      1.032318e+15      1.032318e+15      1.000000
     5010.9300      1.032309e+15      1.032309e+15      1.000000
     5010.9400      1.032300e+15      1.032300e+15      1.000000
     5010.9500      1.032291e+15      1.032291e+15      1.000000
     5010.9600      1.032282e+15      1.032282e+15      1.000000
     5010.9700      1.032273e+15      1.032273e+15      1.000000
     5010.9800      1.032265e+15      1.032265e+15      1.000000
     5010.9900      1.032256e+15      1.032256e+15      1.000000
     5011.0000      1.032247e+15      1.032247e+15      1.000000
     5011.0100      1.032239e+15      1.032239e+15      1.000000
     5011.0200      1.032232e+15      1.032232e+15      1.000000
     5011.0300      1.032224e+15      1.032224e+15      1.000000
     5011.0400      1.032216e+15      1.032216e+15      1.000000
     5011.0500      1.032209e+15      1.032209e+15      1.000000
     5011.0600      1.032201e+15      1.032201e+15      1.000000
     5011.0700      1.032194e+15      1.032194e+15      1.000000
     5011.0800      1.032186e+15      1.032186e+15      1.000000
     5011.0900      1.032179e+15      1.032179e+15      1.000000
     5011.1000      1.032171e+15      1.032171e+15      1.000000
     5011.1100      1.032163e+15      1.032163e+15      1.000000
     5011.1200      1.032156e+15      1.032156e+15      1.000000
     5011.1300      1.032148e+15      1.032148e+15      1.000000
     5011.1400      1.032141e+15      1.032141e+15      1.000000
     5011.1500      1.032133e+15      1.032133e+15      1.000000
     5011.1600      1.032126e+15      1.032126e+15      1.000000
     5011.1700      1.032118e+15      1.032118e+15      1.000000
     5011.1800      1.032110e+15      1.032110e+15      1.000000
     5011.1900      1.032103e+15      1.032103e+15      1.000000
     5011.2000      1.032095e+15      1.032095e+15      1.000000
     5011.2100      1.032088e+15      1.032088e+15      1.000000
     5011.2200      1.032080e+15      1.032080e+15      1.000000
     5011.2300      1.032073e+15      1.032073e+15      1.000000
     5011.2400      1.032065e+15      1.032065e+15      1.000000
     5011.2500      1.032057e+15      1.032057e+15      1.000000
     5011.2600      1.032050e+15      1.032050e+15      1.000000
     5011.2700      1.032042e+15      1.032042e+15      1.000000
     5011.2800      1.032035e+15      1.032035e+15      1.000000
     5011.2900      1.032027e+15      1.032027e+15      1.000000
     5011.3000      1.032019e+15      1.032019e+15      1.000000
     5011.3100      1.032012e+15      1.032012e+15      1.000000
     5011.3200      1.032004e+15      1.032004e+15      1.000000
     5011.3300      1.031997e+15      1.031997e+15      1.000000
     5011.3400      1.031989e+15      1.031989e+15      1.000000
     5011.3500      1.031982e+15      1.031982e+15      1.000000
     5011.3600      1.031974e+15      1.031974e+15      1.000000
     5011.3700      1.031966e+15      1.031966e+15      1.000000
     5011.3800      1.031959e+15      1.031959e+15      1.000000
     5011.3900      1.031951e+15      1.031951e+15      1.000000
     5011.4000      1.031944e+15      1.031944e+15      1.000000
     5011.4100      1.031936e+15      1.031936e+15      1.000000
     5011.4200      1.031929e+15      1.031929e+15      1.000000
     5011.4300      1.031921e+15      1.031921e+15      1.000000
     5011.4400      1.031913e+15      1.031913e+15      1.000000
     5011.4500      1.031906e+15      1.031906e+15      1.000000
     5011.4600      1.031898e+15      1.031898e+15      1.000000
     5011.4700      1.031891e+15      1.031891e+15      1.000000
     5011.4800      1.031883e+15      1.031883e+15      1.000000
     5011.4900      1.031876e+15      1.031876e+15      1.000000
     5011.5000      1.031868e+15      1.031868e+15      1.000000
     5011.5100      1.031860e+15      1.031860e+15      1.000000
     5011.5200      1.031853e+15      1.031853e+15      1.000000
     5011.5300      1.031845e+15      1.031845e+15      1.000000
     5011.5400      1.031838e+15      1.031838e+15      1.000000
     5011.5500      1.031830e+15      1.031830e+15      1.000000
     5011.5600      1.031823e+15      1.031823e+15      1.000000
     5011.5700      1.031815e+15      1.031815e+15      1.000000
     5011.5800      1.031807e+15      1.031807e+15      1.000000
     5011.5900      1.031800e+15      1.031800e+15      1.000000
     5011.6000      1.031792e+15      1.031792e+15      1.000000
     5011.6100      1.031785e+15      1.031785e+15      1.000000
     5011.6200      1.031777e+15      1.031777e+15      1.000000
     5011.6300      1.031770e+15      1.031770e+15      1.000000
     5011.6400      1.031762e+15      1.031762e+15      1.000000
     5011.6500      1.031754e+15      1.031754e+15      1.000000
     5011.6600      1.031747e+15      1.031747e+15      1.000000
     5011.6700      1.031739e+15      1.031739e+15      1.000000
     5011.6800      1.031732e+15      1.031732e+15      1.000000
     5011.6900      1.031724e+15      1.031724e+15      1.000000
     5011.7000      1.031717e+15      1.031717e+15      1.000000
     5011.7100      1.031709e+15      1.031709e+15      1.000000
     5011.7200      1.031701e+15      1.031701e+15      1.000000
     5011.7300      1.031694e+15      1.031694e+15      1.000000
     5011.7400      1.031686e+15      1.031686e+15      1.000000
     5011.7500      1.031679e+15      1.031679e+15      1.000000
     5011.7600      1.031671e+15      1.031671e+15      1.000000
     5011.7700      1.031664e+15      1.031664e+15      1.000000
     5011.7800      1.031656e+15      1.031656e+15      1.000000
     5011.7900      1.031648e+15      1.031648e+15      1.000000
     5011.8000      1.031641e+15      1.031641e+15      1.000000
     5011.8100      1.031633e+15      1.031633e+15      1.000000
     5011.8200      1.031626e+15      1.031626e+15      1.000000
     5011.8300      1.031618e+15      1.031618e+15      1.000000
     5011.8400      1.031611e+15      1.031611e+15      1.000000
     5011.8500      1.031603e+15      1.031603e+15      1.000000
     5011.8600      1.031595e+15      1.031595e+15      1.000000
     5011.8700      1.031588e+15      1.031588e+15      1.000000
     5011.8800      1.031580e+15      1.031580e+15      1.000000
     5011.8900      1.031573e+15      1.031573e+15      1.000000
     5011.9000      1.031565e+15      1.031565e+15      1.000000
     5011.9100      1.031558e+15      1.031558e+15      1.000000
     5011.9200      1.031550e+15      1.031550e+15      1.000000
     5011.9300      1.031543e+15      1.031543e+15      1.000000
     5011.9400      1.031535e+15      1.031535e+15      1.000000
     5011.9500      1.031527e+15      1.031527e+15      1.000000
     5011.9600      1.031520e+15      1.031520e+15      1.000000
     5011.9700      1.031512e+15      1.031512e+15      1.000000
     5011.9800      1.031505e+15      1.031505e+15      1.000000
     5011.9900      1.031497e+15      1.031497e+15      1.000000
     5012.0000      1.031490e+15      1.031490e+15      1.000000
     5012.0100      1.031492e+15      1.031492e+15      1.000000
     5012.0200      1.031495e+15      1.031495e+15      1.000000
     5012.0300      1.031497e+15      1.031497e+15      1.000000
     5012.0400      1.031500e+15      1.031500e+15      1.000000
     5012.0500      1.031502e+15      1.031502e+15      1.000000
     5012.0600      1.031505e+15      1.031505e+15      1.000000
     5012.0700      1.031508e+15      1.031508e+15      1.000000
     5012.0800      1.031510e+15      1.031510e+15      1.000000
     5012.0900      1.031513e+15      1.031513e+15      1.000000
     5012.1000      1.031515e+15      1.031515e+15      1.000000
     5012.1100      1.031518e+15      1.031518e+15      1.000000
     5012.1200      1.031520e+15      1.031520e+15      1.000000
     5012.1300      1.031523e+15      1.031523e+15      1.000000
     5012.1400      1.031526e+15      1.031526e+15      1.000000
     5012.1500      1.031528e+15      1.031528e+15      1.000000
     5012.1600      1.031531e+15      1.031531e+15      1.000000
     5012.1700      1.031533e+15      1.031533e+15      1.000000
     5012.1800      1.031536e+15      1.031536e+15      1.000000
     5012.1900      1.031538e+15      1.031538e+15      1.000000
     5012.2000      1.031541e+15      1.031541e+15      1.000000
     5012.2100      1.031544e+15      1.031544e+15      1.000000
     5012.2200      1.031546e+15      1.031546e+15      1.000000
     5012.2300      1.031549e+15      1.031549e+15      1.000000
     5012.2400      1.031551e+15      1.031551e+15      1.000000
     5012.2500      1.031554e+15      1.031554e+15      1.000000
     5012.2600      1.031556e+15      1.031556e+15      1.000000
     5012.2700      1.031559e+15      1.031559e+15      1.000000
     5012.2800      1.031562e+15      1.031562e+15      1.000000
     5012.2900      1.031564e+15      1.031564e+15      1.000000
     5012.3000      1.031567e+15      1.031567e+15      1.000000
     5012.3100      1.031569e+15      1.031569e+15      1.000000
     5012.3200      1.031572e+15      1.031572e+15      1.000000
     5012.3300      1.031574e+15      1.031574e+15      1.000000
     5012.3400      1.031577e+15      1.031577e+15      1.000000
     5012.3500      1.031580e+15      1.031580e+15      1.000000
     5012.3600      1.031582e+15      1.031582e+15      1.000000
     5012.3700      1.031585e+15      1.031585e+15      1.000000
     5012.3800      1.031587e+15      1.031587e+15      1.000000
     5012.3900      1.031590e+15      1.031590e+15      1.000000
     5012.4000      1.031592e+15      1.031592e+15      1.000000
     5012.4100      1.031595e+15      1.031595e+15      1.000000
     5012.4200      1.031598e+15      1.031598e+15      1.000000
     5012.4300      1.031600e+15      1.031600e+15      1.000000
     5012.4400      1.031603e+15      1.031603e+15      1.000000
     5012.4500      1.031605e+15      1.031605e+15      1.000000
     5012.4600      1.031608e+15      1.031608e+15      1.000000
     5012.4700      1.031610e+15      1.031610e+15      1.000000
     5012.4800      1.031613e+15      1.031613e+15      1.000000
     5012.4900      1.031616e+15      1.031616e+15      1.000000
     5012.5000      1.031618e+15      1.031618e+15      1.000000
     5012.5100      1.031621e+15      1.031621e+15      1.000000
     5012.5200      1.031623e+15      1.031623e+15      1.000000
     5012.5300      1.031626e+15      1.031626e+15      1.000000
     5012.5400      1.031628e+15      1.031628e+15      1.000000
     5012.5500      1.031631e+15      1.031631e+15      1.000000
     5012.5600      1.031634e+15      1.031634e+15      1.000000
     5012.5700      1.031636e+15      1.031636e+15      1.000000
     5012.5800      1.031639e+15      1.031639e+15      1.000000
     5012.5900      1.031641e+15      1.031641e+15      1.000000
     5012.6000      1.031644e+15      1.031644e+15      1.000000
     5012.6100      1.031646e+15      1.031646e+15      1.000000
     5012.6200      1.031649e+15      1.031649e+15      1.000000
     5012.6300      1.031652e+15      1.031652e+15      1.000000
     5012.6400      1.031654e+15      1.031654e+15      1.000000
     5012.6500      1.031657e+15      1.031657e+15      1.000000
     5012.6600      1.031659e+15      1.031659e+15      1.000000
     5012.6700      1.031662e+15      1.031662e+15      1.000000
     5012.6800      1.031664e+15      1.031664e+15      1.000000
     5012.6900      1.031667e+15      1.031667e+15      1.000000
     5012.7000      1.031670e+15      1.031670e+15      1.000000
     5012.7100      1.031672e+15      1.031672e+15      1.000000
     5012.7200      1.031675e+15      1.031675e+15      1.000000
     5012.7300      1.031677e+15      1.031677e+15      1.000000
     5012.7400      1.031680e+15      1.031680e+15      1.000000
     5012.7500      1.031682e+15      1.031682e+15      1.000000
     5012.7600      1.031685e+15      1.031685e+15      1.000000
     5012.7700      1.031688e+15      1.031688e+15      1.000000
     5012.7800      1.031690e+15      1.031690e+15      1.000000
     5012.7900      1.031693e+15      1.031693e+15      1.000000
     5012.8000      1.031695e+15      1.031695e+15      1.000000
     5012.8100      1.031698e+15      1.031698e+15      1.000000
     5012.8200      1.031700e+15      1.031700e+15      1.000000
     5012.8300      1.031703e+15      1.031703e+15      1.000000
     5012.8400      1.031706e+15      1.031706e+15      1.000000
     5012.8500      1.031708e+15      1.031708e+15      1.000000
     5012.8600      1.031711e+15      1.031711e+15      1.000000
     5012.8700      1.031713e+15      1.031713e+15      1.000000
     5012.8800      1.031716e+15      1.031716e+15      1.000000
     5012.8900      1.031718e+15      1.031718e+15      1.000000
     5012.9000      1.031721e+15      1.031721e+15      1.000000
     5012.9100      1.031723e+15      1.031723e+15      1.000000
     5012.9200      1.031726e+15      1.031726e+15      1.000000
     5012.9300      1.031729e+15      1.031729e+15      1.000000
     5012.9400      1.031731e+15      1.031731e+15      1.000000
     5012.9500      1.031734e+15      1.031734e+15      1.000000
     5012.9600      1.031736e+15      1.031736e+15      1.000000
     5012.9700      1.031739e+15      1.031739e+15      1.000000
     5012.9800      1.031741e+15      1.031741e+15      1.000000
     5012.9900      1.031744e+15      1.031744e+15      1.000000
     5013.0000      1.031747e+15      1.031747e+15      1.000000
     5013.0100      1.031753e+15      1.031753e+15      1.000000
     5013.0200      1.031759e+15      1.031759e+15      1.000000
     5013.0300      1.031765e+15      1.031765e+15      1.000000
     5013.0400      1.031771e+15      1.031771e+15      1.000000
     5013.0500      1.031777e+15      1.031777e+15      1.000000
     5013.0600      1.031783e+15      1.031783e+15      1.000000
     5013.0700      1.031789e+15      1.031789e+15      1.000000
     5013.0800      1.031795e+15      1.031795e+15      1.000000
     5013.0900      1.031801e+15      1.031801e+15      1.000000
     5013.1000      1.031807e+15      1.031807e+15      1.000000
     5013.1100      1.031813e+15      1.031813e+15      1.000000
     5013.1200      1.031820e+15      1.031820e+15      1.000000
     5013.1300      1.031826e+15      1.031826e+15      1.000000
     5013.1400      1.031832e+15      1.031832e+15      1.000000
     5013.1500      1.031838e+15      1.031838e+15      1.000000
     5013.1600      1.031844e+15      1.031844e+15      1.000000
     5013.1700      1.031850e+15      1.031850e+15      1.000000
     5013.1800      1.031856e+15      1.031856e+15      1.000000
     5013.1900      1.031862e+15      1.031862e+15      1.000000
     5013.2000      1.031868e+15      1.031868e+15      1.000000
     5013.2100      1.031874e+15      1.031874e+15      1.000000
     5013.2200      1.031880e+15      1.031880e+15      1.000000
     5013.2300      1.031886e+15      1.031886e+15      1.000000
     5013.2400      1.031892e+15      1.031892e+15      1.000000
     5013.2500      1.031899e+15      1.031899e+15      1.000000
     5013.2600      1.031905e+15      1.031905e+15      1.000000
     5013.2700      1.031911e+15      1.031911e+15      1.000000
     5013.2800      1.031917e+15      1.031917e+15      1.000000
     5013.2900      1.031923e+15      1.031923e+15      1.000000
     5013.3000      1.031929e+15      1.031929e+15      1.000000
     5013.3100      1.031935e+15      1.031935e+15      1.000000
     5013.3200      1.031941e+15      1.031941e+15      1.000000
     5013.3300      1.031947e+15      1.031947e+15      1.000000
     5013.3400      1.031953e+15      1.031953e+15      1.000000
     5013.3500      1.031959e+15      1.031959e+15      1.000000
     5013.3600      1.031965e+15      1.031965e+15      1.000000
     5013.3700      1.031971e+15      1.031971e+15      1.000000
     5013.3800      1.031978e+15      1.031978e+15      1.000000
     5013.3900      1.031984e+15      1.031984e+15      1.000000
     5013.4000      1.031990e+15      1.031990e+15      1.000000
     5013.4100      1.031996e+15      1.031996e+15      1.000000
     5013.4200      1.032002e+15      1.032002e+15      1.000000
     5013.4300      1.032008e+15      1.032008e+15      1.000000
     5013.4400      1.032014e+15      1.032014e+15      1.000000
     5013.4500      1.032020e+15      1.032020e+15      1.000000
     5013.4600      1.032026e+15      1.032026e+15      1.000000
     5013.4700      1.032032e+15      1.032032e+15      1.000000
     5013.4800      1.032038e+15      1.032038e+15      1.000000
     5013.4900      1.032044e+15      1.032044e+15      1.000000
     5013.5000      1.032050e+15      1.032050e+15      1.000000
     5013.5100      1.032057e+15      1.032057e+15      1.000000
     5013.5200      1.032063e+15      1.032063e+15      1.000000
     5013.5300      1.032069e+15      1.032069e+15      1.000000
     5013.5400      1.032075e+15      1.032075e+15      1.000000
     5013.5500      1.032081e+15      1.032081e+15      1.000000
     5013.5600      1.032087e+15      1.032087e+15      1.000000
     5013.5700      1.032093e+15      1.032093e+15      1.000000
     5013.5800      1.032099e+15      1.032099e+15      1.000000
     5013.5900      1.032105e+15      1.032105e+15      1.000000
     5013.6000      1.032111e+15      1.032111e+15      1.000000
     5013.6100      1.032117e+15      1.032117e+15      1.000000
     5013.6200      1.032123e+15      1.032123e+15      1.000000
     5013.6300      1.032130e+15      1.032130e+15      1.000000
     5013.6400      1.032136e+15      1.032136e+15      1.000000
     5013.6500      1.032142e+15      1.032142e+15      1.000000
     5013.6600      1.032148e+15      1.032148e+15      1.000000
     5013.6700      1.032154e+15      1.032154e+15      1.000000
     5013.6800      1.032160e+15      1.032160e+15      1.000000
     5013.6900      1.032166e+15      1.032166e+15      1.000000
     5013.7000      1.032172e+15      1.032172e+15      1.000000
     5013.7100      1.032178e+15      1.032178e+15      1.000000
     5013.7200      1.032184e+15      1.032184e+15      1.000000
     5013.7300      1.032190e+15      1.032190e+15      1.000000
     5013.7400      1.032196e+15      1.032196e+15      1.000000
     5013.7500      1.032202e+15      1.032202e+15      1.000000
     5013.7600      1.032209e+15      1.032209e+15      1.000000
     5013.7700      1.032215e+15      1.032215e+15      1.000000
     5013.7800      1.032221e+15      1.032221e+15      1.000000
     5013.7900      1.032227e+15      1.032227e+15      1.000000
     5013.8000      1.032233e+15      1.032233e+15      1.000000
     5013.8100      1.032239e+15      1.032239e+15      1.000000
     5013.8200      1.032245e+15      1.032245e+15      1.000000
     5013.8300      1.032251e+15      1.032251e+15      1.000000
     5013.8400      1.032257e+15      1.032257e+15      1.000000
     5013.8500      1.032263e+15      1.032263e+15      1.000000
     5013.8600      1.032269e+15      1.032269e+15      1.000000
     5013.8700      1.032275e+15      1.032275e+15      1.000000
     5013.8800      1.032281e+15      1.032281e+15      1.000000
     5013.8900      1.032288e+15      1.032288e+15      1.000000
     5013.9000      1.032294e+15      1.032294e+15      1.000000
     5013.9100      1.032300e+15      1.032300e+15      1.000000
     5013.9200      1.032306e+15      1.032306e+15      1.000000
     5013.9300      1.032312e+15      1.032312e+15      1.000000
     5013.9400      1.032318e+15      1.032318e+15      1.000000
     5013.9500      1.032324e+15      1.032324e+15      1.000000
     5013.9600      1.032330e+15      1.032330e+15      1.000000
     5013.9700      1.032336e+15      1.032336e+15      1.000000
     5013.9800      1.032342e+15      1.032342e+15      1.000000
     5013.9900      1.032348e+15      1.032348e+15      1.000000
     5014.0000      1.032354e+15      1.032354e+15      1.000000
     5014.0100      1.032359e+15      1.032359e+15      1.000000
     5014.0200      1.032364e+15      1.032364e+15      1.000000
     5014.0300      1.032369e+15      1.032369e+15      1.000000
     5014.0400      1.032374e+15      1.032374e+15      1.000000
     5014.0500      1.032379e+15      1.032379e+15      1.000000
     5014.0600      1.032383e+15      1.032383e+15      1.000000
     5014.0700      1.032388e+15      1.032388e+15      1.000000
     5014.0800      1.032393e+15      1.032393e+15      1.000000
     5014.0900      1.032398e+15      1.032398e+15      1.000000
     5014.1000      1.032403e+15      1.032403e+15      1.000000
     5014.1100      1.032407e+15      1.032407e+15      1.000000
     5014.1200      1.032412e+15      1.032412e+15      1.000000
     5014.1300      1.032417e+15      1.032417e+15      1.000000
     5014.1400      1.032422e+15      1.032422e+15      1.000000
     5014.1500      1.032427e+15      1.032427e+15      1.000000
     5014.1600      1.032432e+15      1.032432e+15      1.000000
     5014.1700      1.032436e+15      1.032436e+15      1.000000
     5014.1800      1.032441e+15      1.032441e+15      1.000000
     5014.1900      1.032446e+15      1.032446e+15      1.000000
     5014.2000      1.032451e+15      1.032451e+15      1.000000
     5014.2100      1.032456e+15      1.032456e+15      1.000000
     5014.2200      1.032460e+15      1.032460e+15      1.000000
     5014.2300      1.032465e+15      1.032465e+15      1.000000
     5014.2400      1.032470e+15      1.032470e+15      1.000000
     5014.2500      1.032475e+15      1.032475e+15      1.000000
     5014.2600      1.032480e+15      1.032480e+15      1.000000
     5014.2700      1.032484e+15      1.032484e+15      1.000000
     5014.2800      1.032489e+15      1.032489e+15      1.000000
     5014.2900      1.032494e+15      1.032494e+15      1.000000
     5014.3000      1.032499e+15      1.032499e+15      1.000000
     5014.3100      1.032504e+15      1.032504e+15      1.000000
     5014.3200      1.032509e+15      1.032509e+15      1.000000
     5014.3300      1.032513e+15      1.032513e+15      1.000000
     5014.3400      1.032518e+15      1.032518e+15      1.000000
     5014.3500      1.032523e+15      1.032523e+15      1.000000
     5014.3600      1.032528e+15      1.032528e+15      1.000000
     5014.3700      1.032533e+15      1.032533e+15      1.000000
     5014.3800      1.032537e+15      1.032537e+15      1.000000
     5014.3900      1.032542e+15      1.032542e+15      1.000000
     5014.4000      1.032547e+15      1.032547e+15      1.000000
     5014.4100      1.032552e+15      1.032552e+15      1.000000
     5014.4200      1.032557e+15      1.032557e+15      1.000000
     5014.4300      1.032562e+15      1.032562e+15      1.000000
     5014.4400      1.032566e+15      1.032566e+15      1.000000
     5014.4500      1.032571e+15      1.032571e+15      1.000000
     5014.4600      1.032576e+15      1.032576e+15      1.000000
     5014.4700      1.032581e+15      1.032581e+15      1.000000
     5014.4800      1.032586e+15      1.032586e+15      1.000000
     5014.4900      1.032590e+15      1.032590e+15      1.000000
     5014.5000      1.032595e+15      1.032595e+15      1.000000
     5014.5100      1.032600e+15      1.032600e+15      1.000000
     5014.5200      1.032605e+15      1.032605e+15      1.000000
     5014.5300      1.032610e+15      1.032610e+15      1.000000
     5014.5400      1.032615e+15      1.032615e+15      1.000000
     5014.5500      1.032619e+15      1.032619e+15      1.000000
     5014.5600      1.032624e+15      1.032624e+15      1.000000
     5014.5700      1.032629e+15      1.032629e+15      1.000000
     5014.5800      1.032634e+15      1.032634e+15      1.000000
     5014.5900      1.032639e+15      1.032639e+15      1.000000
     5014.6000      1.032643e+15      1.032643e+15      1.000000
     5014.6100      1.032648e+15      1.032648e+15      1.000000
     5014.6200      1.032653e+15      1.032653e+15      1.000000
     5014.6300      1.032658e+15      1.032658e+15      1.000000
     5014.6400      1.032663e+15      1.032663e+15      1.000000
     5014.6500      1.032667e+15      1.032667e+15      1.000000
     5014.6600      1.032672e+15      1.032672e+15      1.000000
     5014.6700      1.032677e+15      1.032677e+15      1.000000
     5014.6800      1.032682e+15      1.032682e+15      1.000000
     5014.6900      1.032687e+15      1.032687e+15      1.000000
     5014.7000      1.032692e+15      1.032692e+15      1.000000
     5014.7100      1.032696e+15      1.032696e+15      1.000000
     5014.7200      1.032701e+15      1.032701e+15      1.000000
     5014.7300      1.032706e+15      1.032706e+15      1.000000
     5014.7400      1.032711e+15      1.032711e+15      1.000000
     5014.7500      1.032716e+15      1.032716e+15      1.000000
     5014.7600      1.032720e+15      1.032720e+15      1.000000
     5014.7700      1.032725e+15      1.032725e+15      1.000000
     5014.7800      1.032730e+15      1.032730e+15      1.000000
     5014.7900      1.032735e+15      1.032735e+15      1.000000
     5014.8000      1.032740e+15      1.032740e+15      1.000000
     5014.8100      1.032745e+15      1.032745e+15      1.000000
     5014.8200      1.032749e+15      1.032749e+15      1.000000
     5014.8300      1.032754e+15      1.032754e+15      1.000000
     5014.8400      1.032759e+15      1.032759e+15      1.000000
     5014.8500      1.032764e+15      1.032764e+15      1.000000
     5014.8600      1.032769e+15      1.032769e+15      1.000000
     5014.8700      1.032773e+15      1.032773e+15      1.000000
     5014.8800      1.032778e+15      1.032778e+15      1.000000
     5014.8900      1.032783e+15      1.032783e+15      1.000000
     5014.9000      1.032788e+15      1.032788e+15      1.000000
     5014.9100      1.032793e+15      1.032793e+15      1.000000
     5014.9200      1.032798e+15      1.032798e+15      1.000000
     5014.9300      1.032802e+15      1.032802e+15      1.000000
     5014.9400      1.032807e+15      1.032807e+15      1.000000
     5014.9500      1.032812e+15      1.032812e+15      1.000000
     5014.9600      1.032817e+15      1.032817e+15      1.000000
     5014.9700      1.032822e+15      1.032822e+15      1.000000
     5014.9800      1.032826e+15      1.032826e+15      1.000000
     5014.9900      1.032831e+15      1.032831e+15      1.000000
     5015.0000      1.032836e+15      1.032836e+15      1.000000
     5015.0100      1.032835e+15      1.032835e+15      1.000000
     5015.0200      1.032834e+15      1.032834e+15      1.000000
     5015.0300      1.032833e+15      1.032833e+15      1.000000
     5015.0400      1.032831e+15      1.032831e+15      1.000000
     5015.0500      1.032830e+15      1.032830e+15      1.000000
     5015.0600      1.032829e+15      1.032829e+15      1.000000
     5015.0700      1.032828e+15      1.032828e+15      1.000000
     5015.0800      1.032827e+15      1.032827e+15      1.000000
     5015.0900      1.032826e+15      1.032826e+15      1.000000
     5015.1000      1.032824e+15      1.032824e+15      1.000000
     5015.1100      1.032823e+15      1.032823e+15      1.000000
     5015.1200      1.032822e+15      1.032822e+15      1.000000
     5015.1300      1.032821e+15      1.032821e+15      1.000000
     5015.1400      1.032820e+15      1.032820e+15      1.000000
     5015.1500      1.032818e+15      1.032818e+15      1.000000
     5015.1600      1.032817e+15      1.032817e+15      1.000000
     5015.1700      1.032816e+15      1.032816e+15      1.000000
     5015.1800      1.032815e+15      1.032815e+15      1.000000
     5015.1900      1.032814e+15      1.032814e+15      1.000000
     5015.2000      1.032813e+15      1.032813e+15      1.000000
     5015.2100      1.032811e+15      1.032811e+15      1.000000
     5015.2200      1.032810e+15      1.032810e+15      1.000000
     5015.2300      1.032809e+15      1.032809e+15      1.000000
     5015.2400      1.032808e+15      1.032808e+15      1.000000
     5015.2500      1.032807e+15      1.032807e+15      1.000000
     5015.2600      1.032806e+15      1.032806e+15      1.000000
     5015.2700      1.032804e+15      1.032804e+15      1.000000
     5015.2800      1.032803e+15      1.032803e+15      1.000000
     5015.2900      1.032802e+15      1.032802e+15      1.000000
     5015.3000      1.032801e+15      1.032801e+15      1.000000
     5015.3100      1.032800e+15      1.032800e+15      1.000000
     5015.3200      1.032799e+15      1.032799e+15      1.000000
     5015.3300      1.032797e+15      1.032797e+15      1.000000
     5015.3400      1.032796e+15      1.032796e+15      1.000000
     5015.3500      1.032795e+15      1.032795e+15      1.000000
     5015.3600      1.032794e+15      1.032794e+15      1.000000
     5015.3700      1.032793e+15      1.032793e+15      1.000000
     5015.3800      1.032792e+15      1.032792e+15      1.000000
     5015.3900      1.032790e+15      1.032790e+15      1.000000
     5015.4000      1.032789e+15      1.032789e+15      1.000000
     5015.4100      1.032788e+15      1.032788e+15      1.000000
     5015.4200      1.032787e+15      1.032787e+15      1.000000
     5015.4300      1.032786e+15      1.032786e+15      1.000000
     5015.4400      1.032784e+15      1.032784e+15      1.000000
     5015.4500      1.032783e+15      1.032783e+15      1.000000
     5015.4600      1.032782e+15      1.032782e+15      1.000000
     5015.4700      1.032781e+15      1.032781e+15      1.000000
     5015.4800      1.032780e+15      1.032780e+15      1.000000
     5015.4900      1.032779e+15      1.032779e+15      1.000000
     5015.5000      1.032777e+15      1.032777e+15      1.000000
     5015.5100      1.032776e+15      1.032776e+15      1.000000
     5015.5200      1.032775e+15      1.032775e+15      1.000000
     5015.5300      1.032774e+15      1.032774e+15      1.000000
     5015.5400      1.032773e+15      1.032773e+15      1.000000
     5015.5500      1.032772e+15      1.032772e+15      1.000000
     5015.5600      1.032770e+15      1.032770e+15      1.000000
     5015.5700      1.032769e+15      1.032769e+15      1.000000
     5015.5800      1.032768e+15      1.032768e+15      1.000000
     5015.5900      1.032767e+15      1.032767e+15      1.000000
     5015.6000      1.032766e+15      1.032766e+15      1.000000
     5015.6100      1.032765e+15      1.032765e+15      1.000000
     5015.6200      1.032763e+15      1.032763e+15      1.000000
     5015.6300      1.032762e+15      1.032762e+15      1.000000
     5015.6400      1.032761e+15      1.032761e+15      1.000000
     5015.6500      1.032760e+15      1.032760e+15      1.000000
     5015.6600      1.032759e+15      1.032759e+15      1.000000
     5015.6700      1.032757e+15      1.032757e+15      1.000000
     5015.6800      1.032756e+15      1.032756e+15      1.000000
     5015.6900      1.032755e+15      1.032755e+15      1.000000
     5015.7000      1.032754e+15      1.032754e+15      1.000000
     5015.7100      1.032753e+15      1.032753e+15      1.000000
     5015.7200      1.032752e+15      1.032752e+15      1.000000
     5015.7300      1.032750e+15      1.032750e+15      1.000000
     5015.7400      1.032749e+15      1.032749e+15      1.000000
     5015.7500      1.032748e+15      1.032748e+15      1.000000
     5015.7600      1.032747e+15      1.032747e+15      1.000000
     5015.7700      1.032746e+15      1.032746e+15      1.000000
     5015.7800      1.032745e+15      1.032745e+15      1.000000
     5015.7900      1.032743e+15      1.032743e+15      1.000000
     5015.8000      1.032742e+15      1.032742e+15      1.000000
     5015.8100      1.032741e+15      1.032741e+15      1.000000
     5015.8200      1.032740e+15      1.032740e+15      1.000000
     5015.8300      1.032739e+15      1.032739e+15      1.000000
     5015.8400      1.032738e+15      1.032738e+15      1.000000
     5015.8500      1.032736e+15      1.032736e+15      1.000000
     5015.8600      1.032735e+15      1.032735e+15      1.000000
     5015.8700      1.032734e+15      1.032734e+15      1.000000
     5015.8800      1.032733e+15      1.032733e+15      1.000000
     5015.8900      1.032732e+15      1.032732e+15      1.000000
     5015.9000      1.032731e+15      1.032731e+15      1.000000
     5015.9100      1.032729e+15      1.032729e+15      1.000000
     5015.9200      1.032728e+15      1.032728e+15      1.000000
     5015.9300      1.032727e+15      1.032727e+15      1.000000
     5015.9400      1.032726e+15      1.032726e+15      1.000000
     5015.9500      1.032725e+15      1.032725e+15      1.000000
     5015.9600      1.032723e+15      1.032723e+15      1.000000
     5015.9700      1.032722e+15      1.032722e+15      1.000000
     5015.9800      1.032721e+15      1.032721e+15      1.000000
     5015.9900      1.032720e+15      1.032720e+15      1.000000
     5016.0000      1.032719e+15      1.032719e+15      1.000000
     5016.0100      1.032717e+15      1.032717e+15      1.000000
     5016.0200      1.032715e+15      1.032715e+15      1.000000
     5016.0300      1.032714e+15      1.032714e+15      1.000000
     5016.0400      1.032712e+15      1.032712e+15      1.000000
     5016.0500      1.032711e+15      1.032711e+15      1.000000
     5016.0600      1.032709e+15      1.032709e+15      1.000000
     5016.0700      1.032707e+15      1.032707e+15      1.000000
     5016.0800      1.032706e+15      1.032706e+15      1.000000
     5016.0900      1.032704e+15      1.032704e+15      1.000000
     5016.1000      1.032702e+15      1.032702e+15      1.000000
     5016.1100      1.032701e+15      1.032701e+15      1.000000
     5016.1200      1.032699e+15      1.032699e+15      1.000000
     5016.1300      1.032697e+15      1.032697e+15      1.000000
     5016.1400      1.032696e+15      1.032696e+15      1.000000
     5016.1500      1.032694e+15      1.032694e+15      1.000000
     5016.1600      1.032693e+15      1.032693e+15      1.000000
     5016.1700      1.032691e+15      1.032691e+15      1.000000
     5016.1800      1.032689e+15      1.032689e+15      1.000000
     5016.1900      1.032688e+15      1.032688e+15      1.000000
     5016.2000      1.032686e+15      1.032686e+15      1.000000
     5016.2100      1.032684e+15      1.032684e+15      1.000000
     5016.2200      1.032683e+15      1.032683e+15      1.000000
     5016.2300      1.032681e+15      1.032681e+15      1.000000
     5016.2400      1.032679e+15      1.032679e+15      1.000000
     5016.2500      1.032678e+15      1.032678e+15      1.000000
     5016.2600      1.032676e+15      1.032676e+15      1.000000
     5016.2700      1.032675e+15      1.032675e+15      1.000000
     5016.2800      1.032673e+15      1.032673e+15      1.000000
     5016.2900      1.032671e+15      1.032671e+15      1.000000
     5016.3000      1.032670e+15      1.032670e+15      1.000000
     5016.3100      1.032668e+15      1.032668e+15      1.000000
     5016.3200      1.032666e+15      1.032666e+15      1.000000
     5016.3300      1.032665e+15      1.032665e+15      1.000000
     5016.3400      1.032663e+15      1.032663e+15      1.000000
     5016.3500      1.032661e+15      1.032661e+15      1.000000
     5016.3600      1.032660e+15      1.032660e+15      1.000000
     5016.3700      1.032658e+15      1.032658e+15      1.000000
     5016.3800      1.032656e+15      1.032656e+15      1.000000
     5016.3900      1.032655e+15      1.032655e+15      1.000000
     5016.4000      1.032653e+15      1.032653e+15      1.000000
     5016.4100      1.032652e+15      1.032652e+15      1.000000
     5016.4200      1.032650e+15      1.032650e+15      1.000000
     5016.4300      1.032648e+15      1.032648e+15      1.000000
     5016.4400      1.032647e+15      1.032647e+15      1.000000
     5016.4500      1.032645e+15      1.032645e+15      1.000000
     5016.4600      1.032643e+15      1.032643e+15      1.000000
     5016.4700      1.032642e+15      1.032642e+15      1.000000
     5016.4800      1.032640e+15      1.032640e+15      1.000000
     5016.4900      1.032638e+15      1.032638e+15      1.000000
     5016.5000      1.032637e+15      1.032637e+15      1.000000
     5016.5100      1.032635e+15      1.032635e+15      1.000000
     5016.5200      1.032634e+15      1.032634e+15      1.000000
     5016.5300      1.032632e+15      1.032632e+15      1.000000
     5016.5400      1.032630e+15      1.032630e+15      1.000000
     5016.5500      1.032629e+15      1.032629e+15      1.000000
     5016.5600      1.032627e+15      1.032627e+15      1.000000
     5016.5700      1.032625e+15      1.032625e+15      1.000000
     5016.5800      1.032624e+15      1.032624e+15      1.000000
     5016.5900      1.032622e+15      1.032622e+15      1.000000
     5016.6000      1.032620e+15      1.032620e+15      1.000000
     5016.6100      1.032619e+15      1.032619e+15      1.000000
     5016.6200      1.032617e+15      1.032617e+15      1.000000
     5016.6300      1.032616e+15      1.032616e+15      1.000000
     5016.6400      1.032614e+15      1.032614e+15      1.000000
     5016.6500      1.032612e+15      1.032612e+15      1.000000
     5016.6600      1.032611e+15      1.032611e+15      1.000000
     5016.6700      1.032609e+15      1.032609e+15      1.000000
     5016.6800      1.032607e+15      1.032607e+15      1.000000
     5016.6900      1.032606e+15      1.032606e+15      1.000000
     5016.7000      1.032604e+15      1.032604e+15      1.000000
     5016.7100      1.032602e+15      1.032602e+15      1.000000
     5016.7200      1.032601e+15      1.032601e+15      1.000000
     5016.7300      1.032599e+15      1.032599e+15      1.000000
     5016.7400      1.032597e+15      1.032597e+15      1.000000
     5016.7500      1.032596e+15      1.032596e+15      1.000000
     5016.7600      1.032594e+15      1.032594e+15      1.000000
     5016.7700      1.032593e+15      1.032593e+15      1.000000
     5016.7800      1.032591e+15      1.032591e+15      1.000000
     5016.7900      1.032589e+15      1.032589e+15      1.000000
     5016.8000      1.032588e+15      1.032588e+15      1.000000
     5016.8100      1.032586e+15      1.032586e+15      1.000000
     5016.8200      1.032584e+15      1.032584e+15      1.000000
     5016.8300      1.032583e+15      1.032583e+15      1.000000
     5016.8400      1.032581e+15      1.032581e+15      1.000000
     5016.8500      1.032579e+15      1.032579e+15      1.000000
     5016.8600      1.032578e+15      1.032578e+15      1.000000
     5016.8700      1.032576e+15      1.032576e+15      1.000000
     5016.8800      1.032575e+15      1.032575e+15      1.000000
     5016.8900      1.032573e+15      1.032573e+15      1.000000
     5016.9000      1.032571e+15      1.032571e+15      1.000000
     5016.9100      1.032570e+15      1.032570e+15      1.000000
     5016.9200      1.032568e+15      1.032568e+15      1.000000
     5016.9300      1.032566e+15      1.032566e+15      1.000000
     5016.9400      1.032565e+15      1.032565e+15      1.000000
     5016.9500      1.032563e+15      1.032563e+15      1.000000
     5016.9600      1.032561e+15      1.032561e+15      1.000000
     5016.9700      1.032560e+15      1.032560e+15      1.000000
     5016.9800      1.032558e+15      1.032558e+15      1.000000
     5016.9900      1.032556e+15      1.032556e+15      1.000000
     5017.0000      1.032555e+15      1.032555e+15      1.000000
     5017.0100      1.032553e+15      1.032553e+15      1.000000
     5017.0200      1.032551e+15      1.032551e+15      1.000000
     5017.0300      1.032550e+15      1.032550e+15      1.000000
     5017.0400      1.032548e+15      1.032548e+15      1.000000
     5017.0500      1.032546e+15      1.032546e+15      1.000000
     5017.0600      1.032545e+15      1.032545e+15      1.000000
     5017.0700      1.032543e+15      1.032543e+15      1.000000
     5017.0800      1.032541e+15      1.032541e+15      1.000000
     5017.0900      1.032540e+15      1.032540e+15      1.000000
     5017.1000      1.032538e+15      1.032538e+15      1.000000
     5017.1100      1.032536e+15      1.032536e+15      1.000000
     5017.1200      1.032535e+15      1.032535e+15      1.000000
     5017.1300      1.032533e+15      1.032533e+15      1.000000
     5017.1400      1.032531e+15      1.032531e+15      1.000000
     5017.1500      1.032530e+15      1.032530e+15      1.000000
     5017.1600      1.032528e+15      1.032528e+15      1.000000
     5017.1700      1.032526e+15      1.032526e+15      1.000000
     5017.1800      1.032525e+15      1.032525e+15      1.000000
     5017.1900      1.032523e+15      1.032523e+15      1.000000
     5017.2000      1.032521e+15      1.032521e+15      1.000000
     5017.2100      1.032520e+15      1.032520e+15      1.000000
     5017.2200      1.032518e+15      1.032518e+15      1.000000
     5017.2300      1.032516e+15      1.032516e+15      1.000000
     5017.2400      1.032515e+15      1.032515e+15      1.000000
     5017.2500      1.032513e+15      1.032513e+15      1.000000
     5017.2600      1.032511e+15      1.032511e+15      1.000000
     5017.2700      1.032510e+15      1.032510e+15      1.000000
     5017.2800      1.032508e+15      1.032508e+15      1.000000
     5017.2900      1.032506e+15      1.032506e+15      1.000000
     5017.3000      1.032505e+15      1.032505e+15      1.000000
     5017.3100      1.032503e+15      1.032503e+15      1.000000
     5017.3200      1.032501e+15      1.032501e+15      1.000000
     5017.3300      1.032500e+15      1.032500e+15      1.000000
     5017.3400      1.032498e+15      1.032498e+15      1.000000
     5017.3500      1.032496e+15      1.032496e+15      1.000000
     5017.3600      1.032495e+15      1.032495e+15      1.000000
     5017.3700      1.032493e+15      1.032493e+15      1.000000
     5017.3800      1.032491e+15      1.032491e+15      1.000000
     5017.3900      1.032490e+15      1.032490e+15      1.000000
     5017.4000      1.032488e+15      1.032488e+15      1.000000
     5017.4100      1.032486e+15      1.032486e+15      1.000000
     5017.4200      1.032485e+15      1.032485e+15      1.000000
     5017.4300      1.032483e+15      1.032483e+15      1.000000
     5017.4400      1.032481e+15      1.032481e+15      1.000000
     5017.4500      1.032480e+15      1.032480e+15      1.000000
     5017.4600      1.032478e+15      1.032478e+15      1.000000
     5017.4700      1.032476e+15      1.032476e+15      1.000000
     5017.4800      1.032475e+15      1.032475e+15      1.000000
     5017.4900      1.032473e+15      1.032473e+15      1.000000
     5017.5000      1.032471e+15      1.032471e+15      1.000000
     5017.5100      1.032470e+15      1.032470e+15      1.000000
     5017.5200      1.032468e+15      1.032468e+15      1.000000
     5017.5300      1.032466e+15      1.032466e+15      1.000000
     5017.5400      1.032465e+15      1.032465e+15      1.000000
     5017.5500      1.032463e+15      1.032463e+15      1.000000
     5017.5600      1.032461e+15      1.032461e+15      1.000000
     5017.5700      1.032460e+15      1.032460e+15      1.000000
     5017.5800      1.032458e+15      1.032458e+15      1.000000
     5017.5900      1.032456e+15      1.032456e+15      1.000000
     5017.6000      1.032455e+15      1.032455e+15      1.000000
     5017.6100      1.032453e+15      1.032453e+15      1.000000
     5017.6200      1.032451e+15      1.032451e+15      1.000000
     5017.6300      1.032450e+15      1.032450e+15      1.000000
     5017.6400      1.032448e+15      1.032448e+15      1.000000
     5017.6500      1.032446e+15      1.032446e+15      1.000000
     5017.6600      1.032445e+15      1.032445e+15      1.000000
     5017.6700      1.032443e+15      1.032443e+15      1.000000
     5017.6800      1.032441e+15      1.032441e+15      1.000000
     5017.6900      1.032439e+15      1.032439e+15      1.000000
     5017.7000      1.032438e+15      1.032438e+15      1.000000
     5017.7100      1.032436e+15      1.032436e+15      1.000000
     5017.7200      1.032434e+15      1.032434e+15      1.000000
     5017.7300      1.032433e+15      1.032433e+15      1.000000
     5017.7400      1.032431e+15      1.032431e+15      1.000000
     5017.7500      1.032429e+15      1.032429e+15      1.000000
     5017.7600      1.032428e+15      1.032428e+15      1.000000
     5017.7700      1.032426e+15      1.032426e+15      1.000000
     5017.7800      1.032424e+15      1.032424e+15      1.000000
     5017.7900      1.032423e+15      1.032423e+15      1.000000
     5017.8000      1.032421e+15      1.032421e+15      1.000000
     5017.8100      1.032419e+15      1.032419e+15      1.000000
     5017.8200      1.032418e+15      1.032418e+15      1.000000
     5017.8300      1.032416e+15      1.032416e+15      1.000000
     5017.8400      1.032414e+15      1.032414e+15      1.000000
     5017.8500      1.032413e+15      1.032413e+15      1.000000
     5017.8600      1.032411e+15      1.032411e+15      1.000000
     5017.8700      1.032409e+15      1.032409e+15      1.000000
     5017.8800      1.032408e+15      1.032408e+15      1.000000
     5017.8900      1.032406e+15      1.032406e+15      1.000000
     5017.9000      1.032404e+15      1.032404e+15      1.000000
     5017.9100      1.032403e+15      1.032403e+15      1.000000
     5017.9200      1.032401e+15      1.032401e+15      1.000000
     5017.9300      1.032399e+15      1.032399e+15      1.000000
     5017.9400      1.032398e+15      1.032398e+15      1.000000
     5017.9500      1.032396e+15      1.032396e+15      1.000000
     5017.9600      1.032394e+15      1.032394e+15      1.000000
     5017.9700      1.032393e+15      1.032393e+15      1.000000
     5017.9800      1.032391e+15      1.032391e+15      1.000000
     5017.9900      1.032389e+15      1.032389e+15      1.000000
     5018.0000      1.032388e+15      1.032388e+15      1.000000
     5018.0100      1.032386e+15      1.032386e+15      1.000000
     5018.0200      1.032384e+15      1.032384e+15      1.000000
     5018.0300      1.032382e+15      1.032382e+15      1.000000
     5018.0400      1.032381e+15      1.032381e+15      1.000000
     5018.0500      1.032379e+15      1.032379e+15      1.000000
     5018.0600      1.032377e+15      1.032377e+15      1.000000
     5018.0700      1.032375e+15      1.032375e+15      1.000000
     5018.0800      1.032374e+15      1.032374e+15      1.000000
     5018.0900      1.032372e+15      1.032372e+15      1.000000
     5018.1000      1.032370e+15      1.032370e+15      1.000000
     5018.1100      1.032368e+15      1.032368e+15      1.000000
     5018.1200      1.032367e+15      1.032367e+15      1.000000
     5018.1300      1.032365e+15      1.032365e+15      1.000000
     5018.1400      1.032363e+15      1.032363e+15      1.000000
     5018.1500      1.032361e+15      1.032361e+15      1.000000
     5018.1600      1.032359e+15      1.032359e+15      1.000000
     5018.1700      1.032358e+15      1.032358e+15      1.000000
     5018.1800      1.032356e+15      1.032356e+15      1.000000
     5018.1900      1.032354e+15      1.032354e+15      1.000000
     5018.2000      1.032352e+15      1.032352e+15      1.000000
     5018.2100      1.032351e+15      1.032351e+15      1.000000
     5018.2200      1.032349e+15      1.032349e+15      1.000000
     5018.2300      1.032347e+15      1.032347e+15      1.000000
     5018.2400      1.032345e+15      1.032345e+15      1.000000
     5018.2500      1.032344e+15      1.032344e+15      1.000000
     5018.2600      1.032342e+15      1.032342e+15      1.000000
     5018.2700      1.032340e+15      1.032340e+15      1.000000
     5018.2800      1.032338e+15      1.032338e+15      1.000000
     5018.2900      1.032337e+15      1.032337e+15      1.000000
     5018.3000      1.032335e+15      1.032335e+15      1.000000
     5018.3100      1.032333e+15      1.032333e+15      1.000000
     5018.3200      1.032331e+15      1.032331e+15      1.000000
     5018.3300      1.032330e+15      1.032330e+15      1.000000
     5018.3400      1.032328e+15      1.032328e+15      1.000000
     5018.3500      1.032326e+15      1.032326e+15      1.000000
     5018.3600      1.032324e+15      1.032324e+15      1.000000
     5018.3700      1.032322e+15      1.032322e+15      1.000000
     5018.3800      1.032321e+15      1.032321e+15      1.000000
     5018.3900      1.032319e+15      1.032319e+15      1.000000
     5018.4000      1.032317e+15      1.032317e+15      1.000000
     5018.4100      1.032315e+15      1.032315e+15      1.000000
     5018.4200      1.032314e+15      1.032314e+15      1.000000
     5018.4300      1.032312e+15      1.032312e+15      1.000000
     5018.4400      1.032310e+15      1.032310e+15      1.000000
     5018.4500      1.032308e+15      1.032308e+15      1.000000
     5018.4600      1.032307e+15      1.032307e+15      1.000000
     5018.4700      1.032305e+15      1.032305e+15      1.000000
     5018.4800      1.032303e+15      1.032303e+15      1.000000
     5018.4900      1.032301e+15      1.032301e+15      1.000000
     5018.5000      1.032300e+15      1.032300e+15      1.000000
     5018.5100      1.032298e+15      1.032298e+15      1.000000
     5018.5200      1.032296e+15      1.032296e+15      1.000000
     5018.5300      1.032294e+15      1.032294e+15      1.000000
     5018.5400      1.032293e+15      1.032293e+15      1.000000
     5018.5500      1.032291e+15      1.032291e+15      1.000000
     5018.5600      1.032289e+15      1.032289e+15      1.000000
     5018.5700      1.032287e+15      1.032287e+15      1.000000
     5018.5800      1.032285e+15      1.032285e+15      1.000000
     5018.5900      1.032284e+15      1.032284e+15      1.000000
     5018.6000      1.032282e+15      1.032282e+15      1.000000
     5018.6100      1.032280e+15      1.032280e+15      1.000000
     5018.6200      1.032278e+15      1.032278e+15      1.000000
     5018.6300      1.032277e+15      1.032277e+15      1.000000
     5018.6400      1.032275e+15      1.032275e+15      1.000000
     5018.6500      1.032273e+15      1.032273e+15      1.000000
     5018.6600      1.032271e+15      1.032271e+15      1.000000
     5018.6700      1.032270e+15      1.032270e+15      1.000000
     5018.6800      1.032268e+15      1.032268e+15      1.000000
     5018.6900      1.032266e+15      1.032266e+15      1.000000
     5018.7000      1.032264e+15      1.032264e+15      1.000000
     5018.7100      1.032263e+15      1.032263e+15      1.000000
     5018.7200      1.032261e+15      1.032261e+15      1.000000
     5018.7300      1.032259e+15      1.032259e+15      1.000000
     5018.7400      1.032257e+15      1.032257e+15      1.000000
     5018.7500      1.032256e+15      1.032256e+15      1.000000
     5018.7600      1.032254e+15      1.032254e+15      1.000000
     5018.7700      1.032252e+15      1.032252e+15      1.000000
     5018.7800      1.032250e+15      1.032250e+15      1.000000
     5018.7900      1.032249e+15      1.032249e+15      1.000000
     5018.8000      1.032247e+15      1.032247e+15      1.000000
     5018.8100      1.032245e+15      1.032245e+15      1.000000
     5018.8200      1.032243e+15      1.032243e+15      1.000000
     5018.8300      1.032241e+15      1.032241e+15      1.000000
     5018.8400      1.032240e+15      1.032240e+15      1.000000
     5018.8500      1.032238e+15      1.032238e+15      1.000000
     5018.8600      1.032236e+15      1.032236e+15      1.000000
     5018.8700      1.032234e+15      1.032234e+15      1.000000
     5018.8800      1.032233e+15      1.032233e+15      1.000000
     5018.8900      1.032231e+15      1.032231e+15      1.000000
     5018.9000      1.032229e+15      1.032229e+15      1.000000
     5018.9100      1.032227e+15      1.032227e+15      1.000000
     5018.9200      1.032226e+15      1.032226e+15      1.000000
     5018.9300      1.032224e+15      1.032224e+15      1.000000
     5018.9400      1.032222e+15      1.032222e+15      1.000000
     5018.9500      1.032220e+15      1.032220e+15      1.000000
     5018.9600      1.032219e+15      1.032219e+15      1.000000
     5018.9700      1.032217e+15      1.032217e+15      1.000000
     5018.9800      1.032215e+15      1.032215e+15      1.000000
     5018.9900      1.032213e+15      1.032213e+15      1.000000
     5019.0000      1.032212e+15      1.032212e+15      1.000000
     5019.0100      1.032210e+15      1.032210e+15      1.000000
     5019.0200      1.032208e+15      1.032208e+15      1.000000
     5019.0300      1.032206e+15      1.032206e+15      1.000000
     5019.0400      1.032204e+15      1.032204e+15      1.000000
     5019.0500      1.032203e+15      1.032203e+15      1.000000
     5019.0600      1.032201e+15      1.032201e+15      1.000000
     5019.0700      1.032199e+15      1.032199e+15      1.000000
     5019.0800      1.032197e+15      1.032197e+15      1.000000
     5019.0900      1.032195e+15      1.032195e+15      1.000000
     5019.1000      1.032194e+15      1.032194e+15      1.000000
     5019.1100      1.032192e+15      1.032192e+15      1.000000
     5019.1200      1.032190e+15      1.032190e+15      1.000000
     5019.1300      1.032188e+15      1.032188e+15      1.000000
     5019.1400      1.032187e+15      1.032187e+15      1.000000
     5019.1500      1.032185e+15      1.032185e+15      1.000000
     5019.1600      1.032183e+15      1.032183e+15      1.000000
     5019.1700      1.032181e+15      1.032181e+15      1.000000
     5019.1800      1.032179e+15      1.032179e+15      1.000000
     5019.1900      1.032178e+15      1.032178e+15      1.000000
     5019.2000      1.032176e+15      1.032176e+15      1.000000
     5019.2100      1.032174e+15      1.032174e+15      1.000000
     5019.2200      1.032172e+15      1.032172e+15      1.000000
     5019.2300      1.032170e+15      1.032170e+15      1.000000
     5019.2400      1.032169e+15      1.032169e+15      1.000000
     5019.2500      1.032167e+15      1.032167e+15      1.000000
     5019.2600      1.032165e+15      1.032165e+15      1.000000
     5019.2700      1.032163e+15      1.032163e+15      1.000000
     5019.2800      1.032162e+15      1.032162e+15      1.000000
     5019.2900      1.032160e+15      1.032160e+15      1.000000
     5019.3000      1.032158e+15      1.032158e+15      1.000000
     5019.3100      1.032156e+15      1.032156e+15      1.000000
     5019.3200      1.032154e+15      1.032154e+15      1.000000
     5019.3300      1.032153e+15      1.032153e+15      1.000000
     5019.3400      1.032151e+15      1.032151e+15      1.000000
     5019.3500      1.032149e+15      1.032149e+15      1.000000
     5019.3600      1.032147e+15      1.032147e+15      1.000000
     5019.3700      1.032146e+15      1.032146e+15      1.000000
     5019.3800      1.032144e+15      1.032144e+15      1.000000
     5019.3900      1.032142e+15      1.032142e+15      1.000000
     5019.4000      1.032140e+15      1.032140e+15      1.000000
     5019.4100      1.032138e+15      1.032138e+15      1.000000
     5019.4200      1.032137e+15      1.032137e+15      1.000000
     5019.4300      1.032135e+15      1.032135e+15      1.000000
     5019.4400      1.032133e+15      1.032133e+15      1.000000
     5019.4500      1.032131e+15      1.032131e+15      1.000000
     5019.4600      1.032129e+15      1.032129e+15      1.000000
     5019.4700      1.032128e+15      1.032128e+15      1.000000
     5019.4800      1.032126e+15      1.032126e+15      1.000000
     5019.4900      1.032124e+15      1.032124e+15      1.000000
     5019.5000      1.032122e+15      1.032122e+15      1.000000
     5019.5100      1.032121e+15      1.032121e+15      1.000000
     5019.5200      1.032119e+15      1.032119e+15      1.000000
     5019.5300      1.032117e+15      1.032117e+15      1.000000
     5019.5400      1.032115e+15      1.032115e+15      1.000000
     5019.5500      1.032113e+15      1.032113e+15      1.000000
     5019.5600      1.032112e+15      1.032112e+15      1.000000
     5019.5700      1.032110e+15      1.032110e+15      1.000000
     5019.5800      1.032108e+15      1.032108e+15      1.000000
     5019.5900      1.032106e+15      1.032106e+15      1.000000
     5019.6000      1.032105e+15      1.032105e+15      1.000000
     5019.6100      1.032103e+15      1.032103e+15      1.000000
     5019.6200      1.032101e+15      1.032101e+15      1.000000
     5019.6300      1.032099e+15      1.032099e+15      1.000000
     5019.6400      1.032097e+15      1.032097e+15      1.000000
     5019.6500      1.032096e+15      1.032096e+15      1.000000
     5019.6600      1.032094e+15      1.032094e+15      1.000000
     5019.6700      1.032092e+15      1.032092e+15      1.000000
     5019.6800      1.032090e+15      1.032090e+15      1.000000
     5019.6900      1.032088e+15      1.032088e+15      1.000000
     5019.7000      1.032087e+15      1.032087e+15      1.000000
     5019.7100      1.032085e+15      1.032085e+15      1.000000
     5019.7200      1.032083e+15      1.032083e+15      1.000000
     5019.7300      1.032081e+15      1.032081e+15      1.000000
     5019.7400      1.032080e+15      1.032080e+15      1.000000
     5019.7500      1.032078e+15      1.032078e+15      1.000000
     5019.7600      1.032076e+15      1.032076e+15      1.000000
     5019.7700      1.032074e+15      1.032074e+15      1.000000
     5019.7800      1.032072e+15      1.032072e+15      1.000000
     5019.7900      1.032071e+15      1.032071e+15      1.000000
     5019.8000      1.032069e+15      1.032069e+15      1.000000
     5019.8100      1.032067e+15      1.032067e+15      1.000000
     5019.8200      1.032065e+15      1.032065e+15      1.000000
     5019.8300      1.032063e+15      1.032063e+15      1.000000
     5019.8400      1.032062e+15      1.032062e+15      1.000000
     5019.8500      1.032060e+15      1.032060e+15      1.000000
     5019.8600      1.032058e+15      1.032058e+15      1.000000
     5019.8700      1.032056e+15      1.032056e+15      1.000000
     5019.8800      1.032055e+15      1.032055e+15      1.000000
     5019.8900      1.032053e+15      1.032053e+15      1.000000
     5019.9000      1.032051e+15      1.032051e+15      1.000000
     5019.9100      1.032049e+15      1.032049e+15      1.000000
     5019.9200      1.032047e+15      1.032047e+15      1.000000
     5019.9300      1.032046e+15      1.032046e+15      1.000000
     5019.9400      1.032044e+15      1.032044e+15      1.000000
     5019.9500      1.032042e+15      1.032042e+15      1.000000
     5019.9600      1.032040e+15      1.032040e+15      1.000000
     5019.9700      1.032039e+15      1.032039e+15      1.000000
     5019.9800      1.032037e+15      1.032037e+15      1.000000
     5019.9900      1.032035e+15      1.032035e+15      1.000000
     5020.0000      1.032033e+15      1.032033e+15      1.000000
