# Korg.jl Reference Spectrum - Arcturus-like (Cool Giant) (Continuum-only)
# Generated: 2025-10-05 14:04:45
# Parameters: Teff=4250.0K, logg=1.4, [M/H]=-0.5
# Synthesis time: 0.65 seconds
# Wavelength range: 5000.0-5020.0 Å (2001 points)
# Line list: 0 lines (continuum only)
#
# Wavelength(Å)    Flux              Continuum         NormalizedFlux
     5000.0000      1.639512e+14      1.639512e+14      1.000000
     5000.0100      1.639514e+14      1.639514e+14      1.000000
     5000.0200      1.639515e+14      1.639515e+14      1.000000
     5000.0300      1.639517e+14      1.639517e+14      1.000000
     5000.0400      1.639519e+14      1.639519e+14      1.000000
     5000.0500      1.639520e+14      1.639520e+14      1.000000
     5000.0600      1.639522e+14      1.639522e+14      1.000000
     5000.0700      1.639523e+14      1.639523e+14      1.000000
     5000.0800      1.639525e+14      1.639525e+14      1.000000
     5000.0900      1.639527e+14      1.639527e+14      1.000000
     5000.1000      1.639528e+14      1.639528e+14      1.000000
     5000.1100      1.639530e+14      1.639530e+14      1.000000
     5000.1200      1.639531e+14      1.639531e+14      1.000000
     5000.1300      1.639533e+14      1.639533e+14      1.000000
     5000.1400      1.639534e+14      1.639534e+14      1.000000
     5000.1500      1.639536e+14      1.639536e+14      1.000000
     5000.1600      1.639538e+14      1.639538e+14      1.000000
     5000.1700      1.639539e+14      1.639539e+14      1.000000
     5000.1800      1.639541e+14      1.639541e+14      1.000000
     5000.1900      1.639542e+14      1.639542e+14      1.000000
     5000.2000      1.639544e+14      1.639544e+14      1.000000
     5000.2100      1.639545e+14      1.639545e+14      1.000000
     5000.2200      1.639547e+14      1.639547e+14      1.000000
     5000.2300      1.639549e+14      1.639549e+14      1.000000
     5000.2400      1.639550e+14      1.639550e+14      1.000000
     5000.2500      1.639552e+14      1.639552e+14      1.000000
     5000.2600      1.639553e+14      1.639553e+14      1.000000
     5000.2700      1.639555e+14      1.639555e+14      1.000000
     5000.2800      1.639556e+14      1.639556e+14      1.000000
     5000.2900      1.639558e+14      1.639558e+14      1.000000
     5000.3000      1.639560e+14      1.639560e+14      1.000000
     5000.3100      1.639561e+14      1.639561e+14      1.000000
     5000.3200      1.639563e+14      1.639563e+14      1.000000
     5000.3300      1.639564e+14      1.639564e+14      1.000000
     5000.3400      1.639566e+14      1.639566e+14      1.000000
     5000.3500      1.639568e+14      1.639568e+14      1.000000
     5000.3600      1.639569e+14      1.639569e+14      1.000000
     5000.3700      1.639571e+14      1.639571e+14      1.000000
     5000.3800      1.639572e+14      1.639572e+14      1.000000
     5000.3900      1.639574e+14      1.639574e+14      1.000000
     5000.4000      1.639575e+14      1.639575e+14      1.000000
     5000.4100      1.639577e+14      1.639577e+14      1.000000
     5000.4200      1.639579e+14      1.639579e+14      1.000000
     5000.4300      1.639580e+14      1.639580e+14      1.000000
     5000.4400      1.639582e+14      1.639582e+14      1.000000
     5000.4500      1.639583e+14      1.639583e+14      1.000000
     5000.4600      1.639585e+14      1.639585e+14      1.000000
     5000.4700      1.639586e+14      1.639586e+14      1.000000
     5000.4800      1.639588e+14      1.639588e+14      1.000000
     5000.4900      1.639590e+14      1.639590e+14      1.000000
     5000.5000      1.639591e+14      1.639591e+14      1.000000
     5000.5100      1.639593e+14      1.639593e+14      1.000000
     5000.5200      1.639594e+14      1.639594e+14      1.000000
     5000.5300      1.639596e+14      1.639596e+14      1.000000
     5000.5400      1.639598e+14      1.639598e+14      1.000000
     5000.5500      1.639599e+14      1.639599e+14      1.000000
     5000.5600      1.639601e+14      1.639601e+14      1.000000
     5000.5700      1.639602e+14      1.639602e+14      1.000000
     5000.5800      1.639604e+14      1.639604e+14      1.000000
     5000.5900      1.639605e+14      1.639605e+14      1.000000
     5000.6000      1.639607e+14      1.639607e+14      1.000000
     5000.6100      1.639609e+14      1.639609e+14      1.000000
     5000.6200      1.639610e+14      1.639610e+14      1.000000
     5000.6300      1.639612e+14      1.639612e+14      1.000000
     5000.6400      1.639613e+14      1.639613e+14      1.000000
     5000.6500      1.639615e+14      1.639615e+14      1.000000
     5000.6600      1.639616e+14      1.639616e+14      1.000000
     5000.6700      1.639618e+14      1.639618e+14      1.000000
     5000.6800      1.639620e+14      1.639620e+14      1.000000
     5000.6900      1.639621e+14      1.639621e+14      1.000000
     5000.7000      1.639623e+14      1.639623e+14      1.000000
     5000.7100      1.639624e+14      1.639624e+14      1.000000
     5000.7200      1.639626e+14      1.639626e+14      1.000000
     5000.7300      1.639627e+14      1.639627e+14      1.000000
     5000.7400      1.639629e+14      1.639629e+14      1.000000
     5000.7500      1.639631e+14      1.639631e+14      1.000000
     5000.7600      1.639632e+14      1.639632e+14      1.000000
     5000.7700      1.639634e+14      1.639634e+14      1.000000
     5000.7800      1.639635e+14      1.639635e+14      1.000000
     5000.7900      1.639637e+14      1.639637e+14      1.000000
     5000.8000      1.639639e+14      1.639639e+14      1.000000
     5000.8100      1.639640e+14      1.639640e+14      1.000000
     5000.8200      1.639642e+14      1.639642e+14      1.000000
     5000.8300      1.639643e+14      1.639643e+14      1.000000
     5000.8400      1.639645e+14      1.639645e+14      1.000000
     5000.8500      1.639646e+14      1.639646e+14      1.000000
     5000.8600      1.639648e+14      1.639648e+14      1.000000
     5000.8700      1.639650e+14      1.639650e+14      1.000000
     5000.8800      1.639651e+14      1.639651e+14      1.000000
     5000.8900      1.639653e+14      1.639653e+14      1.000000
     5000.9000      1.639654e+14      1.639654e+14      1.000000
     5000.9100      1.639656e+14      1.639656e+14      1.000000
     5000.9200      1.639657e+14      1.639657e+14      1.000000
     5000.9300      1.639659e+14      1.639659e+14      1.000000
     5000.9400      1.639661e+14      1.639661e+14      1.000000
     5000.9500      1.639662e+14      1.639662e+14      1.000000
     5000.9600      1.639664e+14      1.639664e+14      1.000000
     5000.9700      1.639665e+14      1.639665e+14      1.000000
     5000.9800      1.639667e+14      1.639667e+14      1.000000
     5000.9900      1.639668e+14      1.639668e+14      1.000000
     5001.0000      1.639670e+14      1.639670e+14      1.000000
     5001.0100      1.639671e+14      1.639671e+14      1.000000
     5001.0200      1.639672e+14      1.639672e+14      1.000000
     5001.0300      1.639673e+14      1.639673e+14      1.000000
     5001.0400      1.639674e+14      1.639674e+14      1.000000
     5001.0500      1.639675e+14      1.639675e+14      1.000000
     5001.0600      1.639676e+14      1.639676e+14      1.000000
     5001.0700      1.639677e+14      1.639677e+14      1.000000
     5001.0800      1.639677e+14      1.639677e+14      1.000000
     5001.0900      1.639678e+14      1.639678e+14      1.000000
     5001.1000      1.639679e+14      1.639679e+14      1.000000
     5001.1100      1.639680e+14      1.639680e+14      1.000000
     5001.1200      1.639681e+14      1.639681e+14      1.000000
     5001.1300      1.639682e+14      1.639682e+14      1.000000
     5001.1400      1.639683e+14      1.639683e+14      1.000000
     5001.1500      1.639684e+14      1.639684e+14      1.000000
     5001.1600      1.639685e+14      1.639685e+14      1.000000
     5001.1700      1.639686e+14      1.639686e+14      1.000000
     5001.1800      1.639687e+14      1.639687e+14      1.000000
     5001.1900      1.639688e+14      1.639688e+14      1.000000
     5001.2000      1.639689e+14      1.639689e+14      1.000000
     5001.2100      1.639690e+14      1.639690e+14      1.000000
     5001.2200      1.639690e+14      1.639690e+14      1.000000
     5001.2300      1.639691e+14      1.639691e+14      1.000000
     5001.2400      1.639692e+14      1.639692e+14      1.000000
     5001.2500      1.639693e+14      1.639693e+14      1.000000
     5001.2600      1.639694e+14      1.639694e+14      1.000000
     5001.2700      1.639695e+14      1.639695e+14      1.000000
     5001.2800      1.639696e+14      1.639696e+14      1.000000
     5001.2900      1.639697e+14      1.639697e+14      1.000000
     5001.3000      1.639698e+14      1.639698e+14      1.000000
     5001.3100      1.639699e+14      1.639699e+14      1.000000
     5001.3200      1.639700e+14      1.639700e+14      1.000000
     5001.3300      1.639701e+14      1.639701e+14      1.000000
     5001.3400      1.639702e+14      1.639702e+14      1.000000
     5001.3500      1.639703e+14      1.639703e+14      1.000000
     5001.3600      1.639704e+14      1.639704e+14      1.000000
     5001.3700      1.639704e+14      1.639704e+14      1.000000
     5001.3800      1.639705e+14      1.639705e+14      1.000000
     5001.3900      1.639706e+14      1.639706e+14      1.000000
     5001.4000      1.639707e+14      1.639707e+14      1.000000
     5001.4100      1.639708e+14      1.639708e+14      1.000000
     5001.4200      1.639709e+14      1.639709e+14      1.000000
     5001.4300      1.639710e+14      1.639710e+14      1.000000
     5001.4400      1.639711e+14      1.639711e+14      1.000000
     5001.4500      1.639712e+14      1.639712e+14      1.000000
     5001.4600      1.639713e+14      1.639713e+14      1.000000
     5001.4700      1.639714e+14      1.639714e+14      1.000000
     5001.4800      1.639715e+14      1.639715e+14      1.000000
     5001.4900      1.639716e+14      1.639716e+14      1.000000
     5001.5000      1.639717e+14      1.639717e+14      1.000000
     5001.5100      1.639717e+14      1.639717e+14      1.000000
     5001.5200      1.639718e+14      1.639718e+14      1.000000
     5001.5300      1.639719e+14      1.639719e+14      1.000000
     5001.5400      1.639720e+14      1.639720e+14      1.000000
     5001.5500      1.639721e+14      1.639721e+14      1.000000
     5001.5600      1.639722e+14      1.639722e+14      1.000000
     5001.5700      1.639723e+14      1.639723e+14      1.000000
     5001.5800      1.639724e+14      1.639724e+14      1.000000
     5001.5900      1.639725e+14      1.639725e+14      1.000000
     5001.6000      1.639726e+14      1.639726e+14      1.000000
     5001.6100      1.639727e+14      1.639727e+14      1.000000
     5001.6200      1.639728e+14      1.639728e+14      1.000000
     5001.6300      1.639729e+14      1.639729e+14      1.000000
     5001.6400      1.639730e+14      1.639730e+14      1.000000
     5001.6500      1.639730e+14      1.639730e+14      1.000000
     5001.6600      1.639731e+14      1.639731e+14      1.000000
     5001.6700      1.639732e+14      1.639732e+14      1.000000
     5001.6800      1.639733e+14      1.639733e+14      1.000000
     5001.6900      1.639734e+14      1.639734e+14      1.000000
     5001.7000      1.639735e+14      1.639735e+14      1.000000
     5001.7100      1.639736e+14      1.639736e+14      1.000000
     5001.7200      1.639737e+14      1.639737e+14      1.000000
     5001.7300      1.639738e+14      1.639738e+14      1.000000
     5001.7400      1.639739e+14      1.639739e+14      1.000000
     5001.7500      1.639740e+14      1.639740e+14      1.000000
     5001.7600      1.639741e+14      1.639741e+14      1.000000
     5001.7700      1.639742e+14      1.639742e+14      1.000000
     5001.7800      1.639743e+14      1.639743e+14      1.000000
     5001.7900      1.639743e+14      1.639743e+14      1.000000
     5001.8000      1.639744e+14      1.639744e+14      1.000000
     5001.8100      1.639745e+14      1.639745e+14      1.000000
     5001.8200      1.639746e+14      1.639746e+14      1.000000
     5001.8300      1.639747e+14      1.639747e+14      1.000000
     5001.8400      1.639748e+14      1.639748e+14      1.000000
     5001.8500      1.639749e+14      1.639749e+14      1.000000
     5001.8600      1.639750e+14      1.639750e+14      1.000000
     5001.8700      1.639751e+14      1.639751e+14      1.000000
     5001.8800      1.639752e+14      1.639752e+14      1.000000
     5001.8900      1.639753e+14      1.639753e+14      1.000000
     5001.9000      1.639754e+14      1.639754e+14      1.000000
     5001.9100      1.639755e+14      1.639755e+14      1.000000
     5001.9200      1.639756e+14      1.639756e+14      1.000000
     5001.9300      1.639756e+14      1.639756e+14      1.000000
     5001.9400      1.639757e+14      1.639757e+14      1.000000
     5001.9500      1.639758e+14      1.639758e+14      1.000000
     5001.9600      1.639759e+14      1.639759e+14      1.000000
     5001.9700      1.639760e+14      1.639760e+14      1.000000
     5001.9800      1.639761e+14      1.639761e+14      1.000000
     5001.9900      1.639762e+14      1.639762e+14      1.000000
     5002.0000      1.639763e+14      1.639763e+14      1.000000
     5002.0100      1.639764e+14      1.639764e+14      1.000000
     5002.0200      1.639765e+14      1.639765e+14      1.000000
     5002.0300      1.639766e+14      1.639766e+14      1.000000
     5002.0400      1.639767e+14      1.639767e+14      1.000000
     5002.0500      1.639767e+14      1.639767e+14      1.000000
     5002.0600      1.639768e+14      1.639768e+14      1.000000
     5002.0700      1.639769e+14      1.639769e+14      1.000000
     5002.0800      1.639770e+14      1.639770e+14      1.000000
     5002.0900      1.639771e+14      1.639771e+14      1.000000
     5002.1000      1.639772e+14      1.639772e+14      1.000000
     5002.1100      1.639773e+14      1.639773e+14      1.000000
     5002.1200      1.639774e+14      1.639774e+14      1.000000
     5002.1300      1.639775e+14      1.639775e+14      1.000000
     5002.1400      1.639776e+14      1.639776e+14      1.000000
     5002.1500      1.639776e+14      1.639776e+14      1.000000
     5002.1600      1.639777e+14      1.639777e+14      1.000000
     5002.1700      1.639778e+14      1.639778e+14      1.000000
     5002.1800      1.639779e+14      1.639779e+14      1.000000
     5002.1900      1.639780e+14      1.639780e+14      1.000000
     5002.2000      1.639781e+14      1.639781e+14      1.000000
     5002.2100      1.639782e+14      1.639782e+14      1.000000
     5002.2200      1.639783e+14      1.639783e+14      1.000000
     5002.2300      1.639784e+14      1.639784e+14      1.000000
     5002.2400      1.639784e+14      1.639784e+14      1.000000
     5002.2500      1.639785e+14      1.639785e+14      1.000000
     5002.2600      1.639786e+14      1.639786e+14      1.000000
     5002.2700      1.639787e+14      1.639787e+14      1.000000
     5002.2800      1.639788e+14      1.639788e+14      1.000000
     5002.2900      1.639789e+14      1.639789e+14      1.000000
     5002.3000      1.639790e+14      1.639790e+14      1.000000
     5002.3100      1.639791e+14      1.639791e+14      1.000000
     5002.3200      1.639792e+14      1.639792e+14      1.000000
     5002.3300      1.639793e+14      1.639793e+14      1.000000
     5002.3400      1.639793e+14      1.639793e+14      1.000000
     5002.3500      1.639794e+14      1.639794e+14      1.000000
     5002.3600      1.639795e+14      1.639795e+14      1.000000
     5002.3700      1.639796e+14      1.639796e+14      1.000000
     5002.3800      1.639797e+14      1.639797e+14      1.000000
     5002.3900      1.639798e+14      1.639798e+14      1.000000
     5002.4000      1.639799e+14      1.639799e+14      1.000000
     5002.4100      1.639800e+14      1.639800e+14      1.000000
     5002.4200      1.639801e+14      1.639801e+14      1.000000
     5002.4300      1.639801e+14      1.639801e+14      1.000000
     5002.4400      1.639802e+14      1.639802e+14      1.000000
     5002.4500      1.639803e+14      1.639803e+14      1.000000
     5002.4600      1.639804e+14      1.639804e+14      1.000000
     5002.4700      1.639805e+14      1.639805e+14      1.000000
     5002.4800      1.639806e+14      1.639806e+14      1.000000
     5002.4900      1.639807e+14      1.639807e+14      1.000000
     5002.5000      1.639808e+14      1.639808e+14      1.000000
     5002.5100      1.639809e+14      1.639809e+14      1.000000
     5002.5200      1.639810e+14      1.639810e+14      1.000000
     5002.5300      1.639810e+14      1.639810e+14      1.000000
     5002.5400      1.639811e+14      1.639811e+14      1.000000
     5002.5500      1.639812e+14      1.639812e+14      1.000000
     5002.5600      1.639813e+14      1.639813e+14      1.000000
     5002.5700      1.639814e+14      1.639814e+14      1.000000
     5002.5800      1.639815e+14      1.639815e+14      1.000000
     5002.5900      1.639816e+14      1.639816e+14      1.000000
     5002.6000      1.639817e+14      1.639817e+14      1.000000
     5002.6100      1.639818e+14      1.639818e+14      1.000000
     5002.6200      1.639818e+14      1.639818e+14      1.000000
     5002.6300      1.639819e+14      1.639819e+14      1.000000
     5002.6400      1.639820e+14      1.639820e+14      1.000000
     5002.6500      1.639821e+14      1.639821e+14      1.000000
     5002.6600      1.639822e+14      1.639822e+14      1.000000
     5002.6700      1.639823e+14      1.639823e+14      1.000000
     5002.6800      1.639824e+14      1.639824e+14      1.000000
     5002.6900      1.639825e+14      1.639825e+14      1.000000
     5002.7000      1.639826e+14      1.639826e+14      1.000000
     5002.7100      1.639827e+14      1.639827e+14      1.000000
     5002.7200      1.639827e+14      1.639827e+14      1.000000
     5002.7300      1.639828e+14      1.639828e+14      1.000000
     5002.7400      1.639829e+14      1.639829e+14      1.000000
     5002.7500      1.639830e+14      1.639830e+14      1.000000
     5002.7600      1.639831e+14      1.639831e+14      1.000000
     5002.7700      1.639832e+14      1.639832e+14      1.000000
     5002.7800      1.639833e+14      1.639833e+14      1.000000
     5002.7900      1.639834e+14      1.639834e+14      1.000000
     5002.8000      1.639835e+14      1.639835e+14      1.000000
     5002.8100      1.639835e+14      1.639835e+14      1.000000
     5002.8200      1.639836e+14      1.639836e+14      1.000000
     5002.8300      1.639837e+14      1.639837e+14      1.000000
     5002.8400      1.639838e+14      1.639838e+14      1.000000
     5002.8500      1.639839e+14      1.639839e+14      1.000000
     5002.8600      1.639840e+14      1.639840e+14      1.000000
     5002.8700      1.639841e+14      1.639841e+14      1.000000
     5002.8800      1.639842e+14      1.639842e+14      1.000000
     5002.8900      1.639843e+14      1.639843e+14      1.000000
     5002.9000      1.639843e+14      1.639843e+14      1.000000
     5002.9100      1.639844e+14      1.639844e+14      1.000000
     5002.9200      1.639845e+14      1.639845e+14      1.000000
     5002.9300      1.639846e+14      1.639846e+14      1.000000
     5002.9400      1.639847e+14      1.639847e+14      1.000000
     5002.9500      1.639848e+14      1.639848e+14      1.000000
     5002.9600      1.639849e+14      1.639849e+14      1.000000
     5002.9700      1.639850e+14      1.639850e+14      1.000000
     5002.9800      1.639851e+14      1.639851e+14      1.000000
     5002.9900      1.639852e+14      1.639852e+14      1.000000
     5003.0000      1.639852e+14      1.639852e+14      1.000000
     5003.0100      1.639848e+14      1.639848e+14      1.000000
     5003.0200      1.639844e+14      1.639844e+14      1.000000
     5003.0300      1.639840e+14      1.639840e+14      1.000000
     5003.0400      1.639836e+14      1.639836e+14      1.000000
     5003.0500      1.639832e+14      1.639832e+14      1.000000
     5003.0600      1.639828e+14      1.639828e+14      1.000000
     5003.0700      1.639824e+14      1.639824e+14      1.000000
     5003.0800      1.639820e+14      1.639820e+14      1.000000
     5003.0900      1.639816e+14      1.639816e+14      1.000000
     5003.1000      1.639812e+14      1.639812e+14      1.000000
     5003.1100      1.639808e+14      1.639808e+14      1.000000
     5003.1200      1.639804e+14      1.639804e+14      1.000000
     5003.1300      1.639800e+14      1.639800e+14      1.000000
     5003.1400      1.639796e+14      1.639796e+14      1.000000
     5003.1500      1.639792e+14      1.639792e+14      1.000000
     5003.1600      1.639788e+14      1.639788e+14      1.000000
     5003.1700      1.639784e+14      1.639784e+14      1.000000
     5003.1800      1.639780e+14      1.639780e+14      1.000000
     5003.1900      1.639776e+14      1.639776e+14      1.000000
     5003.2000      1.639772e+14      1.639772e+14      1.000000
     5003.2100      1.639768e+14      1.639768e+14      1.000000
     5003.2200      1.639764e+14      1.639764e+14      1.000000
     5003.2300      1.639760e+14      1.639760e+14      1.000000
     5003.2400      1.639756e+14      1.639756e+14      1.000000
     5003.2500      1.639752e+14      1.639752e+14      1.000000
     5003.2600      1.639747e+14      1.639747e+14      1.000000
     5003.2700      1.639743e+14      1.639743e+14      1.000000
     5003.2800      1.639739e+14      1.639739e+14      1.000000
     5003.2900      1.639735e+14      1.639735e+14      1.000000
     5003.3000      1.639731e+14      1.639731e+14      1.000000
     5003.3100      1.639727e+14      1.639727e+14      1.000000
     5003.3200      1.639723e+14      1.639723e+14      1.000000
     5003.3300      1.639719e+14      1.639719e+14      1.000000
     5003.3400      1.639715e+14      1.639715e+14      1.000000
     5003.3500      1.639711e+14      1.639711e+14      1.000000
     5003.3600      1.639707e+14      1.639707e+14      1.000000
     5003.3700      1.639703e+14      1.639703e+14      1.000000
     5003.3800      1.639699e+14      1.639699e+14      1.000000
     5003.3900      1.639695e+14      1.639695e+14      1.000000
     5003.4000      1.639691e+14      1.639691e+14      1.000000
     5003.4100      1.639687e+14      1.639687e+14      1.000000
     5003.4200      1.639683e+14      1.639683e+14      1.000000
     5003.4300      1.639679e+14      1.639679e+14      1.000000
     5003.4400      1.639675e+14      1.639675e+14      1.000000
     5003.4500      1.639671e+14      1.639671e+14      1.000000
     5003.4600      1.639667e+14      1.639667e+14      1.000000
     5003.4700      1.639663e+14      1.639663e+14      1.000000
     5003.4800      1.639659e+14      1.639659e+14      1.000000
     5003.4900      1.639655e+14      1.639655e+14      1.000000
     5003.5000      1.639651e+14      1.639651e+14      1.000000
     5003.5100      1.639647e+14      1.639647e+14      1.000000
     5003.5200      1.639643e+14      1.639643e+14      1.000000
     5003.5300      1.639639e+14      1.639639e+14      1.000000
     5003.5400      1.639634e+14      1.639634e+14      1.000000
     5003.5500      1.639630e+14      1.639630e+14      1.000000
     5003.5600      1.639626e+14      1.639626e+14      1.000000
     5003.5700      1.639622e+14      1.639622e+14      1.000000
     5003.5800      1.639618e+14      1.639618e+14      1.000000
     5003.5900      1.639614e+14      1.639614e+14      1.000000
     5003.6000      1.639610e+14      1.639610e+14      1.000000
     5003.6100      1.639606e+14      1.639606e+14      1.000000
     5003.6200      1.639602e+14      1.639602e+14      1.000000
     5003.6300      1.639598e+14      1.639598e+14      1.000000
     5003.6400      1.639594e+14      1.639594e+14      1.000000
     5003.6500      1.639590e+14      1.639590e+14      1.000000
     5003.6600      1.639586e+14      1.639586e+14      1.000000
     5003.6700      1.639582e+14      1.639582e+14      1.000000
     5003.6800      1.639578e+14      1.639578e+14      1.000000
     5003.6900      1.639574e+14      1.639574e+14      1.000000
     5003.7000      1.639570e+14      1.639570e+14      1.000000
     5003.7100      1.639566e+14      1.639566e+14      1.000000
     5003.7200      1.639562e+14      1.639562e+14      1.000000
     5003.7300      1.639558e+14      1.639558e+14      1.000000
     5003.7400      1.639554e+14      1.639554e+14      1.000000
     5003.7500      1.639550e+14      1.639550e+14      1.000000
     5003.7600      1.639546e+14      1.639546e+14      1.000000
     5003.7700      1.639542e+14      1.639542e+14      1.000000
     5003.7800      1.639538e+14      1.639538e+14      1.000000
     5003.7900      1.639534e+14      1.639534e+14      1.000000
     5003.8000      1.639530e+14      1.639530e+14      1.000000
     5003.8100      1.639526e+14      1.639526e+14      1.000000
     5003.8200      1.639522e+14      1.639522e+14      1.000000
     5003.8300      1.639518e+14      1.639518e+14      1.000000
     5003.8400      1.639513e+14      1.639513e+14      1.000000
     5003.8500      1.639509e+14      1.639509e+14      1.000000
     5003.8600      1.639505e+14      1.639505e+14      1.000000
     5003.8700      1.639501e+14      1.639501e+14      1.000000
     5003.8800      1.639497e+14      1.639497e+14      1.000000
     5003.8900      1.639493e+14      1.639493e+14      1.000000
     5003.9000      1.639489e+14      1.639489e+14      1.000000
     5003.9100      1.639485e+14      1.639485e+14      1.000000
     5003.9200      1.639481e+14      1.639481e+14      1.000000
     5003.9300      1.639477e+14      1.639477e+14      1.000000
     5003.9400      1.639473e+14      1.639473e+14      1.000000
     5003.9500      1.639469e+14      1.639469e+14      1.000000
     5003.9600      1.639465e+14      1.639465e+14      1.000000
     5003.9700      1.639461e+14      1.639461e+14      1.000000
     5003.9800      1.639457e+14      1.639457e+14      1.000000
     5003.9900      1.639453e+14      1.639453e+14      1.000000
     5004.0000      1.639449e+14      1.639449e+14      1.000000
     5004.0100      1.639441e+14      1.639441e+14      1.000000
     5004.0200      1.639434e+14      1.639434e+14      1.000000
     5004.0300      1.639426e+14      1.639426e+14      1.000000
     5004.0400      1.639418e+14      1.639418e+14      1.000000
     5004.0500      1.639411e+14      1.639411e+14      1.000000
     5004.0600      1.639403e+14      1.639403e+14      1.000000
     5004.0700      1.639395e+14      1.639395e+14      1.000000
     5004.0800      1.639388e+14      1.639388e+14      1.000000
     5004.0900      1.639380e+14      1.639380e+14      1.000000
     5004.1000      1.639372e+14      1.639372e+14      1.000000
     5004.1100      1.639365e+14      1.639365e+14      1.000000
     5004.1200      1.639357e+14      1.639357e+14      1.000000
     5004.1300      1.639349e+14      1.639349e+14      1.000000
     5004.1400      1.639342e+14      1.639342e+14      1.000000
     5004.1500      1.639334e+14      1.639334e+14      1.000000
     5004.1600      1.639326e+14      1.639326e+14      1.000000
     5004.1700      1.639319e+14      1.639319e+14      1.000000
     5004.1800      1.639311e+14      1.639311e+14      1.000000
     5004.1900      1.639303e+14      1.639303e+14      1.000000
     5004.2000      1.639296e+14      1.639296e+14      1.000000
     5004.2100      1.639288e+14      1.639288e+14      1.000000
     5004.2200      1.639280e+14      1.639280e+14      1.000000
     5004.2300      1.639273e+14      1.639273e+14      1.000000
     5004.2400      1.639265e+14      1.639265e+14      1.000000
     5004.2500      1.639257e+14      1.639257e+14      1.000000
     5004.2600      1.639250e+14      1.639250e+14      1.000000
     5004.2700      1.639242e+14      1.639242e+14      1.000000
     5004.2800      1.639234e+14      1.639234e+14      1.000000
     5004.2900      1.639227e+14      1.639227e+14      1.000000
     5004.3000      1.639219e+14      1.639219e+14      1.000000
     5004.3100      1.639211e+14      1.639211e+14      1.000000
     5004.3200      1.639204e+14      1.639204e+14      1.000000
     5004.3300      1.639196e+14      1.639196e+14      1.000000
     5004.3400      1.639188e+14      1.639188e+14      1.000000
     5004.3500      1.639181e+14      1.639181e+14      1.000000
     5004.3600      1.639173e+14      1.639173e+14      1.000000
     5004.3700      1.639165e+14      1.639165e+14      1.000000
     5004.3800      1.639158e+14      1.639158e+14      1.000000
     5004.3900      1.639150e+14      1.639150e+14      1.000000
     5004.4000      1.639142e+14      1.639142e+14      1.000000
     5004.4100      1.639135e+14      1.639135e+14      1.000000
     5004.4200      1.639127e+14      1.639127e+14      1.000000
     5004.4300      1.639119e+14      1.639119e+14      1.000000
     5004.4400      1.639112e+14      1.639112e+14      1.000000
     5004.4500      1.639104e+14      1.639104e+14      1.000000
     5004.4600      1.639096e+14      1.639096e+14      1.000000
     5004.4700      1.639089e+14      1.639089e+14      1.000000
     5004.4800      1.639081e+14      1.639081e+14      1.000000
     5004.4900      1.639073e+14      1.639073e+14      1.000000
     5004.5000      1.639066e+14      1.639066e+14      1.000000
     5004.5100      1.639058e+14      1.639058e+14      1.000000
     5004.5200      1.639050e+14      1.639050e+14      1.000000
     5004.5300      1.639043e+14      1.639043e+14      1.000000
     5004.5400      1.639035e+14      1.639035e+14      1.000000
     5004.5500      1.639027e+14      1.639027e+14      1.000000
     5004.5600      1.639020e+14      1.639020e+14      1.000000
     5004.5700      1.639012e+14      1.639012e+14      1.000000
     5004.5800      1.639004e+14      1.639004e+14      1.000000
     5004.5900      1.638997e+14      1.638997e+14      1.000000
     5004.6000      1.638989e+14      1.638989e+14      1.000000
     5004.6100      1.638981e+14      1.638981e+14      1.000000
     5004.6200      1.638974e+14      1.638974e+14      1.000000
     5004.6300      1.638966e+14      1.638966e+14      1.000000
     5004.6400      1.638958e+14      1.638958e+14      1.000000
     5004.6500      1.638951e+14      1.638951e+14      1.000000
     5004.6600      1.638943e+14      1.638943e+14      1.000000
     5004.6700      1.638935e+14      1.638935e+14      1.000000
     5004.6800      1.638928e+14      1.638928e+14      1.000000
     5004.6900      1.638920e+14      1.638920e+14      1.000000
     5004.7000      1.638913e+14      1.638913e+14      1.000000
     5004.7100      1.638905e+14      1.638905e+14      1.000000
     5004.7200      1.638897e+14      1.638897e+14      1.000000
     5004.7300      1.638890e+14      1.638890e+14      1.000000
     5004.7400      1.638882e+14      1.638882e+14      1.000000
     5004.7500      1.638874e+14      1.638874e+14      1.000000
     5004.7600      1.638867e+14      1.638867e+14      1.000000
     5004.7700      1.638859e+14      1.638859e+14      1.000000
     5004.7800      1.638851e+14      1.638851e+14      1.000000
     5004.7900      1.638844e+14      1.638844e+14      1.000000
     5004.8000      1.638836e+14      1.638836e+14      1.000000
     5004.8100      1.638828e+14      1.638828e+14      1.000000
     5004.8200      1.638821e+14      1.638821e+14      1.000000
     5004.8300      1.638813e+14      1.638813e+14      1.000000
     5004.8400      1.638805e+14      1.638805e+14      1.000000
     5004.8500      1.638798e+14      1.638798e+14      1.000000
     5004.8600      1.638790e+14      1.638790e+14      1.000000
     5004.8700      1.638782e+14      1.638782e+14      1.000000
     5004.8800      1.638775e+14      1.638775e+14      1.000000
     5004.8900      1.638767e+14      1.638767e+14      1.000000
     5004.9000      1.638759e+14      1.638759e+14      1.000000
     5004.9100      1.638752e+14      1.638752e+14      1.000000
     5004.9200      1.638744e+14      1.638744e+14      1.000000
     5004.9300      1.638736e+14      1.638736e+14      1.000000
     5004.9400      1.638729e+14      1.638729e+14      1.000000
     5004.9500      1.638721e+14      1.638721e+14      1.000000
     5004.9600      1.638713e+14      1.638713e+14      1.000000
     5004.9700      1.638706e+14      1.638706e+14      1.000000
     5004.9800      1.638698e+14      1.638698e+14      1.000000
     5004.9900      1.638690e+14      1.638690e+14      1.000000
     5005.0000      1.638683e+14      1.638683e+14      1.000000
     5005.0100      1.638679e+14      1.638679e+14      1.000000
     5005.0200      1.638676e+14      1.638676e+14      1.000000
     5005.0300      1.638673e+14      1.638673e+14      1.000000
     5005.0400      1.638669e+14      1.638669e+14      1.000000
     5005.0500      1.638666e+14      1.638666e+14      1.000000
     5005.0600      1.638663e+14      1.638663e+14      1.000000
     5005.0700      1.638659e+14      1.638659e+14      1.000000
     5005.0800      1.638656e+14      1.638656e+14      1.000000
     5005.0900      1.638652e+14      1.638652e+14      1.000000
     5005.1000      1.638649e+14      1.638649e+14      1.000000
     5005.1100      1.638646e+14      1.638646e+14      1.000000
     5005.1200      1.638642e+14      1.638642e+14      1.000000
     5005.1300      1.638639e+14      1.638639e+14      1.000000
     5005.1400      1.638636e+14      1.638636e+14      1.000000
     5005.1500      1.638632e+14      1.638632e+14      1.000000
     5005.1600      1.638629e+14      1.638629e+14      1.000000
     5005.1700      1.638625e+14      1.638625e+14      1.000000
     5005.1800      1.638622e+14      1.638622e+14      1.000000
     5005.1900      1.638619e+14      1.638619e+14      1.000000
     5005.2000      1.638615e+14      1.638615e+14      1.000000
     5005.2100      1.638612e+14      1.638612e+14      1.000000
     5005.2200      1.638609e+14      1.638609e+14      1.000000
     5005.2300      1.638605e+14      1.638605e+14      1.000000
     5005.2400      1.638602e+14      1.638602e+14      1.000000
     5005.2500      1.638598e+14      1.638598e+14      1.000000
     5005.2600      1.638595e+14      1.638595e+14      1.000000
     5005.2700      1.638592e+14      1.638592e+14      1.000000
     5005.2800      1.638588e+14      1.638588e+14      1.000000
     5005.2900      1.638585e+14      1.638585e+14      1.000000
     5005.3000      1.638582e+14      1.638582e+14      1.000000
     5005.3100      1.638578e+14      1.638578e+14      1.000000
     5005.3200      1.638575e+14      1.638575e+14      1.000000
     5005.3300      1.638571e+14      1.638571e+14      1.000000
     5005.3400      1.638568e+14      1.638568e+14      1.000000
     5005.3500      1.638565e+14      1.638565e+14      1.000000
     5005.3600      1.638561e+14      1.638561e+14      1.000000
     5005.3700      1.638558e+14      1.638558e+14      1.000000
     5005.3800      1.638555e+14      1.638555e+14      1.000000
     5005.3900      1.638551e+14      1.638551e+14      1.000000
     5005.4000      1.638548e+14      1.638548e+14      1.000000
     5005.4100      1.638544e+14      1.638544e+14      1.000000
     5005.4200      1.638541e+14      1.638541e+14      1.000000
     5005.4300      1.638538e+14      1.638538e+14      1.000000
     5005.4400      1.638534e+14      1.638534e+14      1.000000
     5005.4500      1.638531e+14      1.638531e+14      1.000000
     5005.4600      1.638527e+14      1.638527e+14      1.000000
     5005.4700      1.638524e+14      1.638524e+14      1.000000
     5005.4800      1.638521e+14      1.638521e+14      1.000000
     5005.4900      1.638517e+14      1.638517e+14      1.000000
     5005.5000      1.638514e+14      1.638514e+14      1.000000
     5005.5100      1.638511e+14      1.638511e+14      1.000000
     5005.5200      1.638507e+14      1.638507e+14      1.000000
     5005.5300      1.638504e+14      1.638504e+14      1.000000
     5005.5400      1.638500e+14      1.638500e+14      1.000000
     5005.5500      1.638497e+14      1.638497e+14      1.000000
     5005.5600      1.638494e+14      1.638494e+14      1.000000
     5005.5700      1.638490e+14      1.638490e+14      1.000000
     5005.5800      1.638487e+14      1.638487e+14      1.000000
     5005.5900      1.638484e+14      1.638484e+14      1.000000
     5005.6000      1.638480e+14      1.638480e+14      1.000000
     5005.6100      1.638477e+14      1.638477e+14      1.000000
     5005.6200      1.638473e+14      1.638473e+14      1.000000
     5005.6300      1.638470e+14      1.638470e+14      1.000000
     5005.6400      1.638467e+14      1.638467e+14      1.000000
     5005.6500      1.638463e+14      1.638463e+14      1.000000
     5005.6600      1.638460e+14      1.638460e+14      1.000000
     5005.6700      1.638457e+14      1.638457e+14      1.000000
     5005.6800      1.638453e+14      1.638453e+14      1.000000
     5005.6900      1.638450e+14      1.638450e+14      1.000000
     5005.7000      1.638446e+14      1.638446e+14      1.000000
     5005.7100      1.638443e+14      1.638443e+14      1.000000
     5005.7200      1.638440e+14      1.638440e+14      1.000000
     5005.7300      1.638436e+14      1.638436e+14      1.000000
     5005.7400      1.638433e+14      1.638433e+14      1.000000
     5005.7500      1.638430e+14      1.638430e+14      1.000000
     5005.7600      1.638426e+14      1.638426e+14      1.000000
     5005.7700      1.638423e+14      1.638423e+14      1.000000
     5005.7800      1.638419e+14      1.638419e+14      1.000000
     5005.7900      1.638416e+14      1.638416e+14      1.000000
     5005.8000      1.638413e+14      1.638413e+14      1.000000
     5005.8100      1.638409e+14      1.638409e+14      1.000000
     5005.8200      1.638406e+14      1.638406e+14      1.000000
     5005.8300      1.638403e+14      1.638403e+14      1.000000
     5005.8400      1.638399e+14      1.638399e+14      1.000000
     5005.8500      1.638396e+14      1.638396e+14      1.000000
     5005.8600      1.638392e+14      1.638392e+14      1.000000
     5005.8700      1.638389e+14      1.638389e+14      1.000000
     5005.8800      1.638386e+14      1.638386e+14      1.000000
     5005.8900      1.638382e+14      1.638382e+14      1.000000
     5005.9000      1.638379e+14      1.638379e+14      1.000000
     5005.9100      1.638376e+14      1.638376e+14      1.000000
     5005.9200      1.638372e+14      1.638372e+14      1.000000
     5005.9300      1.638369e+14      1.638369e+14      1.000000
     5005.9400      1.638365e+14      1.638365e+14      1.000000
     5005.9500      1.638362e+14      1.638362e+14      1.000000
     5005.9600      1.638359e+14      1.638359e+14      1.000000
     5005.9700      1.638355e+14      1.638355e+14      1.000000
     5005.9800      1.638352e+14      1.638352e+14      1.000000
     5005.9900      1.638349e+14      1.638349e+14      1.000000
     5006.0000      1.638345e+14      1.638345e+14      1.000000
     5006.0100      1.638356e+14      1.638356e+14      1.000000
     5006.0200      1.638367e+14      1.638367e+14      1.000000
     5006.0300      1.638378e+14      1.638378e+14      1.000000
     5006.0400      1.638389e+14      1.638389e+14      1.000000
     5006.0500      1.638400e+14      1.638400e+14      1.000000
     5006.0600      1.638411e+14      1.638411e+14      1.000000
     5006.0700      1.638422e+14      1.638422e+14      1.000000
     5006.0800      1.638433e+14      1.638433e+14      1.000000
     5006.0900      1.638444e+14      1.638444e+14      1.000000
     5006.1000      1.638455e+14      1.638455e+14      1.000000
     5006.1100      1.638466e+14      1.638466e+14      1.000000
     5006.1200      1.638477e+14      1.638477e+14      1.000000
     5006.1300      1.638487e+14      1.638487e+14      1.000000
     5006.1400      1.638498e+14      1.638498e+14      1.000000
     5006.1500      1.638509e+14      1.638509e+14      1.000000
     5006.1600      1.638520e+14      1.638520e+14      1.000000
     5006.1700      1.638531e+14      1.638531e+14      1.000000
     5006.1800      1.638542e+14      1.638542e+14      1.000000
     5006.1900      1.638553e+14      1.638553e+14      1.000000
     5006.2000      1.638564e+14      1.638564e+14      1.000000
     5006.2100      1.638575e+14      1.638575e+14      1.000000
     5006.2200      1.638586e+14      1.638586e+14      1.000000
     5006.2300      1.638597e+14      1.638597e+14      1.000000
     5006.2400      1.638608e+14      1.638608e+14      1.000000
     5006.2500      1.638619e+14      1.638619e+14      1.000000
     5006.2600      1.638630e+14      1.638630e+14      1.000000
     5006.2700      1.638641e+14      1.638641e+14      1.000000
     5006.2800      1.638652e+14      1.638652e+14      1.000000
     5006.2900      1.638663e+14      1.638663e+14      1.000000
     5006.3000      1.638673e+14      1.638673e+14      1.000000
     5006.3100      1.638684e+14      1.638684e+14      1.000000
     5006.3200      1.638695e+14      1.638695e+14      1.000000
     5006.3300      1.638706e+14      1.638706e+14      1.000000
     5006.3400      1.638717e+14      1.638717e+14      1.000000
     5006.3500      1.638728e+14      1.638728e+14      1.000000
     5006.3600      1.638739e+14      1.638739e+14      1.000000
     5006.3700      1.638750e+14      1.638750e+14      1.000000
     5006.3800      1.638761e+14      1.638761e+14      1.000000
     5006.3900      1.638772e+14      1.638772e+14      1.000000
     5006.4000      1.638783e+14      1.638783e+14      1.000000
     5006.4100      1.638794e+14      1.638794e+14      1.000000
     5006.4200      1.638805e+14      1.638805e+14      1.000000
     5006.4300      1.638816e+14      1.638816e+14      1.000000
     5006.4400      1.638827e+14      1.638827e+14      1.000000
     5006.4500      1.638838e+14      1.638838e+14      1.000000
     5006.4600      1.638849e+14      1.638849e+14      1.000000
     5006.4700      1.638859e+14      1.638859e+14      1.000000
     5006.4800      1.638870e+14      1.638870e+14      1.000000
     5006.4900      1.638881e+14      1.638881e+14      1.000000
     5006.5000      1.638892e+14      1.638892e+14      1.000000
     5006.5100      1.638903e+14      1.638903e+14      1.000000
     5006.5200      1.638914e+14      1.638914e+14      1.000000
     5006.5300      1.638925e+14      1.638925e+14      1.000000
     5006.5400      1.638936e+14      1.638936e+14      1.000000
     5006.5500      1.638947e+14      1.638947e+14      1.000000
     5006.5600      1.638958e+14      1.638958e+14      1.000000
     5006.5700      1.638969e+14      1.638969e+14      1.000000
     5006.5800      1.638980e+14      1.638980e+14      1.000000
     5006.5900      1.638991e+14      1.638991e+14      1.000000
     5006.6000      1.639002e+14      1.639002e+14      1.000000
     5006.6100      1.639013e+14      1.639013e+14      1.000000
     5006.6200      1.639024e+14      1.639024e+14      1.000000
     5006.6300      1.639035e+14      1.639035e+14      1.000000
     5006.6400      1.639045e+14      1.639045e+14      1.000000
     5006.6500      1.639056e+14      1.639056e+14      1.000000
     5006.6600      1.639067e+14      1.639067e+14      1.000000
     5006.6700      1.639078e+14      1.639078e+14      1.000000
     5006.6800      1.639089e+14      1.639089e+14      1.000000
     5006.6900      1.639100e+14      1.639100e+14      1.000000
     5006.7000      1.639111e+14      1.639111e+14      1.000000
     5006.7100      1.639122e+14      1.639122e+14      1.000000
     5006.7200      1.639133e+14      1.639133e+14      1.000000
     5006.7300      1.639144e+14      1.639144e+14      1.000000
     5006.7400      1.639155e+14      1.639155e+14      1.000000
     5006.7500      1.639166e+14      1.639166e+14      1.000000
     5006.7600      1.639177e+14      1.639177e+14      1.000000
     5006.7700      1.639188e+14      1.639188e+14      1.000000
     5006.7800      1.639199e+14      1.639199e+14      1.000000
     5006.7900      1.639210e+14      1.639210e+14      1.000000
     5006.8000      1.639221e+14      1.639221e+14      1.000000
     5006.8100      1.639231e+14      1.639231e+14      1.000000
     5006.8200      1.639242e+14      1.639242e+14      1.000000
     5006.8300      1.639253e+14      1.639253e+14      1.000000
     5006.8400      1.639264e+14      1.639264e+14      1.000000
     5006.8500      1.639275e+14      1.639275e+14      1.000000
     5006.8600      1.639286e+14      1.639286e+14      1.000000
     5006.8700      1.639297e+14      1.639297e+14      1.000000
     5006.8800      1.639308e+14      1.639308e+14      1.000000
     5006.8900      1.639319e+14      1.639319e+14      1.000000
     5006.9000      1.639330e+14      1.639330e+14      1.000000
     5006.9100      1.639341e+14      1.639341e+14      1.000000
     5006.9200      1.639352e+14      1.639352e+14      1.000000
     5006.9300      1.639363e+14      1.639363e+14      1.000000
     5006.9400      1.639374e+14      1.639374e+14      1.000000
     5006.9500      1.639385e+14      1.639385e+14      1.000000
     5006.9600      1.639396e+14      1.639396e+14      1.000000
     5006.9700      1.639407e+14      1.639407e+14      1.000000
     5006.9800      1.639418e+14      1.639418e+14      1.000000
     5006.9900      1.639428e+14      1.639428e+14      1.000000
     5007.0000      1.639439e+14      1.639439e+14      1.000000
     5007.0100      1.639457e+14      1.639457e+14      1.000000
     5007.0200      1.639474e+14      1.639474e+14      1.000000
     5007.0300      1.639492e+14      1.639492e+14      1.000000
     5007.0400      1.639509e+14      1.639509e+14      1.000000
     5007.0500      1.639526e+14      1.639526e+14      1.000000
     5007.0600      1.639544e+14      1.639544e+14      1.000000
     5007.0700      1.639561e+14      1.639561e+14      1.000000
     5007.0800      1.639579e+14      1.639579e+14      1.000000
     5007.0900      1.639596e+14      1.639596e+14      1.000000
     5007.1000      1.639613e+14      1.639613e+14      1.000000
     5007.1100      1.639631e+14      1.639631e+14      1.000000
     5007.1200      1.639648e+14      1.639648e+14      1.000000
     5007.1300      1.639665e+14      1.639665e+14      1.000000
     5007.1400      1.639683e+14      1.639683e+14      1.000000
     5007.1500      1.639700e+14      1.639700e+14      1.000000
     5007.1600      1.639718e+14      1.639718e+14      1.000000
     5007.1700      1.639735e+14      1.639735e+14      1.000000
     5007.1800      1.639752e+14      1.639752e+14      1.000000
     5007.1900      1.639770e+14      1.639770e+14      1.000000
     5007.2000      1.639787e+14      1.639787e+14      1.000000
     5007.2100      1.639805e+14      1.639805e+14      1.000000
     5007.2200      1.639822e+14      1.639822e+14      1.000000
     5007.2300      1.639839e+14      1.639839e+14      1.000000
     5007.2400      1.639857e+14      1.639857e+14      1.000000
     5007.2500      1.639874e+14      1.639874e+14      1.000000
     5007.2600      1.639892e+14      1.639892e+14      1.000000
     5007.2700      1.639909e+14      1.639909e+14      1.000000
     5007.2800      1.639926e+14      1.639926e+14      1.000000
     5007.2900      1.639944e+14      1.639944e+14      1.000000
     5007.3000      1.639961e+14      1.639961e+14      1.000000
     5007.3100      1.639978e+14      1.639978e+14      1.000000
     5007.3200      1.639996e+14      1.639996e+14      1.000000
     5007.3300      1.640013e+14      1.640013e+14      1.000000
     5007.3400      1.640031e+14      1.640031e+14      1.000000
     5007.3500      1.640048e+14      1.640048e+14      1.000000
     5007.3600      1.640065e+14      1.640065e+14      1.000000
     5007.3700      1.640083e+14      1.640083e+14      1.000000
     5007.3800      1.640100e+14      1.640100e+14      1.000000
     5007.3900      1.640118e+14      1.640118e+14      1.000000
     5007.4000      1.640135e+14      1.640135e+14      1.000000
     5007.4100      1.640152e+14      1.640152e+14      1.000000
     5007.4200      1.640170e+14      1.640170e+14      1.000000
     5007.4300      1.640187e+14      1.640187e+14      1.000000
     5007.4400      1.640205e+14      1.640205e+14      1.000000
     5007.4500      1.640222e+14      1.640222e+14      1.000000
     5007.4600      1.640239e+14      1.640239e+14      1.000000
     5007.4700      1.640257e+14      1.640257e+14      1.000000
     5007.4800      1.640274e+14      1.640274e+14      1.000000
     5007.4900      1.640292e+14      1.640292e+14      1.000000
     5007.5000      1.640309e+14      1.640309e+14      1.000000
     5007.5100      1.640326e+14      1.640326e+14      1.000000
     5007.5200      1.640344e+14      1.640344e+14      1.000000
     5007.5300      1.640361e+14      1.640361e+14      1.000000
     5007.5400      1.640379e+14      1.640379e+14      1.000000
     5007.5500      1.640396e+14      1.640396e+14      1.000000
     5007.5600      1.640413e+14      1.640413e+14      1.000000
     5007.5700      1.640431e+14      1.640431e+14      1.000000
     5007.5800      1.640448e+14      1.640448e+14      1.000000
     5007.5900      1.640466e+14      1.640466e+14      1.000000
     5007.6000      1.640483e+14      1.640483e+14      1.000000
     5007.6100      1.640500e+14      1.640500e+14      1.000000
     5007.6200      1.640518e+14      1.640518e+14      1.000000
     5007.6300      1.640535e+14      1.640535e+14      1.000000
     5007.6400      1.640553e+14      1.640553e+14      1.000000
     5007.6500      1.640570e+14      1.640570e+14      1.000000
     5007.6600      1.640587e+14      1.640587e+14      1.000000
     5007.6700      1.640605e+14      1.640605e+14      1.000000
     5007.6800      1.640622e+14      1.640622e+14      1.000000
     5007.6900      1.640640e+14      1.640640e+14      1.000000
     5007.7000      1.640657e+14      1.640657e+14      1.000000
     5007.7100      1.640674e+14      1.640674e+14      1.000000
     5007.7200      1.640692e+14      1.640692e+14      1.000000
     5007.7300      1.640709e+14      1.640709e+14      1.000000
     5007.7400      1.640727e+14      1.640727e+14      1.000000
     5007.7500      1.640744e+14      1.640744e+14      1.000000
     5007.7600      1.640761e+14      1.640761e+14      1.000000
     5007.7700      1.640779e+14      1.640779e+14      1.000000
     5007.7800      1.640796e+14      1.640796e+14      1.000000
     5007.7900      1.640814e+14      1.640814e+14      1.000000
     5007.8000      1.640831e+14      1.640831e+14      1.000000
     5007.8100      1.640848e+14      1.640848e+14      1.000000
     5007.8200      1.640866e+14      1.640866e+14      1.000000
     5007.8300      1.640883e+14      1.640883e+14      1.000000
     5007.8400      1.640901e+14      1.640901e+14      1.000000
     5007.8500      1.640918e+14      1.640918e+14      1.000000
     5007.8600      1.640935e+14      1.640935e+14      1.000000
     5007.8700      1.640953e+14      1.640953e+14      1.000000
     5007.8800      1.640970e+14      1.640970e+14      1.000000
     5007.8900      1.640988e+14      1.640988e+14      1.000000
     5007.9000      1.641005e+14      1.641005e+14      1.000000
     5007.9100      1.641022e+14      1.641022e+14      1.000000
     5007.9200      1.641040e+14      1.641040e+14      1.000000
     5007.9300      1.641057e+14      1.641057e+14      1.000000
     5007.9400      1.641075e+14      1.641075e+14      1.000000
     5007.9500      1.641092e+14      1.641092e+14      1.000000
     5007.9600      1.641109e+14      1.641109e+14      1.000000
     5007.9700      1.641127e+14      1.641127e+14      1.000000
     5007.9800      1.641144e+14      1.641144e+14      1.000000
     5007.9900      1.641162e+14      1.641162e+14      1.000000
     5008.0000      1.641179e+14      1.641179e+14      1.000000
     5008.0100      1.641195e+14      1.641195e+14      1.000000
     5008.0200      1.641211e+14      1.641211e+14      1.000000
     5008.0300      1.641227e+14      1.641227e+14      1.000000
     5008.0400      1.641243e+14      1.641243e+14      1.000000
     5008.0500      1.641259e+14      1.641259e+14      1.000000
     5008.0600      1.641275e+14      1.641275e+14      1.000000
     5008.0700      1.641291e+14      1.641291e+14      1.000000
     5008.0800      1.641307e+14      1.641307e+14      1.000000
     5008.0900      1.641324e+14      1.641324e+14      1.000000
     5008.1000      1.641340e+14      1.641340e+14      1.000000
     5008.1100      1.641356e+14      1.641356e+14      1.000000
     5008.1200      1.641372e+14      1.641372e+14      1.000000
     5008.1300      1.641388e+14      1.641388e+14      1.000000
     5008.1400      1.641404e+14      1.641404e+14      1.000000
     5008.1500      1.641420e+14      1.641420e+14      1.000000
     5008.1600      1.641436e+14      1.641436e+14      1.000000
     5008.1700      1.641452e+14      1.641452e+14      1.000000
     5008.1800      1.641468e+14      1.641468e+14      1.000000
     5008.1900      1.641484e+14      1.641484e+14      1.000000
     5008.2000      1.641500e+14      1.641500e+14      1.000000
     5008.2100      1.641516e+14      1.641516e+14      1.000000
     5008.2200      1.641532e+14      1.641532e+14      1.000000
     5008.2300      1.641548e+14      1.641548e+14      1.000000
     5008.2400      1.641564e+14      1.641564e+14      1.000000
     5008.2500      1.641580e+14      1.641580e+14      1.000000
     5008.2600      1.641596e+14      1.641596e+14      1.000000
     5008.2700      1.641613e+14      1.641613e+14      1.000000
     5008.2800      1.641629e+14      1.641629e+14      1.000000
     5008.2900      1.641645e+14      1.641645e+14      1.000000
     5008.3000      1.641661e+14      1.641661e+14      1.000000
     5008.3100      1.641677e+14      1.641677e+14      1.000000
     5008.3200      1.641693e+14      1.641693e+14      1.000000
     5008.3300      1.641709e+14      1.641709e+14      1.000000
     5008.3400      1.641725e+14      1.641725e+14      1.000000
     5008.3500      1.641741e+14      1.641741e+14      1.000000
     5008.3600      1.641757e+14      1.641757e+14      1.000000
     5008.3700      1.641773e+14      1.641773e+14      1.000000
     5008.3800      1.641789e+14      1.641789e+14      1.000000
     5008.3900      1.641805e+14      1.641805e+14      1.000000
     5008.4000      1.641821e+14      1.641821e+14      1.000000
     5008.4100      1.641837e+14      1.641837e+14      1.000000
     5008.4200      1.641853e+14      1.641853e+14      1.000000
     5008.4300      1.641869e+14      1.641869e+14      1.000000
     5008.4400      1.641886e+14      1.641886e+14      1.000000
     5008.4500      1.641902e+14      1.641902e+14      1.000000
     5008.4600      1.641918e+14      1.641918e+14      1.000000
     5008.4700      1.641934e+14      1.641934e+14      1.000000
     5008.4800      1.641950e+14      1.641950e+14      1.000000
     5008.4900      1.641966e+14      1.641966e+14      1.000000
     5008.5000      1.641982e+14      1.641982e+14      1.000000
     5008.5100      1.641998e+14      1.641998e+14      1.000000
     5008.5200      1.642014e+14      1.642014e+14      1.000000
     5008.5300      1.642030e+14      1.642030e+14      1.000000
     5008.5400      1.642046e+14      1.642046e+14      1.000000
     5008.5500      1.642062e+14      1.642062e+14      1.000000
     5008.5600      1.642078e+14      1.642078e+14      1.000000
     5008.5700      1.642094e+14      1.642094e+14      1.000000
     5008.5800      1.642110e+14      1.642110e+14      1.000000
     5008.5900      1.642126e+14      1.642126e+14      1.000000
     5008.6000      1.642142e+14      1.642142e+14      1.000000
     5008.6100      1.642159e+14      1.642159e+14      1.000000
     5008.6200      1.642175e+14      1.642175e+14      1.000000
     5008.6300      1.642191e+14      1.642191e+14      1.000000
     5008.6400      1.642207e+14      1.642207e+14      1.000000
     5008.6500      1.642223e+14      1.642223e+14      1.000000
     5008.6600      1.642239e+14      1.642239e+14      1.000000
     5008.6700      1.642255e+14      1.642255e+14      1.000000
     5008.6800      1.642271e+14      1.642271e+14      1.000000
     5008.6900      1.642287e+14      1.642287e+14      1.000000
     5008.7000      1.642303e+14      1.642303e+14      1.000000
     5008.7100      1.642319e+14      1.642319e+14      1.000000
     5008.7200      1.642335e+14      1.642335e+14      1.000000
     5008.7300      1.642351e+14      1.642351e+14      1.000000
     5008.7400      1.642367e+14      1.642367e+14      1.000000
     5008.7500      1.642383e+14      1.642383e+14      1.000000
     5008.7600      1.642400e+14      1.642400e+14      1.000000
     5008.7700      1.642416e+14      1.642416e+14      1.000000
     5008.7800      1.642432e+14      1.642432e+14      1.000000
     5008.7900      1.642448e+14      1.642448e+14      1.000000
     5008.8000      1.642464e+14      1.642464e+14      1.000000
     5008.8100      1.642480e+14      1.642480e+14      1.000000
     5008.8200      1.642496e+14      1.642496e+14      1.000000
     5008.8300      1.642512e+14      1.642512e+14      1.000000
     5008.8400      1.642528e+14      1.642528e+14      1.000000
     5008.8500      1.642544e+14      1.642544e+14      1.000000
     5008.8600      1.642560e+14      1.642560e+14      1.000000
     5008.8700      1.642576e+14      1.642576e+14      1.000000
     5008.8800      1.642592e+14      1.642592e+14      1.000000
     5008.8900      1.642608e+14      1.642608e+14      1.000000
     5008.9000      1.642624e+14      1.642624e+14      1.000000
     5008.9100      1.642640e+14      1.642640e+14      1.000000
     5008.9200      1.642657e+14      1.642657e+14      1.000000
     5008.9300      1.642673e+14      1.642673e+14      1.000000
     5008.9400      1.642689e+14      1.642689e+14      1.000000
     5008.9500      1.642705e+14      1.642705e+14      1.000000
     5008.9600      1.642721e+14      1.642721e+14      1.000000
     5008.9700      1.642737e+14      1.642737e+14      1.000000
     5008.9800      1.642753e+14      1.642753e+14      1.000000
     5008.9900      1.642769e+14      1.642769e+14      1.000000
     5009.0000      1.642785e+14      1.642785e+14      1.000000
     5009.0100      1.642781e+14      1.642781e+14      1.000000
     5009.0200      1.642777e+14      1.642777e+14      1.000000
     5009.0300      1.642773e+14      1.642773e+14      1.000000
     5009.0400      1.642770e+14      1.642770e+14      1.000000
     5009.0500      1.642766e+14      1.642766e+14      1.000000
     5009.0600      1.642762e+14      1.642762e+14      1.000000
     5009.0700      1.642758e+14      1.642758e+14      1.000000
     5009.0800      1.642754e+14      1.642754e+14      1.000000
     5009.0900      1.642750e+14      1.642750e+14      1.000000
     5009.1000      1.642746e+14      1.642746e+14      1.000000
     5009.1100      1.642742e+14      1.642742e+14      1.000000
     5009.1200      1.642738e+14      1.642738e+14      1.000000
     5009.1300      1.642734e+14      1.642734e+14      1.000000
     5009.1400      1.642731e+14      1.642731e+14      1.000000
     5009.1500      1.642727e+14      1.642727e+14      1.000000
     5009.1600      1.642723e+14      1.642723e+14      1.000000
     5009.1700      1.642719e+14      1.642719e+14      1.000000
     5009.1800      1.642715e+14      1.642715e+14      1.000000
     5009.1900      1.642711e+14      1.642711e+14      1.000000
     5009.2000      1.642707e+14      1.642707e+14      1.000000
     5009.2100      1.642703e+14      1.642703e+14      1.000000
     5009.2200      1.642699e+14      1.642699e+14      1.000000
     5009.2300      1.642696e+14      1.642696e+14      1.000000
     5009.2400      1.642692e+14      1.642692e+14      1.000000
     5009.2500      1.642688e+14      1.642688e+14      1.000000
     5009.2600      1.642684e+14      1.642684e+14      1.000000
     5009.2700      1.642680e+14      1.642680e+14      1.000000
     5009.2800      1.642676e+14      1.642676e+14      1.000000
     5009.2900      1.642672e+14      1.642672e+14      1.000000
     5009.3000      1.642668e+14      1.642668e+14      1.000000
     5009.3100      1.642664e+14      1.642664e+14      1.000000
     5009.3200      1.642660e+14      1.642660e+14      1.000000
     5009.3300      1.642657e+14      1.642657e+14      1.000000
     5009.3400      1.642653e+14      1.642653e+14      1.000000
     5009.3500      1.642649e+14      1.642649e+14      1.000000
     5009.3600      1.642645e+14      1.642645e+14      1.000000
     5009.3700      1.642641e+14      1.642641e+14      1.000000
     5009.3800      1.642637e+14      1.642637e+14      1.000000
     5009.3900      1.642633e+14      1.642633e+14      1.000000
     5009.4000      1.642629e+14      1.642629e+14      1.000000
     5009.4100      1.642625e+14      1.642625e+14      1.000000
     5009.4200      1.642622e+14      1.642622e+14      1.000000
     5009.4300      1.642618e+14      1.642618e+14      1.000000
     5009.4400      1.642614e+14      1.642614e+14      1.000000
     5009.4500      1.642610e+14      1.642610e+14      1.000000
     5009.4600      1.642606e+14      1.642606e+14      1.000000
     5009.4700      1.642602e+14      1.642602e+14      1.000000
     5009.4800      1.642598e+14      1.642598e+14      1.000000
     5009.4900      1.642594e+14      1.642594e+14      1.000000
     5009.5000      1.642590e+14      1.642590e+14      1.000000
     5009.5100      1.642586e+14      1.642586e+14      1.000000
     5009.5200      1.642583e+14      1.642583e+14      1.000000
     5009.5300      1.642579e+14      1.642579e+14      1.000000
     5009.5400      1.642575e+14      1.642575e+14      1.000000
     5009.5500      1.642571e+14      1.642571e+14      1.000000
     5009.5600      1.642567e+14      1.642567e+14      1.000000
     5009.5700      1.642563e+14      1.642563e+14      1.000000
     5009.5800      1.642559e+14      1.642559e+14      1.000000
     5009.5900      1.642555e+14      1.642555e+14      1.000000
     5009.6000      1.642551e+14      1.642551e+14      1.000000
     5009.6100      1.642548e+14      1.642548e+14      1.000000
     5009.6200      1.642544e+14      1.642544e+14      1.000000
     5009.6300      1.642540e+14      1.642540e+14      1.000000
     5009.6400      1.642536e+14      1.642536e+14      1.000000
     5009.6500      1.642532e+14      1.642532e+14      1.000000
     5009.6600      1.642528e+14      1.642528e+14      1.000000
     5009.6700      1.642524e+14      1.642524e+14      1.000000
     5009.6800      1.642520e+14      1.642520e+14      1.000000
     5009.6900      1.642516e+14      1.642516e+14      1.000000
     5009.7000      1.642513e+14      1.642513e+14      1.000000
     5009.7100      1.642509e+14      1.642509e+14      1.000000
     5009.7200      1.642505e+14      1.642505e+14      1.000000
     5009.7300      1.642501e+14      1.642501e+14      1.000000
     5009.7400      1.642497e+14      1.642497e+14      1.000000
     5009.7500      1.642493e+14      1.642493e+14      1.000000
     5009.7600      1.642489e+14      1.642489e+14      1.000000
     5009.7700      1.642485e+14      1.642485e+14      1.000000
     5009.7800      1.642481e+14      1.642481e+14      1.000000
     5009.7900      1.642477e+14      1.642477e+14      1.000000
     5009.8000      1.642474e+14      1.642474e+14      1.000000
     5009.8100      1.642470e+14      1.642470e+14      1.000000
     5009.8200      1.642466e+14      1.642466e+14      1.000000
     5009.8300      1.642462e+14      1.642462e+14      1.000000
     5009.8400      1.642458e+14      1.642458e+14      1.000000
     5009.8500      1.642454e+14      1.642454e+14      1.000000
     5009.8600      1.642450e+14      1.642450e+14      1.000000
     5009.8700      1.642446e+14      1.642446e+14      1.000000
     5009.8800      1.642442e+14      1.642442e+14      1.000000
     5009.8900      1.642439e+14      1.642439e+14      1.000000
     5009.9000      1.642435e+14      1.642435e+14      1.000000
     5009.9100      1.642431e+14      1.642431e+14      1.000000
     5009.9200      1.642427e+14      1.642427e+14      1.000000
     5009.9300      1.642423e+14      1.642423e+14      1.000000
     5009.9400      1.642419e+14      1.642419e+14      1.000000
     5009.9500      1.642415e+14      1.642415e+14      1.000000
     5009.9600      1.642411e+14      1.642411e+14      1.000000
     5009.9700      1.642407e+14      1.642407e+14      1.000000
     5009.9800      1.642404e+14      1.642404e+14      1.000000
     5009.9900      1.642400e+14      1.642400e+14      1.000000
     5010.0000      1.642396e+14      1.642396e+14      1.000000
     5010.0100      1.642384e+14      1.642384e+14      1.000000
     5010.0200      1.642373e+14      1.642373e+14      1.000000
     5010.0300      1.642361e+14      1.642361e+14      1.000000
     5010.0400      1.642350e+14      1.642350e+14      1.000000
     5010.0500      1.642339e+14      1.642339e+14      1.000000
     5010.0600      1.642327e+14      1.642327e+14      1.000000
     5010.0700      1.642316e+14      1.642316e+14      1.000000
     5010.0800      1.642304e+14      1.642304e+14      1.000000
     5010.0900      1.642293e+14      1.642293e+14      1.000000
     5010.1000      1.642281e+14      1.642281e+14      1.000000
     5010.1100      1.642270e+14      1.642270e+14      1.000000
     5010.1200      1.642259e+14      1.642259e+14      1.000000
     5010.1300      1.642247e+14      1.642247e+14      1.000000
     5010.1400      1.642236e+14      1.642236e+14      1.000000
     5010.1500      1.642224e+14      1.642224e+14      1.000000
     5010.1600      1.642213e+14      1.642213e+14      1.000000
     5010.1700      1.642201e+14      1.642201e+14      1.000000
     5010.1800      1.642190e+14      1.642190e+14      1.000000
     5010.1900      1.642179e+14      1.642179e+14      1.000000
     5010.2000      1.642167e+14      1.642167e+14      1.000000
     5010.2100      1.642156e+14      1.642156e+14      1.000000
     5010.2200      1.642144e+14      1.642144e+14      1.000000
     5010.2300      1.642133e+14      1.642133e+14      1.000000
     5010.2400      1.642121e+14      1.642121e+14      1.000000
     5010.2500      1.642110e+14      1.642110e+14      1.000000
     5010.2600      1.642099e+14      1.642099e+14      1.000000
     5010.2700      1.642087e+14      1.642087e+14      1.000000
     5010.2800      1.642076e+14      1.642076e+14      1.000000
     5010.2900      1.642064e+14      1.642064e+14      1.000000
     5010.3000      1.642053e+14      1.642053e+14      1.000000
     5010.3100      1.642042e+14      1.642042e+14      1.000000
     5010.3200      1.642030e+14      1.642030e+14      1.000000
     5010.3300      1.642019e+14      1.642019e+14      1.000000
     5010.3400      1.642007e+14      1.642007e+14      1.000000
     5010.3500      1.641996e+14      1.641996e+14      1.000000
     5010.3600      1.641984e+14      1.641984e+14      1.000000
     5010.3700      1.641973e+14      1.641973e+14      1.000000
     5010.3800      1.641962e+14      1.641962e+14      1.000000
     5010.3900      1.641950e+14      1.641950e+14      1.000000
     5010.4000      1.641939e+14      1.641939e+14      1.000000
     5010.4100      1.641927e+14      1.641927e+14      1.000000
     5010.4200      1.641916e+14      1.641916e+14      1.000000
     5010.4300      1.641904e+14      1.641904e+14      1.000000
     5010.4400      1.641893e+14      1.641893e+14      1.000000
     5010.4500      1.641882e+14      1.641882e+14      1.000000
     5010.4600      1.641870e+14      1.641870e+14      1.000000
     5010.4700      1.641859e+14      1.641859e+14      1.000000
     5010.4800      1.641847e+14      1.641847e+14      1.000000
     5010.4900      1.641836e+14      1.641836e+14      1.000000
     5010.5000      1.641825e+14      1.641825e+14      1.000000
     5010.5100      1.641813e+14      1.641813e+14      1.000000
     5010.5200      1.641802e+14      1.641802e+14      1.000000
     5010.5300      1.641790e+14      1.641790e+14      1.000000
     5010.5400      1.641779e+14      1.641779e+14      1.000000
     5010.5500      1.641767e+14      1.641767e+14      1.000000
     5010.5600      1.641756e+14      1.641756e+14      1.000000
     5010.5700      1.641745e+14      1.641745e+14      1.000000
     5010.5800      1.641733e+14      1.641733e+14      1.000000
     5010.5900      1.641722e+14      1.641722e+14      1.000000
     5010.6000      1.641710e+14      1.641710e+14      1.000000
     5010.6100      1.641699e+14      1.641699e+14      1.000000
     5010.6200      1.641688e+14      1.641688e+14      1.000000
     5010.6300      1.641676e+14      1.641676e+14      1.000000
     5010.6400      1.641665e+14      1.641665e+14      1.000000
     5010.6500      1.641653e+14      1.641653e+14      1.000000
     5010.6600      1.641642e+14      1.641642e+14      1.000000
     5010.6700      1.641630e+14      1.641630e+14      1.000000
     5010.6800      1.641619e+14      1.641619e+14      1.000000
     5010.6900      1.641608e+14      1.641608e+14      1.000000
     5010.7000      1.641596e+14      1.641596e+14      1.000000
     5010.7100      1.641585e+14      1.641585e+14      1.000000
     5010.7200      1.641573e+14      1.641573e+14      1.000000
     5010.7300      1.641562e+14      1.641562e+14      1.000000
     5010.7400      1.641551e+14      1.641551e+14      1.000000
     5010.7500      1.641539e+14      1.641539e+14      1.000000
     5010.7600      1.641528e+14      1.641528e+14      1.000000
     5010.7700      1.641516e+14      1.641516e+14      1.000000
     5010.7800      1.641505e+14      1.641505e+14      1.000000
     5010.7900      1.641493e+14      1.641493e+14      1.000000
     5010.8000      1.641482e+14      1.641482e+14      1.000000
     5010.8100      1.641471e+14      1.641471e+14      1.000000
     5010.8200      1.641459e+14      1.641459e+14      1.000000
     5010.8300      1.641448e+14      1.641448e+14      1.000000
     5010.8400      1.641436e+14      1.641436e+14      1.000000
     5010.8500      1.641425e+14      1.641425e+14      1.000000
     5010.8600      1.641414e+14      1.641414e+14      1.000000
     5010.8700      1.641402e+14      1.641402e+14      1.000000
     5010.8800      1.641391e+14      1.641391e+14      1.000000
     5010.8900      1.641379e+14      1.641379e+14      1.000000
     5010.9000      1.641368e+14      1.641368e+14      1.000000
     5010.9100      1.641357e+14      1.641357e+14      1.000000
     5010.9200      1.641345e+14      1.641345e+14      1.000000
     5010.9300      1.641334e+14      1.641334e+14      1.000000
     5010.9400      1.641322e+14      1.641322e+14      1.000000
     5010.9500      1.641311e+14      1.641311e+14      1.000000
     5010.9600      1.641300e+14      1.641300e+14      1.000000
     5010.9700      1.641288e+14      1.641288e+14      1.000000
     5010.9800      1.641277e+14      1.641277e+14      1.000000
     5010.9900      1.641265e+14      1.641265e+14      1.000000
     5011.0000      1.641254e+14      1.641254e+14      1.000000
     5011.0100      1.641245e+14      1.641245e+14      1.000000
     5011.0200      1.641237e+14      1.641237e+14      1.000000
     5011.0300      1.641228e+14      1.641228e+14      1.000000
     5011.0400      1.641219e+14      1.641219e+14      1.000000
     5011.0500      1.641211e+14      1.641211e+14      1.000000
     5011.0600      1.641202e+14      1.641202e+14      1.000000
     5011.0700      1.641194e+14      1.641194e+14      1.000000
     5011.0800      1.641185e+14      1.641185e+14      1.000000
     5011.0900      1.641176e+14      1.641176e+14      1.000000
     5011.1000      1.641168e+14      1.641168e+14      1.000000
     5011.1100      1.641159e+14      1.641159e+14      1.000000
     5011.1200      1.641151e+14      1.641151e+14      1.000000
     5011.1300      1.641142e+14      1.641142e+14      1.000000
     5011.1400      1.641133e+14      1.641133e+14      1.000000
     5011.1500      1.641125e+14      1.641125e+14      1.000000
     5011.1600      1.641116e+14      1.641116e+14      1.000000
     5011.1700      1.641107e+14      1.641107e+14      1.000000
     5011.1800      1.641099e+14      1.641099e+14      1.000000
     5011.1900      1.641090e+14      1.641090e+14      1.000000
     5011.2000      1.641082e+14      1.641082e+14      1.000000
     5011.2100      1.641073e+14      1.641073e+14      1.000000
     5011.2200      1.641064e+14      1.641064e+14      1.000000
     5011.2300      1.641056e+14      1.641056e+14      1.000000
     5011.2400      1.641047e+14      1.641047e+14      1.000000
     5011.2500      1.641038e+14      1.641038e+14      1.000000
     5011.2600      1.641030e+14      1.641030e+14      1.000000
     5011.2700      1.641021e+14      1.641021e+14      1.000000
     5011.2800      1.641013e+14      1.641013e+14      1.000000
     5011.2900      1.641004e+14      1.641004e+14      1.000000
     5011.3000      1.640995e+14      1.640995e+14      1.000000
     5011.3100      1.640987e+14      1.640987e+14      1.000000
     5011.3200      1.640978e+14      1.640978e+14      1.000000
     5011.3300      1.640970e+14      1.640970e+14      1.000000
     5011.3400      1.640961e+14      1.640961e+14      1.000000
     5011.3500      1.640952e+14      1.640952e+14      1.000000
     5011.3600      1.640944e+14      1.640944e+14      1.000000
     5011.3700      1.640935e+14      1.640935e+14      1.000000
     5011.3800      1.640927e+14      1.640927e+14      1.000000
     5011.3900      1.640918e+14      1.640918e+14      1.000000
     5011.4000      1.640909e+14      1.640909e+14      1.000000
     5011.4100      1.640901e+14      1.640901e+14      1.000000
     5011.4200      1.640892e+14      1.640892e+14      1.000000
     5011.4300      1.640883e+14      1.640883e+14      1.000000
     5011.4400      1.640875e+14      1.640875e+14      1.000000
     5011.4500      1.640866e+14      1.640866e+14      1.000000
     5011.4600      1.640858e+14      1.640858e+14      1.000000
     5011.4700      1.640849e+14      1.640849e+14      1.000000
     5011.4800      1.640840e+14      1.640840e+14      1.000000
     5011.4900      1.640832e+14      1.640832e+14      1.000000
     5011.5000      1.640823e+14      1.640823e+14      1.000000
     5011.5100      1.640815e+14      1.640815e+14      1.000000
     5011.5200      1.640806e+14      1.640806e+14      1.000000
     5011.5300      1.640797e+14      1.640797e+14      1.000000
     5011.5400      1.640789e+14      1.640789e+14      1.000000
     5011.5500      1.640780e+14      1.640780e+14      1.000000
     5011.5600      1.640772e+14      1.640772e+14      1.000000
     5011.5700      1.640763e+14      1.640763e+14      1.000000
     5011.5800      1.640754e+14      1.640754e+14      1.000000
     5011.5900      1.640746e+14      1.640746e+14      1.000000
     5011.6000      1.640737e+14      1.640737e+14      1.000000
     5011.6100      1.640728e+14      1.640728e+14      1.000000
     5011.6200      1.640720e+14      1.640720e+14      1.000000
     5011.6300      1.640711e+14      1.640711e+14      1.000000
     5011.6400      1.640703e+14      1.640703e+14      1.000000
     5011.6500      1.640694e+14      1.640694e+14      1.000000
     5011.6600      1.640685e+14      1.640685e+14      1.000000
     5011.6700      1.640677e+14      1.640677e+14      1.000000
     5011.6800      1.640668e+14      1.640668e+14      1.000000
     5011.6900      1.640660e+14      1.640660e+14      1.000000
     5011.7000      1.640651e+14      1.640651e+14      1.000000
     5011.7100      1.640642e+14      1.640642e+14      1.000000
     5011.7200      1.640634e+14      1.640634e+14      1.000000
     5011.7300      1.640625e+14      1.640625e+14      1.000000
     5011.7400      1.640617e+14      1.640617e+14      1.000000
     5011.7500      1.640608e+14      1.640608e+14      1.000000
     5011.7600      1.640599e+14      1.640599e+14      1.000000
     5011.7700      1.640591e+14      1.640591e+14      1.000000
     5011.7800      1.640582e+14      1.640582e+14      1.000000
     5011.7900      1.640574e+14      1.640574e+14      1.000000
     5011.8000      1.640565e+14      1.640565e+14      1.000000
     5011.8100      1.640556e+14      1.640556e+14      1.000000
     5011.8200      1.640548e+14      1.640548e+14      1.000000
     5011.8300      1.640539e+14      1.640539e+14      1.000000
     5011.8400      1.640531e+14      1.640531e+14      1.000000
     5011.8500      1.640522e+14      1.640522e+14      1.000000
     5011.8600      1.640513e+14      1.640513e+14      1.000000
     5011.8700      1.640505e+14      1.640505e+14      1.000000
     5011.8800      1.640496e+14      1.640496e+14      1.000000
     5011.8900      1.640487e+14      1.640487e+14      1.000000
     5011.9000      1.640479e+14      1.640479e+14      1.000000
     5011.9100      1.640470e+14      1.640470e+14      1.000000
     5011.9200      1.640462e+14      1.640462e+14      1.000000
     5011.9300      1.640453e+14      1.640453e+14      1.000000
     5011.9400      1.640444e+14      1.640444e+14      1.000000
     5011.9500      1.640436e+14      1.640436e+14      1.000000
     5011.9600      1.640427e+14      1.640427e+14      1.000000
     5011.9700      1.640419e+14      1.640419e+14      1.000000
     5011.9800      1.640410e+14      1.640410e+14      1.000000
     5011.9900      1.640401e+14      1.640401e+14      1.000000
     5012.0000      1.640393e+14      1.640393e+14      1.000000
     5012.0100      1.640404e+14      1.640404e+14      1.000000
     5012.0200      1.640414e+14      1.640414e+14      1.000000
     5012.0300      1.640425e+14      1.640425e+14      1.000000
     5012.0400      1.640435e+14      1.640435e+14      1.000000
     5012.0500      1.640446e+14      1.640446e+14      1.000000
     5012.0600      1.640457e+14      1.640457e+14      1.000000
     5012.0700      1.640467e+14      1.640467e+14      1.000000
     5012.0800      1.640478e+14      1.640478e+14      1.000000
     5012.0900      1.640489e+14      1.640489e+14      1.000000
     5012.1000      1.640499e+14      1.640499e+14      1.000000
     5012.1100      1.640510e+14      1.640510e+14      1.000000
     5012.1200      1.640521e+14      1.640521e+14      1.000000
     5012.1300      1.640531e+14      1.640531e+14      1.000000
     5012.1400      1.640542e+14      1.640542e+14      1.000000
     5012.1500      1.640552e+14      1.640552e+14      1.000000
     5012.1600      1.640563e+14      1.640563e+14      1.000000
     5012.1700      1.640574e+14      1.640574e+14      1.000000
     5012.1800      1.640584e+14      1.640584e+14      1.000000
     5012.1900      1.640595e+14      1.640595e+14      1.000000
     5012.2000      1.640606e+14      1.640606e+14      1.000000
     5012.2100      1.640616e+14      1.640616e+14      1.000000
     5012.2200      1.640627e+14      1.640627e+14      1.000000
     5012.2300      1.640638e+14      1.640638e+14      1.000000
     5012.2400      1.640648e+14      1.640648e+14      1.000000
     5012.2500      1.640659e+14      1.640659e+14      1.000000
     5012.2600      1.640670e+14      1.640670e+14      1.000000
     5012.2700      1.640680e+14      1.640680e+14      1.000000
     5012.2800      1.640691e+14      1.640691e+14      1.000000
     5012.2900      1.640701e+14      1.640701e+14      1.000000
     5012.3000      1.640712e+14      1.640712e+14      1.000000
     5012.3100      1.640723e+14      1.640723e+14      1.000000
     5012.3200      1.640733e+14      1.640733e+14      1.000000
     5012.3300      1.640744e+14      1.640744e+14      1.000000
     5012.3400      1.640755e+14      1.640755e+14      1.000000
     5012.3500      1.640765e+14      1.640765e+14      1.000000
     5012.3600      1.640776e+14      1.640776e+14      1.000000
     5012.3700      1.640787e+14      1.640787e+14      1.000000
     5012.3800      1.640797e+14      1.640797e+14      1.000000
     5012.3900      1.640808e+14      1.640808e+14      1.000000
     5012.4000      1.640819e+14      1.640819e+14      1.000000
     5012.4100      1.640829e+14      1.640829e+14      1.000000
     5012.4200      1.640840e+14      1.640840e+14      1.000000
     5012.4300      1.640850e+14      1.640850e+14      1.000000
     5012.4400      1.640861e+14      1.640861e+14      1.000000
     5012.4500      1.640872e+14      1.640872e+14      1.000000
     5012.4600      1.640882e+14      1.640882e+14      1.000000
     5012.4700      1.640893e+14      1.640893e+14      1.000000
     5012.4800      1.640904e+14      1.640904e+14      1.000000
     5012.4900      1.640914e+14      1.640914e+14      1.000000
     5012.5000      1.640925e+14      1.640925e+14      1.000000
     5012.5100      1.640936e+14      1.640936e+14      1.000000
     5012.5200      1.640946e+14      1.640946e+14      1.000000
     5012.5300      1.640957e+14      1.640957e+14      1.000000
     5012.5400      1.640968e+14      1.640968e+14      1.000000
     5012.5500      1.640978e+14      1.640978e+14      1.000000
     5012.5600      1.640989e+14      1.640989e+14      1.000000
     5012.5700      1.640999e+14      1.640999e+14      1.000000
     5012.5800      1.641010e+14      1.641010e+14      1.000000
     5012.5900      1.641021e+14      1.641021e+14      1.000000
     5012.6000      1.641031e+14      1.641031e+14      1.000000
     5012.6100      1.641042e+14      1.641042e+14      1.000000
     5012.6200      1.641053e+14      1.641053e+14      1.000000
     5012.6300      1.641063e+14      1.641063e+14      1.000000
     5012.6400      1.641074e+14      1.641074e+14      1.000000
     5012.6500      1.641085e+14      1.641085e+14      1.000000
     5012.6600      1.641095e+14      1.641095e+14      1.000000
     5012.6700      1.641106e+14      1.641106e+14      1.000000
     5012.6800      1.641117e+14      1.641117e+14      1.000000
     5012.6900      1.641127e+14      1.641127e+14      1.000000
     5012.7000      1.641138e+14      1.641138e+14      1.000000
     5012.7100      1.641148e+14      1.641148e+14      1.000000
     5012.7200      1.641159e+14      1.641159e+14      1.000000
     5012.7300      1.641170e+14      1.641170e+14      1.000000
     5012.7400      1.641180e+14      1.641180e+14      1.000000
     5012.7500      1.641191e+14      1.641191e+14      1.000000
     5012.7600      1.641202e+14      1.641202e+14      1.000000
     5012.7700      1.641212e+14      1.641212e+14      1.000000
     5012.7800      1.641223e+14      1.641223e+14      1.000000
     5012.7900      1.641234e+14      1.641234e+14      1.000000
     5012.8000      1.641244e+14      1.641244e+14      1.000000
     5012.8100      1.641255e+14      1.641255e+14      1.000000
     5012.8200      1.641266e+14      1.641266e+14      1.000000
     5012.8300      1.641276e+14      1.641276e+14      1.000000
     5012.8400      1.641287e+14      1.641287e+14      1.000000
     5012.8500      1.641298e+14      1.641298e+14      1.000000
     5012.8600      1.641308e+14      1.641308e+14      1.000000
     5012.8700      1.641319e+14      1.641319e+14      1.000000
     5012.8800      1.641329e+14      1.641329e+14      1.000000
     5012.8900      1.641340e+14      1.641340e+14      1.000000
     5012.9000      1.641351e+14      1.641351e+14      1.000000
     5012.9100      1.641361e+14      1.641361e+14      1.000000
     5012.9200      1.641372e+14      1.641372e+14      1.000000
     5012.9300      1.641383e+14      1.641383e+14      1.000000
     5012.9400      1.641393e+14      1.641393e+14      1.000000
     5012.9500      1.641404e+14      1.641404e+14      1.000000
     5012.9600      1.641415e+14      1.641415e+14      1.000000
     5012.9700      1.641425e+14      1.641425e+14      1.000000
     5012.9800      1.641436e+14      1.641436e+14      1.000000
     5012.9900      1.641447e+14      1.641447e+14      1.000000
     5013.0000      1.641457e+14      1.641457e+14      1.000000
     5013.0100      1.641474e+14      1.641474e+14      1.000000
     5013.0200      1.641492e+14      1.641492e+14      1.000000
     5013.0300      1.641509e+14      1.641509e+14      1.000000
     5013.0400      1.641526e+14      1.641526e+14      1.000000
     5013.0500      1.641544e+14      1.641544e+14      1.000000
     5013.0600      1.641561e+14      1.641561e+14      1.000000
     5013.0700      1.641578e+14      1.641578e+14      1.000000
     5013.0800      1.641595e+14      1.641595e+14      1.000000
     5013.0900      1.641613e+14      1.641613e+14      1.000000
     5013.1000      1.641630e+14      1.641630e+14      1.000000
     5013.1100      1.641647e+14      1.641647e+14      1.000000
     5013.1200      1.641665e+14      1.641665e+14      1.000000
     5013.1300      1.641682e+14      1.641682e+14      1.000000
     5013.1400      1.641699e+14      1.641699e+14      1.000000
     5013.1500      1.641716e+14      1.641716e+14      1.000000
     5013.1600      1.641734e+14      1.641734e+14      1.000000
     5013.1700      1.641751e+14      1.641751e+14      1.000000
     5013.1800      1.641768e+14      1.641768e+14      1.000000
     5013.1900      1.641786e+14      1.641786e+14      1.000000
     5013.2000      1.641803e+14      1.641803e+14      1.000000
     5013.2100      1.641820e+14      1.641820e+14      1.000000
     5013.2200      1.641837e+14      1.641837e+14      1.000000
     5013.2300      1.641855e+14      1.641855e+14      1.000000
     5013.2400      1.641872e+14      1.641872e+14      1.000000
     5013.2500      1.641889e+14      1.641889e+14      1.000000
     5013.2600      1.641907e+14      1.641907e+14      1.000000
     5013.2700      1.641924e+14      1.641924e+14      1.000000
     5013.2800      1.641941e+14      1.641941e+14      1.000000
     5013.2900      1.641959e+14      1.641959e+14      1.000000
     5013.3000      1.641976e+14      1.641976e+14      1.000000
     5013.3100      1.641993e+14      1.641993e+14      1.000000
     5013.3200      1.642010e+14      1.642010e+14      1.000000
     5013.3300      1.642028e+14      1.642028e+14      1.000000
     5013.3400      1.642045e+14      1.642045e+14      1.000000
     5013.3500      1.642062e+14      1.642062e+14      1.000000
     5013.3600      1.642080e+14      1.642080e+14      1.000000
     5013.3700      1.642097e+14      1.642097e+14      1.000000
     5013.3800      1.642114e+14      1.642114e+14      1.000000
     5013.3900      1.642131e+14      1.642131e+14      1.000000
     5013.4000      1.642149e+14      1.642149e+14      1.000000
     5013.4100      1.642166e+14      1.642166e+14      1.000000
     5013.4200      1.642183e+14      1.642183e+14      1.000000
     5013.4300      1.642201e+14      1.642201e+14      1.000000
     5013.4400      1.642218e+14      1.642218e+14      1.000000
     5013.4500      1.642235e+14      1.642235e+14      1.000000
     5013.4600      1.642252e+14      1.642252e+14      1.000000
     5013.4700      1.642270e+14      1.642270e+14      1.000000
     5013.4800      1.642287e+14      1.642287e+14      1.000000
     5013.4900      1.642304e+14      1.642304e+14      1.000000
     5013.5000      1.642322e+14      1.642322e+14      1.000000
     5013.5100      1.642339e+14      1.642339e+14      1.000000
     5013.5200      1.642356e+14      1.642356e+14      1.000000
     5013.5300      1.642374e+14      1.642374e+14      1.000000
     5013.5400      1.642391e+14      1.642391e+14      1.000000
     5013.5500      1.642408e+14      1.642408e+14      1.000000
     5013.5600      1.642425e+14      1.642425e+14      1.000000
     5013.5700      1.642443e+14      1.642443e+14      1.000000
     5013.5800      1.642460e+14      1.642460e+14      1.000000
     5013.5900      1.642477e+14      1.642477e+14      1.000000
     5013.6000      1.642495e+14      1.642495e+14      1.000000
     5013.6100      1.642512e+14      1.642512e+14      1.000000
     5013.6200      1.642529e+14      1.642529e+14      1.000000
     5013.6300      1.642547e+14      1.642547e+14      1.000000
     5013.6400      1.642564e+14      1.642564e+14      1.000000
     5013.6500      1.642581e+14      1.642581e+14      1.000000
     5013.6600      1.642598e+14      1.642598e+14      1.000000
     5013.6700      1.642616e+14      1.642616e+14      1.000000
     5013.6800      1.642633e+14      1.642633e+14      1.000000
     5013.6900      1.642650e+14      1.642650e+14      1.000000
     5013.7000      1.642668e+14      1.642668e+14      1.000000
     5013.7100      1.642685e+14      1.642685e+14      1.000000
     5013.7200      1.642702e+14      1.642702e+14      1.000000
     5013.7300      1.642719e+14      1.642719e+14      1.000000
     5013.7400      1.642737e+14      1.642737e+14      1.000000
     5013.7500      1.642754e+14      1.642754e+14      1.000000
     5013.7600      1.642771e+14      1.642771e+14      1.000000
     5013.7700      1.642789e+14      1.642789e+14      1.000000
     5013.7800      1.642806e+14      1.642806e+14      1.000000
     5013.7900      1.642823e+14      1.642823e+14      1.000000
     5013.8000      1.642841e+14      1.642841e+14      1.000000
     5013.8100      1.642858e+14      1.642858e+14      1.000000
     5013.8200      1.642875e+14      1.642875e+14      1.000000
     5013.8300      1.642892e+14      1.642892e+14      1.000000
     5013.8400      1.642910e+14      1.642910e+14      1.000000
     5013.8500      1.642927e+14      1.642927e+14      1.000000
     5013.8600      1.642944e+14      1.642944e+14      1.000000
     5013.8700      1.642962e+14      1.642962e+14      1.000000
     5013.8800      1.642979e+14      1.642979e+14      1.000000
     5013.8900      1.642996e+14      1.642996e+14      1.000000
     5013.9000      1.643014e+14      1.643014e+14      1.000000
     5013.9100      1.643031e+14      1.643031e+14      1.000000
     5013.9200      1.643048e+14      1.643048e+14      1.000000
     5013.9300      1.643065e+14      1.643065e+14      1.000000
     5013.9400      1.643083e+14      1.643083e+14      1.000000
     5013.9500      1.643100e+14      1.643100e+14      1.000000
     5013.9600      1.643117e+14      1.643117e+14      1.000000
     5013.9700      1.643135e+14      1.643135e+14      1.000000
     5013.9800      1.643152e+14      1.643152e+14      1.000000
     5013.9900      1.643169e+14      1.643169e+14      1.000000
     5014.0000      1.643187e+14      1.643187e+14      1.000000
     5014.0100      1.643202e+14      1.643202e+14      1.000000
     5014.0200      1.643217e+14      1.643217e+14      1.000000
     5014.0300      1.643232e+14      1.643232e+14      1.000000
     5014.0400      1.643246e+14      1.643246e+14      1.000000
     5014.0500      1.643261e+14      1.643261e+14      1.000000
     5014.0600      1.643276e+14      1.643276e+14      1.000000
     5014.0700      1.643291e+14      1.643291e+14      1.000000
     5014.0800      1.643306e+14      1.643306e+14      1.000000
     5014.0900      1.643321e+14      1.643321e+14      1.000000
     5014.1000      1.643336e+14      1.643336e+14      1.000000
     5014.1100      1.643351e+14      1.643351e+14      1.000000
     5014.1200      1.643366e+14      1.643366e+14      1.000000
     5014.1300      1.643381e+14      1.643381e+14      1.000000
     5014.1400      1.643396e+14      1.643396e+14      1.000000
     5014.1500      1.643411e+14      1.643411e+14      1.000000
     5014.1600      1.643426e+14      1.643426e+14      1.000000
     5014.1700      1.643441e+14      1.643441e+14      1.000000
     5014.1800      1.643456e+14      1.643456e+14      1.000000
     5014.1900      1.643471e+14      1.643471e+14      1.000000
     5014.2000      1.643486e+14      1.643486e+14      1.000000
     5014.2100      1.643501e+14      1.643501e+14      1.000000
     5014.2200      1.643516e+14      1.643516e+14      1.000000
     5014.2300      1.643531e+14      1.643531e+14      1.000000
     5014.2400      1.643546e+14      1.643546e+14      1.000000
     5014.2500      1.643561e+14      1.643561e+14      1.000000
     5014.2600      1.643576e+14      1.643576e+14      1.000000
     5014.2700      1.643591e+14      1.643591e+14      1.000000
     5014.2800      1.643606e+14      1.643606e+14      1.000000
     5014.2900      1.643621e+14      1.643621e+14      1.000000
     5014.3000      1.643636e+14      1.643636e+14      1.000000
     5014.3100      1.643651e+14      1.643651e+14      1.000000
     5014.3200      1.643666e+14      1.643666e+14      1.000000
     5014.3300      1.643680e+14      1.643680e+14      1.000000
     5014.3400      1.643695e+14      1.643695e+14      1.000000
     5014.3500      1.643710e+14      1.643710e+14      1.000000
     5014.3600      1.643725e+14      1.643725e+14      1.000000
     5014.3700      1.643740e+14      1.643740e+14      1.000000
     5014.3800      1.643755e+14      1.643755e+14      1.000000
     5014.3900      1.643770e+14      1.643770e+14      1.000000
     5014.4000      1.643785e+14      1.643785e+14      1.000000
     5014.4100      1.643800e+14      1.643800e+14      1.000000
     5014.4200      1.643815e+14      1.643815e+14      1.000000
     5014.4300      1.643830e+14      1.643830e+14      1.000000
     5014.4400      1.643845e+14      1.643845e+14      1.000000
     5014.4500      1.643860e+14      1.643860e+14      1.000000
     5014.4600      1.643875e+14      1.643875e+14      1.000000
     5014.4700      1.643890e+14      1.643890e+14      1.000000
     5014.4800      1.643905e+14      1.643905e+14      1.000000
     5014.4900      1.643920e+14      1.643920e+14      1.000000
     5014.5000      1.643935e+14      1.643935e+14      1.000000
     5014.5100      1.643950e+14      1.643950e+14      1.000000
     5014.5200      1.643965e+14      1.643965e+14      1.000000
     5014.5300      1.643980e+14      1.643980e+14      1.000000
     5014.5400      1.643995e+14      1.643995e+14      1.000000
     5014.5500      1.644010e+14      1.644010e+14      1.000000
     5014.5600      1.644025e+14      1.644025e+14      1.000000
     5014.5700      1.644040e+14      1.644040e+14      1.000000
     5014.5800      1.644055e+14      1.644055e+14      1.000000
     5014.5900      1.644070e+14      1.644070e+14      1.000000
     5014.6000      1.644085e+14      1.644085e+14      1.000000
     5014.6100      1.644100e+14      1.644100e+14      1.000000
     5014.6200      1.644115e+14      1.644115e+14      1.000000
     5014.6300      1.644130e+14      1.644130e+14      1.000000
     5014.6400      1.644145e+14      1.644145e+14      1.000000
     5014.6500      1.644160e+14      1.644160e+14      1.000000
     5014.6600      1.644174e+14      1.644174e+14      1.000000
     5014.6700      1.644189e+14      1.644189e+14      1.000000
     5014.6800      1.644204e+14      1.644204e+14      1.000000
     5014.6900      1.644219e+14      1.644219e+14      1.000000
     5014.7000      1.644234e+14      1.644234e+14      1.000000
     5014.7100      1.644249e+14      1.644249e+14      1.000000
     5014.7200      1.644264e+14      1.644264e+14      1.000000
     5014.7300      1.644279e+14      1.644279e+14      1.000000
     5014.7400      1.644294e+14      1.644294e+14      1.000000
     5014.7500      1.644309e+14      1.644309e+14      1.000000
     5014.7600      1.644324e+14      1.644324e+14      1.000000
     5014.7700      1.644339e+14      1.644339e+14      1.000000
     5014.7800      1.644354e+14      1.644354e+14      1.000000
     5014.7900      1.644369e+14      1.644369e+14      1.000000
     5014.8000      1.644384e+14      1.644384e+14      1.000000
     5014.8100      1.644399e+14      1.644399e+14      1.000000
     5014.8200      1.644414e+14      1.644414e+14      1.000000
     5014.8300      1.644429e+14      1.644429e+14      1.000000
     5014.8400      1.644444e+14      1.644444e+14      1.000000
     5014.8500      1.644459e+14      1.644459e+14      1.000000
     5014.8600      1.644474e+14      1.644474e+14      1.000000
     5014.8700      1.644489e+14      1.644489e+14      1.000000
     5014.8800      1.644504e+14      1.644504e+14      1.000000
     5014.8900      1.644519e+14      1.644519e+14      1.000000
     5014.9000      1.644534e+14      1.644534e+14      1.000000
     5014.9100      1.644549e+14      1.644549e+14      1.000000
     5014.9200      1.644564e+14      1.644564e+14      1.000000
     5014.9300      1.644579e+14      1.644579e+14      1.000000
     5014.9400      1.644594e+14      1.644594e+14      1.000000
     5014.9500      1.644609e+14      1.644609e+14      1.000000
     5014.9600      1.644624e+14      1.644624e+14      1.000000
     5014.9700      1.644639e+14      1.644639e+14      1.000000
     5014.9800      1.644654e+14      1.644654e+14      1.000000
     5014.9900      1.644669e+14      1.644669e+14      1.000000
     5015.0000      1.644684e+14      1.644684e+14      1.000000
     5015.0100      1.644687e+14      1.644687e+14      1.000000
     5015.0200      1.644691e+14      1.644691e+14      1.000000
     5015.0300      1.644695e+14      1.644695e+14      1.000000
     5015.0400      1.644699e+14      1.644699e+14      1.000000
     5015.0500      1.644703e+14      1.644703e+14      1.000000
     5015.0600      1.644707e+14      1.644707e+14      1.000000
     5015.0700      1.644711e+14      1.644711e+14      1.000000
     5015.0800      1.644715e+14      1.644715e+14      1.000000
     5015.0900      1.644719e+14      1.644719e+14      1.000000
     5015.1000      1.644723e+14      1.644723e+14      1.000000
     5015.1100      1.644727e+14      1.644727e+14      1.000000
     5015.1200      1.644731e+14      1.644731e+14      1.000000
     5015.1300      1.644734e+14      1.644734e+14      1.000000
     5015.1400      1.644738e+14      1.644738e+14      1.000000
     5015.1500      1.644742e+14      1.644742e+14      1.000000
     5015.1600      1.644746e+14      1.644746e+14      1.000000
     5015.1700      1.644750e+14      1.644750e+14      1.000000
     5015.1800      1.644754e+14      1.644754e+14      1.000000
     5015.1900      1.644758e+14      1.644758e+14      1.000000
     5015.2000      1.644762e+14      1.644762e+14      1.000000
     5015.2100      1.644766e+14      1.644766e+14      1.000000
     5015.2200      1.644770e+14      1.644770e+14      1.000000
     5015.2300      1.644774e+14      1.644774e+14      1.000000
     5015.2400      1.644777e+14      1.644777e+14      1.000000
     5015.2500      1.644781e+14      1.644781e+14      1.000000
     5015.2600      1.644785e+14      1.644785e+14      1.000000
     5015.2700      1.644789e+14      1.644789e+14      1.000000
     5015.2800      1.644793e+14      1.644793e+14      1.000000
     5015.2900      1.644797e+14      1.644797e+14      1.000000
     5015.3000      1.644801e+14      1.644801e+14      1.000000
     5015.3100      1.644805e+14      1.644805e+14      1.000000
     5015.3200      1.644809e+14      1.644809e+14      1.000000
     5015.3300      1.644813e+14      1.644813e+14      1.000000
     5015.3400      1.644817e+14      1.644817e+14      1.000000
     5015.3500      1.644820e+14      1.644820e+14      1.000000
     5015.3600      1.644824e+14      1.644824e+14      1.000000
     5015.3700      1.644828e+14      1.644828e+14      1.000000
     5015.3800      1.644832e+14      1.644832e+14      1.000000
     5015.3900      1.644836e+14      1.644836e+14      1.000000
     5015.4000      1.644840e+14      1.644840e+14      1.000000
     5015.4100      1.644844e+14      1.644844e+14      1.000000
     5015.4200      1.644848e+14      1.644848e+14      1.000000
     5015.4300      1.644852e+14      1.644852e+14      1.000000
     5015.4400      1.644856e+14      1.644856e+14      1.000000
     5015.4500      1.644860e+14      1.644860e+14      1.000000
     5015.4600      1.644864e+14      1.644864e+14      1.000000
     5015.4700      1.644867e+14      1.644867e+14      1.000000
     5015.4800      1.644871e+14      1.644871e+14      1.000000
     5015.4900      1.644875e+14      1.644875e+14      1.000000
     5015.5000      1.644879e+14      1.644879e+14      1.000000
     5015.5100      1.644883e+14      1.644883e+14      1.000000
     5015.5200      1.644887e+14      1.644887e+14      1.000000
     5015.5300      1.644891e+14      1.644891e+14      1.000000
     5015.5400      1.644895e+14      1.644895e+14      1.000000
     5015.5500      1.644899e+14      1.644899e+14      1.000000
     5015.5600      1.644903e+14      1.644903e+14      1.000000
     5015.5700      1.644907e+14      1.644907e+14      1.000000
     5015.5800      1.644910e+14      1.644910e+14      1.000000
     5015.5900      1.644914e+14      1.644914e+14      1.000000
     5015.6000      1.644918e+14      1.644918e+14      1.000000
     5015.6100      1.644922e+14      1.644922e+14      1.000000
     5015.6200      1.644926e+14      1.644926e+14      1.000000
     5015.6300      1.644930e+14      1.644930e+14      1.000000
     5015.6400      1.644934e+14      1.644934e+14      1.000000
     5015.6500      1.644938e+14      1.644938e+14      1.000000
     5015.6600      1.644942e+14      1.644942e+14      1.000000
     5015.6700      1.644946e+14      1.644946e+14      1.000000
     5015.6800      1.644950e+14      1.644950e+14      1.000000
     5015.6900      1.644953e+14      1.644953e+14      1.000000
     5015.7000      1.644957e+14      1.644957e+14      1.000000
     5015.7100      1.644961e+14      1.644961e+14      1.000000
     5015.7200      1.644965e+14      1.644965e+14      1.000000
     5015.7300      1.644969e+14      1.644969e+14      1.000000
     5015.7400      1.644973e+14      1.644973e+14      1.000000
     5015.7500      1.644977e+14      1.644977e+14      1.000000
     5015.7600      1.644981e+14      1.644981e+14      1.000000
     5015.7700      1.644985e+14      1.644985e+14      1.000000
     5015.7800      1.644989e+14      1.644989e+14      1.000000
     5015.7900      1.644993e+14      1.644993e+14      1.000000
     5015.8000      1.644996e+14      1.644996e+14      1.000000
     5015.8100      1.645000e+14      1.645000e+14      1.000000
     5015.8200      1.645004e+14      1.645004e+14      1.000000
     5015.8300      1.645008e+14      1.645008e+14      1.000000
     5015.8400      1.645012e+14      1.645012e+14      1.000000
     5015.8500      1.645016e+14      1.645016e+14      1.000000
     5015.8600      1.645020e+14      1.645020e+14      1.000000
     5015.8700      1.645024e+14      1.645024e+14      1.000000
     5015.8800      1.645028e+14      1.645028e+14      1.000000
     5015.8900      1.645032e+14      1.645032e+14      1.000000
     5015.9000      1.645036e+14      1.645036e+14      1.000000
     5015.9100      1.645040e+14      1.645040e+14      1.000000
     5015.9200      1.645043e+14      1.645043e+14      1.000000
     5015.9300      1.645047e+14      1.645047e+14      1.000000
     5015.9400      1.645051e+14      1.645051e+14      1.000000
     5015.9500      1.645055e+14      1.645055e+14      1.000000
     5015.9600      1.645059e+14      1.645059e+14      1.000000
     5015.9700      1.645063e+14      1.645063e+14      1.000000
     5015.9800      1.645067e+14      1.645067e+14      1.000000
     5015.9900      1.645071e+14      1.645071e+14      1.000000
     5016.0000      1.645075e+14      1.645075e+14      1.000000
     5016.0100      1.645078e+14      1.645078e+14      1.000000
     5016.0200      1.645081e+14      1.645081e+14      1.000000
     5016.0300      1.645084e+14      1.645084e+14      1.000000
     5016.0400      1.645087e+14      1.645087e+14      1.000000
     5016.0500      1.645090e+14      1.645090e+14      1.000000
     5016.0600      1.645093e+14      1.645093e+14      1.000000
     5016.0700      1.645097e+14      1.645097e+14      1.000000
     5016.0800      1.645100e+14      1.645100e+14      1.000000
     5016.0900      1.645103e+14      1.645103e+14      1.000000
     5016.1000      1.645106e+14      1.645106e+14      1.000000
     5016.1100      1.645109e+14      1.645109e+14      1.000000
     5016.1200      1.645112e+14      1.645112e+14      1.000000
     5016.1300      1.645115e+14      1.645115e+14      1.000000
     5016.1400      1.645118e+14      1.645118e+14      1.000000
     5016.1500      1.645122e+14      1.645122e+14      1.000000
     5016.1600      1.645125e+14      1.645125e+14      1.000000
     5016.1700      1.645128e+14      1.645128e+14      1.000000
     5016.1800      1.645131e+14      1.645131e+14      1.000000
     5016.1900      1.645134e+14      1.645134e+14      1.000000
     5016.2000      1.645137e+14      1.645137e+14      1.000000
     5016.2100      1.645140e+14      1.645140e+14      1.000000
     5016.2200      1.645143e+14      1.645143e+14      1.000000
     5016.2300      1.645146e+14      1.645146e+14      1.000000
     5016.2400      1.645150e+14      1.645150e+14      1.000000
     5016.2500      1.645153e+14      1.645153e+14      1.000000
     5016.2600      1.645156e+14      1.645156e+14      1.000000
     5016.2700      1.645159e+14      1.645159e+14      1.000000
     5016.2800      1.645162e+14      1.645162e+14      1.000000
     5016.2900      1.645165e+14      1.645165e+14      1.000000
     5016.3000      1.645168e+14      1.645168e+14      1.000000
     5016.3100      1.645171e+14      1.645171e+14      1.000000
     5016.3200      1.645175e+14      1.645175e+14      1.000000
     5016.3300      1.645178e+14      1.645178e+14      1.000000
     5016.3400      1.645181e+14      1.645181e+14      1.000000
     5016.3500      1.645184e+14      1.645184e+14      1.000000
     5016.3600      1.645187e+14      1.645187e+14      1.000000
     5016.3700      1.645190e+14      1.645190e+14      1.000000
     5016.3800      1.645193e+14      1.645193e+14      1.000000
     5016.3900      1.645196e+14      1.645196e+14      1.000000
     5016.4000      1.645200e+14      1.645200e+14      1.000000
     5016.4100      1.645203e+14      1.645203e+14      1.000000
     5016.4200      1.645206e+14      1.645206e+14      1.000000
     5016.4300      1.645209e+14      1.645209e+14      1.000000
     5016.4400      1.645212e+14      1.645212e+14      1.000000
     5016.4500      1.645215e+14      1.645215e+14      1.000000
     5016.4600      1.645218e+14      1.645218e+14      1.000000
     5016.4700      1.645221e+14      1.645221e+14      1.000000
     5016.4800      1.645224e+14      1.645224e+14      1.000000
     5016.4900      1.645228e+14      1.645228e+14      1.000000
     5016.5000      1.645231e+14      1.645231e+14      1.000000
     5016.5100      1.645234e+14      1.645234e+14      1.000000
     5016.5200      1.645237e+14      1.645237e+14      1.000000
     5016.5300      1.645240e+14      1.645240e+14      1.000000
     5016.5400      1.645243e+14      1.645243e+14      1.000000
     5016.5500      1.645246e+14      1.645246e+14      1.000000
     5016.5600      1.645249e+14      1.645249e+14      1.000000
     5016.5700      1.645253e+14      1.645253e+14      1.000000
     5016.5800      1.645256e+14      1.645256e+14      1.000000
     5016.5900      1.645259e+14      1.645259e+14      1.000000
     5016.6000      1.645262e+14      1.645262e+14      1.000000
     5016.6100      1.645265e+14      1.645265e+14      1.000000
     5016.6200      1.645268e+14      1.645268e+14      1.000000
     5016.6300      1.645271e+14      1.645271e+14      1.000000
     5016.6400      1.645274e+14      1.645274e+14      1.000000
     5016.6500      1.645277e+14      1.645277e+14      1.000000
     5016.6600      1.645281e+14      1.645281e+14      1.000000
     5016.6700      1.645284e+14      1.645284e+14      1.000000
     5016.6800      1.645287e+14      1.645287e+14      1.000000
     5016.6900      1.645290e+14      1.645290e+14      1.000000
     5016.7000      1.645293e+14      1.645293e+14      1.000000
     5016.7100      1.645296e+14      1.645296e+14      1.000000
     5016.7200      1.645299e+14      1.645299e+14      1.000000
     5016.7300      1.645302e+14      1.645302e+14      1.000000
     5016.7400      1.645306e+14      1.645306e+14      1.000000
     5016.7500      1.645309e+14      1.645309e+14      1.000000
     5016.7600      1.645312e+14      1.645312e+14      1.000000
     5016.7700      1.645315e+14      1.645315e+14      1.000000
     5016.7800      1.645318e+14      1.645318e+14      1.000000
     5016.7900      1.645321e+14      1.645321e+14      1.000000
     5016.8000      1.645324e+14      1.645324e+14      1.000000
     5016.8100      1.645327e+14      1.645327e+14      1.000000
     5016.8200      1.645331e+14      1.645331e+14      1.000000
     5016.8300      1.645334e+14      1.645334e+14      1.000000
     5016.8400      1.645337e+14      1.645337e+14      1.000000
     5016.8500      1.645340e+14      1.645340e+14      1.000000
     5016.8600      1.645343e+14      1.645343e+14      1.000000
     5016.8700      1.645346e+14      1.645346e+14      1.000000
     5016.8800      1.645349e+14      1.645349e+14      1.000000
     5016.8900      1.645352e+14      1.645352e+14      1.000000
     5016.9000      1.645355e+14      1.645355e+14      1.000000
     5016.9100      1.645359e+14      1.645359e+14      1.000000
     5016.9200      1.645362e+14      1.645362e+14      1.000000
     5016.9300      1.645365e+14      1.645365e+14      1.000000
     5016.9400      1.645368e+14      1.645368e+14      1.000000
     5016.9500      1.645371e+14      1.645371e+14      1.000000
     5016.9600      1.645374e+14      1.645374e+14      1.000000
     5016.9700      1.645377e+14      1.645377e+14      1.000000
     5016.9800      1.645380e+14      1.645380e+14      1.000000
     5016.9900      1.645384e+14      1.645384e+14      1.000000
     5017.0000      1.645387e+14      1.645387e+14      1.000000
     5017.0100      1.645390e+14      1.645390e+14      1.000000
     5017.0200      1.645393e+14      1.645393e+14      1.000000
     5017.0300      1.645396e+14      1.645396e+14      1.000000
     5017.0400      1.645399e+14      1.645399e+14      1.000000
     5017.0500      1.645402e+14      1.645402e+14      1.000000
     5017.0600      1.645405e+14      1.645405e+14      1.000000
     5017.0700      1.645408e+14      1.645408e+14      1.000000
     5017.0800      1.645411e+14      1.645411e+14      1.000000
     5017.0900      1.645414e+14      1.645414e+14      1.000000
     5017.1000      1.645417e+14      1.645417e+14      1.000000
     5017.1100      1.645420e+14      1.645420e+14      1.000000
     5017.1200      1.645423e+14      1.645423e+14      1.000000
     5017.1300      1.645426e+14      1.645426e+14      1.000000
     5017.1400      1.645429e+14      1.645429e+14      1.000000
     5017.1500      1.645432e+14      1.645432e+14      1.000000
     5017.1600      1.645436e+14      1.645436e+14      1.000000
     5017.1700      1.645439e+14      1.645439e+14      1.000000
     5017.1800      1.645442e+14      1.645442e+14      1.000000
     5017.1900      1.645445e+14      1.645445e+14      1.000000
     5017.2000      1.645448e+14      1.645448e+14      1.000000
     5017.2100      1.645451e+14      1.645451e+14      1.000000
     5017.2200      1.645454e+14      1.645454e+14      1.000000
     5017.2300      1.645457e+14      1.645457e+14      1.000000
     5017.2400      1.645460e+14      1.645460e+14      1.000000
     5017.2500      1.645463e+14      1.645463e+14      1.000000
     5017.2600      1.645466e+14      1.645466e+14      1.000000
     5017.2700      1.645469e+14      1.645469e+14      1.000000
     5017.2800      1.645472e+14      1.645472e+14      1.000000
     5017.2900      1.645475e+14      1.645475e+14      1.000000
     5017.3000      1.645478e+14      1.645478e+14      1.000000
     5017.3100      1.645481e+14      1.645481e+14      1.000000
     5017.3200      1.645484e+14      1.645484e+14      1.000000
     5017.3300      1.645487e+14      1.645487e+14      1.000000
     5017.3400      1.645490e+14      1.645490e+14      1.000000
     5017.3500      1.645494e+14      1.645494e+14      1.000000
     5017.3600      1.645497e+14      1.645497e+14      1.000000
     5017.3700      1.645500e+14      1.645500e+14      1.000000
     5017.3800      1.645503e+14      1.645503e+14      1.000000
     5017.3900      1.645506e+14      1.645506e+14      1.000000
     5017.4000      1.645509e+14      1.645509e+14      1.000000
     5017.4100      1.645512e+14      1.645512e+14      1.000000
     5017.4200      1.645515e+14      1.645515e+14      1.000000
     5017.4300      1.645518e+14      1.645518e+14      1.000000
     5017.4400      1.645521e+14      1.645521e+14      1.000000
     5017.4500      1.645524e+14      1.645524e+14      1.000000
     5017.4600      1.645527e+14      1.645527e+14      1.000000
     5017.4700      1.645530e+14      1.645530e+14      1.000000
     5017.4800      1.645533e+14      1.645533e+14      1.000000
     5017.4900      1.645536e+14      1.645536e+14      1.000000
     5017.5000      1.645539e+14      1.645539e+14      1.000000
     5017.5100      1.645542e+14      1.645542e+14      1.000000
     5017.5200      1.645545e+14      1.645545e+14      1.000000
     5017.5300      1.645548e+14      1.645548e+14      1.000000
     5017.5400      1.645552e+14      1.645552e+14      1.000000
     5017.5500      1.645555e+14      1.645555e+14      1.000000
     5017.5600      1.645558e+14      1.645558e+14      1.000000
     5017.5700      1.645561e+14      1.645561e+14      1.000000
     5017.5800      1.645564e+14      1.645564e+14      1.000000
     5017.5900      1.645567e+14      1.645567e+14      1.000000
     5017.6000      1.645570e+14      1.645570e+14      1.000000
     5017.6100      1.645573e+14      1.645573e+14      1.000000
     5017.6200      1.645576e+14      1.645576e+14      1.000000
     5017.6300      1.645579e+14      1.645579e+14      1.000000
     5017.6400      1.645582e+14      1.645582e+14      1.000000
     5017.6500      1.645585e+14      1.645585e+14      1.000000
     5017.6600      1.645588e+14      1.645588e+14      1.000000
     5017.6700      1.645591e+14      1.645591e+14      1.000000
     5017.6800      1.645594e+14      1.645594e+14      1.000000
     5017.6900      1.645597e+14      1.645597e+14      1.000000
     5017.7000      1.645600e+14      1.645600e+14      1.000000
     5017.7100      1.645603e+14      1.645603e+14      1.000000
     5017.7200      1.645606e+14      1.645606e+14      1.000000
     5017.7300      1.645610e+14      1.645610e+14      1.000000
     5017.7400      1.645613e+14      1.645613e+14      1.000000
     5017.7500      1.645616e+14      1.645616e+14      1.000000
     5017.7600      1.645619e+14      1.645619e+14      1.000000
     5017.7700      1.645622e+14      1.645622e+14      1.000000
     5017.7800      1.645625e+14      1.645625e+14      1.000000
     5017.7900      1.645628e+14      1.645628e+14      1.000000
     5017.8000      1.645631e+14      1.645631e+14      1.000000
     5017.8100      1.645634e+14      1.645634e+14      1.000000
     5017.8200      1.645637e+14      1.645637e+14      1.000000
     5017.8300      1.645640e+14      1.645640e+14      1.000000
     5017.8400      1.645643e+14      1.645643e+14      1.000000
     5017.8500      1.645646e+14      1.645646e+14      1.000000
     5017.8600      1.645649e+14      1.645649e+14      1.000000
     5017.8700      1.645652e+14      1.645652e+14      1.000000
     5017.8800      1.645655e+14      1.645655e+14      1.000000
     5017.8900      1.645658e+14      1.645658e+14      1.000000
     5017.9000      1.645661e+14      1.645661e+14      1.000000
     5017.9100      1.645664e+14      1.645664e+14      1.000000
     5017.9200      1.645668e+14      1.645668e+14      1.000000
     5017.9300      1.645671e+14      1.645671e+14      1.000000
     5017.9400      1.645674e+14      1.645674e+14      1.000000
     5017.9500      1.645677e+14      1.645677e+14      1.000000
     5017.9600      1.645680e+14      1.645680e+14      1.000000
     5017.9700      1.645683e+14      1.645683e+14      1.000000
     5017.9800      1.645686e+14      1.645686e+14      1.000000
     5017.9900      1.645689e+14      1.645689e+14      1.000000
     5018.0000      1.645692e+14      1.645692e+14      1.000000
     5018.0100      1.645695e+14      1.645695e+14      1.000000
     5018.0200      1.645698e+14      1.645698e+14      1.000000
     5018.0300      1.645701e+14      1.645701e+14      1.000000
     5018.0400      1.645704e+14      1.645704e+14      1.000000
     5018.0500      1.645706e+14      1.645706e+14      1.000000
     5018.0600      1.645709e+14      1.645709e+14      1.000000
     5018.0700      1.645712e+14      1.645712e+14      1.000000
     5018.0800      1.645715e+14      1.645715e+14      1.000000
     5018.0900      1.645718e+14      1.645718e+14      1.000000
     5018.1000      1.645721e+14      1.645721e+14      1.000000
     5018.1100      1.645724e+14      1.645724e+14      1.000000
     5018.1200      1.645727e+14      1.645727e+14      1.000000
     5018.1300      1.645730e+14      1.645730e+14      1.000000
     5018.1400      1.645732e+14      1.645732e+14      1.000000
     5018.1500      1.645735e+14      1.645735e+14      1.000000
     5018.1600      1.645738e+14      1.645738e+14      1.000000
     5018.1700      1.645741e+14      1.645741e+14      1.000000
     5018.1800      1.645744e+14      1.645744e+14      1.000000
     5018.1900      1.645747e+14      1.645747e+14      1.000000
     5018.2000      1.645750e+14      1.645750e+14      1.000000
     5018.2100      1.645753e+14      1.645753e+14      1.000000
     5018.2200      1.645756e+14      1.645756e+14      1.000000
     5018.2300      1.645758e+14      1.645758e+14      1.000000
     5018.2400      1.645761e+14      1.645761e+14      1.000000
     5018.2500      1.645764e+14      1.645764e+14      1.000000
     5018.2600      1.645767e+14      1.645767e+14      1.000000
     5018.2700      1.645770e+14      1.645770e+14      1.000000
     5018.2800      1.645773e+14      1.645773e+14      1.000000
     5018.2900      1.645776e+14      1.645776e+14      1.000000
     5018.3000      1.645779e+14      1.645779e+14      1.000000
     5018.3100      1.645782e+14      1.645782e+14      1.000000
     5018.3200      1.645784e+14      1.645784e+14      1.000000
     5018.3300      1.645787e+14      1.645787e+14      1.000000
     5018.3400      1.645790e+14      1.645790e+14      1.000000
     5018.3500      1.645793e+14      1.645793e+14      1.000000
     5018.3600      1.645796e+14      1.645796e+14      1.000000
     5018.3700      1.645799e+14      1.645799e+14      1.000000
     5018.3800      1.645802e+14      1.645802e+14      1.000000
     5018.3900      1.645805e+14      1.645805e+14      1.000000
     5018.4000      1.645808e+14      1.645808e+14      1.000000
     5018.4100      1.645810e+14      1.645810e+14      1.000000
     5018.4200      1.645813e+14      1.645813e+14      1.000000
     5018.4300      1.645816e+14      1.645816e+14      1.000000
     5018.4400      1.645819e+14      1.645819e+14      1.000000
     5018.4500      1.645822e+14      1.645822e+14      1.000000
     5018.4600      1.645825e+14      1.645825e+14      1.000000
     5018.4700      1.645828e+14      1.645828e+14      1.000000
     5018.4800      1.645831e+14      1.645831e+14      1.000000
     5018.4900      1.645834e+14      1.645834e+14      1.000000
     5018.5000      1.645837e+14      1.645837e+14      1.000000
     5018.5100      1.645839e+14      1.645839e+14      1.000000
     5018.5200      1.645842e+14      1.645842e+14      1.000000
     5018.5300      1.645845e+14      1.645845e+14      1.000000
     5018.5400      1.645848e+14      1.645848e+14      1.000000
     5018.5500      1.645851e+14      1.645851e+14      1.000000
     5018.5600      1.645854e+14      1.645854e+14      1.000000
     5018.5700      1.645857e+14      1.645857e+14      1.000000
     5018.5800      1.645860e+14      1.645860e+14      1.000000
     5018.5900      1.645863e+14      1.645863e+14      1.000000
     5018.6000      1.645865e+14      1.645865e+14      1.000000
     5018.6100      1.645868e+14      1.645868e+14      1.000000
     5018.6200      1.645871e+14      1.645871e+14      1.000000
     5018.6300      1.645874e+14      1.645874e+14      1.000000
     5018.6400      1.645877e+14      1.645877e+14      1.000000
     5018.6500      1.645880e+14      1.645880e+14      1.000000
     5018.6600      1.645883e+14      1.645883e+14      1.000000
     5018.6700      1.645886e+14      1.645886e+14      1.000000
     5018.6800      1.645889e+14      1.645889e+14      1.000000
     5018.6900      1.645891e+14      1.645891e+14      1.000000
     5018.7000      1.645894e+14      1.645894e+14      1.000000
     5018.7100      1.645897e+14      1.645897e+14      1.000000
     5018.7200      1.645900e+14      1.645900e+14      1.000000
     5018.7300      1.645903e+14      1.645903e+14      1.000000
     5018.7400      1.645906e+14      1.645906e+14      1.000000
     5018.7500      1.645909e+14      1.645909e+14      1.000000
     5018.7600      1.645912e+14      1.645912e+14      1.000000
     5018.7700      1.645915e+14      1.645915e+14      1.000000
     5018.7800      1.645917e+14      1.645917e+14      1.000000
     5018.7900      1.645920e+14      1.645920e+14      1.000000
     5018.8000      1.645923e+14      1.645923e+14      1.000000
     5018.8100      1.645926e+14      1.645926e+14      1.000000
     5018.8200      1.645929e+14      1.645929e+14      1.000000
     5018.8300      1.645932e+14      1.645932e+14      1.000000
     5018.8400      1.645935e+14      1.645935e+14      1.000000
     5018.8500      1.645938e+14      1.645938e+14      1.000000
     5018.8600      1.645941e+14      1.645941e+14      1.000000
     5018.8700      1.645943e+14      1.645943e+14      1.000000
     5018.8800      1.645946e+14      1.645946e+14      1.000000
     5018.8900      1.645949e+14      1.645949e+14      1.000000
     5018.9000      1.645952e+14      1.645952e+14      1.000000
     5018.9100      1.645955e+14      1.645955e+14      1.000000
     5018.9200      1.645958e+14      1.645958e+14      1.000000
     5018.9300      1.645961e+14      1.645961e+14      1.000000
     5018.9400      1.645964e+14      1.645964e+14      1.000000
     5018.9500      1.645967e+14      1.645967e+14      1.000000
     5018.9600      1.645969e+14      1.645969e+14      1.000000
     5018.9700      1.645972e+14      1.645972e+14      1.000000
     5018.9800      1.645975e+14      1.645975e+14      1.000000
     5018.9900      1.645978e+14      1.645978e+14      1.000000
     5019.0000      1.645981e+14      1.645981e+14      1.000000
     5019.0100      1.645984e+14      1.645984e+14      1.000000
     5019.0200      1.645987e+14      1.645987e+14      1.000000
     5019.0300      1.645990e+14      1.645990e+14      1.000000
     5019.0400      1.645992e+14      1.645992e+14      1.000000
     5019.0500      1.645995e+14      1.645995e+14      1.000000
     5019.0600      1.645998e+14      1.645998e+14      1.000000
     5019.0700      1.646001e+14      1.646001e+14      1.000000
     5019.0800      1.646004e+14      1.646004e+14      1.000000
     5019.0900      1.646007e+14      1.646007e+14      1.000000
     5019.1000      1.646010e+14      1.646010e+14      1.000000
     5019.1100      1.646012e+14      1.646012e+14      1.000000
     5019.1200      1.646015e+14      1.646015e+14      1.000000
     5019.1300      1.646018e+14      1.646018e+14      1.000000
     5019.1400      1.646021e+14      1.646021e+14      1.000000
     5019.1500      1.646024e+14      1.646024e+14      1.000000
     5019.1600      1.646027e+14      1.646027e+14      1.000000
     5019.1700      1.646030e+14      1.646030e+14      1.000000
     5019.1800      1.646032e+14      1.646032e+14      1.000000
     5019.1900      1.646035e+14      1.646035e+14      1.000000
     5019.2000      1.646038e+14      1.646038e+14      1.000000
     5019.2100      1.646041e+14      1.646041e+14      1.000000
     5019.2200      1.646044e+14      1.646044e+14      1.000000
     5019.2300      1.646047e+14      1.646047e+14      1.000000
     5019.2400      1.646050e+14      1.646050e+14      1.000000
     5019.2500      1.646052e+14      1.646052e+14      1.000000
     5019.2600      1.646055e+14      1.646055e+14      1.000000
     5019.2700      1.646058e+14      1.646058e+14      1.000000
     5019.2800      1.646061e+14      1.646061e+14      1.000000
     5019.2900      1.646064e+14      1.646064e+14      1.000000
     5019.3000      1.646067e+14      1.646067e+14      1.000000
     5019.3100      1.646070e+14      1.646070e+14      1.000000
     5019.3200      1.646072e+14      1.646072e+14      1.000000
     5019.3300      1.646075e+14      1.646075e+14      1.000000
     5019.3400      1.646078e+14      1.646078e+14      1.000000
     5019.3500      1.646081e+14      1.646081e+14      1.000000
     5019.3600      1.646084e+14      1.646084e+14      1.000000
     5019.3700      1.646087e+14      1.646087e+14      1.000000
     5019.3800      1.646090e+14      1.646090e+14      1.000000
     5019.3900      1.646092e+14      1.646092e+14      1.000000
     5019.4000      1.646095e+14      1.646095e+14      1.000000
     5019.4100      1.646098e+14      1.646098e+14      1.000000
     5019.4200      1.646101e+14      1.646101e+14      1.000000
     5019.4300      1.646104e+14      1.646104e+14      1.000000
     5019.4400      1.646107e+14      1.646107e+14      1.000000
     5019.4500      1.646109e+14      1.646109e+14      1.000000
     5019.4600      1.646112e+14      1.646112e+14      1.000000
     5019.4700      1.646115e+14      1.646115e+14      1.000000
     5019.4800      1.646118e+14      1.646118e+14      1.000000
     5019.4900      1.646121e+14      1.646121e+14      1.000000
     5019.5000      1.646124e+14      1.646124e+14      1.000000
     5019.5100      1.646127e+14      1.646127e+14      1.000000
     5019.5200      1.646129e+14      1.646129e+14      1.000000
     5019.5300      1.646132e+14      1.646132e+14      1.000000
     5019.5400      1.646135e+14      1.646135e+14      1.000000
     5019.5500      1.646138e+14      1.646138e+14      1.000000
     5019.5600      1.646141e+14      1.646141e+14      1.000000
     5019.5700      1.646144e+14      1.646144e+14      1.000000
     5019.5800      1.646147e+14      1.646147e+14      1.000000
     5019.5900      1.646149e+14      1.646149e+14      1.000000
     5019.6000      1.646152e+14      1.646152e+14      1.000000
     5019.6100      1.646155e+14      1.646155e+14      1.000000
     5019.6200      1.646158e+14      1.646158e+14      1.000000
     5019.6300      1.646161e+14      1.646161e+14      1.000000
     5019.6400      1.646164e+14      1.646164e+14      1.000000
     5019.6500      1.646167e+14      1.646167e+14      1.000000
     5019.6600      1.646169e+14      1.646169e+14      1.000000
     5019.6700      1.646172e+14      1.646172e+14      1.000000
     5019.6800      1.646175e+14      1.646175e+14      1.000000
     5019.6900      1.646178e+14      1.646178e+14      1.000000
     5019.7000      1.646181e+14      1.646181e+14      1.000000
     5019.7100      1.646184e+14      1.646184e+14      1.000000
     5019.7200      1.646187e+14      1.646187e+14      1.000000
     5019.7300      1.646189e+14      1.646189e+14      1.000000
     5019.7400      1.646192e+14      1.646192e+14      1.000000
     5019.7500      1.646195e+14      1.646195e+14      1.000000
     5019.7600      1.646198e+14      1.646198e+14      1.000000
     5019.7700      1.646201e+14      1.646201e+14      1.000000
     5019.7800      1.646204e+14      1.646204e+14      1.000000
     5019.7900      1.646207e+14      1.646207e+14      1.000000
     5019.8000      1.646209e+14      1.646209e+14      1.000000
     5019.8100      1.646212e+14      1.646212e+14      1.000000
     5019.8200      1.646215e+14      1.646215e+14      1.000000
     5019.8300      1.646218e+14      1.646218e+14      1.000000
     5019.8400      1.646221e+14      1.646221e+14      1.000000
     5019.8500      1.646224e+14      1.646224e+14      1.000000
     5019.8600      1.646226e+14      1.646226e+14      1.000000
     5019.8700      1.646229e+14      1.646229e+14      1.000000
     5019.8800      1.646232e+14      1.646232e+14      1.000000
     5019.8900      1.646235e+14      1.646235e+14      1.000000
     5019.9000      1.646238e+14      1.646238e+14      1.000000
     5019.9100      1.646241e+14      1.646241e+14      1.000000
     5019.9200      1.646244e+14      1.646244e+14      1.000000
     5019.9300      1.646246e+14      1.646246e+14      1.000000
     5019.9400      1.646249e+14      1.646249e+14      1.000000
     5019.9500      1.646252e+14      1.646252e+14      1.000000
     5019.9600      1.646255e+14      1.646255e+14      1.000000
     5019.9700      1.646258e+14      1.646258e+14      1.000000
     5019.9800      1.646261e+14      1.646261e+14      1.000000
     5019.9900      1.646264e+14      1.646264e+14      1.000000
     5020.0000      1.646266e+14      1.646266e+14      1.000000
