# Korg.jl Reference Spectrum - Arcturus-like (Cool Giant) (With Lines)
# Generated: 2025-10-05 14:04:46
# Parameters: Teff=4250.0K, logg=1.4, [M/H]=-0.5
# Synthesis time: 0.28 seconds
# Wavelength range: 5000.0-5020.0 Å (2001 points)
# Line list: 41821 lines
#
# Wavelength(Å)    Flux              Continuum         NormalizedFlux
     5000.0000      1.626823e+14      1.633656e+14      0.995817
     5000.0100      1.626849e+14      1.633657e+14      0.995832
     5000.0200      1.626783e+14      1.633659e+14      0.995791
     5000.0300      1.626695e+14      1.633661e+14      0.995736
     5000.0400      1.626672e+14      1.633662e+14      0.995721
     5000.0500      1.626388e+14      1.633664e+14      0.995546
     5000.0600      1.625781e+14      1.633665e+14      0.995174
     5000.0700      1.623171e+14      1.633667e+14      0.993575
     5000.0800      1.613201e+14      1.633668e+14      0.987472
     5000.0900      1.585385e+14      1.633670e+14      0.970444
     5000.1000      1.530903e+14      1.633672e+14      0.937093
     5000.1100      1.463424e+14      1.633673e+14      0.895788
     5000.1200      1.419388e+14      1.633675e+14      0.868831
     5000.1300      1.427669e+14      1.633676e+14      0.873899
     5000.1400      1.482506e+14      1.633678e+14      0.907465
     5000.1500      1.548942e+14      1.633680e+14      0.948131
     5000.1600      1.595177e+14      1.633681e+14      0.976431
     5000.1700      1.616149e+14      1.633683e+14      0.989268
     5000.1800      1.622608e+14      1.633684e+14      0.993220
     5000.1900      1.623894e+14      1.633686e+14      0.994006
     5000.2000      1.623908e+14      1.633687e+14      0.994014
     5000.2100      1.623749e+14      1.633689e+14      0.993915
     5000.2200      1.623461e+14      1.633691e+14      0.993738
     5000.2300      1.623160e+14      1.633692e+14      0.993553
     5000.2400      1.622846e+14      1.633694e+14      0.993360
     5000.2500      1.622517e+14      1.633695e+14      0.993157
     5000.2600      1.622172e+14      1.633697e+14      0.992945
     5000.2700      1.621810e+14      1.633699e+14      0.992723
     5000.2800      1.621431e+14      1.633700e+14      0.992490
     5000.2900      1.621032e+14      1.633702e+14      0.992245
     5000.3000      1.620614e+14      1.633703e+14      0.991988
     5000.3100      1.620174e+14      1.633705e+14      0.991718
     5000.3200      1.619711e+14      1.633706e+14      0.991433
     5000.3300      1.618937e+14      1.633708e+14      0.990958
     5000.3400      1.618386e+14      1.633710e+14      0.990620
     5000.3500      1.617799e+14      1.633711e+14      0.990260
     5000.3600      1.617172e+14      1.633713e+14      0.989875
     5000.3700      1.616499e+14      1.633714e+14      0.989462
     5000.3800      1.615772e+14      1.633716e+14      0.989016
     5000.3900      1.614980e+14      1.633717e+14      0.988531
     5000.4000      1.614112e+14      1.633719e+14      0.987999
     5000.4100      1.613143e+14      1.633721e+14      0.987404
     5000.4200      1.611999e+14      1.633722e+14      0.986704
     5000.4300      1.610292e+14      1.633724e+14      0.985657
     5000.4400      1.605099e+14      1.633725e+14      0.982478
     5000.4500      1.579003e+14      1.633727e+14      0.966503
     5000.4600      1.466715e+14      1.633729e+14      0.897771
     5000.4700      1.171206e+14      1.633730e+14      0.716891
     5000.4800      7.911716e+13      1.633732e+14      0.484273
     5000.4900      5.544297e+13      1.633733e+14      0.339364
     5000.5000      4.616668e+13      1.633735e+14      0.282584
     5000.5100      4.506884e+13      1.633736e+14      0.275864
     5000.5200      5.124793e+13      1.633738e+14      0.313685
     5000.5300      6.936300e+13      1.633740e+14      0.424566
     5000.5400      1.040178e+14      1.633741e+14      0.636684
     5000.5500      1.383165e+14      1.633743e+14      0.846623
     5000.5600      1.541515e+14      1.633744e+14      0.943547
     5000.5700      1.580438e+14      1.633746e+14      0.967371
     5000.5800      1.585088e+14      1.633748e+14      0.970216
     5000.5900      1.582762e+14      1.633749e+14      0.968792
     5000.6000      1.576569e+14      1.633751e+14      0.964999
     5000.6100      1.560004e+14      1.633752e+14      0.954860
     5000.6200      1.521036e+14      1.633754e+14      0.931007
     5000.6300      1.453508e+14      1.633755e+14      0.889673
     5000.6400      1.379333e+14      1.633757e+14      0.844270
     5000.6500      1.339910e+14      1.633759e+14      0.820139
     5000.6600      1.357724e+14      1.633760e+14      0.831042
     5000.6700      1.416469e+14      1.633762e+14      0.866999
     5000.6800      1.475312e+14      1.633763e+14      0.903015
     5000.6900      1.506802e+14      1.633765e+14      0.922288
     5000.7000      1.512128e+14      1.633767e+14      0.925547
     5000.7100      1.504202e+14      1.633768e+14      0.920695
     5000.7200      1.490773e+14      1.633770e+14      0.912475
     5000.7300      1.474100e+14      1.633771e+14      0.902268
     5000.7400      1.454170e+14      1.633773e+14      0.890068
     5000.7500      1.430359e+14      1.633774e+14      0.875494
     5000.7600      1.401397e+14      1.633776e+14      0.857766
     5000.7700      1.365881e+14      1.633778e+14      0.836026
     5000.7800      1.321025e+14      1.633779e+14      0.808570
     5000.7900      1.265474e+14      1.633781e+14      0.774568
     5000.8000      1.191018e+14      1.633782e+14      0.728994
     5000.8100      1.060184e+14      1.633784e+14      0.648913
     5000.8200      7.421531e+13      1.633785e+14      0.454254
     5000.8300      3.067191e+13      1.633787e+14      0.187735
     5000.8400      1.246736e+13      1.633789e+14      0.076309
     5000.8500      5.396709e+12      1.633790e+14      0.033032
     5000.8600      3.705834e+12      1.633792e+14      0.022682
     5000.8700      3.361006e+12      1.633793e+14      0.020572
     5000.8800      3.276475e+12      1.633795e+14      0.020054
     5000.8900      3.252235e+12      1.633797e+14      0.019906
     5000.9000      3.248412e+12      1.633798e+14      0.019883
     5000.9100      3.259832e+12      1.633800e+14      0.019952
     5000.9200      3.302784e+12      1.633801e+14      0.020215
     5000.9300      3.460197e+12      1.633803e+14      0.021179
     5000.9400      4.175924e+12      1.633804e+14      0.025560
     5000.9500      7.817036e+12      1.633806e+14      0.047846
     5000.9600      2.046447e+13      1.633808e+14      0.125256
     5000.9700      6.043593e+13      1.633809e+14      0.369908
     5000.9800      9.939512e+13      1.633811e+14      0.608364
     5000.9900      1.144848e+14      1.633812e+14      0.700722
     5001.0000      1.230370e+14      1.633814e+14      0.753066
     5001.0100      1.293096e+14      1.633815e+14      0.791458
     5001.0200      1.343225e+14      1.633816e+14      0.822140
     5001.0300      1.383309e+14      1.633817e+14      0.846673
     5001.0400      1.415485e+14      1.633818e+14      0.866367
     5001.0500      1.441908e+14      1.633819e+14      0.882538
     5001.0600      1.463854e+14      1.633820e+14      0.895970
     5001.0700      1.482267e+14      1.633821e+14      0.907240
     5001.0800      1.497937e+14      1.633821e+14      0.916830
     5001.0900      1.511242e+14      1.633822e+14      0.924973
     5001.1000      1.522689e+14      1.633823e+14      0.931979
     5001.1100      1.532604e+14      1.633824e+14      0.938047
     5001.1200      1.541247e+14      1.633825e+14      0.943336
     5001.1300      1.548825e+14      1.633826e+14      0.947974
     5001.1400      1.555506e+14      1.633827e+14      0.952063
     5001.1500      1.561424e+14      1.633828e+14      0.955684
     5001.1600      1.566691e+14      1.633829e+14      0.958907
     5001.1700      1.571398e+14      1.633830e+14      0.961788
     5001.1800      1.575622e+14      1.633831e+14      0.964373
     5001.1900      1.579426e+14      1.633832e+14      0.966700
     5001.2000      1.582863e+14      1.633833e+14      0.968804
     5001.2100      1.585980e+14      1.633834e+14      0.970711
     5001.2200      1.588814e+14      1.633835e+14      0.972445
     5001.2300      1.591399e+14      1.633835e+14      0.974027
     5001.2400      1.593763e+14      1.633836e+14      0.975473
     5001.2500      1.595930e+14      1.633837e+14      0.976799
     5001.2600      1.597592e+14      1.633838e+14      0.977815
     5001.2700      1.599412e+14      1.633839e+14      0.978928
     5001.2800      1.601089e+14      1.633840e+14      0.979954
     5001.2900      1.602638e+14      1.633841e+14      0.980902
     5001.3000      1.604071e+14      1.633842e+14      0.981778
     5001.3100      1.605398e+14      1.633843e+14      0.982590
     5001.3200      1.606314e+14      1.633844e+14      0.983150
     5001.3300      1.607435e+14      1.633845e+14      0.983836
     5001.3400      1.608473e+14      1.633846e+14      0.984471
     5001.3500      1.609435e+14      1.633847e+14      0.985059
     5001.3600      1.610325e+14      1.633848e+14      0.985603
     5001.3700      1.611149e+14      1.633849e+14      0.986107
     5001.3800      1.611827e+14      1.633850e+14      0.986521
     5001.3900      1.612526e+14      1.633850e+14      0.986949
     5001.4000      1.613168e+14      1.633851e+14      0.987341
     5001.4100      1.613753e+14      1.633852e+14      0.987698
     5001.4200      1.614283e+14      1.633853e+14      0.988022
     5001.4300      1.614432e+14      1.633854e+14      0.988113
     5001.4400      1.614825e+14      1.633855e+14      0.988353
     5001.4500      1.615155e+14      1.633856e+14      0.988554
     5001.4600      1.615416e+14      1.633857e+14      0.988713
     5001.4700      1.615597e+14      1.633858e+14      0.988823
     5001.4800      1.615683e+14      1.633859e+14      0.988876
     5001.4900      1.615648e+14      1.633860e+14      0.988853
     5001.5000      1.615466e+14      1.633861e+14      0.988742
     5001.5100      1.615064e+14      1.633862e+14      0.988495
     5001.5200      1.614258e+14      1.633863e+14      0.988001
     5001.5300      1.612264e+14      1.633864e+14      0.986780
     5001.5400      1.604046e+14      1.633864e+14      0.981749
     5001.5500      1.562464e+14      1.633865e+14      0.956299
     5001.5600      1.400481e+14      1.633866e+14      0.857158
     5001.5700      1.044821e+14      1.633867e+14      0.639477
     5001.5800      6.881548e+13      1.633868e+14      0.421181
     5001.5900      5.034871e+13      1.633869e+14      0.308156
     5001.6000      4.343816e+13      1.633870e+14      0.265861
     5001.6100      4.298900e+13      1.633871e+14      0.263111
     5001.6200      4.866462e+13      1.633872e+14      0.297848
     5001.6300      6.469094e+13      1.633873e+14      0.395936
     5001.6400      9.773395e+13      1.633874e+14      0.598173
     5001.6500      1.347502e+14      1.633875e+14      0.824728
     5001.6600      1.528041e+14      1.633876e+14      0.935224
     5001.6700      1.539262e+14      1.633877e+14      0.942092
     5001.6800      1.370042e+14      1.633878e+14      0.838522
     5001.6900      9.259139e+13      1.633879e+14      0.566697
     5001.7000      5.254342e+13      1.633879e+14      0.321587
     5001.7100      3.526862e+13      1.633880e+14      0.215858
     5001.7200      2.778966e+13      1.633881e+14      0.170084
     5001.7300      2.443164e+13      1.633882e+14      0.149531
     5001.7400      2.370601e+13      1.633883e+14      0.145090
     5001.7500      2.541525e+13      1.633884e+14      0.155551
     5001.7600      3.024434e+13      1.633885e+14      0.185107
     5001.7700      4.112934e+13      1.633886e+14      0.251727
     5001.7800      6.813138e+13      1.633887e+14      0.416990
     5001.7900      1.119867e+14      1.633888e+14      0.685400
     5001.8000      1.183652e+14      1.633889e+14      0.724438
     5001.8100      9.120087e+13      1.633890e+14      0.558183
     5001.8200      7.172563e+13      1.633891e+14      0.438987
     5001.8300      7.258035e+13      1.633892e+14      0.444218
     5001.8400      9.491340e+13      1.633893e+14      0.580904
     5001.8500      1.301848e+14      1.633893e+14      0.796777
     5001.8600      1.537093e+14      1.633894e+14      0.940754
     5001.8700      1.607848e+14      1.633895e+14      0.984058
     5001.8800      1.619923e+14      1.633896e+14      0.991448
     5001.8900      1.621762e+14      1.633897e+14      0.992573
     5001.9000      1.622858e+14      1.633898e+14      0.993243
     5001.9100      1.623449e+14      1.633899e+14      0.993604
     5001.9200      1.624018e+14      1.633900e+14      0.993952
     5001.9300      1.624418e+14      1.633901e+14      0.994196
     5001.9400      1.624761e+14      1.633902e+14      0.994405
     5001.9500      1.625057e+14      1.633903e+14      0.994586
     5001.9600      1.625314e+14      1.633904e+14      0.994743
     5001.9700      1.625327e+14      1.633905e+14      0.994750
     5001.9800      1.625492e+14      1.633906e+14      0.994851
     5001.9900      1.625624e+14      1.633907e+14      0.994931
     5002.0000      1.625724e+14      1.633908e+14      0.994991
     5002.0100      1.625788e+14      1.633908e+14      0.995030
     5002.0200      1.625814e+14      1.633909e+14      0.995046
     5002.0300      1.625787e+14      1.633910e+14      0.995028
     5002.0400      1.625664e+14      1.633911e+14      0.994953
     5002.0500      1.625528e+14      1.633912e+14      0.994869
     5002.0600      1.623419e+14      1.633913e+14      0.993577
     5002.0700      1.613135e+14      1.633914e+14      0.987283
     5002.0800      1.573766e+14      1.633915e+14      0.963187
     5002.0900      1.472438e+14      1.633916e+14      0.901171
     5002.1000      1.314214e+14      1.633917e+14      0.804334
     5002.1100      1.165651e+14      1.633917e+14      0.713409
     5002.1200      1.081560e+14      1.633918e+14      0.661942
     5002.1300      1.078248e+14      1.633919e+14      0.659915
     5002.1400      1.156079e+14      1.633920e+14      0.707549
     5002.1500      1.300810e+14      1.633921e+14      0.796128
     5002.1600      1.460961e+14      1.633922e+14      0.894144
     5002.1700      1.567827e+14      1.633923e+14      0.959548
     5002.1800      1.610811e+14      1.633924e+14      0.985854
     5002.1900      1.622207e+14      1.633925e+14      0.992828
     5002.2000      1.624112e+14      1.633926e+14      0.993994
     5002.2100      1.622031e+14      1.633926e+14      0.992719
     5002.2200      1.607663e+14      1.633927e+14      0.983926
     5002.2300      1.547290e+14      1.633928e+14      0.946976
     5002.2400      1.396228e+14      1.633929e+14      0.854522
     5002.2500      1.192141e+14      1.633930e+14      0.729615
     5002.2600      1.051717e+14      1.633931e+14      0.643673
     5002.2700      1.036330e+14      1.633932e+14      0.634255
     5002.2800      1.122085e+14      1.633933e+14      0.686739
     5002.2900      1.206379e+14      1.633934e+14      0.738328
     5002.3000      1.191123e+14      1.633935e+14      0.728991
     5002.3100      1.105628e+14      1.633935e+14      0.676665
     5002.3200      1.004772e+14      1.633936e+14      0.614939
     5002.3300      8.455388e+13      1.633937e+14      0.517485
     5002.3400      5.413051e+13      1.633938e+14      0.331289
     5002.3500      2.822914e+13      1.633939e+14      0.172767
     5002.3600      1.751146e+13      1.633940e+14      0.107173
     5002.3700      1.266034e+13      1.633941e+14      0.077483
     5002.3800      1.072742e+13      1.633942e+14      0.065654
     5002.3900      1.080238e+13      1.633943e+14      0.066112
     5002.4000      1.292254e+13      1.633944e+14      0.079088
     5002.4100      1.808637e+13      1.633944e+14      0.110691
     5002.4200      3.007672e+13      1.633945e+14      0.184074
     5002.4300      6.456638e+13      1.633946e+14      0.395156
     5002.4400      1.012314e+14      1.633947e+14      0.619551
     5002.4500      1.111371e+14      1.633948e+14      0.680175
     5002.4600      1.136427e+14      1.633949e+14      0.695510
     5002.4700      1.192255e+14      1.633950e+14      0.729676
     5002.4800      1.289673e+14      1.633951e+14      0.789297
     5002.4900      1.406516e+14      1.633952e+14      0.860806
     5002.5000      1.508353e+14      1.633953e+14      0.923132
     5002.5100      1.573937e+14      1.633953e+14      0.963269
     5002.5200      1.606036e+14      1.633954e+14      0.982914
     5002.5300      1.618512e+14      1.633955e+14      0.990548
     5002.5400      1.622595e+14      1.633956e+14      0.993047
     5002.5500      1.623608e+14      1.633957e+14      0.993666
     5002.5600      1.623719e+14      1.633958e+14      0.993734
     5002.5700      1.621876e+14      1.633959e+14      0.992605
     5002.5800      1.613094e+14      1.633960e+14      0.987230
     5002.5900      1.584920e+14      1.633961e+14      0.969987
     5002.6000      1.524468e+14      1.633962e+14      0.932989
     5002.6100      1.442682e+14      1.633962e+14      0.882934
     5002.6200      1.382097e+14      1.633963e+14      0.845855
     5002.6300      1.381402e+14      1.633964e+14      0.845430
     5002.6400      1.441033e+14      1.633965e+14      0.881924
     5002.6500      1.522824e+14      1.633966e+14      0.931980
     5002.6600      1.583877e+14      1.633967e+14      0.969345
     5002.6700      1.612568e+14      1.633968e+14      0.986903
     5002.6800      1.621586e+14      1.633969e+14      0.992421
     5002.6900      1.623530e+14      1.633970e+14      0.993611
     5002.7000      1.623750e+14      1.633971e+14      0.993745
     5002.7100      1.623799e+14      1.633971e+14      0.993774
     5002.7200      1.623582e+14      1.633972e+14      0.993641
     5002.7300      1.623344e+14      1.633973e+14      0.993495
     5002.7400      1.623084e+14      1.633974e+14      0.993335
     5002.7500      1.622800e+14      1.633975e+14      0.993161
     5002.7600      1.622489e+14      1.633976e+14      0.992970
     5002.7700      1.622149e+14      1.633977e+14      0.992761
     5002.7800      1.621768e+14      1.633978e+14      0.992527
     5002.7900      1.621303e+14      1.633979e+14      0.992243
     5002.8000      1.620559e+14      1.633980e+14      0.991787
     5002.8100      1.618804e+14      1.633980e+14      0.990712
     5002.8200      1.613975e+14      1.633981e+14      0.987756
     5002.8300      1.602226e+14      1.633982e+14      0.980565
     5002.8400      1.580189e+14      1.633983e+14      0.967078
     5002.8500      1.550132e+14      1.633984e+14      0.948683
     5002.8600      1.521238e+14      1.633985e+14      0.930999
     5002.8700      1.504162e+14      1.633986e+14      0.920548
     5002.8800      1.505049e+14      1.633987e+14      0.921090
     5002.8900      1.523279e+14      1.633988e+14      0.932246
     5002.9000      1.551650e+14      1.633989e+14      0.949609
     5002.9100      1.579263e+14      1.633989e+14      0.966508
     5002.9200      1.597872e+14      1.633990e+14      0.977895
     5002.9300      1.606461e+14      1.633991e+14      0.983151
     5002.9400      1.608794e+14      1.633992e+14      0.984579
     5002.9500      1.608446e+14      1.633993e+14      0.984365
     5002.9600      1.607166e+14      1.633994e+14      0.983582
     5002.9700      1.605527e+14      1.633995e+14      0.982578
     5002.9800      1.603655e+14      1.633996e+14      0.981432
     5002.9900      1.601553e+14      1.633997e+14      0.980144
     5003.0000      1.599193e+14      1.633998e+14      0.978700
     5003.0100      1.596533e+14      1.633994e+14      0.977074
     5003.0200      1.593224e+14      1.633990e+14      0.975052
     5003.0300      1.589789e+14      1.633985e+14      0.972952
     5003.0400      1.585872e+14      1.633981e+14      0.970557
     5003.0500      1.581379e+14      1.633977e+14      0.967810
     5003.0600      1.576194e+14      1.633973e+14      0.964639
     5003.0700      1.570169e+14      1.633969e+14      0.960954
     5003.0800      1.563112e+14      1.633965e+14      0.956637
     5003.0900      1.554777e+14      1.633961e+14      0.951538
     5003.1000      1.544837e+14      1.633957e+14      0.945457
     5003.1100      1.532855e+14      1.633953e+14      0.938126
     5003.1200      1.518235e+14      1.633949e+14      0.929181
     5003.1300      1.500134e+14      1.633945e+14      0.918105
     5003.1400      1.477047e+14      1.633941e+14      0.903978
     5003.1500      1.447807e+14      1.633937e+14      0.886085
     5003.1600      1.409755e+14      1.633933e+14      0.862798
     5003.1700      1.355925e+14      1.633929e+14      0.829856
     5003.1800      1.262593e+14      1.633925e+14      0.772736
     5003.1900      1.020949e+14      1.633921e+14      0.624846
     5003.2000      5.708378e+13      1.633917e+14      0.349368
     5003.2100      3.150213e+13      1.633913e+14      0.192802
     5003.2200      2.065910e+13      1.633909e+14      0.126440
     5003.2300      1.453511e+13      1.633905e+14      0.088959
     5003.2400      1.110988e+13      1.633901e+14      0.067996
     5003.2500      9.475748e+12      1.633897e+14      0.057995
     5003.2600      9.098802e+12      1.633893e+14      0.055688
     5003.2700      9.842742e+12      1.633889e+14      0.060241
     5003.2800      1.197117e+13      1.633885e+14      0.073268
     5003.2900      1.614056e+13      1.633881e+14      0.098787
     5003.3000      2.340428e+13      1.633877e+14      0.143244
     5003.3100      3.711952e+13      1.633873e+14      0.227187
     5003.3200      7.105181e+13      1.633869e+14      0.434868
     5003.3300      1.124987e+14      1.633865e+14      0.688543
     5003.3400      1.296727e+14      1.633861e+14      0.793658
     5003.3500      1.370998e+14      1.633857e+14      0.839118
     5003.3600      1.418949e+14      1.633853e+14      0.868468
     5003.3700      1.454943e+14      1.633849e+14      0.890500
     5003.3800      1.483309e+14      1.633845e+14      0.907864
     5003.3900      1.505503e+14      1.633841e+14      0.921451
     5003.4000      1.522881e+14      1.633837e+14      0.932089
     5003.4100      1.536731e+14      1.633833e+14      0.940568
     5003.4200      1.548046e+14      1.633829e+14      0.947496
     5003.4300      1.557443e+14      1.633825e+14      0.953250
     5003.4400      1.565342e+14      1.633821e+14      0.958087
     5003.4500      1.572047e+14      1.633817e+14      0.962193
     5003.4600      1.577786e+14      1.633813e+14      0.965708
     5003.4700      1.582735e+14      1.633809e+14      0.968740
     5003.4800      1.587033e+14      1.633805e+14      0.971373
     5003.4900      1.590789e+14      1.633800e+14      0.973674
     5003.5000      1.594088e+14      1.633796e+14      0.975696
     5003.5100      1.597283e+14      1.633792e+14      0.977654
     5003.5200      1.599849e+14      1.633788e+14      0.979226
     5003.5300      1.602135e+14      1.633784e+14      0.980628
     5003.5400      1.604181e+14      1.633780e+14      0.981883
     5003.5500      1.606019e+14      1.633776e+14      0.983010
     5003.5600      1.607675e+14      1.633772e+14      0.984026
     5003.5700      1.609172e+14      1.633768e+14      0.984945
     5003.5800      1.610532e+14      1.633764e+14      0.985780
     5003.5900      1.611766e+14      1.633760e+14      0.986538
     5003.6000      1.612891e+14      1.633756e+14      0.987229
     5003.6100      1.613919e+14      1.633752e+14      0.987860
     5003.6200      1.614778e+14      1.633748e+14      0.988389
     5003.6300      1.615613e+14      1.633744e+14      0.988902
     5003.6400      1.616308e+14      1.633740e+14      0.989330
     5003.6500      1.616080e+14      1.633736e+14      0.989193
     5003.6600      1.612511e+14      1.633732e+14      0.987011
     5003.6700      1.592270e+14      1.633728e+14      0.974623
     5003.6800      1.521079e+14      1.633724e+14      0.931050
     5003.6900      1.361444e+14      1.633720e+14      0.833340
     5003.7000      1.145995e+14      1.633716e+14      0.701465
     5003.7100      9.813647e+13      1.633712e+14      0.600696
     5003.7200      9.420909e+13      1.633708e+14      0.576658
     5003.7300      1.041504e+14      1.633704e+14      0.637511
     5003.7400      1.242414e+14      1.633700e+14      0.760491
     5003.7500      1.445008e+14      1.633696e+14      0.884503
     5003.7600      1.564633e+14      1.633692e+14      0.957728
     5003.7700      1.608635e+14      1.633688e+14      0.984665
     5003.7800      1.619166e+14      1.633684e+14      0.991113
     5003.7900      1.617470e+14      1.633680e+14      0.990078
     5003.8000      1.595806e+14      1.633676e+14      0.976819
     5003.8100      1.521454e+14      1.633672e+14      0.931310
     5003.8200      1.391064e+14      1.633668e+14      0.851497
     5003.8300      1.292105e+14      1.633664e+14      0.790924
     5003.8400      1.311640e+14      1.633660e+14      0.802884
     5003.8500      1.432044e+14      1.633656e+14      0.876588
     5003.8600      1.550593e+14      1.633652e+14      0.949158
     5003.8700      1.605175e+14      1.633648e+14      0.982571
     5003.8800      1.618110e+14      1.633644e+14      0.990491
     5003.8900      1.618939e+14      1.633640e+14      0.991001
     5003.9000      1.616361e+14      1.633636e+14      0.989425
     5003.9100      1.603557e+14      1.633632e+14      0.981590
     5003.9200      1.530792e+14      1.633628e+14      0.937051
     5003.9300      1.244369e+14      1.633624e+14      0.761723
     5003.9400      7.501685e+13      1.633620e+14      0.459206
     5003.9500      4.486669e+13      1.633616e+14      0.274647
     5003.9600      3.344574e+13      1.633612e+14      0.204735
     5003.9700      2.890311e+13      1.633608e+14      0.176928
     5003.9800      2.789568e+13      1.633604e+14      0.170762
     5003.9900      2.990465e+13      1.633600e+14      0.183060
     5004.0000      3.604750e+13      1.633596e+14      0.220664
     5004.0100      5.165159e+13      1.633588e+14      0.316185
     5004.0200      9.060421e+13      1.633580e+14      0.554636
     5004.0300      1.369833e+14      1.633573e+14      0.838551
     5004.0400      1.564171e+14      1.633565e+14      0.957520
     5004.0500      1.604130e+14      1.633557e+14      0.981986
     5004.0600      1.609427e+14      1.633550e+14      0.985233
     5004.0700      1.608946e+14      1.633542e+14      0.984943
     5004.0800      1.606812e+14      1.633534e+14      0.983641
     5004.0900      1.603187e+14      1.633527e+14      0.981427
     5004.1000      1.597095e+14      1.633519e+14      0.977702
     5004.1100      1.583692e+14      1.633511e+14      0.969502
     5004.1200      1.530540e+14      1.633504e+14      0.936967
     5004.1300      1.279051e+14      1.633496e+14      0.783014
     5004.1400      7.063016e+13      1.633488e+14      0.432388
     5004.1500      3.625547e+13      1.633481e+14      0.221952
     5004.1600      2.474627e+13      1.633473e+14      0.151495
     5004.1700      1.931393e+13      1.633465e+14      0.118239
     5004.1800      1.676280e+13      1.633458e+14      0.102622
     5004.1900      1.631280e+13      1.633450e+14      0.099867
     5004.2000      1.783158e+13      1.633443e+14      0.109166
     5004.2100      2.172369e+13      1.633435e+14      0.132994
     5004.2200      2.946422e+13      1.633427e+14      0.180383
     5004.2300      4.887885e+13      1.633420e+14      0.299242
     5004.2400      1.013265e+14      1.633412e+14      0.620337
     5004.2500      1.449998e+14      1.633404e+14      0.887715
     5004.2600      1.569416e+14      1.633397e+14      0.960829
     5004.2700      1.594580e+14      1.633389e+14      0.976240
     5004.2800      1.603630e+14      1.633381e+14      0.981785
     5004.2900      1.608977e+14      1.633374e+14      0.985064
     5004.3000      1.612717e+14      1.633366e+14      0.987358
     5004.3100      1.615567e+14      1.633358e+14      0.989107
     5004.3200      1.618023e+14      1.633351e+14      0.990615
     5004.3300      1.619704e+14      1.633343e+14      0.991649
     5004.3400      1.621051e+14      1.633336e+14      0.992479
     5004.3500      1.622150e+14      1.633328e+14      0.993156
     5004.3600      1.623058e+14      1.633320e+14      0.993717
     5004.3700      1.623818e+14      1.633313e+14      0.994187
     5004.3800      1.624461e+14      1.633305e+14      0.994585
     5004.3900      1.625010e+14      1.633297e+14      0.994926
     5004.4000      1.625484e+14      1.633290e+14      0.995221
     5004.4100      1.625894e+14      1.633282e+14      0.995477
     5004.4200      1.626254e+14      1.633274e+14      0.995701
     5004.4300      1.626569e+14      1.633267e+14      0.995899
     5004.4400      1.626848e+14      1.633259e+14      0.996075
     5004.4500      1.627097e+14      1.633251e+14      0.996232
     5004.4600      1.627318e+14      1.633244e+14      0.996372
     5004.4700      1.627517e+14      1.633236e+14      0.996498
     5004.4800      1.627696e+14      1.633229e+14      0.996612
     5004.4900      1.627857e+14      1.633221e+14      0.996716
     5004.5000      1.628003e+14      1.633213e+14      0.996810
     5004.5100      1.628136e+14      1.633206e+14      0.996896
     5004.5200      1.628258e+14      1.633198e+14      0.996975
     5004.5300      1.628368e+14      1.633190e+14      0.997047
     5004.5400      1.628470e+14      1.633183e+14      0.997114
     5004.5500      1.628563e+14      1.633175e+14      0.997176
     5004.5600      1.628648e+14      1.633167e+14      0.997233
     5004.5700      1.628617e+14      1.633160e+14      0.997219
     5004.5800      1.628690e+14      1.633152e+14      0.997268
     5004.5900      1.628756e+14      1.633144e+14      0.997313
     5004.6000      1.628691e+14      1.633137e+14      0.997278
     5004.6100      1.628743e+14      1.633129e+14      0.997314
     5004.6200      1.628791e+14      1.633122e+14      0.997348
     5004.6300      1.628834e+14      1.633114e+14      0.997379
     5004.6400      1.628874e+14      1.633106e+14      0.997408
     5004.6500      1.628909e+14      1.633099e+14      0.997435
     5004.6600      1.628941e+14      1.633091e+14      0.997459
     5004.6700      1.628970e+14      1.633083e+14      0.997481
     5004.6800      1.628996e+14      1.633076e+14      0.997502
     5004.6900      1.629019e+14      1.633068e+14      0.997521
     5004.7000      1.628735e+14      1.633060e+14      0.997351
     5004.7100      1.628750e+14      1.633053e+14      0.997365
     5004.7200      1.628762e+14      1.633045e+14      0.997377
     5004.7300      1.628771e+14      1.633038e+14      0.997387
     5004.7400      1.628778e+14      1.633030e+14      0.997396
     5004.7500      1.628782e+14      1.633022e+14      0.997404
     5004.7600      1.628784e+14      1.633015e+14      0.997409
     5004.7700      1.628783e+14      1.633007e+14      0.997413
     5004.7800      1.628779e+14      1.632999e+14      0.997416
     5004.7900      1.628650e+14      1.632992e+14      0.997342
     5004.8000      1.628634e+14      1.632984e+14      0.997336
     5004.8100      1.628510e+14      1.632976e+14      0.997265
     5004.8200      1.627754e+14      1.632969e+14      0.996806
     5004.8300      1.621484e+14      1.632961e+14      0.992971
     5004.8400      1.584753e+14      1.632954e+14      0.970482
     5004.8500      1.464338e+14      1.632946e+14      0.896746
     5004.8600      1.266316e+14      1.632938e+14      0.775483
     5004.8700      1.125004e+14      1.632931e+14      0.688948
     5004.8800      1.143553e+14      1.632923e+14      0.700310
     5004.8900      1.297603e+14      1.632915e+14      0.794654
     5004.9000      1.465549e+14      1.632908e+14      0.897509
     5004.9100      1.561414e+14      1.632900e+14      0.956221
     5004.9200      1.602000e+14      1.632892e+14      0.981081
     5004.9300      1.618844e+14      1.632885e+14      0.991402
     5004.9400      1.625171e+14      1.632877e+14      0.995280
     5004.9500      1.626993e+14      1.632870e+14      0.996401
     5004.9600      1.627256e+14      1.632862e+14      0.996567
     5004.9700      1.627217e+14      1.632854e+14      0.996547
     5004.9800      1.626857e+14      1.632847e+14      0.996332
     5004.9900      1.626525e+14      1.632839e+14      0.996133
     5005.0000      1.626113e+14      1.632831e+14      0.995885
     5005.0100      1.625886e+14      1.632828e+14      0.995748
     5005.0200      1.625209e+14      1.632825e+14      0.995336
     5005.0300      1.624229e+14      1.632821e+14      0.994738
     5005.0400      1.622857e+14      1.632818e+14      0.993900
     5005.0500      1.620569e+14      1.632815e+14      0.992501
     5005.0600      1.613533e+14      1.632811e+14      0.988194
     5005.0700      1.578794e+14      1.632808e+14      0.966920
     5005.0800      1.416773e+14      1.632804e+14      0.867693
     5005.0900      9.606713e+13      1.632801e+14      0.588358
     5005.1000      4.710494e+13      1.632798e+14      0.288492
     5005.1100      2.799772e+13      1.632794e+14      0.171471
     5005.1200      2.085525e+13      1.632791e+14      0.127728
     5005.1300      1.767398e+13      1.632788e+14      0.108244
     5005.1400      1.702632e+13      1.632784e+14      0.104278
     5005.1500      1.875232e+13      1.632781e+14      0.114849
     5005.1600      2.359726e+13      1.632777e+14      0.144522
     5005.1700      3.529995e+13      1.632774e+14      0.216196
     5005.1800      7.232808e+13      1.632771e+14      0.442978
     5005.1900      1.293235e+14      1.632767e+14      0.792051
     5005.2000      1.553980e+14      1.632764e+14      0.951748
     5005.2100      1.608953e+14      1.632761e+14      0.985419
     5005.2200      1.618354e+14      1.632757e+14      0.991178
     5005.2300      1.621062e+14      1.632754e+14      0.992839
     5005.2400      1.622447e+14      1.632751e+14      0.993690
     5005.2500      1.623358e+14      1.632747e+14      0.994250
     5005.2600      1.623993e+14      1.632744e+14      0.994640
     5005.2700      1.624511e+14      1.632740e+14      0.994960
     5005.2800      1.624762e+14      1.632737e+14      0.995116
     5005.2900      1.624885e+14      1.632734e+14      0.995193
     5005.3000      1.624892e+14      1.632730e+14      0.995199
     5005.3100      1.624779e+14      1.632727e+14      0.995132
     5005.3200      1.624527e+14      1.632724e+14      0.994980
     5005.3300      1.624114e+14      1.632720e+14      0.994729
     5005.3400      1.623477e+14      1.632717e+14      0.994341
     5005.3500      1.622445e+14      1.632713e+14      0.993711
     5005.3600      1.620406e+14      1.632710e+14      0.992464
     5005.3700      1.613472e+14      1.632707e+14      0.988219
     5005.3800      1.578001e+14      1.632703e+14      0.966496
     5005.3900      1.423180e+14      1.632700e+14      0.871673
     5005.4000      1.037524e+14      1.632697e+14      0.635466
     5005.4100      6.325182e+13      1.632693e+14      0.387408
     5005.4200      4.364225e+13      1.632690e+14      0.267303
     5005.4300      3.627695e+13      1.632687e+14      0.222192
     5005.4400      3.450091e+13      1.632683e+14      0.211314
     5005.4500      3.699592e+13      1.632680e+14      0.226596
     5005.4600      4.566500e+13      1.632676e+14      0.279694
     5005.4700      6.836626e+13      1.632673e+14      0.418738
     5005.4800      1.111224e+14      1.632670e+14      0.680617
     5005.4900      1.462533e+14      1.632666e+14      0.895794
     5005.5000      1.588366e+14      1.632663e+14      0.972868
     5005.5100      1.615475e+14      1.632660e+14      0.989474
     5005.5200      1.620909e+14      1.632656e+14      0.992805
     5005.5300      1.622259e+14      1.632653e+14      0.993634
     5005.5400      1.620978e+14      1.632650e+14      0.992851
     5005.5500      1.607635e+14      1.632646e+14      0.984680
     5005.5600      1.546452e+14      1.632643e+14      0.947208
     5005.5700      1.372033e+14      1.632639e+14      0.840377
     5005.5800      1.087830e+14      1.632636e+14      0.666303
     5005.5900      8.358617e+13      1.632633e+14      0.511972
     5005.6000      7.156048e+13      1.632629e+14      0.438314
     5005.6100      7.285708e+13      1.632626e+14      0.446257
     5005.6200      8.768738e+13      1.632623e+14      0.537095
     5005.6300      1.147647e+14      1.632619e+14      0.702948
     5005.6400      1.418490e+14      1.632616e+14      0.868845
     5005.6500      1.566220e+14      1.632613e+14      0.959333
     5005.6600      1.613045e+14      1.632609e+14      0.988017
     5005.6700      1.619837e+14      1.632606e+14      0.992179
     5005.6800      1.601433e+14      1.632602e+14      0.980908
     5005.6900      1.510240e+14      1.632599e+14      0.925053
     5005.7000      1.251342e+14      1.632596e+14      0.766474
     5005.7100      8.721115e+13      1.632592e+14      0.534188
     5005.7200      5.989598e+13      1.632589e+14      0.366877
     5005.7300      4.868709e+13      1.632586e+14      0.298221
     5005.7400      4.783241e+13      1.632582e+14      0.292986
     5005.7500      5.581853e+13      1.632579e+14      0.341904
     5005.7600      7.108253e+13      1.632575e+14      0.435401
     5005.7700      7.482044e+13      1.632572e+14      0.458298
     5005.7800      6.044734e+13      1.632569e+14      0.370259
     5005.7900      4.972499e+13      1.632565e+14      0.304582
     5005.8000      4.891536e+13      1.632562e+14      0.299623
     5005.8100      5.905715e+13      1.632559e+14      0.361746
     5005.8200      8.452515e+13      1.632555e+14      0.517748
     5005.8300      1.208637e+14      1.632552e+14      0.740336
     5005.8400      1.480336e+14      1.632549e+14      0.906764
     5005.8500      1.589897e+14      1.632545e+14      0.973876
     5005.8600      1.617734e+14      1.632542e+14      0.990930
     5005.8700      1.623336e+14      1.632538e+14      0.994363
     5005.8800      1.624462e+14      1.632535e+14      0.995055
     5005.8900      1.624863e+14      1.632532e+14      0.995302
     5005.9000      1.625076e+14      1.632528e+14      0.995435
     5005.9100      1.625512e+14      1.632525e+14      0.995704
     5005.9200      1.625586e+14      1.632522e+14      0.995752
     5005.9300      1.625622e+14      1.632518e+14      0.995776
     5005.9400      1.625632e+14      1.632515e+14      0.995784
     5005.9500      1.625621e+14      1.632512e+14      0.995779
     5005.9600      1.625596e+14      1.632508e+14      0.995766
     5005.9700      1.624877e+14      1.632505e+14      0.995327
     5005.9800      1.622252e+14      1.632501e+14      0.993722
     5005.9900      1.613092e+14      1.632498e+14      0.988113
     5006.0000      1.590803e+14      1.632495e+14      0.974462
     5006.0100      1.555347e+14      1.632506e+14      0.952736
     5006.0200      1.522632e+14      1.632517e+14      0.932690
     5006.0300      1.515040e+14      1.632528e+14      0.928033
     5006.0400      1.538333e+14      1.632538e+14      0.942295
     5006.0500      1.575282e+14      1.632549e+14      0.964921
     5006.0600      1.604360e+14      1.632560e+14      0.982726
     5006.0700      1.618689e+14      1.632571e+14      0.991497
     5006.0800      1.623545e+14      1.632582e+14      0.994464
     5006.0900      1.624586e+14      1.632593e+14      0.995095
     5006.1000      1.624775e+14      1.632604e+14      0.995205
     5006.1100      1.624494e+14      1.632615e+14      0.995026
     5006.1200      1.624368e+14      1.632626e+14      0.994942
     5006.1300      1.624234e+14      1.632637e+14      0.994853
     5006.1400      1.624091e+14      1.632648e+14      0.994759
     5006.1500      1.623937e+14      1.632659e+14      0.994658
     5006.1600      1.623770e+14      1.632670e+14      0.994549
     5006.1700      1.623584e+14      1.632680e+14      0.994429
     5006.1800      1.623374e+14      1.632691e+14      0.994293
     5006.1900      1.623130e+14      1.632702e+14      0.994137
     5006.2000      1.622821e+14      1.632713e+14      0.993941
     5006.2100      1.622283e+14      1.632724e+14      0.993605
     5006.2200      1.620170e+14      1.632735e+14      0.992304
     5006.2300      1.607011e+14      1.632746e+14      0.984238
     5006.2400      1.537994e+14      1.632757e+14      0.941962
     5006.2500      1.303126e+14      1.632768e+14      0.798108
     5006.2600      8.852908e+13      1.632779e+14      0.542199
     5006.2700      5.461355e+13      1.632790e+14      0.334480
     5006.2800      4.008386e+13      1.632801e+14      0.245491
     5006.2900      3.654642e+13      1.632812e+14      0.223825
     5006.3000      4.023946e+13      1.632823e+14      0.246441
     5006.3100      5.507473e+13      1.632833e+14      0.337295
     5006.3200      8.934896e+13      1.632844e+14      0.547198
     5006.3300      1.308847e+14      1.632855e+14      0.801569
     5006.3400      1.538582e+14      1.632866e+14      0.942259
     5006.3500      1.605056e+14      1.632877e+14      0.982962
     5006.3600      1.617317e+14      1.632888e+14      0.990464
     5006.3700      1.618941e+14      1.632899e+14      0.991452
     5006.3800      1.619043e+14      1.632910e+14      0.991508
     5006.3900      1.618908e+14      1.632921e+14      0.991418
     5006.4000      1.618688e+14      1.632932e+14      0.991277
     5006.4100      1.618410e+14      1.632943e+14      0.991100
     5006.4200      1.618074e+14      1.632954e+14      0.990888
     5006.4300      1.617676e+14      1.632965e+14      0.990638
     5006.4400      1.617204e+14      1.632975e+14      0.990342
     5006.4500      1.616645e+14      1.632986e+14      0.989993
     5006.4600      1.615961e+14      1.632997e+14      0.989567
     5006.4700      1.615054e+14      1.633008e+14      0.989006
     5006.4800      1.613709e+14      1.633019e+14      0.988175
     5006.4900      1.609350e+14      1.633030e+14      0.985499
     5006.5000      1.589639e+14      1.633041e+14      0.973423
     5006.5100      1.506412e+14      1.633052e+14      0.922452
     5006.5200      1.271054e+14      1.633063e+14      0.778325
     5006.5300      9.122767e+13      1.633074e+14      0.558626
     5006.5400      6.225077e+13      1.633085e+14      0.381185
     5006.5500      4.693688e+13      1.633096e+14      0.287410
     5006.5600      4.124538e+13      1.633107e+14      0.252558
     5006.5700      4.223134e+13      1.633118e+14      0.258593
     5006.5800      5.031293e+13      1.633128e+14      0.308077
     5006.5900      6.848873e+13      1.633139e+14      0.419369
     5006.6000      9.674075e+13      1.633150e+14      0.592357
     5006.6100      1.230621e+14      1.633161e+14      0.753521
     5006.6200      1.381392e+14      1.633172e+14      0.845834
     5006.6300      1.471421e+14      1.633183e+14      0.900953
     5006.6400      1.538751e+14      1.633194e+14      0.942173
     5006.6500      1.580782e+14      1.633205e+14      0.967902
     5006.6600      1.599150e+14      1.633216e+14      0.979142
     5006.6700      1.604605e+14      1.633227e+14      0.982475
     5006.6800      1.605506e+14      1.633238e+14      0.983021
     5006.6900      1.605229e+14      1.633249e+14      0.982844
     5006.7000      1.604767e+14      1.633260e+14      0.982555
     5006.7100      1.603377e+14      1.633270e+14      0.981697
     5006.7200      1.600119e+14      1.633281e+14      0.979696
     5006.7300      1.589917e+14      1.633292e+14      0.973443
     5006.7400      1.560073e+14      1.633303e+14      0.955164
     5006.7500      1.488799e+14      1.633314e+14      0.911520
     5006.7600      1.360498e+14      1.633325e+14      0.832962
     5006.7700      1.195833e+14      1.633336e+14      0.732142
     5006.7800      1.046941e+14      1.633347e+14      0.640979
     5006.7900      9.495973e+13      1.633358e+14      0.581377
     5006.8000      9.082390e+13      1.633369e+14      0.556053
     5006.8100      9.183531e+13      1.633380e+14      0.562241
     5006.8200      9.809905e+13      1.633391e+14      0.600585
     5006.8300      1.097939e+14      1.633402e+14      0.672180
     5006.8400      1.247583e+14      1.633413e+14      0.763789
     5006.8500      1.367949e+14      1.633423e+14      0.837474
     5006.8600      1.398917e+14      1.633434e+14      0.856427
     5006.8700      1.338849e+14      1.633445e+14      0.819647
     5006.8800      1.237738e+14      1.633456e+14      0.757741
     5006.8900      1.149593e+14      1.633467e+14      0.703775
     5006.9000      1.104092e+14      1.633478e+14      0.675915
     5006.9100      1.109620e+14      1.633489e+14      0.679294
     5006.9200      1.164518e+14      1.633500e+14      0.712898
     5006.9300      1.255877e+14      1.633511e+14      0.768821
     5006.9400      1.351409e+14      1.633522e+14      0.827298
     5006.9500      1.404892e+14      1.633533e+14      0.860033
     5006.9600      1.385315e+14      1.633544e+14      0.848043
     5006.9700      1.309182e+14      1.633555e+14      0.801431
     5006.9800      1.235748e+14      1.633566e+14      0.756473
     5006.9900      1.215042e+14      1.633576e+14      0.743793
     5007.0000      1.251617e+14      1.633587e+14      0.766177
     5007.0100      1.305809e+14      1.633605e+14      0.799342
     5007.0200      1.325789e+14      1.633622e+14      0.811564
     5007.0300      1.272229e+14      1.633639e+14      0.778770
     5007.0400      1.033448e+14      1.633657e+14      0.632598
     5007.0500      5.625648e+13      1.633674e+14      0.344356
     5007.0600      3.099413e+13      1.633692e+14      0.189718
     5007.0700      2.036848e+13      1.633709e+14      0.124676
     5007.0800      1.433652e+13      1.633726e+14      0.087754
     5007.0900      1.097082e+13      1.633744e+14      0.067151
     5007.1000      9.371846e+12      1.633761e+14      0.057364
     5007.1100      9.011515e+12      1.633778e+14      0.055158
     5007.1200      9.758391e+12      1.633796e+14      0.059728
     5007.1300      1.187923e+13      1.633813e+14      0.072709
     5007.1400      1.603224e+13      1.633830e+14      0.098127
     5007.1500      2.325553e+13      1.633848e+14      0.142336
     5007.1600      3.665835e+13      1.633865e+14      0.224366
     5007.1700      6.749243e+13      1.633883e+14      0.413080
     5007.1800      9.861109e+13      1.633900e+14      0.603532
     5007.1900      1.087974e+14      1.633917e+14      0.665868
     5007.2000      1.165946e+14      1.633935e+14      0.713582
     5007.2100      1.259859e+14      1.633952e+14      0.771050
     5007.2200      1.339925e+14      1.633969e+14      0.820043
     5007.2300      1.387191e+14      1.633987e+14      0.848961
     5007.2400      1.407574e+14      1.634004e+14      0.861426
     5007.2500      1.414306e+14      1.634021e+14      0.865537
     5007.2600      1.414898e+14      1.634039e+14      0.865890
     5007.2700      1.411892e+14      1.634056e+14      0.864042
     5007.2800      1.405979e+14      1.634074e+14      0.860413
     5007.2900      1.397325e+14      1.634091e+14      0.855108
     5007.3000      1.385916e+14      1.634108e+14      0.848118
     5007.3100      1.371622e+14      1.634126e+14      0.839361
     5007.3200      1.354292e+14      1.634143e+14      0.828748
     5007.3300      1.333395e+14      1.634160e+14      0.815951
     5007.3400      1.308537e+14      1.634178e+14      0.800731
     5007.3500      1.279040e+14      1.634195e+14      0.782673
     5007.3600      1.243830e+14      1.634212e+14      0.761119
     5007.3700      1.200604e+14      1.634230e+14      0.734660
     5007.3800      1.143447e+14      1.634247e+14      0.699678
     5007.3900      1.059696e+14      1.634265e+14      0.648424
     5007.4000      9.349507e+13      1.634282e+14      0.572087
     5007.4100      7.833943e+13      1.634299e+14      0.479346
     5007.4200      6.443841e+13      1.634317e+14      0.394284
     5007.4300      5.392269e+13      1.634334e+14      0.329937
     5007.4400      4.572729e+13      1.634351e+14      0.279789
     5007.4500      3.554220e+13      1.634369e+14      0.217467
     5007.4600      2.280332e+13      1.634386e+14      0.139522
     5007.4700      1.344731e+13      1.634404e+14      0.082277
     5007.4800      8.169661e+12      1.634421e+14      0.049985
     5007.4900      5.718281e+12      1.634438e+14      0.034986
     5007.5000      4.693249e+12      1.634456e+14      0.028714
     5007.5100      4.328271e+12      1.634473e+14      0.026481
     5007.5200      4.334946e+12      1.634490e+14      0.026522
     5007.5300      4.718551e+12      1.634508e+14      0.028868
     5007.5400      5.781997e+12      1.634525e+14      0.035374
     5007.5500      8.317141e+12      1.634543e+14      0.050884
     5007.5600      1.375948e+13      1.634560e+14      0.084179
     5007.5700      2.358305e+13      1.634577e+14      0.144276
     5007.5800      4.024024e+13      1.634595e+14      0.246179
     5007.5900      6.228291e+13      1.634612e+14      0.381026
     5007.6000      7.758277e+13      1.634629e+14      0.474620
     5007.6100      8.838596e+13      1.634647e+14      0.540704
     5007.6200      9.728048e+13      1.634664e+14      0.595110
     5007.6300      1.049428e+14      1.634681e+14      0.641977
     5007.6400      1.116685e+14      1.634699e+14      0.683113
     5007.6500      1.173364e+14      1.634716e+14      0.717779
     5007.6600      1.221928e+14      1.634734e+14      0.747479
     5007.6700      1.263682e+14      1.634751e+14      0.773012
     5007.6800      1.299704e+14      1.634768e+14      0.795039
     5007.6900      1.330905e+14      1.634786e+14      0.814116
     5007.7000      1.358047e+14      1.634803e+14      0.830710
     5007.7100      1.381760e+14      1.634820e+14      0.845206
     5007.7200      1.402569e+14      1.634838e+14      0.857926
     5007.7300      1.420907e+14      1.634855e+14      0.869133
     5007.7400      1.437132e+14      1.634873e+14      0.879048
     5007.7500      1.451551e+14      1.634890e+14      0.887859
     5007.7600      1.464400e+14      1.634907e+14      0.895708
     5007.7700      1.475896e+14      1.634925e+14      0.902730
     5007.7800      1.486214e+14      1.634942e+14      0.909032
     5007.7900      1.495506e+14      1.634959e+14      0.914705
     5007.8000      1.503896e+14      1.634977e+14      0.919827
     5007.8100      1.511493e+14      1.634994e+14      0.924464
     5007.8200      1.518390e+14      1.635012e+14      0.928673
     5007.8300      1.524666e+14      1.635029e+14      0.932501
     5007.8400      1.530389e+14      1.635046e+14      0.935991
     5007.8500      1.535619e+14      1.635064e+14      0.939180
     5007.8600      1.540406e+14      1.635081e+14      0.942098
     5007.8700      1.544796e+14      1.635098e+14      0.944772
     5007.8800      1.548827e+14      1.635116e+14      0.947228
     5007.8900      1.552535e+14      1.635133e+14      0.949485
     5007.9000      1.555948e+14      1.635151e+14      0.951562
     5007.9100      1.559094e+14      1.635168e+14      0.953476
     5007.9200      1.561995e+14      1.635185e+14      0.955240
     5007.9300      1.564672e+14      1.635203e+14      0.956867
     5007.9400      1.567144e+14      1.635220e+14      0.958369
     5007.9500      1.569427e+14      1.635238e+14      0.959755
     5007.9600      1.571534e+14      1.635255e+14      0.961033
     5007.9700      1.573479e+14      1.635272e+14      0.962212
     5007.9800      1.575273e+14      1.635290e+14      0.963299
     5007.9900      1.576926e+14      1.635307e+14      0.964300
     5008.0000      1.578447e+14      1.635324e+14      0.965219
     5008.0100      1.579842e+14      1.635340e+14      0.966063
     5008.0200      1.581119e+14      1.635356e+14      0.966835
     5008.0300      1.582285e+14      1.635373e+14      0.967538
     5008.0400      1.583345e+14      1.635389e+14      0.968177
     5008.0500      1.584304e+14      1.635405e+14      0.968753
     5008.0600      1.585164e+14      1.635421e+14      0.969270
     5008.0700      1.586110e+14      1.635437e+14      0.969839
     5008.0800      1.586779e+14      1.635453e+14      0.970238
     5008.0900      1.587358e+14      1.635469e+14      0.970583
     5008.1000      1.587850e+14      1.635485e+14      0.970874
     5008.1100      1.588254e+14      1.635501e+14      0.971112
     5008.1200      1.588573e+14      1.635517e+14      0.971297
     5008.1300      1.588804e+14      1.635533e+14      0.971429
     5008.1400      1.588948e+14      1.635549e+14      0.971508
     5008.1500      1.589004e+14      1.635565e+14      0.971532
     5008.1600      1.588969e+14      1.635581e+14      0.971501
     5008.1700      1.588841e+14      1.635597e+14      0.971413
     5008.1800      1.588616e+14      1.635613e+14      0.971266
     5008.1900      1.588291e+14      1.635629e+14      0.971058
     5008.2000      1.587860e+14      1.635645e+14      0.970785
     5008.2100      1.587318e+14      1.635661e+14      0.970444
     5008.2200      1.586658e+14      1.635677e+14      0.970031
     5008.2300      1.585871e+14      1.635693e+14      0.969541
     5008.2400      1.584948e+14      1.635709e+14      0.968967
     5008.2500      1.583877e+14      1.635725e+14      0.968303
     5008.2600      1.582647e+14      1.635741e+14      0.967541
     5008.2700      1.581240e+14      1.635757e+14      0.966672
     5008.2800      1.579640e+14      1.635773e+14      0.965684
     5008.2900      1.577826e+14      1.635789e+14      0.964566
     5008.3000      1.575727e+14      1.635805e+14      0.963273
     5008.3100      1.573376e+14      1.635821e+14      0.961826
     5008.3200      1.570638e+14      1.635837e+14      0.960143
     5008.3300      1.567199e+14      1.635853e+14      0.958031
     5008.3400      1.562201e+14      1.635869e+14      0.954967
     5008.3500      1.553961e+14      1.635886e+14      0.949920
     5008.3600      1.540723e+14      1.635902e+14      0.941819
     5008.3700      1.523146e+14      1.635918e+14      0.931065
     5008.3800      1.506177e+14      1.635934e+14      0.920684
     5008.3900      1.496359e+14      1.635950e+14      0.914673
     5008.4000      1.495568e+14      1.635966e+14      0.914180
     5008.4100      1.499608e+14      1.635982e+14      0.916641
     5008.4200      1.501277e+14      1.635998e+14      0.917652
     5008.4300      1.496579e+14      1.636014e+14      0.914772
     5008.4400      1.484781e+14      1.636030e+14      0.907551
     5008.4500      1.463992e+14      1.636046e+14      0.894836
     5008.4600      1.426045e+14      1.636062e+14      0.871633
     5008.4700      1.358516e+14      1.636078e+14      0.830349
     5008.4800      1.263027e+14      1.636094e+14      0.771977
     5008.4900      1.169264e+14      1.636110e+14      0.714661
     5008.5000      1.113012e+14      1.636126e+14      0.680273
     5008.5100      1.095533e+14      1.636142e+14      0.669583
     5008.5200      1.069124e+14      1.636158e+14      0.653435
     5008.5300      8.847166e+13      1.636174e+14      0.540723
     5008.5400      3.733519e+13      1.636190e+14      0.228184
     5008.5500      1.311018e+13      1.636206e+14      0.080125
     5008.5600      5.529230e+12      1.636222e+14      0.033793
     5008.5700      3.778918e+12      1.636238e+14      0.023095
     5008.5800      3.412587e+12      1.636254e+14      0.020856
     5008.5900      3.319487e+12      1.636270e+14      0.020287
     5008.6000      3.292840e+12      1.636286e+14      0.020124
     5008.6100      3.290941e+12      1.636302e+14      0.020112
     5008.6200      3.311226e+12      1.636318e+14      0.020236
     5008.6300      3.383706e+12      1.636335e+14      0.020679
     5008.6400      3.657187e+12      1.636351e+14      0.022350
     5008.6500      4.898701e+12      1.636367e+14      0.029936
     5008.6600      9.055777e+12      1.636383e+14      0.055340
     5008.6700      1.214359e+13      1.636399e+14      0.074209
     5008.6800      1.318401e+13      1.636415e+14      0.080566
     5008.6900      1.513248e+13      1.636431e+14      0.092472
     5008.7000      1.916274e+13      1.636447e+14      0.117100
     5008.7100      2.665431e+13      1.636463e+14      0.162878
     5008.7200      4.284229e+13      1.636479e+14      0.261796
     5008.7300      8.166629e+13      1.636495e+14      0.499032
     5008.7400      1.128878e+14      1.636511e+14      0.689808
     5008.7500      1.136852e+14      1.636527e+14      0.694674
     5008.7600      1.025913e+14      1.636543e+14      0.626878
     5008.7700      9.313956e+13      1.636559e+14      0.569118
     5008.7800      9.220417e+13      1.636575e+14      0.563397
     5008.7900      1.015630e+14      1.636591e+14      0.620576
     5008.8000      1.187736e+14      1.636607e+14      0.725731
     5008.8100      1.361159e+14      1.636623e+14      0.831687
     5008.8200      1.468987e+14      1.636639e+14      0.897563
     5008.8300      1.515842e+14      1.636655e+14      0.926183
     5008.8400      1.534788e+14      1.636671e+14      0.937749
     5008.8500      1.545063e+14      1.636687e+14      0.944018
     5008.8600      1.552756e+14      1.636703e+14      0.948709
     5008.8700      1.559268e+14      1.636719e+14      0.952679
     5008.8800      1.564951e+14      1.636736e+14      0.956142
     5008.8900      1.569969e+14      1.636752e+14      0.959198
     5008.9000      1.574433e+14      1.636768e+14      0.961916
     5008.9100      1.578426e+14      1.636784e+14      0.964346
     5008.9200      1.582014e+14      1.636800e+14      0.966529
     5008.9300      1.585254e+14      1.636816e+14      0.968499
     5008.9400      1.588191e+14      1.636832e+14      0.970283
     5008.9500      1.591089e+14      1.636848e+14      0.972045
     5008.9600      1.593504e+14      1.636864e+14      0.973510
     5008.9700      1.595717e+14      1.636880e+14      0.974853
     5008.9800      1.597751e+14      1.636896e+14      0.976086
     5008.9900      1.599379e+14      1.636912e+14      0.977071
     5009.0000      1.601067e+14      1.636928e+14      0.978092
     5009.0100      1.602593e+14      1.636924e+14      0.979027
     5009.0200      1.603986e+14      1.636920e+14      0.979881
     5009.0300      1.605247e+14      1.636916e+14      0.980653
     5009.0400      1.606353e+14      1.636913e+14      0.981331
     5009.0500      1.607149e+14      1.636909e+14      0.981820
     5009.0600      1.606441e+14      1.636905e+14      0.981390
     5009.0700      1.596951e+14      1.636901e+14      0.975594
     5009.0800      1.549020e+14      1.636897e+14      0.946315
     5009.0900      1.397606e+14      1.636893e+14      0.853816
     5009.1000      1.121913e+14      1.636889e+14      0.685393
     5009.1100      8.517289e+13      1.636885e+14      0.520335
     5009.1200      7.035741e+13      1.636881e+14      0.429826
     5009.1300      6.796236e+13      1.636878e+14      0.415195
     5009.1400      7.734783e+13      1.636874e+14      0.472534
     5009.1500      9.993411e+13      1.636870e+14      0.610520
     5009.1600      1.295807e+14      1.636866e+14      0.791639
     5009.1700      1.507606e+14      1.636862e+14      0.921034
     5009.1800      1.592042e+14      1.636858e+14      0.972620
     5009.1900      1.613575e+14      1.636854e+14      0.985778
     5009.2000      1.617930e+14      1.636850e+14      0.988441
     5009.2100      1.619096e+14      1.636846e+14      0.989156
     5009.2200      1.619762e+14      1.636843e+14      0.989565
     5009.2300      1.620312e+14      1.636839e+14      0.989903
     5009.2400      1.620513e+14      1.636835e+14      0.990028
     5009.2500      1.620929e+14      1.636831e+14      0.990285
     5009.2600      1.621306e+14      1.636827e+14      0.990517
     5009.2700      1.621876e+14      1.636823e+14      0.990868
     5009.2800      1.622150e+14      1.636819e+14      0.991038
     5009.2900      1.622393e+14      1.636815e+14      0.991188
     5009.3000      1.622597e+14      1.636812e+14      0.991316
     5009.3100      1.622755e+14      1.636808e+14      0.991414
     5009.3200      1.622852e+14      1.636804e+14      0.991476
     5009.3300      1.622849e+14      1.636800e+14      0.991477
     5009.3400      1.622645e+14      1.636796e+14      0.991354
     5009.3500      1.621757e+14      1.636792e+14      0.990814
     5009.3600      1.617424e+14      1.636788e+14      0.988169
     5009.3700      1.597451e+14      1.636784e+14      0.975969
     5009.3800      1.527075e+14      1.636780e+14      0.932975
     5009.3900      1.362246e+14      1.636777e+14      0.832274
     5009.4000      1.130591e+14      1.636773e+14      0.690744
     5009.4100      9.432452e+13      1.636769e+14      0.576285
     5009.4200      8.726327e+13      1.636765e+14      0.533145
     5009.4300      9.306040e+13      1.636761e+14      0.568564
     5009.4400      1.108396e+14      1.636757e+14      0.677190
     5009.4500      1.341380e+14      1.636753e+14      0.819537
     5009.4600      1.516647e+14      1.636749e+14      0.926621
     5009.4700      1.595341e+14      1.636746e+14      0.974703
     5009.4800      1.618765e+14      1.636742e+14      0.989017
     5009.4900      1.624261e+14      1.636738e+14      0.992377
     5009.5000      1.625702e+14      1.636734e+14      0.993260
     5009.5100      1.626351e+14      1.636730e+14      0.993658
     5009.5200      1.626784e+14      1.636726e+14      0.993925
     5009.5300      1.627418e+14      1.636722e+14      0.994315
     5009.5400      1.627694e+14      1.636718e+14      0.994486
     5009.5500      1.627931e+14      1.636715e+14      0.994634
     5009.5600      1.628139e+14      1.636711e+14      0.994763
     5009.5700      1.628325e+14      1.636707e+14      0.994879
     5009.5800      1.628495e+14      1.636703e+14      0.994985
     5009.5900      1.628651e+14      1.636699e+14      0.995083
     5009.6000      1.628796e+14      1.636695e+14      0.995174
     5009.6100      1.629199e+14      1.636691e+14      0.995422
     5009.6200      1.629300e+14      1.636687e+14      0.995487
     5009.6300      1.629400e+14      1.636683e+14      0.995550
     5009.6400      1.629496e+14      1.636680e+14      0.995611
     5009.6500      1.629589e+14      1.636676e+14      0.995670
     5009.6600      1.629680e+14      1.636672e+14      0.995728
     5009.6700      1.629768e+14      1.636668e+14      0.995784
     5009.6800      1.629854e+14      1.636664e+14      0.995839
     5009.6900      1.629938e+14      1.636660e+14      0.995893
     5009.7000      1.630019e+14      1.636656e+14      0.995945
     5009.7100      1.630098e+14      1.636652e+14      0.995995
     5009.7200      1.630175e+14      1.636649e+14      0.996045
     5009.7300      1.630250e+14      1.636645e+14      0.996093
     5009.7400      1.630323e+14      1.636641e+14      0.996140
     5009.7500      1.630394e+14      1.636637e+14      0.996186
     5009.7600      1.630463e+14      1.636633e+14      0.996230
     5009.7700      1.630531e+14      1.636629e+14      0.996274
     5009.7800      1.630596e+14      1.636625e+14      0.996316
     5009.7900      1.630660e+14      1.636621e+14      0.996357
     5009.8000      1.630722e+14      1.636617e+14      0.996398
     5009.8100      1.630454e+14      1.636614e+14      0.996237
     5009.8200      1.630482e+14      1.636610e+14      0.996256
     5009.8300      1.630503e+14      1.636606e+14      0.996271
     5009.8400      1.630518e+14      1.636602e+14      0.996282
     5009.8500      1.630523e+14      1.636598e+14      0.996288
     5009.8600      1.630519e+14      1.636594e+14      0.996288
     5009.8700      1.630502e+14      1.636590e+14      0.996280
     5009.8800      1.630470e+14      1.636586e+14      0.996262
     5009.8900      1.630418e+14      1.636583e+14      0.996233
     5009.9000      1.630340e+14      1.636579e+14      0.996188
     5009.9100      1.630228e+14      1.636575e+14      0.996122
     5009.9200      1.630066e+14      1.636571e+14      0.996025
     5009.9300      1.629839e+14      1.636567e+14      0.995889
     5009.9400      1.629511e+14      1.636563e+14      0.995691
     5009.9500      1.628993e+14      1.636559e+14      0.995377
     5009.9600      1.627963e+14      1.636555e+14      0.994749
     5009.9700      1.624411e+14      1.636552e+14      0.992582
     5009.9800      1.606393e+14      1.636548e+14      0.981574
     5009.9900      1.525885e+14      1.636544e+14      0.932382
     5010.0000      1.290297e+14      1.636540e+14      0.788430
     5010.0100      9.278624e+13      1.636528e+14      0.566970
     5010.0200      6.534222e+13      1.636517e+14      0.399276
     5010.0300      5.292312e+13      1.636506e+14      0.323391
     5010.0400      5.017708e+13      1.636494e+14      0.306613
     5010.0500      5.521555e+13      1.636483e+14      0.337404
     5010.0600      7.135044e+13      1.636471e+14      0.436002
     5010.0700      1.029728e+14      1.636460e+14      0.629241
     5010.0800      1.375479e+14      1.636449e+14      0.840527
     5010.0900      1.560087e+14      1.636437e+14      0.953343
     5010.1000      1.614779e+14      1.636426e+14      0.986772
     5010.1100      1.626119e+14      1.636414e+14      0.993709
     5010.1200      1.628136e+14      1.636403e+14      0.994948
     5010.1300      1.626877e+14      1.636392e+14      0.994185
     5010.1400      1.618032e+14      1.636380e+14      0.988787
     5010.1500      1.588509e+14      1.636369e+14      0.970752
     5010.1600      1.523782e+14      1.636357e+14      0.931204
     5010.1700      1.433804e+14      1.636346e+14      0.876223
     5010.1800      1.364043e+14      1.636335e+14      0.833597
     5010.1900      1.358905e+14      1.636323e+14      0.830463
     5010.2000      1.421853e+14      1.636312e+14      0.868938
     5010.2100      1.512575e+14      1.636300e+14      0.924387
     5010.2200      1.582710e+14      1.636289e+14      0.967256
     5010.2300      1.616944e+14      1.636278e+14      0.988184
     5010.2400      1.628256e+14      1.636266e+14      0.995105
     5010.2500      1.630979e+14      1.636255e+14      0.996776
     5010.2600      1.631538e+14      1.636243e+14      0.997124
     5010.2700      1.631692e+14      1.636232e+14      0.997226
     5010.2800      1.632068e+14      1.636221e+14      0.997462
     5010.2900      1.632105e+14      1.636209e+14      0.997492
     5010.3000      1.632221e+14      1.636198e+14      0.997569
     5010.3100      1.632229e+14      1.636186e+14      0.997581
     5010.3200      1.632236e+14      1.636175e+14      0.997592
     5010.3300      1.632242e+14      1.636164e+14      0.997603
     5010.3400      1.632248e+14      1.636152e+14      0.997614
     5010.3500      1.632254e+14      1.636141e+14      0.997624
     5010.3600      1.632259e+14      1.636129e+14      0.997634
     5010.3700      1.632263e+14      1.636118e+14      0.997644
     5010.3800      1.632575e+14      1.636107e+14      0.997842
     5010.3900      1.632575e+14      1.636095e+14      0.997848
     5010.4000      1.632574e+14      1.636084e+14      0.997855
     5010.4100      1.632572e+14      1.636072e+14      0.997861
     5010.4200      1.632570e+14      1.636061e+14      0.997866
     5010.4300      1.632568e+14      1.636050e+14      0.997872
     5010.4400      1.632564e+14      1.636038e+14      0.997877
     5010.4500      1.632561e+14      1.636027e+14      0.997881
     5010.4600      1.632556e+14      1.636015e+14      0.997886
     5010.4700      1.632551e+14      1.636004e+14      0.997889
     5010.4800      1.632546e+14      1.635993e+14      0.997893
     5010.4900      1.632539e+14      1.635981e+14      0.997896
     5010.5000      1.632402e+14      1.635970e+14      0.997819
     5010.5100      1.632019e+14      1.635959e+14      0.997592
     5010.5200      1.629432e+14      1.635947e+14      0.996017
     5010.5300      1.615856e+14      1.635936e+14      0.987726
     5010.5400      1.565741e+14      1.635924e+14      0.957099
     5010.5500      1.444530e+14      1.635913e+14      0.883012
     5010.5600      1.265667e+14      1.635902e+14      0.773681
     5010.5700      1.114253e+14      1.635890e+14      0.681130
     5010.5800      1.064412e+14      1.635879e+14      0.650667
     5010.5900      1.135382e+14      1.635867e+14      0.694055
     5010.6000      1.298724e+14      1.635856e+14      0.793911
     5010.6100      1.472093e+14      1.635845e+14      0.899898
     5010.6200      1.579086e+14      1.635833e+14      0.965310
     5010.6300      1.619835e+14      1.635822e+14      0.990227
     5010.6400      1.630122e+14      1.635810e+14      0.996523
     5010.6500      1.631952e+14      1.635799e+14      0.997648
     5010.6600      1.632303e+14      1.635788e+14      0.997870
     5010.6700      1.632277e+14      1.635776e+14      0.997861
     5010.6800      1.632250e+14      1.635765e+14      0.997851
     5010.6900      1.632221e+14      1.635754e+14      0.997840
     5010.7000      1.632189e+14      1.635742e+14      0.997828
     5010.7100      1.631893e+14      1.635731e+14      0.997654
     5010.7200      1.630845e+14      1.635719e+14      0.997020
     5010.7300      1.626454e+14      1.635708e+14      0.994343
     5010.7400      1.612054e+14      1.635697e+14      0.985546
     5010.7500      1.572825e+14      1.635685e+14      0.961569
     5010.7600      1.489577e+14      1.635674e+14      0.910681
     5010.7700      1.355716e+14      1.635662e+14      0.828848
     5010.7800      1.197801e+14      1.635651e+14      0.732309
     5010.7900      1.059641e+14      1.635640e+14      0.647845
     5010.8000      9.656115e+13      1.635628e+14      0.590361
     5010.8100      9.143892e+13      1.635617e+14      0.559048
     5010.8200      8.967790e+13      1.635605e+14      0.548286
     5010.8300      9.106706e+13      1.635594e+14      0.556783
     5010.8400      9.670825e+13      1.635583e+14      0.591277
     5010.8500      1.082097e+14      1.635571e+14      0.661602
     5010.8600      1.247586e+14      1.635560e+14      0.762788
     5010.8700      1.400274e+14      1.635549e+14      0.856149
     5010.8800      1.460297e+14      1.635537e+14      0.892854
     5010.8900      1.411762e+14      1.635526e+14      0.863185
     5010.9000      1.303909e+14      1.635514e+14      0.797247
     5010.9100      1.197892e+14      1.635503e+14      0.732430
     5010.9200      1.131975e+14      1.635492e+14      0.692131
     5010.9300      1.119884e+14      1.635480e+14      0.684743
     5010.9400      1.163238e+14      1.635469e+14      0.711256
     5010.9500      1.255239e+14      1.635458e+14      0.767515
     5010.9600      1.371525e+14      1.635446e+14      0.838625
     5010.9700      1.448031e+14      1.635435e+14      0.885410
     5010.9800      1.271741e+14      1.635423e+14      0.777622
     5010.9900      5.584494e+13      1.635412e+14      0.341473
     5011.0000      1.449866e+13      1.635401e+14      0.088655
     5011.0100      6.407693e+12      1.635392e+14      0.039181
     5011.0200      4.340485e+12      1.635383e+14      0.026541
     5011.0300      3.807252e+12      1.635375e+14      0.023281
     5011.0400      3.673286e+12      1.635366e+14      0.022462
     5011.0500      3.723519e+12      1.635358e+14      0.022769
     5011.0600      4.033161e+12      1.635349e+14      0.024662
     5011.0700      5.186058e+12      1.635340e+14      0.031712
     5011.0800      9.800646e+12      1.635332e+14      0.059931
     5011.0900      3.020030e+13      1.635323e+14      0.184675
     5011.1000      1.042133e+14      1.635315e+14      0.637268
     5011.1100      1.517742e+14      1.635306e+14      0.928109
     5011.1200      1.610352e+14      1.635297e+14      0.984745
     5011.1300      1.622073e+14      1.635289e+14      0.991919
     5011.1400      1.622386e+14      1.635280e+14      0.992115
     5011.1500      1.612332e+14      1.635272e+14      0.985972
     5011.1600      1.565445e+14      1.635263e+14      0.957305
     5011.1700      1.426807e+14      1.635254e+14      0.872529
     5011.1800      1.177694e+14      1.635246e+14      0.720194
     5011.1900      9.217262e+13      1.635237e+14      0.563665
     5011.2000      7.770770e+13      1.635229e+14      0.475210
     5011.2100      7.729333e+13      1.635220e+14      0.472678
     5011.2200      9.094932e+13      1.635212e+14      0.556193
     5011.2300      1.161535e+14      1.635203e+14      0.710331
     5011.2400      1.415702e+14      1.635194e+14      0.865770
     5011.2500      1.562275e+14      1.635186e+14      0.955411
     5011.2600      1.613882e+14      1.635177e+14      0.986977
     5011.2700      1.626290e+14      1.635169e+14      0.994570
     5011.2800      1.628633e+14      1.635160e+14      0.996008
     5011.2900      1.629079e+14      1.635151e+14      0.996286
     5011.3000      1.629153e+14      1.635143e+14      0.996337
     5011.3100      1.629070e+14      1.635134e+14      0.996291
     5011.3200      1.628852e+14      1.635126e+14      0.996163
     5011.3300      1.628438e+14      1.635117e+14      0.995915
     5011.3400      1.627543e+14      1.635108e+14      0.995373
     5011.3500      1.624157e+14      1.635100e+14      0.993307
     5011.3600      1.604730e+14      1.635091e+14      0.981432
     5011.3700      1.508420e+14      1.635083e+14      0.922535
     5011.3800      1.215735e+14      1.635074e+14      0.743535
     5011.3900      8.032502e+13      1.635065e+14      0.491265
     5011.4000      5.428938e+13      1.635057e+14      0.332034
     5011.4100      4.354685e+13      1.635048e+14      0.266334
     5011.4200      4.064180e+13      1.635040e+14      0.248568
     5011.4300      4.342724e+13      1.635031e+14      0.265605
     5011.4400      5.395749e+13      1.635022e+14      0.330011
     5011.4500      7.959522e+13      1.635014e+14      0.486817
     5011.4600      1.207330e+14      1.635005e+14      0.738426
     5011.4700      1.504129e+14      1.634997e+14      0.919958
     5011.4800      1.602936e+14      1.634988e+14      0.980396
     5011.4900      1.622873e+14      1.634980e+14      0.992595
     5011.5000      1.625989e+14      1.634971e+14      0.994507
     5011.5100      1.625739e+14      1.634962e+14      0.994359
     5011.5200      1.621370e+14      1.634954e+14      0.991691
     5011.5300      1.605239e+14      1.634945e+14      0.981831
     5011.5400      1.563637e+14      1.634937e+14      0.956390
     5011.5500      1.483797e+14      1.634928e+14      0.907561
     5011.5600      1.359426e+14      1.634919e+14      0.831494
     5011.5700      1.193452e+14      1.634911e+14      0.729980
     5011.5800      1.016798e+14      1.634902e+14      0.621932
     5011.5900      8.736523e+13      1.634894e+14      0.534379
     5011.6000      7.920844e+13      1.634885e+14      0.484489
     5011.6100      7.812491e+13      1.634876e+14      0.477864
     5011.6200      8.266446e+13      1.634868e+14      0.505634
     5011.6300      8.432535e+13      1.634859e+14      0.515796
     5011.6400      7.127142e+13      1.634851e+14      0.435951
     5011.6500      5.491267e+13      1.634842e+14      0.335890
     5011.6600      4.684299e+13      1.634834e+14      0.286531
     5011.6700      4.568170e+13      1.634825e+14      0.279429
     5011.6800      5.068762e+13      1.634816e+14      0.310051
     5011.6900      6.442933e+13      1.634808e+14      0.394110
     5011.7000      8.821118e+13      1.634799e+14      0.539584
     5011.7100      1.031160e+14      1.634791e+14      0.630759
     5011.7200      8.912738e+13      1.634782e+14      0.545194
     5011.7300      6.668899e+13      1.634773e+14      0.407940
     5011.7400      5.502130e+13      1.634765e+14      0.336570
     5011.7500      5.483632e+13      1.634756e+14      0.335440
     5011.7600      6.665161e+13      1.634748e+14      0.407718
     5011.7700      9.389804e+13      1.634739e+14      0.574392
     5011.7800      1.288132e+14      1.634731e+14      0.787978
     5011.7900      1.520387e+14      1.634722e+14      0.930059
     5011.8000      1.604766e+14      1.634713e+14      0.981681
     5011.8100      1.624460e+14      1.634705e+14      0.993733
     5011.8200      1.627867e+14      1.634696e+14      0.995822
     5011.8300      1.628535e+14      1.634688e+14      0.996236
     5011.8400      1.628886e+14      1.634679e+14      0.996456
     5011.8500      1.629034e+14      1.634670e+14      0.996552
     5011.8600      1.629135e+14      1.634662e+14      0.996619
     5011.8700      1.629207e+14      1.634653e+14      0.996668
     5011.8800      1.629256e+14      1.634645e+14      0.996703
     5011.8900      1.629287e+14      1.634636e+14      0.996727
     5011.9000      1.629304e+14      1.634628e+14      0.996743
     5011.9100      1.629477e+14      1.634619e+14      0.996854
     5011.9200      1.629455e+14      1.634610e+14      0.996846
     5011.9300      1.629430e+14      1.634602e+14      0.996836
     5011.9400      1.629692e+14      1.634593e+14      0.997002
     5011.9500      1.629639e+14      1.634585e+14      0.996974
     5011.9600      1.629585e+14      1.634576e+14      0.996947
     5011.9700      1.629202e+14      1.634567e+14      0.996718
     5011.9800      1.629127e+14      1.634559e+14      0.996677
     5011.9900      1.629049e+14      1.634550e+14      0.996635
     5012.0000      1.628968e+14      1.634542e+14      0.996590
     5012.0100      1.628903e+14      1.634552e+14      0.996544
     5012.0200      1.628835e+14      1.634563e+14      0.996496
     5012.0300      1.628763e+14      1.634574e+14      0.996445
     5012.0400      1.628686e+14      1.634584e+14      0.996391
     5012.0500      1.628604e+14      1.634595e+14      0.996335
     5012.0600      1.628517e+14      1.634605e+14      0.996276
     5012.0700      1.628425e+14      1.634616e+14      0.996212
     5012.0800      1.628325e+14      1.634627e+14      0.996145
     5012.0900      1.628218e+14      1.634637e+14      0.996073
     5012.1000      1.627778e+14      1.634648e+14      0.995797
     5012.1100      1.627621e+14      1.634659e+14      0.995695
     5012.1200      1.627448e+14      1.634669e+14      0.995583
     5012.1300      1.627256e+14      1.634680e+14      0.995458
     5012.1400      1.627040e+14      1.634690e+14      0.995320
     5012.1500      1.626795e+14      1.634701e+14      0.995164
     5012.1600      1.626516e+14      1.634712e+14      0.994986
     5012.1700      1.626192e+14      1.634722e+14      0.994782
     5012.1800      1.625814e+14      1.634733e+14      0.994544
     5012.1900      1.625363e+14      1.634744e+14      0.994262
     5012.2000      1.624817e+14      1.634754e+14      0.993921
     5012.2100      1.624142e+14      1.634765e+14      0.993502
     5012.2200      1.623042e+14      1.634776e+14      0.992823
     5012.2300      1.621865e+14      1.634786e+14      0.992096
     5012.2400      1.620253e+14      1.634797e+14      0.991104
     5012.2500      1.617257e+14      1.634807e+14      0.989265
     5012.2600      1.610138e+14      1.634818e+14      0.984904
     5012.2700      1.578811e+14      1.634829e+14      0.965735
     5012.2800      1.438436e+14      1.634839e+14      0.879864
     5012.2900      1.053643e+14      1.634850e+14      0.644489
     5012.3000      6.230580e+13      1.634861e+14      0.381108
     5012.3100      4.112148e+13      1.634871e+14      0.251527
     5012.3200      3.231430e+13      1.634882e+14      0.197655
     5012.3300      2.872733e+13      1.634892e+14      0.175714
     5012.3400      2.835223e+13      1.634903e+14      0.173418
     5012.3500      3.106387e+13      1.634914e+14      0.190003
     5012.3600      3.839767e+13      1.634924e+14      0.234859
     5012.3700      5.631753e+13      1.634935e+14      0.344463
     5012.3800      9.693766e+13      1.634946e+14      0.592911
     5012.3900      1.401140e+14      1.634956e+14      0.856989
     5012.4000      1.570902e+14      1.634967e+14      0.960816
     5012.4100      1.607509e+14      1.634978e+14      0.983199
     5012.4200      1.615026e+14      1.634988e+14      0.987791
     5012.4300      1.617723e+14      1.634999e+14      0.989434
     5012.4400      1.619456e+14      1.635009e+14      0.990488
     5012.4500      1.620460e+14      1.635020e+14      0.991095
     5012.4600      1.621175e+14      1.635031e+14      0.991526
     5012.4700      1.621676e+14      1.635041e+14      0.991826
     5012.4800      1.622025e+14      1.635052e+14      0.992033
     5012.4900      1.622266e+14      1.635063e+14      0.992174
     5012.5000      1.622424e+14      1.635073e+14      0.992264
     5012.5100      1.622518e+14      1.635084e+14      0.992315
     5012.5200      1.622559e+14      1.635094e+14      0.992333
     5012.5300      1.622558e+14      1.635105e+14      0.992326
     5012.5400      1.622521e+14      1.635116e+14      0.992298
     5012.5500      1.622455e+14      1.635126e+14      0.992250
     5012.5600      1.622361e+14      1.635137e+14      0.992187
     5012.5700      1.622547e+14      1.635148e+14      0.992294
     5012.5800      1.622384e+14      1.635158e+14      0.992188
     5012.5900      1.622206e+14      1.635169e+14      0.992072
     5012.6000      1.622011e+14      1.635179e+14      0.991947
     5012.6100      1.621801e+14      1.635190e+14      0.991812
     5012.6200      1.621576e+14      1.635201e+14      0.991668
     5012.6300      1.621337e+14      1.635211e+14      0.991516
     5012.6400      1.621084e+14      1.635222e+14      0.991354
     5012.6500      1.620816e+14      1.635233e+14      0.991184
     5012.6600      1.620534e+14      1.635243e+14      0.991005
     5012.6700      1.620257e+14      1.635254e+14      0.990829
     5012.6800      1.619944e+14      1.635265e+14      0.990631
     5012.6900      1.619616e+14      1.635275e+14      0.990424
     5012.7000      1.619273e+14      1.635286e+14      0.990208
     5012.7100      1.618912e+14      1.635296e+14      0.989981
     5012.7200      1.618839e+14      1.635307e+14      0.989929
     5012.7300      1.618428e+14      1.635318e+14      0.989672
     5012.7400      1.618000e+14      1.635328e+14      0.989404
     5012.7500      1.617556e+14      1.635339e+14      0.989126
     5012.7600      1.617090e+14      1.635350e+14      0.988834
     5012.7700      1.616603e+14      1.635360e+14      0.988530
     5012.7800      1.616095e+14      1.635371e+14      0.988213
     5012.7900      1.615563e+14      1.635381e+14      0.987882
     5012.8000      1.615007e+14      1.635392e+14      0.987535
     5012.8100      1.614426e+14      1.635403e+14      0.987173
     5012.8200      1.613816e+14      1.635413e+14      0.986794
     5012.8300      1.613178e+14      1.635424e+14      0.986397
     5012.8400      1.612508e+14      1.635435e+14      0.985982
     5012.8500      1.611806e+14      1.635445e+14      0.985546
     5012.8600      1.611068e+14      1.635456e+14      0.985088
     5012.8700      1.610293e+14      1.635467e+14      0.984608
     5012.8800      1.609477e+14      1.635477e+14      0.984102
     5012.8900      1.608619e+14      1.635488e+14      0.983571
     5012.9000      1.607714e+14      1.635498e+14      0.983012
     5012.9100      1.606761e+14      1.635509e+14      0.982422
     5012.9200      1.605754e+14      1.635520e+14      0.981801
     5012.9300      1.604692e+14      1.635530e+14      0.981144
     5012.9400      1.603568e+14      1.635541e+14      0.980451
     5012.9500      1.602072e+14      1.635552e+14      0.979530
     5012.9600      1.600802e+14      1.635562e+14      0.978747
     5012.9700      1.599455e+14      1.635573e+14      0.977917
     5012.9800      1.598024e+14      1.635583e+14      0.977036
     5012.9900      1.596427e+14      1.635594e+14      0.976053
     5013.0000      1.594647e+14      1.635605e+14      0.974959
     5013.0100      1.591250e+14      1.635622e+14      0.972871
     5013.0200      1.577000e+14      1.635639e+14      0.964149
     5013.0300      1.520826e+14      1.635657e+14      0.929795
     5013.0400      1.392221e+14      1.635674e+14      0.851161
     5013.0500      1.249483e+14      1.635691e+14      0.763887
     5013.0600      1.207103e+14      1.635708e+14      0.737970
     5013.0700      1.298719e+14      1.635726e+14      0.793971
     5013.0800      1.444402e+14      1.635743e+14      0.883025
     5013.0900      1.536748e+14      1.635760e+14      0.939470
     5013.1000      1.563830e+14      1.635777e+14      0.956017
     5013.1100      1.561132e+14      1.635795e+14      0.954357
     5013.1200      1.526266e+14      1.635812e+14      0.933033
     5013.1300      1.400620e+14      1.635829e+14      0.856214
     5013.1400      1.164320e+14      1.635846e+14      0.711754
     5013.1500      9.614406e+13      1.635864e+14      0.587727
     5013.1600      9.219268e+13      1.635881e+14      0.563566
     5013.1700      1.061045e+14      1.635898e+14      0.648601
     5013.1800      1.294808e+14      1.635915e+14      0.791488
     5013.1900      1.456458e+14      1.635933e+14      0.890292
     5013.2000      1.504864e+14      1.635950e+14      0.919872
     5013.2100      1.506107e+14      1.635967e+14      0.920621
     5013.2200      1.497298e+14      1.635985e+14      0.915228
     5013.2300      1.486251e+14      1.636002e+14      0.908466
     5013.2400      1.473702e+14      1.636019e+14      0.900786
     5013.2500      1.459493e+14      1.636036e+14      0.892091
     5013.2600      1.443349e+14      1.636054e+14      0.882214
     5013.2700      1.424999e+14      1.636071e+14      0.870988
     5013.2800      1.403853e+14      1.636088e+14      0.858055
     5013.2900      1.379477e+14      1.636105e+14      0.843147
     5013.3000      1.351217e+14      1.636123e+14      0.825866
     5013.3100      1.318029e+14      1.636140e+14      0.805572
     5013.3200      1.279367e+14      1.636157e+14      0.781934
     5013.3300      1.233740e+14      1.636174e+14      0.754039
     5013.3400      1.179567e+14      1.636192e+14      0.720922
     5013.3500      1.113867e+14      1.636209e+14      0.680761
     5013.3600      1.036596e+14      1.636226e+14      0.633529
     5013.3700      9.432819e+13      1.636244e+14      0.576492
     5013.3800      8.106554e+13      1.636261e+14      0.495432
     5013.3900      5.269083e+13      1.636278e+14      0.322016
     5013.4000      2.275642e+13      1.636295e+14      0.139073
     5013.4100      9.683911e+12      1.636313e+14      0.059181
     5013.4200      4.853688e+12      1.636330e+14      0.029662
     5013.4300      3.648201e+12      1.636347e+14      0.022295
     5013.4400      3.377313e+12      1.636364e+14      0.020639
     5013.4500      3.310089e+12      1.636382e+14      0.020228
     5013.4600      3.291690e+12      1.636399e+14      0.020115
     5013.4700      3.290769e+12      1.636416e+14      0.020110
     5013.4800      3.305945e+12      1.636433e+14      0.020202
     5013.4900      3.362018e+12      1.636451e+14      0.020545
     5013.5000      3.582940e+12      1.636468e+14      0.021894
     5013.5100      4.561824e+12      1.636485e+14      0.027876
     5013.5200      8.596584e+12      1.636503e+14      0.052530
     5013.5300      1.919167e+13      1.636520e+14      0.117271
     5013.5400      2.563503e+13      1.636537e+14      0.156642
     5013.5500      2.482942e+13      1.636554e+14      0.151718
     5013.5600      2.514847e+13      1.636572e+14      0.153666
     5013.5700      2.788217e+13      1.636589e+14      0.170368
     5013.5800      3.423561e+13      1.636606e+14      0.209187
     5013.5900      4.846321e+13      1.636623e+14      0.296117
     5013.6000      7.936002e+13      1.636641e+14      0.484896
     5013.6100      1.120036e+14      1.636658e+14      0.684343
     5013.6200      1.267908e+14      1.636675e+14      0.774685
     5013.6300      1.325913e+14      1.636693e+14      0.810117
     5013.6400      1.360846e+14      1.636710e+14      0.831452
     5013.6500      1.388325e+14      1.636727e+14      0.848232
     5013.6600      1.411389e+14      1.636744e+14      0.862315
     5013.6700      1.431094e+14      1.636762e+14      0.874345
     5013.6800      1.448072e+14      1.636779e+14      0.884709
     5013.6900      1.462704e+14      1.636796e+14      0.893638
     5013.7000      1.475325e+14      1.636813e+14      0.901340
     5013.7100      1.486166e+14      1.636831e+14      0.907953
     5013.7200      1.495358e+14      1.636848e+14      0.913559
     5013.7300      1.502966e+14      1.636865e+14      0.918198
     5013.7400      1.508957e+14      1.636883e+14      0.921848
     5013.7500      1.512898e+14      1.636900e+14      0.924246
     5013.7600      1.512821e+14      1.636917e+14      0.924189
     5013.7700      1.495232e+14      1.636934e+14      0.913434
     5013.7800      1.382022e+14      1.636952e+14      0.844266
     5013.7900      9.932740e+13      1.636969e+14      0.606776
     5013.8000      5.456777e+13      1.636986e+14      0.333343
     5013.8100      3.501049e+13      1.637003e+14      0.213869
     5013.8200      2.691190e+13      1.637021e+14      0.164396
     5013.8300      2.317156e+13      1.637038e+14      0.141546
     5013.8400      2.207281e+13      1.637055e+14      0.134832
     5013.8500      2.328960e+13      1.637073e+14      0.142264
     5013.8600      2.720511e+13      1.637090e+14      0.166180
     5013.8700      3.570804e+13      1.637107e+14      0.218117
     5013.8800      5.650563e+13      1.637124e+14      0.345152
     5013.8900      1.032783e+14      1.637142e+14      0.630845
     5013.9000      1.425403e+14      1.637159e+14      0.870656
     5013.9100      1.542576e+14      1.637176e+14      0.942218
     5013.9200      1.567772e+14      1.637194e+14      0.957597
     5013.9300      1.576620e+14      1.637211e+14      0.962992
     5013.9400      1.582073e+14      1.637228e+14      0.966312
     5013.9500      1.586154e+14      1.637245e+14      0.968795
     5013.9600      1.589450e+14      1.637263e+14      0.970797
     5013.9700      1.592154e+14      1.637280e+14      0.972439
     5013.9800      1.594364e+14      1.637297e+14      0.973778
     5013.9900      1.596205e+14      1.637314e+14      0.974892
     5014.0000      1.597667e+14      1.637332e+14      0.975775
     5014.0100      1.598642e+14      1.637347e+14      0.976362
     5014.0200      1.598434e+14      1.637362e+14      0.976225
     5014.0300      1.592511e+14      1.637377e+14      0.972599
     5014.0400      1.558634e+14      1.637392e+14      0.951901
     5014.0500      1.431718e+14      1.637406e+14      0.874382
     5014.0600      1.149070e+14      1.637421e+14      0.701756
     5014.0700      8.235152e+13      1.637436e+14      0.502930
     5014.0800      6.228228e+13      1.637451e+14      0.380361
     5014.0900      5.506738e+13      1.637466e+14      0.336296
     5014.1000      5.724264e+13      1.637481e+14      0.349577
     5014.1100      7.006215e+13      1.637496e+14      0.427861
     5014.1200      9.700208e+13      1.637511e+14      0.592375
     5014.1300      1.290270e+14      1.637526e+14      0.787939
     5014.1400      1.468887e+14      1.637541e+14      0.897008
     5014.1500      1.506722e+14      1.637556e+14      0.920104
     5014.1600      1.508465e+14      1.637571e+14      0.921160
     5014.1700      1.526552e+14      1.637586e+14      0.932197
     5014.1800      1.560033e+14      1.637601e+14      0.952633
     5014.1900      1.590647e+14      1.637616e+14      0.971319
     5014.2000      1.608533e+14      1.637631e+14      0.982232
     5014.2100      1.615608e+14      1.637646e+14      0.986543
     5014.2200      1.617957e+14      1.637661e+14      0.987968
     5014.2300      1.618875e+14      1.637675e+14      0.988520
     5014.2400      1.619552e+14      1.637690e+14      0.988924
     5014.2500      1.620007e+14      1.637705e+14      0.989193
     5014.2600      1.620425e+14      1.637720e+14      0.989439
     5014.2700      1.620586e+14      1.637735e+14      0.989529
     5014.2800      1.620926e+14      1.637750e+14      0.989727
     5014.2900      1.621258e+14      1.637765e+14      0.989921
     5014.3000      1.621550e+14      1.637780e+14      0.990090
     5014.3100      1.621837e+14      1.637795e+14      0.990256
     5014.3200      1.622104e+14      1.637810e+14      0.990410
     5014.3300      1.622351e+14      1.637825e+14      0.990552
     5014.3400      1.622853e+14      1.637840e+14      0.990849
     5014.3500      1.623041e+14      1.637855e+14      0.990955
     5014.3600      1.623214e+14      1.637870e+14      0.991052
     5014.3700      1.623370e+14      1.637885e+14      0.991138
     5014.3800      1.623828e+14      1.637900e+14      0.991409
     5014.3900      1.623938e+14      1.637915e+14      0.991467
     5014.4000      1.624031e+14      1.637930e+14      0.991514
     5014.4100      1.624104e+14      1.637945e+14      0.991550
     5014.4200      1.624156e+14      1.637959e+14      0.991573
     5014.4300      1.624186e+14      1.637974e+14      0.991582
     5014.4400      1.624191e+14      1.637989e+14      0.991576
     5014.4500      1.624168e+14      1.638004e+14      0.991553
     5014.4600      1.624113e+14      1.638019e+14      0.991510
     5014.4700      1.624022e+14      1.638034e+14      0.991445
     5014.4800      1.623888e+14      1.638049e+14      0.991355
     5014.4900      1.623704e+14      1.638064e+14      0.991233
     5014.5000      1.623460e+14      1.638079e+14      0.991076
     5014.5100      1.622895e+14      1.638094e+14      0.990722
     5014.5200      1.622479e+14      1.638109e+14      0.990459
     5014.5300      1.621948e+14      1.638124e+14      0.990126
     5014.5400      1.621270e+14      1.638139e+14      0.989703
     5014.5500      1.620397e+14      1.638154e+14      0.989161
     5014.5600      1.619246e+14      1.638169e+14      0.988449
     5014.5700      1.617740e+14      1.638184e+14      0.987521
     5014.5800      1.615697e+14      1.638199e+14      0.986265
     5014.5900      1.612614e+14      1.638214e+14      0.984373
     5014.6000      1.606085e+14      1.638229e+14      0.980379
     5014.6100      1.578598e+14      1.638244e+14      0.963592
     5014.6200      1.432600e+14      1.638258e+14      0.874465
     5014.6300      9.401333e+13      1.638273e+14      0.573856
     5014.6400      3.869908e+13      1.638288e+14      0.236217
     5014.6500      2.043819e+13      1.638303e+14      0.124752
     5014.6600      1.353522e+13      1.638318e+14      0.082617
     5014.6700      1.033705e+13      1.638333e+14      0.063095
     5014.6800      9.279992e+12      1.638348e+14      0.056642
     5014.6900      9.681866e+12      1.638363e+14      0.059095
     5014.7000      1.133059e+13      1.638378e+14      0.069157
     5014.7100      1.397646e+13      1.638393e+14      0.085306
     5014.7200      1.745999e+13      1.638408e+14      0.106567
     5014.7300      2.263006e+13      1.638423e+14      0.138121
     5014.7400      3.261510e+13      1.638438e+14      0.199062
     5014.7500      6.007279e+13      1.638453e+14      0.366643
     5014.7600      1.108070e+14      1.638468e+14      0.676284
     5014.7700      1.458766e+14      1.638483e+14      0.890315
     5014.7800      1.575342e+14      1.638498e+14      0.961455
     5014.7900      1.604218e+14      1.638513e+14      0.979070
     5014.8000      1.612300e+14      1.638528e+14      0.983993
     5014.8100      1.615807e+14      1.638543e+14      0.986125
     5014.8200      1.617760e+14      1.638558e+14      0.987307
     5014.8300      1.619143e+14      1.638572e+14      0.988142
     5014.8400      1.620310e+14      1.638587e+14      0.988846
     5014.8500      1.621042e+14      1.638602e+14      0.989283
     5014.8600      1.621542e+14      1.638617e+14      0.989579
     5014.8700      1.621908e+14      1.638632e+14      0.989794
     5014.8800      1.622118e+14      1.638647e+14      0.989913
     5014.8900      1.622094e+14      1.638662e+14      0.989889
     5014.9000      1.621496e+14      1.638677e+14      0.989515
     5014.9100      1.619353e+14      1.638692e+14      0.988199
     5014.9200      1.613881e+14      1.638707e+14      0.984850
     5014.9300      1.603566e+14      1.638722e+14      0.978546
     5014.9400      1.589862e+14      1.638737e+14      0.970175
     5014.9500      1.578549e+14      1.638752e+14      0.963263
     5014.9600      1.576029e+14      1.638767e+14      0.961716
     5014.9700      1.583367e+14      1.638782e+14      0.966185
     5014.9800      1.595119e+14      1.638797e+14      0.973348
     5014.9900      1.604303e+14      1.638812e+14      0.978943
     5015.0000      1.606942e+14      1.638827e+14      0.980544
     5015.0100      1.597558e+14      1.638831e+14      0.974816
     5015.0200      1.543493e+14      1.638835e+14      0.941823
     5015.0300      1.335720e+14      1.638838e+14      0.815041
     5015.0400      9.192233e+13      1.638842e+14      0.560898
     5015.0500      5.471894e+13      1.638846e+14      0.333887
     5015.0600      3.558308e+13      1.638850e+14      0.217122
     5015.0700      2.734181e+13      1.638854e+14      0.166835
     5015.0800      2.413925e+13      1.638858e+14      0.147293
     5015.0900      2.416904e+13      1.638862e+14      0.147475
     5015.1000      2.744435e+13      1.638866e+14      0.167459
     5015.1100      3.579833e+13      1.638870e+14      0.218433
     5015.1200      5.446409e+13      1.638874e+14      0.332326
     5015.1300      8.293211e+13      1.638878e+14      0.506030
     5015.1400      9.724508e+13      1.638881e+14      0.593363
     5015.1500      9.393968e+13      1.638885e+14      0.573192
     5015.1600      8.936545e+13      1.638889e+14      0.545281
     5015.1700      8.892963e+13      1.638893e+14      0.542620
     5015.1800      9.345280e+13      1.638897e+14      0.570218
     5015.1900      1.036129e+14      1.638901e+14      0.632209
     5015.2000      1.188410e+14      1.638905e+14      0.725125
     5015.2100      1.343688e+14      1.638909e+14      0.819867
     5015.2200      1.426600e+14      1.638913e+14      0.870455
     5015.2300      1.402811e+14      1.638917e+14      0.855938
     5015.2400      1.305382e+14      1.638921e+14      0.796489
     5015.2500      1.195977e+14      1.638924e+14      0.729733
     5015.2600      1.120155e+14      1.638928e+14      0.683468
     5015.2700      1.096116e+14      1.638932e+14      0.668799
     5015.2800      1.127091e+14      1.638936e+14      0.687697
     5015.2900      1.209489e+14      1.638940e+14      0.737970
     5015.3000      1.326453e+14      1.638944e+14      0.809334
     5015.3100      1.443903e+14      1.638948e+14      0.880994
     5015.3200      1.529359e+14      1.638952e+14      0.933132
     5015.3300      1.574933e+14      1.638956e+14      0.960937
     5015.3400      1.592785e+14      1.638960e+14      0.971827
     5015.3500      1.597242e+14      1.638964e+14      0.974544
     5015.3600      1.596666e+14      1.638967e+14      0.974190
     5015.3700      1.594516e+14      1.638971e+14      0.972876
     5015.3800      1.591213e+14      1.638975e+14      0.970858
     5015.3900      1.587802e+14      1.638979e+14      0.968775
     5015.4000      1.584029e+14      1.638983e+14      0.966471
     5015.4100      1.579578e+14      1.638987e+14      0.963753
     5015.4200      1.574447e+14      1.638991e+14      0.960620
     5015.4300      1.568485e+14      1.638995e+14      0.956980
     5015.4400      1.561491e+14      1.638999e+14      0.952710
     5015.4500      1.553196e+14      1.639003e+14      0.947647
     5015.4600      1.543188e+14      1.639007e+14      0.941539
     5015.4700      1.530894e+14      1.639011e+14      0.934035
     5015.4800      1.515638e+14      1.639014e+14      0.924725
     5015.4900      1.494590e+14      1.639018e+14      0.911881
     5015.5000      1.447918e+14      1.639022e+14      0.883404
     5015.5100      1.218523e+14      1.639026e+14      0.743443
     5015.5200      4.728227e+13      1.639030e+14      0.288477
     5015.5300      1.148432e+13      1.639034e+14      0.070068
     5015.5400      4.783690e+12      1.639038e+14      0.029186
     5015.5500      3.612517e+12      1.639042e+14      0.022040
     5015.5600      3.383015e+12      1.639046e+14      0.020640
     5015.5700      3.322854e+12      1.639050e+14      0.020273
     5015.5800      3.305561e+12      1.639054e+14      0.020167
     5015.5900      3.305874e+12      1.639057e+14      0.020169
     5015.6000      3.324165e+12      1.639061e+14      0.020281
     5015.6100      3.387316e+12      1.639065e+14      0.020666
     5015.6200      3.622488e+12      1.639069e+14      0.022101
     5015.6300      4.235645e+12      1.639073e+14      0.025842
     5015.6400      3.829669e+12      1.639077e+14      0.023365
     5015.6500      3.467541e+12      1.639081e+14      0.021155
     5015.6600      3.363593e+12      1.639085e+14      0.020521
     5015.6700      3.334071e+12      1.639089e+14      0.020341
     5015.6800      3.334874e+12      1.639093e+14      0.020346
     5015.6900      3.367029e+12      1.639097e+14      0.020542
     5015.7000      3.479788e+12      1.639100e+14      0.021230
     5015.7100      3.915230e+12      1.639104e+14      0.023886
     5015.7200      5.928322e+12      1.639108e+14      0.036168
     5015.7300      1.417452e+13      1.639112e+14      0.086477
     5015.7400      4.228437e+13      1.639116e+14      0.257971
     5015.7500      1.013598e+14      1.639120e+14      0.618379
     5015.7600      1.255316e+14      1.639124e+14      0.765846
     5015.7700      1.341480e+14      1.639128e+14      0.818411
     5015.7800      1.393292e+14      1.639132e+14      0.850018
     5015.7900      1.431370e+14      1.639136e+14      0.873247
     5015.8000      1.461540e+14      1.639140e+14      0.891651
     5015.8100      1.485104e+14      1.639143e+14      0.906025
     5015.8200      1.503985e+14      1.639147e+14      0.917541
     5015.8300      1.519472e+14      1.639151e+14      0.926987
     5015.8400      1.532234e+14      1.639155e+14      0.934771
     5015.8500      1.542903e+14      1.639159e+14      0.941277
     5015.8600      1.551907e+14      1.639163e+14      0.946768
     5015.8700      1.559845e+14      1.639167e+14      0.951608
     5015.8800      1.566390e+14      1.639171e+14      0.955599
     5015.8900      1.572033e+14      1.639175e+14      0.959039
     5015.9000      1.576924e+14      1.639179e+14      0.962021
     5015.9100      1.581182e+14      1.639183e+14      0.964616
     5015.9200      1.584809e+14      1.639186e+14      0.966827
     5015.9300      1.588038e+14      1.639190e+14      0.968794
     5015.9400      1.590799e+14      1.639194e+14      0.970476
     5015.9500      1.592668e+14      1.639198e+14      0.971614
     5015.9600      1.590622e+14      1.639202e+14      0.970364
     5015.9700      1.571143e+14      1.639206e+14      0.958478
     5015.9800      1.497498e+14      1.639210e+14      0.913549
     5015.9900      1.327673e+14      1.639214e+14      0.809945
     5016.0000      1.095447e+14      1.639218e+14      0.668274
     5016.0100      9.152229e+13      1.639221e+14      0.558328
     5016.0200      8.628753e+13      1.639224e+14      0.526393
     5016.0300      9.523257e+13      1.639227e+14      0.580960
     5016.0400      1.158017e+14      1.639230e+14      0.706440
     5016.0500      1.385736e+14      1.639233e+14      0.845356
     5016.0600      1.531482e+14      1.639236e+14      0.934266
     5016.0700      1.588349e+14      1.639240e+14      0.968955
     5016.0800      1.602900e+14      1.639243e+14      0.977829
     5016.0900      1.605330e+14      1.639246e+14      0.979310
     5016.1000      1.605274e+14      1.639249e+14      0.979274
     5016.1100      1.604679e+14      1.639252e+14      0.978909
     5016.1200      1.603800e+14      1.639255e+14      0.978371
     5016.1300      1.602709e+14      1.639258e+14      0.977703
     5016.1400      1.601207e+14      1.639261e+14      0.976786
     5016.1500      1.599327e+14      1.639265e+14      0.975637
     5016.1600      1.596991e+14      1.639268e+14      0.974210
     5016.1700      1.594097e+14      1.639271e+14      0.972443
     5016.1800      1.590509e+14      1.639274e+14      0.970252
     5016.1900      1.586041e+14      1.639277e+14      0.967525
     5016.2000      1.580434e+14      1.639280e+14      0.964102
     5016.2100      1.573319e+14      1.639283e+14      0.959760
     5016.2200      1.564062e+14      1.639286e+14      0.954112
     5016.2300      1.551908e+14      1.639290e+14      0.946695
     5016.2400      1.535821e+14      1.639293e+14      0.936880
     5016.2500      1.512645e+14      1.639296e+14      0.922741
     5016.2600      1.472829e+14      1.639299e+14      0.898451
     5016.2700      1.363994e+14      1.639302e+14      0.832058
     5016.2800      9.958651e+13      1.639305e+14      0.607492
     5016.2900      5.035174e+13      1.639308e+14      0.307152
     5016.3000      2.979039e+13      1.639311e+14      0.181725
     5016.3100      2.090070e+13      1.639314e+14      0.127497
     5016.3200      1.593063e+13      1.639318e+14      0.097178
     5016.3300      1.332293e+13      1.639321e+14      0.081271
     5016.3400      1.243377e+13      1.639324e+14      0.075847
     5016.3500      1.302137e+13      1.639327e+14      0.079431
     5016.3600      1.524759e+13      1.639330e+14      0.093011
     5016.3700      1.967162e+13      1.639333e+14      0.119998
     5016.3800      2.752124e+13      1.639336e+14      0.167880
     5016.3900      4.436081e+13      1.639339e+14      0.270602
     5016.4000      8.853542e+13      1.639343e+14      0.540067
     5016.4100      1.321301e+14      1.639346e+14      0.805993
     5016.4200      1.462851e+14      1.639349e+14      0.892337
     5016.4300      1.509852e+14      1.639352e+14      0.921005
     5016.4400      1.535633e+14      1.639355e+14      0.936730
     5016.4500      1.553293e+14      1.639358e+14      0.947501
     5016.4600      1.566572e+14      1.639361e+14      0.955599
     5016.4700      1.576879e+14      1.639364e+14      0.961884
     5016.4800      1.584869e+14      1.639368e+14      0.966756
     5016.4900      1.591272e+14      1.639371e+14      0.970660
     5016.5000      1.596490e+14      1.639374e+14      0.973841
     5016.5100      1.600803e+14      1.639377e+14      0.976470
     5016.5200      1.604411e+14      1.639380e+14      0.978669
     5016.5300      1.607463e+14      1.639383e+14      0.980529
     5016.5400      1.610069e+14      1.639386e+14      0.982117
     5016.5500      1.612313e+14      1.639389e+14      0.983484
     5016.5600      1.614261e+14      1.639393e+14      0.984670
     5016.5700      1.615963e+14      1.639396e+14      0.985707
     5016.5800      1.617460e+14      1.639399e+14      0.986618
     5016.5900      1.618559e+14      1.639402e+14      0.987286
     5016.6000      1.619690e+14      1.639405e+14      0.987974
     5016.6100      1.620680e+14      1.639408e+14      0.988577
     5016.6200      1.621536e+14      1.639411e+14      0.989097
     5016.6300      1.622228e+14      1.639414e+14      0.989517
     5016.6400      1.622470e+14      1.639417e+14      0.989663
     5016.6500      1.620108e+14      1.639421e+14      0.988220
     5016.6600      1.603518e+14      1.639424e+14      0.978098
     5016.6700      1.532843e+14      1.639427e+14      0.934987
     5016.6800      1.344177e+14      1.639430e+14      0.819905
     5016.6900      1.058559e+14      1.639433e+14      0.645686
     5016.7000      8.221191e+13      1.639436e+14      0.501465
     5016.7100      7.161940e+13      1.639439e+14      0.436853
     5016.7200      7.359010e+13      1.639442e+14      0.448873
     5016.7300      8.850517e+13      1.639446e+14      0.539848
     5016.7400      1.153313e+14      1.639449e+14      0.703476
     5016.7500      1.421772e+14      1.639452e+14      0.867224
     5016.7600      1.568854e+14      1.639455e+14      0.956936
     5016.7700      1.616464e+14      1.639458e+14      0.985975
     5016.7800      1.626923e+14      1.639461e+14      0.992352
     5016.7900      1.628862e+14      1.639464e+14      0.993533
     5016.8000      1.629256e+14      1.639467e+14      0.993771
     5016.8100      1.628394e+14      1.639471e+14      0.993244
     5016.8200      1.620138e+14      1.639474e+14      0.988206
     5016.8300      1.584164e+14      1.639477e+14      0.966262
     5016.8400      1.500794e+14      1.639480e+14      0.915409
     5016.8500      1.407989e+14      1.639483e+14      0.858800
     5016.8600      1.387846e+14      1.639486e+14      0.846513
     5016.8700      1.460344e+14      1.639489e+14      0.890731
     5016.8800      1.556970e+14      1.639492e+14      0.949666
     5016.8900      1.611877e+14      1.639495e+14      0.983154
     5016.9000      1.628238e+14      1.639499e+14      0.993132
     5016.9100      1.631084e+14      1.639502e+14      0.994866
     5016.9200      1.631504e+14      1.639505e+14      0.995120
     5016.9300      1.631572e+14      1.639508e+14      0.995159
     5016.9400      1.631632e+14      1.639511e+14      0.995194
     5016.9500      1.631684e+14      1.639514e+14      0.995224
     5016.9600      1.631728e+14      1.639517e+14      0.995249
     5016.9700      1.631765e+14      1.639520e+14      0.995270
     5016.9800      1.631794e+14      1.639524e+14      0.995286
     5016.9900      1.631816e+14      1.639527e+14      0.995297
     5017.0000      1.631830e+14      1.639530e+14      0.995303
     5017.0100      1.631836e+14      1.639533e+14      0.995305
     5017.0200      1.631834e+14      1.639536e+14      0.995302
     5017.0300      1.631823e+14      1.639539e+14      0.995294
     5017.0400      1.631771e+14      1.639542e+14      0.995260
     5017.0500      1.631739e+14      1.639545e+14      0.995239
     5017.0600      1.631697e+14      1.639548e+14      0.995211
     5017.0700      1.631643e+14      1.639551e+14      0.995177
     5017.0800      1.631578e+14      1.639554e+14      0.995135
     5017.0900      1.631499e+14      1.639557e+14      0.995085
     5017.1000      1.631402e+14      1.639560e+14      0.995024
     5017.1100      1.630222e+14      1.639563e+14      0.994302
     5017.1200      1.625472e+14      1.639566e+14      0.991404
     5017.1300      1.608142e+14      1.639569e+14      0.980832
     5017.1400      1.564252e+14      1.639573e+14      0.954061
     5017.1500      1.491039e+14      1.639576e+14      0.909405
     5017.1600      1.415305e+14      1.639579e+14      0.863213
     5017.1700      1.375256e+14      1.639582e+14      0.838784
     5017.1800      1.383697e+14      1.639585e+14      0.843931
     5017.1900      1.422447e+14      1.639588e+14      0.867564
     5017.2000      1.468684e+14      1.639591e+14      0.895763
     5017.2100      1.514701e+14      1.639594e+14      0.923827
     5017.2200      1.558496e+14      1.639597e+14      0.950536
     5017.2300      1.593387e+14      1.639600e+14      0.971814
     5017.2400      1.614500e+14      1.639603e+14      0.984689
     5017.2500      1.623668e+14      1.639606e+14      0.990279
     5017.2600      1.626510e+14      1.639609e+14      0.992011
     5017.2700      1.626902e+14      1.639612e+14      0.992248
     5017.2800      1.626550e+14      1.639615e+14      0.992032
     5017.2900      1.625969e+14      1.639618e+14      0.991676
     5017.3000      1.625271e+14      1.639621e+14      0.991248
     5017.3100      1.624467e+14      1.639624e+14      0.990756
     5017.3200      1.623546e+14      1.639628e+14      0.990192
     5017.3300      1.622490e+14      1.639631e+14      0.989546
     5017.3400      1.621276e+14      1.639634e+14      0.988804
     5017.3500      1.619873e+14      1.639637e+14      0.987946
     5017.3600      1.618007e+14      1.639640e+14      0.986806
     5017.3700      1.615752e+14      1.639643e+14      0.985429
     5017.3800      1.612037e+14      1.639646e+14      0.983162
     5017.3900      1.604020e+14      1.639649e+14      0.978270
     5017.4000      1.586370e+14      1.639652e+14      0.967504
     5017.4100      1.555709e+14      1.639655e+14      0.948803
     5017.4200      1.519744e+14      1.639658e+14      0.926867
     5017.4300      1.496900e+14      1.639661e+14      0.912932
     5017.4400      1.498883e+14      1.639664e+14      0.914140
     5017.4500      1.517850e+14      1.639667e+14      0.925706
     5017.4600      1.533462e+14      1.639670e+14      0.935226
     5017.4700      1.530027e+14      1.639673e+14      0.933129
     5017.4800      1.487024e+14      1.639676e+14      0.906901
     5017.4900      1.267006e+14      1.639679e+14      0.772716
     5017.5000      5.808287e+13      1.639683e+14      0.354232
     5017.5100      1.768691e+13      1.639686e+14      0.107868
     5017.5200      7.666184e+12      1.639689e+14      0.046754
     5017.5300      4.610601e+12      1.639692e+14      0.028119
     5017.5400      3.811336e+12      1.639695e+14      0.023244
     5017.5500      3.582433e+12      1.639698e+14      0.021848
     5017.5600      3.530218e+12      1.639701e+14      0.021530
     5017.5700      3.582511e+12      1.639704e+14      0.021849
     5017.5800      3.811499e+12      1.639707e+14      0.023245
     5017.5900      4.610885e+12      1.639710e+14      0.028120
     5017.6000      7.666745e+12      1.639713e+14      0.046757
     5017.6100      1.768828e+13      1.639716e+14      0.107874
     5017.6200      5.808773e+13      1.639719e+14      0.354254
     5017.6300      1.267480e+14      1.639722e+14      0.772985
     5017.6400      1.489629e+14      1.639725e+14      0.908462
     5017.6500      1.539879e+14      1.639728e+14      0.939106
     5017.6600      1.561148e+14      1.639731e+14      0.952075
     5017.6700      1.574928e+14      1.639734e+14      0.960478
     5017.6800      1.585127e+14      1.639737e+14      0.966695
     5017.6900      1.593001e+14      1.639741e+14      0.971496
     5017.7000      1.599032e+14      1.639744e+14      0.975172
     5017.7100      1.603809e+14      1.639747e+14      0.978084
     5017.7200      1.607647e+14      1.639750e+14      0.980422
     5017.7300      1.610759e+14      1.639753e+14      0.982318
     5017.7400      1.613293e+14      1.639756e+14      0.983862
     5017.7500      1.615353e+14      1.639759e+14      0.985116
     5017.7600      1.616999e+14      1.639762e+14      0.986118
     5017.7700      1.618279e+14      1.639765e+14      0.986897
     5017.7800      1.619182e+14      1.639768e+14      0.987446
     5017.7900      1.619607e+14      1.639771e+14      0.987703
     5017.8000      1.619043e+14      1.639774e+14      0.987357
     5017.8100      1.613890e+14      1.639777e+14      0.984213
     5017.8200      1.586662e+14      1.639780e+14      0.967607
     5017.8300      1.473603e+14      1.639783e+14      0.898657
     5017.8400      1.186219e+14      1.639786e+14      0.723398
     5017.8500      8.186943e+13      1.639789e+14      0.499268
     5017.8600      5.836025e+13      1.639792e+14      0.355900
     5017.8700      4.895664e+13      1.639795e+14      0.298553
     5017.8800      4.808879e+13      1.639799e+14      0.293260
     5017.8900      5.509860e+13      1.639802e+14      0.336008
     5017.9000      7.468959e+13      1.639805e+14      0.455479
     5017.9100      1.097216e+14      1.639808e+14      0.669113
     5017.9200      1.424858e+14      1.639811e+14      0.868916
     5017.9300      1.575372e+14      1.639814e+14      0.960702
     5017.9400      1.615940e+14      1.639817e+14      0.985439
     5017.9500      1.624323e+14      1.639820e+14      0.990550
     5017.9600      1.624862e+14      1.639823e+14      0.990877
     5017.9700      1.614868e+14      1.639826e+14      0.984780
     5017.9800      1.573908e+14      1.639829e+14      0.959800
     5017.9900      1.489204e+14      1.639832e+14      0.908144
     5018.0000      1.400584e+14      1.639835e+14      0.854100
     5018.0100      1.344248e+14      1.639838e+14      0.819744
     5018.0200      1.249303e+14      1.639841e+14      0.761844
     5018.0300      1.047875e+14      1.639844e+14      0.639009
     5018.0400      8.512700e+13      1.639847e+14      0.519116
     5018.0500      7.682782e+13      1.639850e+14      0.468505
     5018.0600      8.167247e+13      1.639853e+14      0.498048
     5018.0700      9.997690e+13      1.639855e+14      0.609669
     5018.0800      1.270096e+14      1.639858e+14      0.774516
     5018.0900      1.491699e+14      1.639861e+14      0.909649
     5018.1000      1.594213e+14      1.639864e+14      0.972162
     5018.1100      1.623407e+14      1.639867e+14      0.989963
     5018.1200      1.628988e+14      1.639870e+14      0.993364
     5018.1300      1.629603e+14      1.639873e+14      0.993737
     5018.1400      1.629371e+14      1.639876e+14      0.993594
     5018.1500      1.629194e+14      1.639879e+14      0.993484
     5018.1600      1.628471e+14      1.639881e+14      0.993042
     5018.1700      1.627664e+14      1.639884e+14      0.992548
     5018.1800      1.626263e+14      1.639887e+14      0.991692
     5018.1900      1.624177e+14      1.639890e+14      0.990418
     5018.2000      1.620357e+14      1.639893e+14      0.988087
     5018.2100      1.608419e+14      1.639896e+14      0.980805
     5018.2200      1.550057e+14      1.639899e+14      0.945215
     5018.2300      1.312094e+14      1.639902e+14      0.800105
     5018.2400      8.353079e+13      1.639905e+14      0.509364
     5018.2500      4.906490e+13      1.639907e+14      0.299193
     5018.2600      3.551056e+13      1.639910e+14      0.216540
     5018.2700      3.009777e+13      1.639913e+14      0.183533
     5018.2800      2.854878e+13      1.639916e+14      0.174087
     5018.2900      3.003538e+13      1.639919e+14      0.183152
     5018.3000      3.534887e+13      1.639922e+14      0.215552
     5018.3100      4.864783e+13      1.639925e+14      0.296647
     5018.3200      8.258348e+13      1.639928e+14      0.503580
     5018.3300      1.304278e+14      1.639931e+14      0.795325
     5018.3400      1.547536e+14      1.639934e+14      0.943658
     5018.3500      1.607719e+14      1.639936e+14      0.980354
     5018.3600      1.619957e+14      1.639939e+14      0.987816
     5018.3700      1.623772e+14      1.639942e+14      0.990140
     5018.3800      1.625767e+14      1.639945e+14      0.991354
     5018.3900      1.626977e+14      1.639948e+14      0.992091
     5018.4000      1.627651e+14      1.639951e+14      0.992500
     5018.4100      1.627795e+14      1.639954e+14      0.992586
     5018.4200      1.627354e+14      1.639957e+14      0.992316
     5018.4300      1.626294e+14      1.639960e+14      0.991667
     5018.4400      1.624665e+14      1.639962e+14      0.990672
     5018.4500      1.622612e+14      1.639965e+14      0.989418
     5018.4600      1.620482e+14      1.639968e+14      0.988118
     5018.4700      1.618709e+14      1.639971e+14      0.987035
     5018.4800      1.617706e+14      1.639974e+14      0.986422
     5018.4900      1.617729e+14      1.639977e+14      0.986434
     5018.5000      1.618792e+14      1.639980e+14      0.987080
     5018.5100      1.620666e+14      1.639983e+14      0.988222
     5018.5200      1.622958e+14      1.639986e+14      0.989618
     5018.5300      1.625245e+14      1.639988e+14      0.991010
     5018.5400      1.627199e+14      1.639991e+14      0.992200
     5018.5500      1.628657e+14      1.639994e+14      0.993087
     5018.5600      1.629606e+14      1.639997e+14      0.993664
     5018.5700      1.630136e+14      1.640000e+14      0.993985
     5018.5800      1.630367e+14      1.640003e+14      0.994124
     5018.5900      1.630408e+14      1.640006e+14      0.994148
     5018.6000      1.630337e+14      1.640009e+14      0.994103
     5018.6100      1.630201e+14      1.640012e+14      0.994018
     5018.6200      1.630025e+14      1.640014e+14      0.993909
     5018.6300      1.629820e+14      1.640017e+14      0.993782
     5018.6400      1.629590e+14      1.640020e+14      0.993640
     5018.6500      1.629334e+14      1.640023e+14      0.993482
     5018.6600      1.629052e+14      1.640026e+14      0.993309
     5018.6700      1.628741e+14      1.640029e+14      0.993117
     5018.6800      1.628398e+14      1.640032e+14      0.992906
     5018.6900      1.628019e+14      1.640035e+14      0.992673
     5018.7000      1.627599e+14      1.640038e+14      0.992416
     5018.7100      1.627134e+14      1.640041e+14      0.992130
     5018.7200      1.626616e+14      1.640043e+14      0.991813
     5018.7300      1.626036e+14      1.640046e+14      0.991458
     5018.7400      1.625386e+14      1.640049e+14      0.991059
     5018.7500      1.624652e+14      1.640052e+14      0.990610
     5018.7600      1.624115e+14      1.640055e+14      0.990281
     5018.7700      1.623152e+14      1.640058e+14      0.989692
     5018.7800      1.622047e+14      1.640061e+14      0.989016
     5018.7900      1.620767e+14      1.640064e+14      0.988234
     5018.8000      1.619272e+14      1.640067e+14      0.987321
     5018.8100      1.617507e+14      1.640069e+14      0.986243
     5018.8200      1.615396e+14      1.640072e+14      0.984954
     5018.8300      1.612836e+14      1.640075e+14      0.983392
     5018.8400      1.609684e+14      1.640078e+14      0.981468
     5018.8500      1.605724e+14      1.640081e+14      0.979051
     5018.8600      1.600555e+14      1.640084e+14      0.975898
     5018.8700      1.593873e+14      1.640087e+14      0.971822
     5018.8800      1.584701e+14      1.640090e+14      0.966229
     5018.8900      1.570563e+14      1.640093e+14      0.957606
     5018.9000      1.540101e+14      1.640095e+14      0.939031
     5018.9100      1.424936e+14      1.640098e+14      0.868812
     5018.9200      1.018740e+14      1.640101e+14      0.621145
     5018.9300      5.294540e+13      1.640104e+14      0.322817
     5018.9400      3.209376e+13      1.640107e+14      0.195681
     5018.9500      2.324174e+13      1.640110e+14      0.141708
     5018.9600      1.865398e+13      1.640113e+14      0.113736
     5018.9700      1.657192e+13      1.640116e+14      0.101041
     5018.9800      1.647188e+13      1.640119e+14      0.100431
     5018.9900      1.832596e+13      1.640121e+14      0.111735
     5019.0000      2.258258e+13      1.640124e+14      0.137688
     5019.0100      3.070362e+13      1.640127e+14      0.187203
     5019.0200      4.890789e+13      1.640130e+14      0.298195
     5019.0300      8.902704e+13      1.640133e+14      0.542804
     5019.0400      1.156920e+14      1.640136e+14      0.705381
     5019.0500      1.124571e+14      1.640139e+14      0.685656
     5019.0600      1.039306e+14      1.640141e+14      0.633669
     5019.0700      9.786654e+13      1.640144e+14      0.596695
     5019.0800      9.489044e+13      1.640147e+14      0.578548
     5019.0900      9.459043e+13      1.640150e+14      0.576718
     5019.1000      9.688915e+13      1.640153e+14      0.590732
     5019.1100      1.021349e+14      1.640156e+14      0.622715
     5019.1200      1.104282e+14      1.640159e+14      0.673278
     5019.1300      1.198439e+14      1.640161e+14      0.730684
     5019.1400      1.254801e+14      1.640164e+14      0.765046
     5019.1500      1.236063e+14      1.640167e+14      0.753620
     5019.1600      1.168187e+14      1.640170e+14      0.712235
     5019.1700      1.107387e+14      1.640173e+14      0.675165
     5019.1800      1.088034e+14      1.640176e+14      0.663364
     5019.1900      1.120827e+14      1.640179e+14      0.683356
     5019.2000      1.204809e+14      1.640181e+14      0.734559
     5019.2100      1.324462e+14      1.640184e+14      0.807508
     5019.2200      1.445729e+14      1.640187e+14      0.881442
     5019.2300      1.535112e+14      1.640190e+14      0.935935
     5019.2400      1.583823e+14      1.640193e+14      0.965632
     5019.2500      1.604043e+14      1.640196e+14      0.977958
     5019.2600      1.610515e+14      1.640199e+14      0.981903
     5019.2700      1.611940e+14      1.640201e+14      0.982769
     5019.2800      1.611955e+14      1.640204e+14      0.982777
     5019.2900      1.611380e+14      1.640207e+14      0.982425
     5019.3000      1.610735e+14      1.640210e+14      0.982030
     5019.3100      1.610017e+14      1.640213e+14      0.981590
     5019.3200      1.609226e+14      1.640216e+14      0.981107
     5019.3300      1.608360e+14      1.640219e+14      0.980577
     5019.3400      1.607257e+14      1.640221e+14      0.979902
     5019.3500      1.606094e+14      1.640224e+14      0.979192
     5019.3600      1.604108e+14      1.640227e+14      0.977979
     5019.3700      1.597311e+14      1.640230e+14      0.973834
     5019.3800      1.569113e+14      1.640233e+14      0.956640
     5019.3900      1.479368e+14      1.640236e+14      0.901924
     5019.4000      1.296203e+14      1.640239e+14      0.790253
     5019.4100      1.077079e+14      1.640241e+14      0.656659
     5019.4200      9.319935e+13      1.640244e+14      0.568204
     5019.4300      9.129369e+13      1.640247e+14      0.556585
     5019.4400      1.023312e+14      1.640250e+14      0.623876
     5019.4500      1.228140e+14      1.640253e+14      0.748750
     5019.4600      1.426595e+14      1.640256e+14      0.869740
     5019.4700      1.536190e+14      1.640259e+14      0.936553
     5019.4800      1.571665e+14      1.640261e+14      0.958180
     5019.4900      1.577027e+14      1.640264e+14      0.961447
     5019.5000      1.574011e+14      1.640267e+14      0.959606
     5019.5100      1.565581e+14      1.640270e+14      0.954466
     5019.5200      1.544993e+14      1.640273e+14      0.941912
     5019.5300      1.501454e+14      1.640276e+14      0.915367
     5019.5400      1.436838e+14      1.640279e+14      0.875972
     5019.5500      1.378127e+14      1.640281e+14      0.840177
     5019.5600      1.359304e+14      1.640284e+14      0.828700
     5019.5700      1.388927e+14      1.640287e+14      0.846759
     5019.5800      1.441954e+14      1.640290e+14      0.879084
     5019.5900      1.483329e+14      1.640293e+14      0.904307
     5019.6000      1.497977e+14      1.640296e+14      0.913236
     5019.6100      1.487325e+14      1.640299e+14      0.906740
     5019.6200      1.425623e+14      1.640301e+14      0.869122
     5019.6300      1.189485e+14      1.640304e+14      0.725161
     5019.6400      7.506471e+13      1.640307e+14      0.457626
     5019.6500      4.560491e+13      1.640310e+14      0.278026
     5019.6600      3.323068e+13      1.640313e+14      0.202587
     5019.6700      2.790741e+13      1.640316e+14      0.170134
     5019.6800      2.616129e+13      1.640319e+14      0.159489
     5019.6900      2.721332e+13      1.640321e+14      0.165902
     5019.7000      3.150009e+13      1.640324e+14      0.192036
     5019.7100      4.141635e+13      1.640327e+14      0.252488
     5019.7200      6.310470e+13      1.640330e+14      0.384707
     5019.7300      8.983073e+13      1.640333e+14      0.547637
     5019.7400      9.572811e+13      1.640336e+14      0.583589
     5019.7500      9.136047e+13      1.640339e+14      0.556961
     5019.7600      8.594427e+13      1.640341e+14      0.523941
     5019.7700      7.266597e+13      1.640344e+14      0.442992
     5019.7800      5.076505e+13      1.640347e+14      0.309477
     5019.7900      3.420632e+13      1.640350e+14      0.208531
     5019.8000      2.514619e+13      1.640353e+14      0.153297
     5019.8100      1.994123e+13      1.640356e+14      0.121566
     5019.8200      1.693626e+13      1.640359e+14      0.103247
     5019.8300      1.555165e+13      1.640361e+14      0.094806
     5019.8400      1.554716e+13      1.640364e+14      0.094779
     5019.8500      1.694343e+13      1.640367e+14      0.103291
     5019.8600      2.003014e+13      1.640370e+14      0.122107
     5019.8700      2.545400e+13      1.640373e+14      0.155172
     5019.8800      3.506977e+13      1.640376e+14      0.213791
     5019.8900      5.300085e+13      1.640378e+14      0.323101
     5019.9000      7.860645e+13      1.640381e+14      0.479196
     5019.9100      9.933455e+13      1.640384e+14      0.605557
     5019.9200      1.106175e+14      1.640387e+14      0.674338
     5019.9300      1.176184e+14      1.640390e+14      0.717015
     5019.9400      1.230148e+14      1.640393e+14      0.749910
     5019.9500      1.274449e+14      1.640396e+14      0.776916
     5019.9600      1.308585e+14      1.640398e+14      0.797724
     5019.9700      1.319569e+14      1.640401e+14      0.804418
     5019.9800      1.285087e+14      1.640404e+14      0.783397
     5019.9900      1.199777e+14      1.640407e+14      0.731390
     5020.0000      1.107598e+14      1.640410e+14      0.675196
