# Korg.jl Reference Spectrum - Solar-like (With Lines)
# Generated: 2025-10-05 14:04:44
# Parameters: Teff=5771.0K, logg=4.44, [M/H]=0.0
# Synthesis time: 2.6 seconds
# Wavelength range: 5000.0-5020.0 Å (2001 points)
# Line list: 41821 lines
#
# Wavelength(Å)    Flux              Continuum         NormalizedFlux
     5000.0000      1.031475e+15      1.034285e+15      0.997283
     5000.0100      1.031553e+15      1.034280e+15      0.997363
     5000.0200      1.031611e+15      1.034276e+15      0.997423
     5000.0300      1.031657e+15      1.034271e+15      0.997472
     5000.0400      1.031745e+15      1.034267e+15      0.997562
     5000.0500      1.031700e+15      1.034262e+15      0.997523
     5000.0600      1.031524e+15      1.034258e+15      0.997357
     5000.0700      1.030939e+15      1.034253e+15      0.996796
     5000.0800      1.029318e+15      1.034249e+15      0.995232
     5000.0900      1.025779e+15      1.034244e+15      0.991815
     5000.1000      1.020038e+15      1.034240e+15      0.986268
     5000.1100      1.013545e+15      1.034235e+15      0.979994
     5000.1200      1.009322e+15      1.034231e+15      0.975915
     5000.1300      1.010089e+15      1.034227e+15      0.976661
     5000.1400      1.015226e+15      1.034222e+15      0.981632
     5000.1500      1.021755e+15      1.034218e+15      0.987949
     5000.1600      1.026873e+15      1.034213e+15      0.992902
     5000.1700      1.029730e+15      1.034209e+15      0.995670
     5000.1800      1.030932e+15      1.034204e+15      0.996836
     5000.1900      1.031325e+15      1.034200e+15      0.997220
     5000.2000      1.031423e+15      1.034195e+15      0.997319
     5000.2100      1.031430e+15      1.034191e+15      0.997330
     5000.2200      1.031471e+15      1.034186e+15      0.997374
     5000.2300      1.031422e+15      1.034182e+15      0.997331
     5000.2400      1.031368e+15      1.034177e+15      0.997284
     5000.2500      1.031310e+15      1.034173e+15      0.997231
     5000.2600      1.031245e+15      1.034168e+15      0.997173
     5000.2700      1.031174e+15      1.034164e+15      0.997109
     5000.2800      1.031096e+15      1.034160e+15      0.997038
     5000.2900      1.031009e+15      1.034155e+15      0.996958
     5000.3000      1.030913e+15      1.034151e+15      0.996870
     5000.3100      1.030807e+15      1.034146e+15      0.996771
     5000.3200      1.030687e+15      1.034142e+15      0.996659
     5000.3300      1.030551e+15      1.034137e+15      0.996532
     5000.3400      1.030396e+15      1.034133e+15      0.996387
     5000.3500      1.030218e+15      1.034128e+15      0.996219
     5000.3600      1.030011e+15      1.034124e+15      0.996023
     5000.3700      1.029763e+15      1.034119e+15      0.995788
     5000.3800      1.029388e+15      1.034115e+15      0.995429
     5000.3900      1.029014e+15      1.034110e+15      0.995072
     5000.4000      1.028535e+15      1.034106e+15      0.994613
     5000.4100      1.027883e+15      1.034101e+15      0.993987
     5000.4200      1.026914e+15      1.034097e+15      0.993054
     5000.4300      1.025206e+15      1.034093e+15      0.991406
     5000.4400      1.021017e+15      1.034088e+15      0.987360
     5000.4500      1.008232e+15      1.034084e+15      0.975000
     5000.4600      9.709266e+14      1.034079e+15      0.938929
     5000.4700      8.870504e+14      1.034075e+15      0.857820
     5000.4800      7.600701e+14      1.034070e+15      0.735027
     5000.4900      6.383418e+14      1.034066e+15      0.617313
     5000.5000      5.668390e+14      1.034061e+15      0.548168
     5000.5100      5.569712e+14      1.034057e+15      0.538627
     5000.5200      6.086838e+14      1.034052e+15      0.588639
     5000.5300      7.172710e+14      1.034048e+15      0.693654
     5000.5400      8.483443e+14      1.034043e+15      0.820415
     5000.5500      9.481303e+14      1.034039e+15      0.916919
     5000.5600      9.975003e+14      1.034035e+15      0.964668
     5000.5700      1.015056e+15      1.034030e+15      0.981650
     5000.5800      1.020074e+15      1.034026e+15      0.986507
     5000.5900      1.020909e+15      1.034021e+15      0.987320
     5000.6000      1.019468e+15      1.034017e+15      0.985930
     5000.6100      1.014837e+15      1.034012e+15      0.981456
     5000.6200      1.005360e+15      1.034008e+15      0.972295
     5000.6300      9.909697e+14      1.034003e+15      0.958382
     5000.6400      9.760129e+14      1.033999e+15      0.943921
     5000.6500      9.684472e+14      1.033994e+15      0.936608
     5000.6600      9.724395e+14      1.033990e+15      0.940473
     5000.6700      9.851469e+14      1.033985e+15      0.952767
     5000.6800      9.989093e+14      1.033981e+15      0.966081
     5000.6900      1.008369e+15      1.033976e+15      0.975234
     5000.7000      1.012631e+15      1.033972e+15      0.979360
     5000.7100      1.013470e+15      1.033968e+15      0.980176
     5000.7200      1.012550e+15      1.033963e+15      0.979290
     5000.7300      1.010705e+15      1.033959e+15      0.977510
     5000.7400      1.008172e+15      1.033954e+15      0.975065
     5000.7500      1.004919e+15      1.033950e+15      0.971923
     5000.7600      1.000756e+15      1.033945e+15      0.967900
     5000.7700      9.954162e+14      1.033941e+15      0.962740
     5000.7800      9.886277e+14      1.033936e+15      0.956179
     5000.7900      9.794663e+14      1.033932e+15      0.947322
     5000.8000      9.660962e+14      1.033927e+15      0.934395
     5000.8100      9.428702e+14      1.033923e+15      0.911935
     5000.8200      8.889284e+14      1.033918e+15      0.859766
     5000.8300      7.498648e+14      1.033914e+15      0.725268
     5000.8400      5.058608e+14      1.033910e+15      0.489270
     5000.8500      3.161389e+14      1.033905e+15      0.305772
     5000.8600      2.403985e+14      1.033901e+15      0.232516
     5000.8700      2.022235e+14      1.033896e+15      0.195594
     5000.8800      1.794994e+14      1.033892e+15      0.173615
     5000.8900      1.678740e+14      1.033887e+15      0.162372
     5000.9000      1.655159e+14      1.033883e+15      0.160092
     5000.9100      1.720237e+14      1.033878e+15      0.166387
     5000.9200      1.886032e+14      1.033874e+15      0.182424
     5000.9300      2.182572e+14      1.033869e+15      0.211107
     5000.9400      2.712080e+14      1.033865e+15      0.262324
     5000.9500      4.060107e+14      1.033860e+15      0.392713
     5000.9600      6.687216e+14      1.033856e+15      0.646823
     5000.9700      8.557207e+14      1.033852e+15      0.827702
     5000.9800      9.280350e+14      1.033847e+15      0.897652
     5000.9900      9.572428e+14      1.033843e+15      0.925908
     5001.0000      9.734933e+14      1.033838e+15      0.941630
     5001.0100      9.843659e+14      1.033833e+15      0.952152
     5001.0200      9.922347e+14      1.033828e+15      0.959768
     5001.0300      9.982770e+14      1.033823e+15      0.965617
     5001.0400      1.003113e+15      1.033818e+15      0.970299
     5001.0500      1.006914e+15      1.033813e+15      0.973981
     5001.0600      1.009991e+15      1.033808e+15      0.976962
     5001.0700      1.012554e+15      1.033802e+15      0.979446
     5001.0800      1.014660e+15      1.033797e+15      0.981488
     5001.0900      1.016432e+15      1.033792e+15      0.983207
     5001.1000      1.017935e+15      1.033787e+15      0.984666
     5001.1100      1.019220e+15      1.033782e+15      0.985914
     5001.1200      1.020326e+15      1.033777e+15      0.986989
     5001.1300      1.021284e+15      1.033772e+15      0.987920
     5001.1400      1.022158e+15      1.033767e+15      0.988770
     5001.1500      1.022886e+15      1.033762e+15      0.989480
     5001.1600      1.023525e+15      1.033756e+15      0.990102
     5001.1700      1.023938e+15      1.033751e+15      0.990507
     5001.1800      1.024429e+15      1.033746e+15      0.990986
     5001.1900      1.024861e+15      1.033741e+15      0.991409
     5001.2000      1.025242e+15      1.033736e+15      0.991783
     5001.2100      1.025578e+15      1.033731e+15      0.992113
     5001.2200      1.025873e+15      1.033726e+15      0.992404
     5001.2300      1.026133e+15      1.033721e+15      0.992660
     5001.2400      1.026360e+15      1.033716e+15      0.992884
     5001.2500      1.026557e+15      1.033711e+15      0.993080
     5001.2600      1.026727e+15      1.033705e+15      0.993249
     5001.2700      1.026870e+15      1.033700e+15      0.993393
     5001.2800      1.026990e+15      1.033695e+15      0.993513
     5001.2900      1.027086e+15      1.033690e+15      0.993611
     5001.3000      1.027160e+15      1.033685e+15      0.993688
     5001.3100      1.027213e+15      1.033680e+15      0.993743
     5001.3200      1.027243e+15      1.033675e+15      0.993778
     5001.3300      1.027252e+15      1.033670e+15      0.993791
     5001.3400      1.027238e+15      1.033665e+15      0.993783
     5001.3500      1.027201e+15      1.033660e+15      0.993752
     5001.3600      1.027139e+15      1.033654e+15      0.993697
     5001.3700      1.027051e+15      1.033649e+15      0.993616
     5001.3800      1.026933e+15      1.033644e+15      0.993507
     5001.3900      1.026783e+15      1.033639e+15      0.993367
     5001.4000      1.026596e+15      1.033634e+15      0.993191
     5001.4100      1.026366e+15      1.033629e+15      0.992974
     5001.4200      1.026087e+15      1.033624e+15      0.992708
     5001.4300      1.025748e+15      1.033619e+15      0.992385
     5001.4400      1.025337e+15      1.033614e+15      0.991993
     5001.4500      1.024837e+15      1.033609e+15      0.991513
     5001.4600      1.024223e+15      1.033604e+15      0.990925
     5001.4700      1.023461e+15      1.033598e+15      0.990192
     5001.4800      1.022493e+15      1.033593e+15      0.989260
     5001.4900      1.021270e+15      1.033588e+15      0.988082
     5001.5000      1.019659e+15      1.033583e+15      0.986529
     5001.5100      1.017283e+15      1.033578e+15      0.984235
     5001.5200      1.013970e+15      1.033573e+15      0.981034
     5001.5300      1.008257e+15      1.033568e+15      0.975511
     5001.5400      9.964471e+14      1.033563e+15      0.964090
     5001.5500      9.671578e+14      1.033558e+15      0.935756
     5001.5600      8.971514e+14      1.033553e+15      0.868027
     5001.5700      7.694008e+14      1.033547e+15      0.744427
     5001.5800      6.174554e+14      1.033542e+15      0.597417
     5001.5900      5.034234e+14      1.033537e+15      0.487088
     5001.6000      4.485859e+14      1.033532e+15      0.434032
     5001.6100      4.446450e+14      1.033527e+15      0.430221
     5001.6200      4.900676e+14      1.033522e+15      0.474172
     5001.6300      5.931291e+14      1.033517e+15      0.573894
     5001.6400      7.380435e+14      1.033512e+15      0.714112
     5001.6500      8.650071e+14      1.033507e+15      0.836963
     5001.6600      9.296125e+14      1.033502e+15      0.899479
     5001.6700      9.341409e+14      1.033496e+15      0.903865
     5001.6800      8.724643e+14      1.033491e+15      0.844191
     5001.6900      7.163037e+14      1.033486e+15      0.693095
     5001.7000      5.107748e+14      1.033481e+15      0.494227
     5001.7100      3.712938e+14      1.033476e+15      0.359267
     5001.7200      3.076900e+14      1.033471e+15      0.297725
     5001.7300      2.814620e+14      1.033466e+15      0.272348
     5001.7400      2.761198e+14      1.033461e+15      0.267180
     5001.7500      2.891374e+14      1.033456e+15      0.279777
     5001.7600      3.281726e+14      1.033451e+15      0.317550
     5001.7700      4.213070e+14      1.033445e+15      0.407672
     5001.7800      6.044163e+14      1.033440e+15      0.584858
     5001.7900      8.024898e+14      1.033435e+15      0.776526
     5001.8000      9.052308e+14      1.033430e+15      0.875948
     5001.8100      9.318902e+14      1.033425e+15      0.901749
     5001.8200      9.371057e+14      1.033420e+15      0.906800
     5001.8300      9.508760e+14      1.033415e+15      0.920130
     5001.8400      9.757577e+14      1.033410e+15      0.944212
     5001.8500      9.986592e+14      1.033405e+15      0.966378
     5001.8600      1.011606e+15      1.033400e+15      0.978911
     5001.8700      1.017226e+15      1.033394e+15      0.984354
     5001.8800      1.019660e+15      1.033389e+15      0.986714
     5001.8900      1.021111e+15      1.033384e+15      0.988123
     5001.9000      1.022255e+15      1.033379e+15      0.989235
     5001.9100      1.023105e+15      1.033374e+15      0.990063
     5001.9200      1.023833e+15      1.033369e+15      0.990772
     5001.9300      1.024411e+15      1.033364e+15      0.991336
     5001.9400      1.024896e+15      1.033359e+15      0.991810
     5001.9500      1.025304e+15      1.033354e+15      0.992210
     5001.9600      1.025768e+15      1.033349e+15      0.992664
     5001.9700      1.026046e+15      1.033344e+15      0.992938
     5001.9800      1.026277e+15      1.033338e+15      0.993167
     5001.9900      1.026466e+15      1.033333e+15      0.993354
     5002.0000      1.026615e+15      1.033328e+15      0.993503
     5002.0100      1.026726e+15      1.033323e+15      0.993616
     5002.0200      1.026796e+15      1.033318e+15      0.993688
     5002.0300      1.026815e+15      1.033313e+15      0.993712
     5002.0400      1.026754e+15      1.033308e+15      0.993657
     5002.0500      1.026484e+15      1.033303e+15      0.993401
     5002.0600      1.025421e+15      1.033297e+15      0.992378
     5002.0700      1.021429e+15      1.033292e+15      0.988519
     5002.0800      1.008799e+15      1.033287e+15      0.976300
     5002.0900      9.783965e+14      1.033282e+15      0.946882
     5002.1000      9.265235e+14      1.033277e+15      0.896685
     5002.1100      8.673720e+14      1.033272e+15      0.839442
     5002.1200      8.275478e+14      1.033267e+15      0.800904
     5002.1300      8.258583e+14      1.033262e+15      0.799273
     5002.1400      8.630459e+14      1.033256e+15      0.835268
     5002.1500      9.215849e+14      1.033251e+15      0.891927
     5002.1600      9.747280e+14      1.033246e+15      0.943365
     5002.1700      1.006791e+15      1.033241e+15      0.974401
     5002.1800      1.020320e+15      1.033236e+15      0.987500
     5002.1900      1.024536e+15      1.033231e+15      0.991585
     5002.2000      1.025483e+15      1.033226e+15      0.992506
     5002.2100      1.025150e+15      1.033221e+15      0.992189
     5002.2200      1.022891e+15      1.033216e+15      0.990007
     5002.2300      1.015381e+15      1.033210e+15      0.982744
     5002.2400      9.979514e+14      1.033205e+15      0.965879
     5002.2500      9.716424e+14      1.033200e+15      0.940420
     5002.2600      9.482029e+14      1.033195e+15      0.917739
     5002.2700      9.391368e+14      1.033190e+15      0.908968
     5002.2800      9.401130e+14      1.033185e+15      0.909918
     5002.2900      9.339822e+14      1.033180e+15      0.903988
     5002.3000      9.101741e+14      1.033175e+15      0.880949
     5002.3100      8.737156e+14      1.033169e+15      0.845665
     5002.3200      8.337806e+14      1.033164e+15      0.807017
     5002.3300      7.911564e+14      1.033159e+15      0.765764
     5002.3400      7.327587e+14      1.033154e+15      0.709244
     5002.3500      6.445333e+14      1.033149e+15      0.623853
     5002.3600      5.418903e+14      1.033144e+15      0.524506
     5002.3700      4.620071e+14      1.033139e+15      0.447188
     5002.3800      4.250246e+14      1.033134e+15      0.411394
     5002.3900      4.321391e+14      1.033128e+15      0.418282
     5002.4000      4.882355e+14      1.033123e+15      0.472582
     5002.4100      5.989849e+14      1.033118e+15      0.579784
     5002.4200      7.357253e+14      1.033113e+15      0.712144
     5002.4300      8.357865e+14      1.033108e+15      0.809002
     5002.4400      8.752983e+14      1.033103e+15      0.847252
     5002.4500      8.834987e+14      1.033098e+15      0.855194
     5002.4600      8.911100e+14      1.033093e+15      0.862566
     5002.4700      9.099608e+14      1.033087e+15      0.880817
     5002.4800      9.382033e+14      1.033082e+15      0.908159
     5002.4900      9.682819e+14      1.033077e+15      0.937279
     5002.5000      9.927676e+14      1.033072e+15      0.960986
     5002.5100      1.008627e+15      1.033067e+15      0.976343
     5002.5200      1.016994e+15      1.033062e+15      0.984446
     5002.5300      1.020639e+15      1.033057e+15      0.987980
     5002.5400      1.021916e+15      1.033052e+15      0.989221
     5002.5500      1.022150e+15      1.033046e+15      0.989452
     5002.5600      1.021750e+15      1.033041e+15      0.989070
     5002.5700      1.020337e+15      1.033036e+15      0.987707
     5002.5800      1.016426e+15      1.033031e+15      0.983926
     5002.5900      1.007473e+15      1.033026e+15      0.975264
     5002.6000      9.919694e+14      1.033021e+15      0.960261
     5002.6100      9.730329e+14      1.033016e+15      0.941934
     5002.6200      9.594324e+14      1.033011e+15      0.928773
     5002.6300      9.590782e+14      1.033005e+15      0.928435
     5002.6400      9.720416e+14      1.033000e+15      0.940989
     5002.6500      9.905044e+14      1.032995e+15      0.958866
     5002.6600      1.005773e+15      1.032990e+15      0.973652
     5002.6700      1.014326e+15      1.032985e+15      0.981937
     5002.6800      1.017831e+15      1.032980e+15      0.985335
     5002.6900      1.018838e+15      1.032975e+15      0.986315
     5002.7000      1.018771e+15      1.032970e+15      0.986254
     5002.7100      1.018485e+15      1.032964e+15      0.985982
     5002.7200      1.018048e+15      1.032959e+15      0.985564
     5002.7300      1.017505e+15      1.032954e+15      0.985043
     5002.7400      1.016865e+15      1.032949e+15      0.984429
     5002.7500      1.016116e+15      1.032944e+15      0.983709
     5002.7600      1.015227e+15      1.032939e+15      0.982853
     5002.7700      1.014141e+15      1.032934e+15      0.981807
     5002.7800      1.012834e+15      1.032929e+15      0.980546
     5002.7900      1.010810e+15      1.032924e+15      0.978592
     5002.8000      1.007470e+15      1.032918e+15      0.975363
     5002.8100      1.001235e+15      1.032913e+15      0.969331
     5002.8200      9.891479e+14      1.032908e+15      0.957634
     5002.8300      9.675655e+14      1.032903e+15      0.936744
     5002.8400      9.352026e+14      1.032898e+15      0.905416
     5002.8500      8.973311e+14      1.032893e+15      0.868755
     5002.8600      8.637494e+14      1.032888e+15      0.836247
     5002.8700      8.449710e+14      1.032883e+15      0.818071
     5002.8800      8.458729e+14      1.032877e+15      0.818948
     5002.8900      8.658876e+14      1.032872e+15      0.838330
     5002.9000      8.988716e+14      1.032867e+15      0.870268
     5002.9100      9.338214e+14      1.032862e+15      0.904110
     5002.9200      9.616861e+14      1.032857e+15      0.931093
     5002.9300      9.784818e+14      1.032852e+15      0.947359
     5002.9400      9.863068e+14      1.032847e+15      0.954940
     5002.9500      9.888195e+14      1.032842e+15      0.957378
     5002.9600      9.886915e+14      1.032836e+15      0.957259
     5002.9700      9.872484e+14      1.032831e+15      0.955866
     5002.9800      9.850741e+14      1.032826e+15      0.953766
     5002.9900      9.823229e+14      1.032821e+15      0.951106
     5003.0000      9.790715e+14      1.032816e+15      0.947963
     5003.0100      9.753126e+14      1.032809e+15      0.944330
     5003.0200      9.710120e+14      1.032803e+15      0.940172
     5003.0300      9.661091e+14      1.032796e+15      0.935431
     5003.0400      9.605177e+14      1.032789e+15      0.930023
     5003.0500      9.541259e+14      1.032782e+15      0.923840
     5003.0600      9.468933e+14      1.032776e+15      0.916843
     5003.0700      9.384585e+14      1.032769e+15      0.908682
     5003.0800      9.287056e+14      1.032762e+15      0.899244
     5003.0900      9.173674e+14      1.032756e+15      0.888271
     5003.1000      9.041072e+14      1.032749e+15      0.875437
     5003.1100      8.885007e+14      1.032742e+15      0.860332
     5003.1200      8.699595e+14      1.032736e+15      0.842384
     5003.1300      8.474959e+14      1.032729e+15      0.820637
     5003.1400      8.209379e+14      1.032722e+15      0.794926
     5003.1500      7.890063e+14      1.032715e+15      0.764011
     5003.1600      7.493103e+14      1.032709e+15      0.725578
     5003.1700      6.991764e+14      1.032702e+15      0.677036
     5003.1800      6.338465e+14      1.032695e+15      0.613779
     5003.1900      5.412261e+14      1.032689e+15      0.524094
     5003.2000      4.184873e+14      1.032682e+15      0.405243
     5003.2100      3.113095e+14      1.032675e+15      0.301459
     5003.2200      2.468102e+14      1.032669e+15      0.239002
     5003.2300      2.085041e+14      1.032662e+15      0.201909
     5003.2400      1.850646e+14      1.032655e+15      0.179212
     5003.2500      1.727059e+14      1.032648e+15      0.167246
     5003.2600      1.696922e+14      1.032642e+15      0.164328
     5003.2700      1.755545e+14      1.032635e+15      0.170006
     5003.2800      1.911823e+14      1.032628e+15      0.185141
     5003.2900      2.187447e+14      1.032622e+15      0.211834
     5003.3000      2.635039e+14      1.032615e+15      0.255181
     5003.3100      3.405027e+14      1.032608e+15      0.329750
     5003.3200      4.581952e+14      1.032601e+15      0.443729
     5003.3300      5.725850e+14      1.032595e+15      0.554511
     5003.3400      6.512569e+14      1.032588e+15      0.630704
     5003.3500      7.074586e+14      1.032581e+15      0.685136
     5003.3600      7.525391e+14      1.032575e+15      0.728799
     5003.3700      7.907829e+14      1.032568e+15      0.765841
     5003.3800      8.234864e+14      1.032561e+15      0.797518
     5003.3900      8.513589e+14      1.032555e+15      0.824517
     5003.4000      8.741189e+14      1.032548e+15      0.846565
     5003.4100      8.924689e+14      1.032541e+15      0.864342
     5003.4200      9.076305e+14      1.032534e+15      0.879032
     5003.4300      9.203920e+14      1.032528e+15      0.891397
     5003.4400      9.312770e+14      1.032521e+15      0.901945
     5003.4500      9.406477e+14      1.032514e+15      0.911026
     5003.4600      9.487699e+14      1.032508e+15      0.918899
     5003.4700      9.558517e+14      1.032501e+15      0.925763
     5003.4800      9.620595e+14      1.032494e+15      0.931782
     5003.4900      9.675263e+14      1.032488e+15      0.937083
     5003.5000      9.723649e+14      1.032481e+15      0.941775
     5003.5100      9.766642e+14      1.032474e+15      0.945945
     5003.5200      9.804991e+14      1.032467e+15      0.949666
     5003.5300      9.839319e+14      1.032461e+15      0.952997
     5003.5400      9.870195e+14      1.032454e+15      0.955994
     5003.5500      9.897964e+14      1.032447e+15      0.958689
     5003.5600      9.923049e+14      1.032441e+15      0.961125
     5003.5700      9.945767e+14      1.032434e+15      0.963332
     5003.5800      9.966389e+14      1.032427e+15      0.965336
     5003.5900      9.985147e+14      1.032421e+15      0.967159
     5003.6000      1.000224e+15      1.032414e+15      0.968821
     5003.6100      1.001784e+15      1.032407e+15      0.970338
     5003.6200      1.003143e+15      1.032401e+15      0.971661
     5003.6300      1.004424e+15      1.032394e+15      0.972908
     5003.6400      1.005567e+15      1.032387e+15      0.974022
     5003.6500      1.006493e+15      1.032380e+15      0.974925
     5003.6600      1.006866e+15      1.032374e+15      0.975292
     5003.6700      1.005686e+15      1.032367e+15      0.974155
     5003.6800      1.001003e+15      1.032360e+15      0.969626
     5003.6900      9.909458e+14      1.032354e+15      0.959890
     5003.7000      9.767178e+14      1.032347e+15      0.946114
     5003.7100      9.644338e+14      1.032340e+15      0.934221
     5003.7200      9.615634e+14      1.032334e+15      0.931446
     5003.7300      9.702935e+14      1.032327e+15      0.939909
     5003.7400      9.855040e+14      1.032320e+15      0.954650
     5003.7500      9.994828e+14      1.032313e+15      0.968197
     5003.7600      1.008217e+15      1.032307e+15      0.976664
     5003.7700      1.012217e+15      1.032300e+15      0.980546
     5003.7800      1.013641e+15      1.032293e+15      0.981931
     5003.7900      1.013873e+15      1.032287e+15      0.982163
     5003.8000      1.012915e+15      1.032280e+15      0.981241
     5003.8100      1.009671e+15      1.032273e+15      0.978105
     5003.8200      1.004034e+15      1.032267e+15      0.972650
     5003.8300      9.992881e+14      1.032260e+15      0.968059
     5003.8400      9.997442e+14      1.032253e+15      0.968507
     5003.8500      1.004455e+15      1.032246e+15      0.973077
     5003.8600      1.008588e+15      1.032240e+15      0.977087
     5003.8700      1.009766e+15      1.032233e+15      0.978234
     5003.8800      1.008618e+15      1.032226e+15      0.977129
     5003.8900      1.005846e+15      1.032220e+15      0.974450
     5003.9000      1.000693e+15      1.032213e+15      0.969464
     5003.9100      9.882800e+14      1.032206e+15      0.957444
     5003.9200      9.512138e+14      1.032200e+15      0.921541
     5003.9300      8.506390e+14      1.032193e+15      0.824108
     5003.9400      6.677372e+14      1.032186e+15      0.646915
     5003.9500      4.839538e+14      1.032180e+15      0.468866
     5003.9600      3.781915e+14      1.032173e+15      0.366403
     5003.9700      3.341274e+14      1.032166e+15      0.323715
     5003.9800      3.247605e+14      1.032159e+15      0.314642
     5003.9900      3.436991e+14      1.032153e+15      0.332992
     5004.0000      4.038545e+14      1.032146e+15      0.391277
     5004.0100      5.361415e+14      1.032139e+15      0.519447
     5004.0200      7.321288e+14      1.032133e+15      0.709336
     5004.0300      8.903866e+14      1.032126e+15      0.862673
     5004.0400      9.629842e+14      1.032119e+15      0.933017
     5004.0500      9.862531e+14      1.032112e+15      0.955568
     5004.0600      9.923364e+14      1.032105e+15      0.961468
     5004.0700      9.930555e+14      1.032099e+15      0.962171
     5004.0800      9.910846e+14      1.032092e+15      0.960268
     5004.0900      9.865086e+14      1.032085e+15      0.955840
     5004.1000      9.782777e+14      1.032078e+15      0.947872
     5004.1100      9.634566e+14      1.032072e+15      0.933517
     5004.1200      9.313281e+14      1.032065e+15      0.902393
     5004.1300      8.520014e+14      1.032058e+15      0.825536
     5004.1400      6.863300e+14      1.032051e+15      0.665015
     5004.1500      4.793247e+14      1.032044e+15      0.464442
     5004.1600      3.459104e+14      1.032038e+15      0.335172
     5004.1700      2.879274e+14      1.032031e+15      0.278991
     5004.1800      2.645713e+14      1.032024e+15      0.256361
     5004.1900      2.604973e+14      1.032017e+15      0.252416
     5004.2000      2.735844e+14      1.032011e+15      0.265098
     5004.2100      3.111644e+14      1.032004e+15      0.301515
     5004.2200      4.011679e+14      1.031997e+15      0.388730
     5004.2300      5.811982e+14      1.031990e+15      0.563182
     5004.2400      7.827114e+14      1.031984e+15      0.758453
     5004.2500      9.033635e+14      1.031977e+15      0.875372
     5004.2600      9.550447e+14      1.031970e+15      0.925458
     5004.2700      9.773886e+14      1.031963e+15      0.947116
     5004.2800      9.896343e+14      1.031956e+15      0.958988
     5004.2900      9.974770e+14      1.031950e+15      0.966595
     5004.3000      1.002921e+15      1.031943e+15      0.971876
     5004.3100      1.006842e+15      1.031936e+15      0.975682
     5004.3200      1.009983e+15      1.031929e+15      0.978733
     5004.3300      1.012451e+15      1.031923e+15      0.981131
     5004.3400      1.014416e+15      1.031916e+15      0.983042
     5004.3500      1.016024e+15      1.031909e+15      0.984606
     5004.3600      1.017358e+15      1.031902e+15      0.985906
     5004.3700      1.018479e+15      1.031896e+15      0.986998
     5004.3800      1.019431e+15      1.031889e+15      0.987928
     5004.3900      1.020248e+15      1.031882e+15      0.988726
     5004.4000      1.020955e+15      1.031875e+15      0.989417
     5004.4100      1.021571e+15      1.031868e+15      0.990020
     5004.4200      1.022111e+15      1.031862e+15      0.990551
     5004.4300      1.022589e+15      1.031855e+15      0.991020
     5004.4400      1.023013e+15      1.031848e+15      0.991438
     5004.4500      1.023394e+15      1.031841e+15      0.991813
     5004.4600      1.023733e+15      1.031835e+15      0.992148
     5004.4700      1.024039e+15      1.031828e+15      0.992451
     5004.4800      1.024316e+15      1.031821e+15      0.992726
     5004.4900      1.024567e+15      1.031814e+15      0.992976
     5004.5000      1.024795e+15      1.031808e+15      0.993204
     5004.5100      1.025004e+15      1.031801e+15      0.993412
     5004.5200      1.025195e+15      1.031794e+15      0.993604
     5004.5300      1.025370e+15      1.031787e+15      0.993780
     5004.5400      1.025531e+15      1.031780e+15      0.993943
     5004.5500      1.025680e+15      1.031774e+15      0.994094
     5004.5600      1.025817e+15      1.031767e+15      0.994233
     5004.5700      1.025944e+15      1.031760e+15      0.994363
     5004.5800      1.026061e+15      1.031753e+15      0.994483
     5004.5900      1.026170e+15      1.031747e+15      0.994595
     5004.6000      1.026272e+15      1.031740e+15      0.994700
     5004.6100      1.026366e+15      1.031733e+15      0.994798
     5004.6200      1.026453e+15      1.031726e+15      0.994889
     5004.6300      1.026504e+15      1.031720e+15      0.994945
     5004.6400      1.026579e+15      1.031713e+15      0.995024
     5004.6500      1.026648e+15      1.031706e+15      0.995098
     5004.6600      1.026713e+15      1.031699e+15      0.995167
     5004.6700      1.026773e+15      1.031692e+15      0.995231
     5004.6800      1.026818e+15      1.031686e+15      0.995282
     5004.6900      1.026861e+15      1.031679e+15      0.995330
     5004.7000      1.026900e+15      1.031672e+15      0.995374
     5004.7100      1.027076e+15      1.031665e+15      0.995552
     5004.7200      1.027101e+15      1.031659e+15      0.995582
     5004.7300      1.027121e+15      1.031652e+15      0.995608
     5004.7400      1.027135e+15      1.031645e+15      0.995628
     5004.7500      1.027142e+15      1.031638e+15      0.995642
     5004.7600      1.027142e+15      1.031632e+15      0.995648
     5004.7700      1.027132e+15      1.031625e+15      0.995645
     5004.7800      1.027111e+15      1.031618e+15      0.995631
     5004.7900      1.027073e+15      1.031611e+15      0.995601
     5004.8000      1.027010e+15      1.031605e+15      0.995547
     5004.8100      1.026847e+15      1.031598e+15      0.995395
     5004.8200      1.026599e+15      1.031591e+15      0.995161
     5004.8300      1.025927e+15      1.031584e+15      0.994516
     5004.8400      1.023763e+15      1.031577e+15      0.992425
     5004.8500      1.018001e+15      1.031571e+15      0.986846
     5004.8600      1.007607e+15      1.031564e+15      0.976776
     5004.8700      9.963135e+14      1.031557e+15      0.965835
     5004.8800      9.901527e+14      1.031550e+15      0.959869
     5004.8900      9.913671e+14      1.031544e+15      0.961052
     5004.9000      9.975401e+14      1.031537e+15      0.967043
     5004.9100      1.006004e+15      1.031530e+15      0.975254
     5004.9200      1.014292e+15      1.031523e+15      0.983295
     5004.9300      1.020401e+15      1.031517e+15      0.989224
     5004.9400      1.023883e+15      1.031510e+15      0.992606
     5004.9500      1.025513e+15      1.031503e+15      0.994193
     5004.9600      1.026166e+15      1.031496e+15      0.994833
     5004.9700      1.026423e+15      1.031490e+15      0.995088
     5004.9800      1.026523e+15      1.031483e+15      0.995192
     5004.9900      1.026510e+15      1.031476e+15      0.995185
     5005.0000      1.026466e+15      1.031469e+15      0.995149
     5005.0100      1.026381e+15      1.031467e+15      0.995069
     5005.0200      1.026247e+15      1.031466e+15      0.994940
     5005.0300      1.026036e+15      1.031464e+15      0.994738
     5005.0400      1.025719e+15      1.031462e+15      0.994432
     5005.0500      1.025202e+15      1.031460e+15      0.993932
     5005.0600      1.023987e+15      1.031458e+15      0.992757
     5005.0700      1.019934e+15      1.031457e+15      0.988828
     5005.0800      1.005218e+15      1.031455e+15      0.974563
     5005.0900      9.597650e+14      1.031453e+15      0.930498
     5005.1000      8.567261e+14      1.031451e+15      0.830603
     5005.1100      7.034179e+14      1.031449e+15      0.681970
     5005.1200      5.613816e+14      1.031448e+15      0.544266
     5005.1300      4.794250e+14      1.031446e+15      0.464809
     5005.1400      4.624815e+14      1.031444e+15      0.448383
     5005.1500      5.087257e+14      1.031442e+15      0.493218
     5005.1600      6.237729e+14      1.031440e+15      0.604759
     5005.1700      7.845241e+14      1.031439e+15      0.760612
     5005.1800      9.209447e+14      1.031437e+15      0.892875
     5005.1900      9.914060e+14      1.031435e+15      0.961191
     5005.2000      1.015553e+15      1.031433e+15      0.984604
     5005.2100      1.021829e+15      1.031431e+15      0.990690
     5005.2200      1.023291e+15      1.031430e+15      0.992109
     5005.2300      1.023675e+15      1.031428e+15      0.992484
     5005.2400      1.023725e+15      1.031426e+15      0.992534
     5005.2500      1.023610e+15      1.031424e+15      0.992424
     5005.2600      1.023371e+15      1.031423e+15      0.992194
     5005.2700      1.023037e+15      1.031421e+15      0.991872
     5005.2800      1.022553e+15      1.031419e+15      0.991405
     5005.2900      1.021923e+15      1.031417e+15      0.990796
     5005.3000      1.021113e+15      1.031415e+15      0.990011
     5005.3100      1.020057e+15      1.031414e+15      0.988989
     5005.3200      1.018685e+15      1.031412e+15      0.987661
     5005.3300      1.016872e+15      1.031410e+15      0.985904
     5005.3400      1.014360e+15      1.031408e+15      0.983471
     5005.3500      1.010704e+15      1.031406e+15      0.979928
     5005.3600      1.004628e+15      1.031405e+15      0.974039
     5005.3700      9.934885e+14      1.031403e+15      0.963240
     5005.3800      9.683921e+14      1.031401e+15      0.938909
     5005.3900      9.094747e+14      1.031399e+15      0.881787
     5005.4000      7.943469e+14      1.031397e+15      0.770166
     5005.4100      6.393802e+14      1.031396e+15      0.619918
     5005.4200      5.082345e+14      1.031394e+15      0.492765
     5005.4300      4.355654e+14      1.031392e+15      0.422308
     5005.4400      4.161335e+14      1.031390e+15      0.403469
     5005.4500      4.432376e+14      1.031388e+15      0.429748
     5005.4600      5.255571e+14      1.031387e+15      0.509564
     5005.4700      6.641079e+14      1.031385e+15      0.643899
     5005.4800      8.165300e+14      1.031383e+15      0.791685
     5005.4900      9.220719e+14      1.031381e+15      0.894017
     5005.5000      9.737150e+14      1.031379e+15      0.944090
     5005.5100      9.955077e+14      1.031378e+15      0.965221
     5005.5200      1.005171e+15      1.031376e+15      0.974592
     5005.5300      1.010469e+15      1.031374e+15      0.979731
     5005.5400      1.012924e+15      1.031372e+15      0.982113
     5005.5500      1.011612e+15      1.031370e+15      0.980843
     5005.5600      1.001334e+15      1.031369e+15      0.970879
     5005.5700      9.737005e+14      1.031367e+15      0.944087
     5005.5800      9.253615e+14      1.031365e+15      0.897220
     5005.5900      8.707062e+14      1.031363e+15      0.844228
     5005.6000      8.365115e+14      1.031361e+15      0.811075
     5005.6100      8.409484e+14      1.031360e+15      0.815378
     5005.6200      8.819961e+14      1.031358e+15      0.855180
     5005.6300      9.384472e+14      1.031356e+15      0.909916
     5005.6400      9.844897e+14      1.031354e+15      0.954560
     5005.6500      1.009539e+15      1.031352e+15      0.978850
     5005.6600      1.019056e+15      1.031351e+15      0.988079
     5005.6700      1.020876e+15      1.031349e+15      0.989846
     5005.6800      1.017375e+15      1.031347e+15      0.986452
     5005.6900      1.002749e+15      1.031345e+15      0.972273
     5005.7000      9.650865e+14      1.031343e+15      0.935757
     5005.7100      8.982749e+14      1.031342e+15      0.870977
     5005.7200      8.205390e+14      1.031340e+15      0.795605
     5005.7300      7.666932e+14      1.031338e+15      0.743397
     5005.7400      7.592717e+14      1.031336e+15      0.736202
     5005.7500      7.945718e+14      1.031334e+15      0.770431
     5005.7600      8.396351e+14      1.031333e+15      0.814126
     5005.7700      8.495096e+14      1.031331e+15      0.823702
     5005.7800      8.180852e+14      1.031329e+15      0.793234
     5005.7900      7.841068e+14      1.031327e+15      0.760289
     5005.8000      7.827602e+14      1.031325e+15      0.758985
     5005.8100      8.225980e+14      1.031324e+15      0.797614
     5005.8200      8.886864e+14      1.031322e+15      0.861696
     5005.8300      9.522311e+14      1.031320e+15      0.923313
     5005.8400      9.936618e+14      1.031318e+15      0.963487
     5005.8500      1.013087e+15      1.031317e+15      0.982324
     5005.8600      1.020307e+15      1.031315e+15      0.989327
     5005.8700      1.022770e+15      1.031313e+15      0.991717
     5005.8800      1.023706e+15      1.031311e+15      0.992626
     5005.8900      1.024174e+15      1.031309e+15      0.993081
     5005.9000      1.024452e+15      1.031308e+15      0.993353
     5005.9100      1.024631e+15      1.031306e+15      0.993528
     5005.9200      1.024848e+15      1.031304e+15      0.993740
     5005.9300      1.024920e+15      1.031302e+15      0.993811
     5005.9400      1.024884e+15      1.031300e+15      0.993779
     5005.9500      1.024873e+15      1.031299e+15      0.993769
     5005.9600      1.024794e+15      1.031297e+15      0.993695
     5005.9700      1.024464e+15      1.031295e+15      0.993376
     5005.9800      1.023627e+15      1.031293e+15      0.992566
     5005.9900      1.021493e+15      1.031291e+15      0.990499
     5006.0000      1.017307e+15      1.031290e+15      0.986441
     5006.0100      1.011551e+15      1.031295e+15      0.980855
     5006.0200      1.006598e+15      1.031300e+15      0.976047
     5006.0300      1.005455e+15      1.031306e+15      0.974934
     5006.0400      1.008861e+15      1.031311e+15      0.978232
     5006.0500      1.014569e+15      1.031316e+15      0.983761
     5006.0600      1.019541e+15      1.031322e+15      0.988577
     5006.0700      1.022470e+15      1.031327e+15      0.991411
     5006.0800      1.023704e+15      1.031333e+15      0.992603
     5006.0900      1.024070e+15      1.031338e+15      0.992953
     5006.1000      1.024121e+15      1.031343e+15      0.992997
     5006.1100      1.024073e+15      1.031349e+15      0.992946
     5006.1200      1.024062e+15      1.031354e+15      0.992930
     5006.1300      1.023951e+15      1.031359e+15      0.992817
     5006.1400      1.023833e+15      1.031365e+15      0.992697
     5006.1500      1.023703e+15      1.031370e+15      0.992566
     5006.1600      1.023561e+15      1.031376e+15      0.992423
     5006.1700      1.023403e+15      1.031381e+15      0.992265
     5006.1800      1.023223e+15      1.031386e+15      0.992085
     5006.1900      1.023008e+15      1.031392e+15      0.991872
     5006.2000      1.022732e+15      1.031397e+15      0.991599
     5006.2100      1.022310e+15      1.031402e+15      0.991185
     5006.2200      1.021361e+15      1.031408e+15      0.990259
     5006.2300      1.018254e+15      1.031413e+15      0.987242
     5006.2400      1.007754e+15      1.031419e+15      0.977056
     5006.2500      9.786851e+14      1.031424e+15      0.948868
     5006.2600      9.201241e+14      1.031429e+15      0.892086
     5006.2700      8.405609e+14      1.031435e+15      0.814943
     5006.2800      7.721907e+14      1.031440e+15      0.748653
     5006.2900      7.461356e+14      1.031445e+15      0.723388
     5006.3000      7.730406e+14      1.031451e+15      0.749469
     5006.3100      8.417512e+14      1.031456e+15      0.816080
     5006.3200      9.208206e+14      1.031462e+15      0.892734
     5006.3300      9.783953e+14      1.031467e+15      0.948547
     5006.3400      1.006585e+15      1.031472e+15      0.975872
     5006.3500      1.016501e+15      1.031478e+15      0.985480
     5006.3600      1.019198e+15      1.031483e+15      0.988089
     5006.3700      1.019796e+15      1.031488e+15      0.988664
     5006.3800      1.019876e+15      1.031494e+15      0.988737
     5006.3900      1.019808e+15      1.031499e+15      0.988665
     5006.4000      1.019669e+15      1.031505e+15      0.988526
     5006.4100      1.019484e+15      1.031510e+15      0.988342
     5006.4200      1.019263e+15      1.031515e+15      0.988122
     5006.4300      1.019007e+15      1.031521e+15      0.987869
     5006.4400      1.018715e+15      1.031526e+15      0.987580
     5006.4500      1.018380e+15      1.031531e+15      0.987250
     5006.4600      1.017986e+15      1.031537e+15      0.986863
     5006.4700      1.017495e+15      1.031542e+15      0.986382
     5006.4800      1.016665e+15      1.031548e+15      0.985573
     5006.4900      1.015145e+15      1.031553e+15      0.984094
     5006.5000      1.010596e+15      1.031558e+15      0.979679
     5006.5100      9.962910e+14      1.031564e+15      0.965807
     5006.5200      9.580482e+14      1.031569e+15      0.928729
     5006.5300      8.829974e+14      1.031575e+15      0.855971
     5006.5400      7.821180e+14      1.031580e+15      0.758175
     5006.5500      6.924507e+14      1.031585e+15      0.671249
     5006.5600      6.461916e+14      1.031591e+15      0.626403
     5006.5700      6.542685e+14      1.031596e+15      0.634229
     5006.5800      7.138281e+14      1.031601e+15      0.691961
     5006.5900      8.057351e+14      1.031607e+15      0.781049
     5006.6000      8.928138e+14      1.031612e+15      0.865455
     5006.6100      9.480975e+14      1.031618e+15      0.919040
     5006.6200      9.750856e+14      1.031623e+15      0.945196
     5006.6300      9.890057e+14      1.031628e+15      0.958684
     5006.6400      9.979625e+14      1.031634e+15      0.967361
     5006.6500      1.003714e+15      1.031639e+15      0.972932
     5006.6600      1.006631e+15      1.031644e+15      0.975754
     5006.6700      1.007616e+15      1.031650e+15      0.976704
     5006.6800      1.007608e+15      1.031655e+15      0.976691
     5006.6900      1.007168e+15      1.031661e+15      0.976259
     5006.7000      1.006456e+15      1.031666e+15      0.975564
     5006.7100      1.005437e+15      1.031671e+15      0.974571
     5006.7200      1.003616e+15      1.031677e+15      0.972801
     5006.7300      9.996053e+14      1.031682e+15      0.968908
     5006.7400      9.903799e+14      1.031687e+15      0.959961
     5006.7500      9.711245e+14      1.031693e+15      0.941292
     5006.7600      9.373648e+14      1.031698e+15      0.908565
     5006.7700      8.892790e+14      1.031704e+15      0.861952
     5006.7800      8.359945e+14      1.031709e+15      0.810301
     5006.7900      7.917494e+14      1.031714e+15      0.767411
     5006.8000      7.690438e+14      1.031720e+15      0.745400
     5006.8100      7.736952e+14      1.031725e+15      0.749904
     5006.8200      8.036701e+14      1.031730e+15      0.778954
     5006.8300      8.491304e+14      1.031736e+15      0.823011
     5006.8400      8.944585e+14      1.031741e+15      0.866941
     5006.8500      9.245142e+14      1.031747e+15      0.896067
     5006.8600      9.315930e+14      1.031752e+15      0.902923
     5006.8700      9.175942e+14      1.031757e+15      0.889351
     5006.8800      8.914580e+14      1.031763e+15      0.864015
     5006.8900      8.649521e+14      1.031768e+15      0.838320
     5006.9000      8.482615e+14      1.031774e+15      0.822139
     5006.9100      8.465297e+14      1.031779e+15      0.820456
     5006.9200      8.585039e+14      1.031784e+15      0.832058
     5006.9300      8.773872e+14      1.031790e+15      0.850355
     5006.9400      8.939548e+14      1.031795e+15      0.866407
     5006.9500      9.009581e+14      1.031800e+15      0.873190
     5006.9600      8.960492e+14      1.031806e+15      0.868428
     5006.9700      8.818697e+14      1.031811e+15      0.854681
     5006.9800      8.636988e+14      1.031817e+15      0.837066
     5006.9900      8.461082e+14      1.031822e+15      0.820014
     5007.0000      8.285617e+14      1.031827e+15      0.803004
     5007.0100      8.061272e+14      1.031836e+15      0.781255
     5007.0200      7.714890e+14      1.031844e+15      0.747680
     5007.0300      7.138878e+14      1.031852e+15      0.691851
     5007.0400      6.066603e+14      1.031861e+15      0.587928
     5007.0500      4.425331e+14      1.031869e+15      0.428866
     5007.0600      3.124522e+14      1.031877e+15      0.302800
     5007.0700      2.451950e+14      1.031886e+15      0.237618
     5007.0800      2.070088e+14      1.031894e+15      0.200611
     5007.0900      1.838222e+14      1.031902e+15      0.178139
     5007.1000      1.716646e+14      1.031911e+15      0.166356
     5007.1100      1.687783e+14      1.031919e+15      0.163558
     5007.1200      1.746948e+14      1.031927e+15      0.169290
     5007.1300      1.903440e+14      1.031936e+15      0.184453
     5007.1400      2.179631e+14      1.031944e+15      0.211216
     5007.1500      2.633754e+14      1.031952e+15      0.255221
     5007.1600      3.472208e+14      1.031961e+15      0.336467
     5007.1700      4.931050e+14      1.031969e+15      0.477829
     5007.1800      6.313772e+14      1.031977e+15      0.611813
     5007.1900      7.086220e+14      1.031986e+15      0.686659
     5007.2000      7.545407e+14      1.031994e+15      0.731148
     5007.2100      7.878542e+14      1.032002e+15      0.763423
     5007.2200      8.124875e+14      1.032011e+15      0.787286
     5007.2300      8.301683e+14      1.032019e+15      0.804412
     5007.2400      8.423126e+14      1.032027e+15      0.816173
     5007.2500      8.498844e+14      1.032035e+15      0.823503
     5007.2600      8.538140e+14      1.032044e+15      0.827304
     5007.2700      8.548950e+14      1.032052e+15      0.828345
     5007.2800      8.534862e+14      1.032061e+15      0.826973
     5007.2900      8.497888e+14      1.032069e+15      0.823384
     5007.3000      8.438768e+14      1.032077e+15      0.817649
     5007.3100      8.357625e+14      1.032085e+15      0.809780
     5007.3200      8.253038e+14      1.032094e+15      0.799640
     5007.3300      8.122853e+14      1.032102e+15      0.787020
     5007.3400      7.964276e+14      1.032110e+15      0.771650
     5007.3500      7.769836e+14      1.032119e+15      0.752804
     5007.3600      7.532619e+14      1.032127e+15      0.729815
     5007.3700      7.236285e+14      1.032135e+15      0.701098
     5007.3800      6.850608e+14      1.032144e+15      0.663726
     5007.3900      6.336268e+14      1.032152e+15      0.613889
     5007.4000      5.691773e+14      1.032160e+15      0.551443
     5007.4100      4.976594e+14      1.032169e+15      0.482149
     5007.4200      4.319088e+14      1.032177e+15      0.418444
     5007.4300      3.815893e+14      1.032185e+15      0.369691
     5007.4400      3.460810e+14      1.032194e+15      0.335287
     5007.4500      3.157042e+14      1.032202e+15      0.305855
     5007.4600      2.748179e+14      1.032210e+15      0.266242
     5007.4700      2.262785e+14      1.032219e+15      0.219216
     5007.4800      1.863480e+14      1.032227e+15      0.180530
     5007.4900      1.594234e+14      1.032235e+15      0.154445
     5007.5000      1.440032e+14      1.032244e+15      0.139505
     5007.5100      1.372692e+14      1.032252e+15      0.132980
     5007.5200      1.374040e+14      1.032260e+15      0.133110
     5007.5300      1.444566e+14      1.032269e+15      0.139941
     5007.5400      1.603659e+14      1.032277e+15      0.155352
     5007.5500      1.883062e+14      1.032285e+15      0.182417
     5007.5600      2.319169e+14      1.032294e+15      0.224662
     5007.5700      2.981957e+14      1.032302e+15      0.288865
     5007.5800      3.865206e+14      1.032310e+15      0.374423
     5007.5900      4.671955e+14      1.032319e+15      0.452569
     5007.6000      5.297490e+14      1.032327e+15      0.513160
     5007.6100      5.828958e+14      1.032335e+15      0.564638
     5007.6200      6.296187e+14      1.032344e+15      0.609892
     5007.6300      6.704859e+14      1.032352e+15      0.649474
     5007.6400      7.066161e+14      1.032360e+15      0.684466
     5007.6500      7.391581e+14      1.032369e+15      0.715983
     5007.6600      7.673119e+14      1.032377e+15      0.743248
     5007.6700      7.919099e+14      1.032385e+15      0.767068
     5007.6800      8.134976e+14      1.032394e+15      0.787972
     5007.6900      8.324809e+14      1.032402e+15      0.806353
     5007.7000      8.492243e+14      1.032410e+15      0.822565
     5007.7100      8.640136e+14      1.032419e+15      0.836883
     5007.7200      8.771281e+14      1.032427e+15      0.849579
     5007.7300      8.887942e+14      1.032435e+15      0.860871
     5007.7400      8.992049e+14      1.032444e+15      0.870948
     5007.7500      9.085246e+14      1.032452e+15      0.879968
     5007.7600      9.168933e+14      1.032460e+15      0.888066
     5007.7700      9.244305e+14      1.032469e+15      0.895359
     5007.7800      9.312383e+14      1.032477e+15      0.901946
     5007.7900      9.374041e+14      1.032485e+15      0.907910
     5007.8000      9.430031e+14      1.032494e+15      0.913326
     5007.8100      9.481000e+14      1.032502e+15      0.918255
     5007.8200      9.527509e+14      1.032510e+15      0.922752
     5007.8300      9.570043e+14      1.032519e+15      0.926864
     5007.8400      9.609004e+14      1.032527e+15      0.930630
     5007.8500      9.644794e+14      1.032535e+15      0.934088
     5007.8600      9.677720e+14      1.032544e+15      0.937270
     5007.8700      9.708064e+14      1.032552e+15      0.940201
     5007.8800      9.736073e+14      1.032560e+15      0.942906
     5007.8900      9.761966e+14      1.032569e+15      0.945406
     5007.9000      9.785935e+14      1.032577e+15      0.947720
     5007.9100      9.808201e+14      1.032585e+15      0.949868
     5007.9200      9.828814e+14      1.032594e+15      0.951857
     5007.9300      9.847960e+14      1.032602e+15      0.953703
     5007.9400      9.865762e+14      1.032610e+15      0.955420
     5007.9500      9.882325e+14      1.032619e+15      0.957016
     5007.9600      9.897745e+14      1.032627e+15      0.958501
     5007.9700      9.912107e+14      1.032635e+15      0.959884
     5007.9800      9.925490e+14      1.032644e+15      0.961173
     5007.9900      9.937685e+14      1.032652e+15      0.962346
     5008.0000      9.949291e+14      1.032660e+15      0.963462
     5008.0100      9.960093e+14      1.032668e+15      0.964501
     5008.0200      9.970148e+14      1.032676e+15      0.965468
     5008.0300      9.979501e+14      1.032683e+15      0.966366
     5008.0400      9.988191e+14      1.032691e+15      0.967201
     5008.0500      9.996253e+14      1.032698e+15      0.967974
     5008.0600      1.000372e+15      1.032706e+15      0.968690
     5008.0700      1.001061e+15      1.032713e+15      0.969351
     5008.0800      1.001696e+15      1.032721e+15      0.969958
     5008.0900      1.002279e+15      1.032729e+15      0.970515
     5008.1000      1.002811e+15      1.032736e+15      0.971024
     5008.1100      1.003294e+15      1.032744e+15      0.971484
     5008.1200      1.003729e+15      1.032751e+15      0.971898
     5008.1300      1.004117e+15      1.032759e+15      0.972266
     5008.1400      1.004458e+15      1.032766e+15      0.972590
     5008.1500      1.004754e+15      1.032774e+15      0.972869
     5008.1600      1.005004e+15      1.032782e+15      0.973104
     5008.1700      1.005207e+15      1.032789e+15      0.973294
     5008.1800      1.005364e+15      1.032797e+15      0.973439
     5008.1900      1.005474e+15      1.032804e+15      0.973538
     5008.2000      1.005535e+15      1.032812e+15      0.973590
     5008.2100      1.005545e+15      1.032819e+15      0.973593
     5008.2200      1.005503e+15      1.032827e+15      0.973545
     5008.2300      1.005406e+15      1.032835e+15      0.973443
     5008.2400      1.005249e+15      1.032842e+15      0.973285
     5008.2500      1.005030e+15      1.032850e+15      0.973065
     5008.2600      1.004741e+15      1.032857e+15      0.972778
     5008.2700      1.004376e+15      1.032865e+15      0.972418
     5008.2800      1.003924e+15      1.032872e+15      0.971973
     5008.2900      1.003370e+15      1.032880e+15      0.971429
     5008.3000      1.002679e+15      1.032888e+15      0.970754
     5008.3100      1.001803e+15      1.032895e+15      0.969898
     5008.3200      1.000478e+15      1.032903e+15      0.968608
     5008.3300      9.986722e+14      1.032910e+15      0.966853
     5008.3400      9.957642e+14      1.032918e+15      0.964030
     5008.3500      9.912173e+14      1.032925e+15      0.959621
     5008.3600      9.845713e+14      1.032933e+15      0.953180
     5008.3700      9.767255e+14      1.032941e+15      0.945578
     5008.3800      9.699371e+14      1.032948e+15      0.938999
     5008.3900      9.665812e+14      1.032956e+15      0.935743
     5008.4000      9.673105e+14      1.032963e+15      0.936442
     5008.4100      9.706903e+14      1.032971e+15      0.939707
     5008.4200      9.739220e+14      1.032978e+15      0.942829
     5008.4300      9.750690e+14      1.032986e+15      0.943932
     5008.4400      9.730614e+14      1.032994e+15      0.941982
     5008.4500      9.673090e+14      1.033001e+15      0.936406
     5008.4600      9.564603e+14      1.033009e+15      0.925898
     5008.4700      9.388093e+14      1.033016e+15      0.908804
     5008.4800      9.158514e+14      1.033024e+15      0.886573
     5008.4900      8.936287e+14      1.033032e+15      0.865055
     5008.5000      8.792250e+14      1.033039e+15      0.851105
     5008.5100      8.735053e+14      1.033047e+15      0.845562
     5008.5200      8.681547e+14      1.033054e+15      0.840377
     5008.5300      8.428338e+14      1.033062e+15      0.815860
     5008.5400      7.506989e+14      1.033069e+15      0.726668
     5008.5500      5.418684e+14      1.033077e+15      0.524519
     5008.5600      3.374730e+14      1.033085e+15      0.326665
     5008.5700      2.504740e+14      1.033092e+15      0.242451
     5008.5800      2.106526e+14      1.033100e+15      0.203903
     5008.5900      1.882669e+14      1.033107e+15      0.182234
     5008.6000      1.775382e+14      1.033115e+15      0.171847
     5008.6100      1.765413e+14      1.033122e+15      0.170881
     5008.6200      1.848256e+14      1.033130e+15      0.178899
     5008.6300      2.017374e+14      1.033138e+15      0.195267
     5008.6400      2.186146e+14      1.033145e+15      0.211601
     5008.6500      2.180797e+14      1.033153e+15      0.211082
     5008.6600      2.080835e+14      1.033160e+15      0.201405
     5008.6700      2.032794e+14      1.033168e+15      0.196753
     5008.6800      2.078366e+14      1.033175e+15      0.201163
     5008.6900      2.233467e+14      1.033183e+15      0.216173
     5008.7000      2.530855e+14      1.033191e+15      0.244955
     5008.7100      3.082775e+14      1.033198e+15      0.298372
     5008.7200      4.184558e+14      1.033206e+15      0.405007
     5008.7300      5.791061e+14      1.033213e+15      0.560490
     5008.7400      6.971714e+14      1.033221e+15      0.674755
     5008.7500      7.440527e+14      1.033228e+15      0.720124
     5008.7600      7.511604e+14      1.033236e+15      0.726998
     5008.7700      7.486629e+14      1.033244e+15      0.724575
     5008.7800      7.598273e+14      1.033251e+15      0.735375
     5008.7900      7.934912e+14      1.033259e+15      0.767950
     5008.8000      8.430822e+14      1.033266e+15      0.815939
     5008.8100      8.915156e+14      1.033274e+15      0.862807
     5008.8200      9.268602e+14      1.033282e+15      0.897006
     5008.8300      9.482405e+14      1.033289e+15      0.917691
     5008.8400      9.609096e+14      1.033297e+15      0.929946
     5008.8500      9.694063e+14      1.033304e+15      0.938162
     5008.8600      9.757453e+14      1.033312e+15      0.944289
     5008.8700      9.809491e+14      1.033319e+15      0.949318
     5008.8800      9.853539e+14      1.033327e+15      0.953574
     5008.8900      9.891579e+14      1.033335e+15      0.957248
     5008.9000      9.923512e+14      1.033342e+15      0.960332
     5008.9100      9.952659e+14      1.033350e+15      0.963145
     5008.9200      9.978459e+14      1.033357e+15      0.965635
     5008.9300      1.000146e+15      1.033365e+15      0.967854
     5008.9400      1.002197e+15      1.033372e+15      0.969831
     5008.9500      1.004038e+15      1.033380e+15      0.971606
     5008.9600      1.005694e+15      1.033388e+15      0.973201
     5008.9700      1.007188e+15      1.033395e+15      0.974640
     5008.9800      1.008538e+15      1.033403e+15      0.975938
     5008.9900      1.009755e+15      1.033410e+15      0.977110
     5009.0000      1.010745e+15      1.033418e+15      0.978060
     5009.0100      1.011710e+15      1.033415e+15      0.978997
     5009.0200      1.012559e+15      1.033411e+15      0.979822
     5009.0300      1.013280e+15      1.033408e+15      0.980523
     5009.0400      1.013832e+15      1.033404e+15      0.981061
     5009.0500      1.014060e+15      1.033401e+15      0.981284
     5009.0600      1.013249e+15      1.033397e+15      0.980502
     5009.0700      1.008655e+15      1.033394e+15      0.976060
     5009.0800      9.924464e+14      1.033391e+15      0.960379
     5009.0900      9.509695e+14      1.033387e+15      0.920245
     5009.1000      8.772758e+14      1.033384e+15      0.848935
     5009.1100      7.913678e+14      1.033380e+15      0.765805
     5009.1200      7.303273e+14      1.033377e+15      0.706739
     5009.1300      7.190343e+14      1.033374e+15      0.695813
     5009.1400      7.613596e+14      1.033370e+15      0.736773
     5009.1500      8.419590e+14      1.033367e+15      0.814773
     5009.1600      9.257970e+14      1.033363e+15      0.895907
     5009.1700      9.823428e+14      1.033360e+15      0.950630
     5009.1800      1.008471e+15      1.033356e+15      0.975918
     5009.1900      1.017520e+15      1.033353e+15      0.984678
     5009.2000      1.020359e+15      1.033350e+15      0.987429
     5009.2100      1.021407e+15      1.033346e+15      0.988446
     5009.2200      1.021984e+15      1.033343e+15      0.989008
     5009.2300      1.022396e+15      1.033339e+15      0.989410
     5009.2400      1.022717e+15      1.033336e+15      0.989724
     5009.2500      1.022975e+15      1.033333e+15      0.989976
     5009.2600      1.023183e+15      1.033329e+15      0.990181
     5009.2700      1.023343e+15      1.033326e+15      0.990339
     5009.2800      1.023453e+15      1.033322e+15      0.990449
     5009.2900      1.023506e+15      1.033319e+15      0.990503
     5009.3000      1.023493e+15      1.033316e+15      0.990494
     5009.3100      1.023395e+15      1.033312e+15      0.990403
     5009.3200      1.023169e+15      1.033309e+15      0.990187
     5009.3300      1.022737e+15      1.033305e+15      0.989772
     5009.3400      1.021892e+15      1.033302e+15      0.988958
     5009.3500      1.020179e+15      1.033298e+15      0.987304
     5009.3600      1.016008e+15      1.033295e+15      0.983270
     5009.3700      1.005466e+15      1.033292e+15      0.973071
     5009.3800      9.807095e+14      1.033288e+15      0.949115
     5009.3900      9.348643e+14      1.033285e+15      0.904750
     5009.4000      8.740523e+14      1.033281e+15      0.845900
     5009.4100      8.199486e+14      1.033278e+15      0.793541
     5009.4200      7.974183e+14      1.033275e+15      0.771739
     5009.4300      8.161162e+14      1.033271e+15      0.789837
     5009.4400      8.681614e+14      1.033268e+15      0.840210
     5009.4500      9.297392e+14      1.033264e+15      0.899808
     5009.4600      9.779100e+14      1.033261e+15      0.946431
     5009.4700      1.004817e+15      1.033258e+15      0.972475
     5009.4800      1.016754e+15      1.033254e+15      0.984031
     5009.4900      1.021588e+15      1.033251e+15      0.988712
     5009.5000      1.023702e+15      1.033247e+15      0.990762
     5009.5100      1.024860e+15      1.033244e+15      0.991885
     5009.5200      1.025578e+15      1.033240e+15      0.992584
     5009.5300      1.026087e+15      1.033237e+15      0.993080
     5009.5400      1.026470e+15      1.033234e+15      0.993454
     5009.5500      1.026774e+15      1.033230e+15      0.993752
     5009.5600      1.027025e+15      1.033227e+15      0.993997
     5009.5700      1.027232e+15      1.033223e+15      0.994201
     5009.5800      1.027408e+15      1.033220e+15      0.994375
     5009.5900      1.027560e+15      1.033217e+15      0.994525
     5009.6000      1.027693e+15      1.033213e+15      0.994658
     5009.6100      1.027811e+15      1.033210e+15      0.994775
     5009.6200      1.027916e+15      1.033206e+15      0.994880
     5009.6300      1.028010e+15      1.033203e+15      0.994974
     5009.6400      1.028095e+15      1.033200e+15      0.995059
     5009.6500      1.028171e+15      1.033196e+15      0.995136
     5009.6600      1.028240e+15      1.033193e+15      0.995206
     5009.6700      1.028302e+15      1.033189e+15      0.995269
     5009.6800      1.028357e+15      1.033186e+15      0.995327
     5009.6900      1.028407e+15      1.033182e+15      0.995378
     5009.7000      1.028451e+15      1.033179e+15      0.995423
     5009.7100      1.028489e+15      1.033176e+15      0.995464
     5009.7200      1.028521e+15      1.033172e+15      0.995498
     5009.7300      1.028547e+15      1.033169e+15      0.995527
     5009.7400      1.028568e+15      1.033165e+15      0.995550
     5009.7500      1.028582e+15      1.033162e+15      0.995567
     5009.7600      1.028589e+15      1.033159e+15      0.995577
     5009.7700      1.028589e+15      1.033155e+15      0.995580
     5009.7800      1.028581e+15      1.033152e+15      0.995576
     5009.7900      1.028564e+15      1.033148e+15      0.995563
     5009.8000      1.028537e+15      1.033145e+15      0.995539
     5009.8100      1.028498e+15      1.033142e+15      0.995505
     5009.8200      1.028445e+15      1.033138e+15      0.995457
     5009.8300      1.028376e+15      1.033135e+15      0.995394
     5009.8400      1.028289e+15      1.033131e+15      0.995313
     5009.8500      1.028285e+15      1.033128e+15      0.995312
     5009.8600      1.028141e+15      1.033124e+15      0.995176
     5009.8700      1.027962e+15      1.033121e+15      0.995006
     5009.8800      1.027739e+15      1.033118e+15      0.994794
     5009.8900      1.027458e+15      1.033114e+15      0.994525
     5009.9000      1.027101e+15      1.033111e+15      0.994183
     5009.9100      1.026633e+15      1.033107e+15      0.993734
     5009.9200      1.026029e+15      1.033104e+15      0.993151
     5009.9300      1.025218e+15      1.033101e+15      0.992370
     5009.9400      1.024073e+15      1.033097e+15      0.991265
     5009.9500      1.022360e+15      1.033094e+15      0.989610
     5009.9600      1.019387e+15      1.033090e+15      0.986736
     5009.9700      1.013585e+15      1.033087e+15      0.981123
     5009.9800      9.991915e+14      1.033084e+15      0.967193
     5009.9900      9.621629e+14      1.033080e+15      0.931354
     5010.0000      8.822917e+14      1.033077e+15      0.854043
     5010.0100      7.594771e+14      1.033068e+15      0.735167
     5010.0200      6.365005e+14      1.033059e+15      0.616132
     5010.0300      5.578489e+14      1.033050e+15      0.540002
     5010.0400      5.371990e+14      1.033041e+15      0.520017
     5010.0500      5.740446e+14      1.033032e+15      0.555689
     5010.0600      6.679668e+14      1.033023e+15      0.646614
     5010.0700      7.962257e+14      1.033014e+15      0.770779
     5010.0800      9.097929e+14      1.033005e+15      0.880724
     5010.0900      9.760618e+14      1.032996e+15      0.944884
     5010.1000      1.004741e+15      1.032988e+15      0.972656
     5010.1100      1.015740e+15      1.032979e+15      0.983311
     5010.1200      1.020222e+15      1.032970e+15      0.987659
     5010.1300      1.022155e+15      1.032961e+15      0.989539
     5010.1400      1.022037e+15      1.032952e+15      0.989433
     5010.1500      1.019181e+15      1.032943e+15      0.986677
     5010.1600      1.012967e+15      1.032934e+15      0.980669
     5010.1700      1.004758e+15      1.032925e+15      0.972731
     5010.1800      9.985786e+14      1.032916e+15      0.966757
     5010.1900      9.984380e+14      1.032907e+15      0.966629
     5010.2000      1.004689e+15      1.032898e+15      0.972689
     5010.2100      1.013735e+15      1.032889e+15      0.981455
     5010.2200      1.021348e+15      1.032881e+15      0.988835
     5010.2300      1.025887e+15      1.032872e+15      0.993238
     5010.2400      1.027971e+15      1.032863e+15      0.995264
     5010.2500      1.028802e+15      1.032854e+15      0.996077
     5010.2600      1.029154e+15      1.032845e+15      0.996427
     5010.2700      1.029346e+15      1.032836e+15      0.996621
     5010.2800      1.029482e+15      1.032827e+15      0.996761
     5010.2900      1.029590e+15      1.032818e+15      0.996874
     5010.3000      1.029765e+15      1.032809e+15      0.997053
     5010.3100      1.029829e+15      1.032800e+15      0.997123
     5010.3200      1.029887e+15      1.032791e+15      0.997187
     5010.3300      1.029939e+15      1.032783e+15      0.997246
     5010.3400      1.029986e+15      1.032774e+15      0.997301
     5010.3500      1.030029e+15      1.032765e+15      0.997351
     5010.3600      1.030068e+15      1.032756e+15      0.997398
     5010.3700      1.030105e+15      1.032747e+15      0.997442
     5010.3800      1.030138e+15      1.032738e+15      0.997483
     5010.3900      1.030169e+15      1.032729e+15      0.997521
     5010.4000      1.030197e+15      1.032720e+15      0.997557
     5010.4100      1.030224e+15      1.032711e+15      0.997591
     5010.4200      1.030248e+15      1.032702e+15      0.997624
     5010.4300      1.030271e+15      1.032693e+15      0.997654
     5010.4400      1.030292e+15      1.032685e+15      0.997683
     5010.4500      1.030208e+15      1.032676e+15      0.997610
     5010.4600      1.030206e+15      1.032667e+15      0.997617
     5010.4700      1.030197e+15      1.032658e+15      0.997617
     5010.4800      1.030176e+15      1.032649e+15      0.997605
     5010.4900      1.030132e+15      1.032640e+15      0.997571
     5010.5000      1.030030e+15      1.032631e+15      0.997481
     5010.5100      1.029699e+15      1.032622e+15      0.997169
     5010.5200      1.028413e+15      1.032613e+15      0.995932
     5010.5300      1.023847e+15      1.032604e+15      0.991519
     5010.5400      1.010997e+15      1.032595e+15      0.979083
     5010.5500      9.844027e+14      1.032587e+15      0.953337
     5010.5600      9.463461e+14      1.032578e+15      0.916489
     5010.5700      9.119175e+14      1.032569e+15      0.883154
     5010.5800      8.997787e+14      1.032560e+15      0.871406
     5010.5900      9.168901e+14      1.032551e+15      0.887985
     5010.6000      9.534877e+14      1.032542e+15      0.923437
     5010.6100      9.902583e+14      1.032533e+15      0.959057
     5010.6200      1.014210e+15      1.032524e+15      0.982263
     5010.6300      1.025117e+15      1.032515e+15      0.992835
     5010.6400      1.028821e+15      1.032506e+15      0.996430
     5010.6500      1.029846e+15      1.032497e+15      0.997432
     5010.6600      1.030125e+15      1.032489e+15      0.997711
     5010.6700      1.030228e+15      1.032480e+15      0.997819
     5010.6800      1.030148e+15      1.032471e+15      0.997750
     5010.6900      1.030166e+15      1.032462e+15      0.997776
     5010.7000      1.030138e+15      1.032453e+15      0.997758
     5010.7100      1.030120e+15      1.032444e+15      0.997749
     5010.7200      1.029624e+15      1.032435e+15      0.997278
     5010.7300      1.027990e+15      1.032426e+15      0.995703
     5010.7400      1.023612e+15      1.032417e+15      0.991471
     5010.7500      1.013129e+15      1.032408e+15      0.981326
     5010.7600      9.920746e+14      1.032399e+15      0.960941
     5010.7700      9.571546e+14      1.032391e+15      0.927125
     5010.7800      9.099387e+14      1.032382e+15      0.881398
     5010.7900      8.583523e+14      1.032373e+15      0.831436
     5010.8000      8.132510e+14      1.032364e+15      0.787756
     5010.8100      7.831150e+14      1.032355e+15      0.758571
     5010.8200      7.721293e+14      1.032346e+15      0.747936
     5010.8300      7.815774e+14      1.032337e+15      0.757095
     5010.8400      8.118010e+14      1.032328e+15      0.786379
     5010.8500      8.594543e+14      1.032319e+15      0.832547
     5010.8600      9.137354e+14      1.032310e+15      0.885136
     5010.8700      9.573791e+14      1.032302e+15      0.927422
     5010.8800      9.768918e+14      1.032293e+15      0.946332
     5010.8900      9.705255e+14      1.032284e+15      0.940173
     5010.9000      9.468843e+14      1.032275e+15      0.917279
     5010.9100      9.187822e+14      1.032266e+15      0.890063
     5010.9200      8.987513e+14      1.032257e+15      0.870666
     5010.9300      8.949813e+14      1.032248e+15      0.867021
     5010.9400      9.091642e+14      1.032239e+15      0.880769
     5010.9500      9.363570e+14      1.032230e+15      0.907120
     5010.9600      9.673472e+14      1.032221e+15      0.937151
     5010.9700      9.925936e+14      1.032213e+15      0.961618
     5010.9800      1.004602e+15      1.032204e+15      0.973260
     5010.9900      9.926986e+14      1.032195e+15      0.961736
     5011.0000      9.375245e+14      1.032186e+15      0.908290
     5011.0100      8.258226e+14      1.032178e+15      0.800077
     5011.0200      6.869400e+14      1.032171e+15      0.665529
     5011.0300      5.778179e+14      1.032163e+15      0.559813
     5011.0400      5.307324e+14      1.032155e+15      0.514198
     5011.0500      5.499254e+14      1.032148e+15      0.532797
     5011.0600      6.346432e+14      1.032140e+15      0.614881
     5011.0700      7.676864e+14      1.032133e+15      0.743786
     5011.0800      8.980593e+14      1.032125e+15      0.870107
     5011.0900      9.798280e+14      1.032118e+15      0.949338
     5011.1000      1.014237e+15      1.032110e+15      0.982683
     5011.1100      1.024776e+15      1.032102e+15      0.992901
     5011.1200      1.027309e+15      1.032095e+15      0.995363
     5011.1300      1.027631e+15      1.032087e+15      0.995682
     5011.1400      1.026849e+15      1.032080e+15      0.994932
     5011.1500      1.023878e+15      1.032072e+15      0.992060
     5011.1600      1.015300e+15      1.032065e+15      0.983756
     5011.1700      9.957223e+14      1.032057e+15      0.964794
     5011.1800      9.626348e+14      1.032049e+15      0.932741
     5011.1900      9.238529e+14      1.032042e+15      0.895170
     5011.2000      8.968889e+14      1.032034e+15      0.869050
     5011.2100      8.959932e+14      1.032027e+15      0.868188
     5011.2200      9.216166e+14      1.032019e+15      0.893023
     5011.2300      9.601598e+14      1.032011e+15      0.930377
     5011.2400      9.938419e+14      1.032004e+15      0.963021
     5011.2500      1.014214e+15      1.031996e+15      0.982769
     5011.2600      1.023225e+15      1.031989e+15      0.991508
     5011.2700      1.026375e+15      1.031981e+15      0.994568
     5011.2800      1.027288e+15      1.031974e+15      0.995460
     5011.2900      1.027448e+15      1.031966e+15      0.995622
     5011.3000      1.027222e+15      1.031958e+15      0.995410
     5011.3100      1.026898e+15      1.031951e+15      0.995103
     5011.3200      1.026355e+15      1.031943e+15      0.994585
     5011.3300      1.025480e+15      1.031936e+15      0.993744
     5011.3400      1.023935e+15      1.031928e+15      0.992254
     5011.3500      1.020320e+15      1.031921e+15      0.988758
     5011.3600      1.008905e+15      1.031913e+15      0.977703
     5011.3700      9.718640e+14      1.031905e+15      0.941815
     5011.3800      8.783773e+14      1.031898e+15      0.851225
     5011.3900      7.243687e+14      1.031890e+15      0.701982
     5011.4000      5.731409e+14      1.031883e+15      0.555432
     5011.4100      4.816742e+14      1.031875e+15      0.466795
     5011.4200      4.532767e+14      1.031867e+15      0.439278
     5011.4300      4.805009e+14      1.031860e+15      0.465665
     5011.4400      5.705545e+14      1.031852e+15      0.552942
     5011.4500      7.207476e+14      1.031845e+15      0.698504
     5011.4600      8.750962e+14      1.031837e+15      0.848095
     5011.4700      9.694849e+14      1.031830e+15      0.939578
     5011.4800      1.006876e+15      1.031822e+15      0.975823
     5011.4900      1.018099e+15      1.031814e+15      0.986708
     5011.5000      1.021171e+15      1.031807e+15      0.989692
     5011.5100      1.021714e+15      1.031799e+15      0.990226
     5011.5200      1.020448e+15      1.031792e+15      0.989006
     5011.5300      1.016127e+15      1.031784e+15      0.984825
     5011.5400      1.006062e+15      1.031777e+15      0.975078
     5011.5500      9.857659e+14      1.031769e+15      0.955413
     5011.5600      9.478345e+14      1.031761e+15      0.918657
     5011.5700      8.837336e+14      1.031754e+15      0.856535
     5011.5800      7.971492e+14      1.031746e+15      0.772621
     5011.5900      7.131622e+14      1.031739e+15      0.691224
     5011.6000      6.597350e+14      1.031731e+15      0.639445
     5011.6100      6.471588e+14      1.031724e+15      0.627260
     5011.6200      6.645255e+14      1.031716e+15      0.644097
     5011.6300      6.729231e+14      1.031708e+15      0.652242
     5011.6400      6.280769e+14      1.031701e+15      0.608778
     5011.6500      5.512644e+14      1.031693e+15      0.534330
     5011.6600      4.986021e+14      1.031686e+15      0.483289
     5011.6700      4.928502e+14      1.031678e+15      0.477717
     5011.6800      5.388604e+14      1.031670e+15      0.522318
     5011.6900      6.388400e+14      1.031663e+15      0.619233
     5011.7000      7.645440e+14      1.031655e+15      0.741085
     5011.7100      8.517172e+14      1.031648e+15      0.825589
     5011.7200      8.612424e+14      1.031640e+15      0.834828
     5011.7300      8.217578e+14      1.031633e+15      0.796561
     5011.7400      7.864633e+14      1.031625e+15      0.762354
     5011.7500      7.887096e+14      1.031617e+15      0.764537
     5011.7600      8.336187e+14      1.031610e+15      0.808076
     5011.7700      9.024795e+14      1.031602e+15      0.874833
     5011.7800      9.646220e+14      1.031595e+15      0.935078
     5011.7900      1.001988e+15      1.031587e+15      0.971308
     5011.8000      1.018017e+15      1.031580e+15      0.986853
     5011.8100      1.023472e+15      1.031572e+15      0.992148
     5011.8200      1.025286e+15      1.031564e+15      0.993913
     5011.8300      1.026095e+15      1.031557e+15      0.994705
     5011.8400      1.026592e+15      1.031549e+15      0.995194
     5011.8500      1.026962e+15      1.031542e+15      0.995560
     5011.8600      1.027117e+15      1.031534e+15      0.995718
     5011.8700      1.027347e+15      1.031527e+15      0.995949
     5011.8800      1.027665e+15      1.031519e+15      0.996263
     5011.8900      1.027813e+15      1.031511e+15      0.996414
     5011.9000      1.027933e+15      1.031504e+15      0.996538
     5011.9100      1.028030e+15      1.031496e+15      0.996640
     5011.9200      1.028202e+15      1.031489e+15      0.996814
     5011.9300      1.028257e+15      1.031481e+15      0.996875
     5011.9400      1.028398e+15      1.031474e+15      0.997019
     5011.9500      1.028417e+15      1.031466e+15      0.997044
     5011.9600      1.028425e+15      1.031458e+15      0.997059
     5011.9700      1.028423e+15      1.031451e+15      0.997065
     5011.9800      1.028412e+15      1.031443e+15      0.997062
     5011.9900      1.028393e+15      1.031436e+15      0.997050
     5012.0000      1.028364e+15      1.031428e+15      0.997029
     5012.0100      1.028336e+15      1.031431e+15      0.996999
     5012.0200      1.028299e+15      1.031433e+15      0.996961
     5012.0300      1.028252e+15      1.031436e+15      0.996913
     5012.0400      1.028194e+15      1.031438e+15      0.996854
     5012.0500      1.028125e+15      1.031441e+15      0.996785
     5012.0600      1.028044e+15      1.031444e+15      0.996704
     5012.0700      1.027949e+15      1.031446e+15      0.996609
     5012.0800      1.027838e+15      1.031449e+15      0.996500
     5012.0900      1.027710e+15      1.031451e+15      0.996373
     5012.1000      1.027561e+15      1.031454e+15      0.996226
     5012.1100      1.027389e+15      1.031456e+15      0.996057
     5012.1200      1.027189e+15      1.031459e+15      0.995860
     5012.1300      1.026955e+15      1.031462e+15      0.995631
     5012.1400      1.026681e+15      1.031464e+15      0.995363
     5012.1500      1.026217e+15      1.031467e+15      0.994910
     5012.1600      1.025814e+15      1.031469e+15      0.994518
     5012.1700      1.025332e+15      1.031472e+15      0.994048
     5012.1800      1.024747e+15      1.031474e+15      0.993478
     5012.1900      1.024028e+15      1.031477e+15      0.992779
     5012.2000      1.023128e+15      1.031480e+15      0.991903
     5012.2100      1.021973e+15      1.031482e+15      0.990781
     5012.2200      1.020240e+15      1.031485e+15      0.989098
     5012.2300      1.018187e+15      1.031487e+15      0.987105
     5012.2400      1.015151e+15      1.031490e+15      0.984160
     5012.2500      1.010538e+15      1.031492e+15      0.979685
     5012.2600      1.001911e+15      1.031495e+15      0.971319
     5012.2700      9.811318e+14      1.031498e+15      0.951172
     5012.2800      9.245846e+14      1.031500e+15      0.896349
     5012.2900      7.948538e+14      1.031503e+15      0.770578
     5012.3000      6.022330e+14      1.031505e+15      0.583839
     5012.3100      4.411679e+14      1.031508e+15      0.427692
     5012.3200      3.571787e+14      1.031511e+15      0.346268
     5012.3300      3.239731e+14      1.031513e+15      0.314076
     5012.3400      3.207182e+14      1.031516e+15      0.310919
     5012.3500      3.455736e+14      1.031518e+15      0.335015
     5012.3600      4.155169e+14      1.031521e+15      0.402820
     5012.3700      5.618144e+14      1.031523e+15      0.544645
     5012.3800      7.604133e+14      1.031526e+15      0.737173
     5012.3900      9.083007e+14      1.031529e+15      0.880539
     5012.4000      9.752984e+14      1.031531e+15      0.945486
     5012.4100      9.995409e+14      1.031534e+15      0.968985
     5012.4200      1.009126e+15      1.031536e+15      0.978275
     5012.4300      1.014229e+15      1.031539e+15      0.983220
     5012.4400      1.017358e+15      1.031541e+15      0.986250
     5012.4500      1.019605e+15      1.031544e+15      0.988426
     5012.4600      1.021167e+15      1.031547e+15      0.989938
     5012.4700      1.022371e+15      1.031549e+15      0.991103
     5012.4800      1.023302e+15      1.031552e+15      0.992003
     5012.4900      1.024033e+15      1.031554e+15      0.992709
     5012.5000      1.024620e+15      1.031557e+15      0.993276
     5012.5100      1.025222e+15      1.031559e+15      0.993857
     5012.5200      1.025601e+15      1.031562e+15      0.994221
     5012.5300      1.025913e+15      1.031565e+15      0.994522
     5012.5400      1.026173e+15      1.031567e+15      0.994771
     5012.5500      1.026389e+15      1.031570e+15      0.994978
     5012.5600      1.026569e+15      1.031572e+15      0.995150
     5012.5700      1.026720e+15      1.031575e+15      0.995294
     5012.5800      1.026845e+15      1.031577e+15      0.995413
     5012.5900      1.026949e+15      1.031580e+15      0.995511
     5012.6000      1.027034e+15      1.031583e+15      0.995591
     5012.6100      1.027103e+15      1.031585e+15      0.995655
     5012.6200      1.027158e+15      1.031588e+15      0.995706
     5012.6300      1.027200e+15      1.031590e+15      0.995744
     5012.6400      1.027231e+15      1.031593e+15      0.995771
     5012.6500      1.027251e+15      1.031595e+15      0.995789
     5012.6600      1.027262e+15      1.031598e+15      0.995797
     5012.6700      1.027265e+15      1.031601e+15      0.995797
     5012.6800      1.027259e+15      1.031603e+15      0.995789
     5012.6900      1.027246e+15      1.031606e+15      0.995774
     5012.7000      1.027226e+15      1.031608e+15      0.995752
     5012.7100      1.027199e+15      1.031611e+15      0.995723
     5012.7200      1.027029e+15      1.031613e+15      0.995556
     5012.7300      1.026987e+15      1.031616e+15      0.995513
     5012.7400      1.026968e+15      1.031619e+15      0.995492
     5012.7500      1.027061e+15      1.031621e+15      0.995579
     5012.7600      1.026998e+15      1.031624e+15      0.995516
     5012.7700      1.026930e+15      1.031626e+15      0.995448
     5012.7800      1.026855e+15      1.031629e+15      0.995373
     5012.7900      1.026774e+15      1.031631e+15      0.995292
     5012.8000      1.026687e+15      1.031634e+15      0.995204
     5012.8100      1.026593e+15      1.031637e+15      0.995111
     5012.8200      1.026618e+15      1.031639e+15      0.995133
     5012.8300      1.026505e+15      1.031642e+15      0.995021
     5012.8400      1.026385e+15      1.031644e+15      0.994902
     5012.8500      1.026258e+15      1.031647e+15      0.994776
     5012.8600      1.026123e+15      1.031649e+15      0.994643
     5012.8700      1.025980e+15      1.031652e+15      0.994502
     5012.8800      1.025828e+15      1.031655e+15      0.994352
     5012.8900      1.025667e+15      1.031657e+15      0.994194
     5012.9000      1.025496e+15      1.031660e+15      0.994026
     5012.9100      1.025315e+15      1.031662e+15      0.993848
     5012.9200      1.025124e+15      1.031665e+15      0.993660
     5012.9300      1.024920e+15      1.031667e+15      0.993460
     5012.9400      1.024704e+15      1.031670e+15      0.993248
     5012.9500      1.024475e+15      1.031673e+15      0.993023
     5012.9600      1.024231e+15      1.031675e+15      0.992784
     5012.9700      1.023971e+15      1.031678e+15      0.992530
     5012.9800      1.023695e+15      1.031680e+15      0.992260
     5012.9900      1.023225e+15      1.031683e+15      0.991802
     5013.0000      1.022746e+15      1.031685e+15      0.991335
     5013.0100      1.022264e+15      1.031692e+15      0.990862
     5013.0200      1.021152e+15      1.031698e+15      0.989778
     5013.0300      1.018012e+15      1.031704e+15      0.986729
     5013.0400      1.011521e+15      1.031710e+15      0.980432
     5013.0500      1.003870e+15      1.031716e+15      0.973010
     5013.0600      1.001160e+15      1.031722e+15      0.970377
     5013.0700      1.005686e+15      1.031728e+15      0.974759
     5013.0800      1.012464e+15      1.031734e+15      0.981323
     5013.0900      1.016465e+15      1.031740e+15      0.985195
     5013.1000      1.017399e+15      1.031746e+15      0.986094
     5013.1100      1.016637e+15      1.031752e+15      0.985350
     5013.1200      1.013765e+15      1.031758e+15      0.982561
     5013.1300      1.005694e+15      1.031765e+15      0.974732
     5013.1400      9.896580e+14      1.031771e+15      0.959184
     5013.1500      9.723835e+14      1.031777e+15      0.942436
     5013.1600      9.678066e+14      1.031783e+15      0.937995
     5013.1700      9.793759e+14      1.031789e+15      0.949202
     5013.1800      9.951102e+14      1.031795e+15      0.964446
     5013.1900      1.004075e+15      1.031801e+15      0.973129
     5013.2000      1.006132e+15      1.031807e+15      0.975116
     5013.2100      1.005153e+15      1.031813e+15      0.974162
     5013.2200      1.003259e+15      1.031819e+15      0.972321
     5013.2300      1.000987e+15      1.031825e+15      0.970113
     5013.2400      9.983867e+14      1.031831e+15      0.967587
     5013.2500      9.954159e+14      1.031837e+15      0.964702
     5013.2600      9.920082e+14      1.031844e+15      0.961394
     5013.2700      9.880770e+14      1.031850e+15      0.957578
     5013.2800      9.835108e+14      1.031856e+15      0.953148
     5013.2900      9.781854e+14      1.031862e+15      0.947981
     5013.3000      9.718732e+14      1.031868e+15      0.941858
     5013.3100      9.643501e+14      1.031874e+15      0.934562
     5013.3200      9.552785e+14      1.031880e+15      0.925765
     5013.3300      9.441906e+14      1.031886e+15      0.915014
     5013.3400      9.302227e+14      1.031892e+15      0.901473
     5013.3500      9.130266e+14      1.031898e+15      0.884803
     5013.3600      8.909433e+14      1.031904e+15      0.863397
     5013.3700      8.609018e+14      1.031910e+15      0.834280
     5013.3800      8.157553e+14      1.031917e+15      0.790524
     5013.3900      7.281374e+14      1.031923e+15      0.705612
     5013.4000      5.281602e+14      1.031929e+15      0.511818
     5013.4100      3.071561e+14      1.031935e+15      0.297651
     5013.4200      2.161501e+14      1.031941e+15      0.209460
     5013.4300      1.690120e+14      1.031947e+15      0.163780
     5013.4400      1.417478e+14      1.031953e+15      0.137359
     5013.4500      1.277985e+14      1.031959e+15      0.123841
     5013.4600      1.220319e+14      1.031965e+15      0.118252
     5013.4700      1.216885e+14      1.031971e+15      0.117918
     5013.4800      1.265907e+14      1.031977e+15      0.122668
     5013.4900      1.391339e+14      1.031983e+15      0.134822
     5013.5000      1.641574e+14      1.031990e+15      0.159069
     5013.5100      2.076571e+14      1.031996e+15      0.201219
     5013.5200      2.771712e+14      1.032002e+15      0.268576
     5013.5300      3.303361e+14      1.032008e+15      0.320091
     5013.5400      3.131291e+14      1.032014e+15      0.303416
     5013.5500      2.964464e+14      1.032020e+15      0.287249
     5013.5600      2.979667e+14      1.032026e+15      0.288720
     5013.5700      3.214109e+14      1.032032e+15      0.311435
     5013.5800      3.813925e+14      1.032038e+15      0.369553
     5013.5900      5.080693e+14      1.032044e+15      0.492294
     5013.6000      6.894146e+14      1.032050e+15      0.668005
     5013.6100      8.324874e+14      1.032056e+15      0.806630
     5013.6200      9.031354e+14      1.032063e+15      0.875078
     5013.6300      9.337772e+14      1.032069e+15      0.904763
     5013.6400      9.495678e+14      1.032075e+15      0.920057
     5013.6500      9.597903e+14      1.032081e+15      0.929957
     5013.6600      9.671244e+14      1.032087e+15      0.937057
     5013.6700      9.725654e+14      1.032093e+15      0.942323
     5013.6800      9.766180e+14      1.032099e+15      0.946244
     5013.6900      9.795471e+14      1.032105e+15      0.949077
     5013.7000      9.814162e+14      1.032111e+15      0.950882
     5013.7100      9.822249e+14      1.032117e+15      0.951660
     5013.7200      9.819322e+14      1.032123e+15      0.951371
     5013.7300      9.803589e+14      1.032129e+15      0.949841
     5013.7400      9.769470e+14      1.032136e+15      0.946530
     5013.7500      9.706656e+14      1.032142e+15      0.940438
     5013.7600      9.589495e+14      1.032148e+15      0.929082
     5013.7700      9.332521e+14      1.032154e+15      0.904179
     5013.7800      8.663419e+14      1.032160e+15      0.839349
     5013.7900      7.146892e+14      1.032166e+15      0.692417
     5013.8000      5.073718e+14      1.032172e+15      0.491557
     5013.8100      3.641477e+14      1.032178e+15      0.352795
     5013.8200      2.990096e+14      1.032184e+15      0.289686
     5013.8300      2.710656e+14      1.032190e+15      0.262612
     5013.8400      2.631245e+14      1.032196e+15      0.254917
     5013.8500      2.715530e+14      1.032202e+15      0.263081
     5013.8600      3.003582e+14      1.032209e+15      0.290986
     5013.8700      3.676886e+14      1.032215e+15      0.356213
     5013.8800      5.153571e+14      1.032221e+15      0.499270
     5013.8900      7.249760e+14      1.032227e+15      0.702342
     5013.9000      8.757471e+14      1.032233e+15      0.848401
     5013.9100      9.428598e+14      1.032239e+15      0.913412
     5013.9200      9.700207e+14      1.032245e+15      0.939719
     5013.9300      9.837030e+14      1.032251e+15      0.952969
     5013.9400      9.921486e+14      1.032257e+15      0.961145
     5013.9500      9.978681e+14      1.032263e+15      0.966680
     5013.9600      1.001942e+15      1.032269e+15      0.970620
     5013.9700      1.004972e+15      1.032275e+15      0.973551
     5013.9800      1.007195e+15      1.032282e+15      0.975698
     5013.9900      1.008682e+15      1.032288e+15      0.977133
     5014.0000      1.009442e+15      1.032294e+15      0.977863
     5014.0100      1.009297e+15      1.032299e+15      0.977718
     5014.0200      1.007616e+15      1.032303e+15      0.976085
     5014.0300      1.002004e+15      1.032308e+15      0.970644
     5014.0400      9.860358e+14      1.032313e+15      0.955171
     5014.0500      9.466309e+14      1.032318e+15      0.916996
     5014.0600      8.717443e+14      1.032323e+15      0.844449
     5014.0700      7.728129e+14      1.032327e+15      0.748612
     5014.0800      6.857506e+14      1.032332e+15      0.664273
     5014.0900      6.437882e+14      1.032337e+15      0.623622
     5014.1000      6.573080e+14      1.032342e+15      0.636715
     5014.1100      7.235685e+14      1.032347e+15      0.700897
     5014.1200      8.204447e+14      1.032352e+15      0.794734
     5014.1300      9.081403e+14      1.032356e+15      0.879677
     5014.1400      9.591437e+14      1.032361e+15      0.929078
     5014.1500      9.791239e+14      1.032366e+15      0.948427
     5014.1600      9.868595e+14      1.032371e+15      0.955916
     5014.1700      9.943406e+14      1.032376e+15      0.963158
     5014.1800      1.003763e+15      1.032380e+15      0.972281
     5014.1900      1.012419e+15      1.032385e+15      0.980660
     5014.2000      1.018231e+15      1.032390e+15      0.986285
     5014.2100      1.021453e+15      1.032395e+15      0.989401
     5014.2200      1.023062e+15      1.032400e+15      0.990955
     5014.2300      1.023944e+15      1.032405e+15      0.991805
     5014.2400      1.024517e+15      1.032409e+15      0.992356
     5014.2500      1.024956e+15      1.032414e+15      0.992776
     5014.2600      1.025314e+15      1.032419e+15      0.993118
     5014.2700      1.025617e+15      1.032424e+15      0.993407
     5014.2800      1.025976e+15      1.032429e+15      0.993750
     5014.2900      1.026189e+15      1.032433e+15      0.993952
     5014.3000      1.026378e+15      1.032438e+15      0.994130
     5014.3100      1.026547e+15      1.032443e+15      0.994289
     5014.3200      1.026697e+15      1.032448e+15      0.994430
     5014.3300      1.026832e+15      1.032453e+15      0.994555
     5014.3400      1.026951e+15      1.032458e+15      0.994667
     5014.3500      1.027057e+15      1.032462e+15      0.994765
     5014.3600      1.027150e+15      1.032467e+15      0.994850
     5014.3700      1.027232e+15      1.032472e+15      0.994924
     5014.3800      1.027301e+15      1.032477e+15      0.994987
     5014.3900      1.027359e+15      1.032482e+15      0.995039
     5014.4000      1.027406e+15      1.032486e+15      0.995079
     5014.4100      1.027441e+15      1.032491e+15      0.995109
     5014.4200      1.027464e+15      1.032496e+15      0.995126
     5014.4300      1.027475e+15      1.032501e+15      0.995132
     5014.4400      1.027471e+15      1.032506e+15      0.995124
     5014.4500      1.027453e+15      1.032511e+15      0.995101
     5014.4600      1.027418e+15      1.032515e+15      0.995063
     5014.4700      1.027364e+15      1.032520e+15      0.995006
     5014.4800      1.027289e+15      1.032525e+15      0.994929
     5014.4900      1.027188e+15      1.032530e+15      0.994826
     5014.5000      1.027057e+15      1.032535e+15      0.994695
     5014.5100      1.026890e+15      1.032540e+15      0.994528
     5014.5200      1.026677e+15      1.032544e+15      0.994317
     5014.5300      1.026270e+15      1.032549e+15      0.993919
     5014.5400      1.025878e+15      1.032554e+15      0.993534
     5014.5500      1.025408e+15      1.032559e+15      0.993075
     5014.5600      1.024809e+15      1.032564e+15      0.992490
     5014.5700      1.024013e+15      1.032568e+15      0.991714
     5014.5800      1.022821e+15      1.032573e+15      0.990555
     5014.5900      1.021157e+15      1.032578e+15      0.988939
     5014.6000      1.018379e+15      1.032583e+15      0.986244
     5014.6100      1.011360e+15      1.032588e+15      0.979442
     5014.6200      9.903134e+14      1.032593e+15      0.959055
     5014.6300      9.301667e+14      1.032597e+15      0.900803
     5014.6400      8.006527e+14      1.032602e+15      0.775374
     5014.6500      6.210957e+14      1.032607e+15      0.601483
     5014.6600      4.699573e+14      1.032612e+15      0.455115
     5014.6700      3.848076e+14      1.032617e+15      0.372653
     5014.6800      3.475040e+14      1.032621e+15      0.336526
     5014.6900      3.355037e+14      1.032626e+15      0.324903
     5014.7000      3.373773e+14      1.032631e+15      0.326716
     5014.7100      3.512728e+14      1.032636e+15      0.340171
     5014.7200      3.849632e+14      1.032641e+15      0.372795
     5014.7300      4.566666e+14      1.032646e+15      0.442230
     5014.7400      5.858675e+14      1.032650e+15      0.567344
     5014.7500      7.543733e+14      1.032655e+15      0.730518
     5014.7600      8.953795e+14      1.032660e+15      0.867061
     5014.7700      9.728363e+14      1.032665e+15      0.942064
     5014.7800      1.004450e+15      1.032670e+15      0.972673
     5014.7900      1.015858e+15      1.032674e+15      0.983716
     5014.8000      1.020245e+15      1.032679e+15      0.987959
     5014.8100      1.022366e+15      1.032684e+15      0.990009
     5014.8200      1.023706e+15      1.032689e+15      0.991301
     5014.8300      1.024555e+15      1.032694e+15      0.992119
     5014.8400      1.025156e+15      1.032699e+15      0.992696
     5014.8500      1.025583e+15      1.032703e+15      0.993105
     5014.8600      1.025855e+15      1.032708e+15      0.993364
     5014.8700      1.025966e+15      1.032713e+15      0.993467
     5014.8800      1.026063e+15      1.032718e+15      0.993556
     5014.8900      1.025657e+15      1.032723e+15      0.993158
     5014.9000      1.024730e+15      1.032728e+15      0.992256
     5014.9100      1.022522e+15      1.032732e+15      0.990113
     5014.9200      1.018543e+15      1.032737e+15      0.986256
     5014.9300      1.012817e+15      1.032742e+15      0.980707
     5014.9400      1.006292e+15      1.032747e+15      0.974384
     5014.9500      1.001504e+15      1.032752e+15      0.969744
     5014.9600      1.000569e+15      1.032756e+15      0.968834
     5014.9700      1.003880e+15      1.032761e+15      0.972034
     5014.9800      1.009554e+15      1.032766e+15      0.977524
     5014.9900      1.014837e+15      1.032771e+15      0.982635
     5015.0000      1.017910e+15      1.032776e+15      0.985606
     5015.0100      1.016715e+15      1.032775e+15      0.984450
     5015.0200      1.004845e+15      1.032773e+15      0.972958
     5015.0300      9.624303e+14      1.032772e+15      0.931890
     5015.0400      8.559266e+14      1.032771e+15      0.828767
     5015.0500      6.846768e+14      1.032770e+15      0.662952
     5015.0600      5.207015e+14      1.032769e+15      0.504180
     5015.0700      4.205802e+14      1.032768e+15      0.407236
     5015.0800      3.786913e+14      1.032766e+15      0.366677
     5015.0900      3.788944e+14      1.032765e+15      0.366874
     5015.1000      4.207481e+14      1.032764e+15      0.407400
     5015.1100      5.172088e+14      1.032763e+15      0.500801
     5015.1200      6.619400e+14      1.032762e+15      0.640942
     5015.1300      7.832596e+14      1.032760e+15      0.758414
     5015.1400      8.194772e+14      1.032759e+15      0.793483
     5015.1500      7.998262e+14      1.032758e+15      0.774456
     5015.1600      7.760479e+14      1.032757e+15      0.751433
     5015.1700      7.744926e+14      1.032756e+15      0.749928
     5015.1800      8.010543e+14      1.032755e+15      0.775648
     5015.1900      8.495540e+14      1.032753e+15      0.822611
     5015.2000      9.053136e+14      1.032752e+15      0.876603
     5015.2100      9.506355e+14      1.032751e+15      0.920489
     5015.2200      9.730413e+14      1.032750e+15      0.942185
     5015.2300      9.701854e+14      1.032749e+15      0.939421
     5015.2400      9.483260e+14      1.032748e+15      0.918255
     5015.2500      9.194619e+14      1.032746e+15      0.890308
     5015.2600      8.962432e+14      1.032745e+15      0.867826
     5015.2700      8.883049e+14      1.032744e+15      0.860140
     5015.2800      8.989390e+14      1.032743e+15      0.870438
     5015.2900      9.245197e+14      1.032742e+15      0.895209
     5015.3000      9.565740e+14      1.032741e+15      0.926248
     5015.3100      9.854881e+14      1.032739e+15      0.954247
     5015.3200      1.005850e+15      1.032738e+15      0.973965
     5015.3300      1.017337e+15      1.032737e+15      0.985088
     5015.3400      1.022521e+15      1.032736e+15      0.990109
     5015.3500      1.024181e+15      1.032735e+15      0.991718
     5015.3600      1.024507e+15      1.032733e+15      0.992034
     5015.3700      1.024287e+15      1.032732e+15      0.991823
     5015.3800      1.023879e+15      1.032731e+15      0.991429
     5015.3900      1.023377e+15      1.032730e+15      0.990944
     5015.4000      1.022771e+15      1.032729e+15      0.990358
     5015.4100      1.022074e+15      1.032728e+15      0.989684
     5015.4200      1.021269e+15      1.032726e+15      0.988905
     5015.4300      1.020329e+15      1.032725e+15      0.987997
     5015.4400      1.019222e+15      1.032724e+15      0.986925
     5015.4500      1.017893e+15      1.032723e+15      0.985640
     5015.4600      1.016291e+15      1.032722e+15      0.984090
     5015.4700      1.014325e+15      1.032721e+15      0.982187
     5015.4800      1.011808e+15      1.032719e+15      0.979751
     5015.4900      1.008363e+15      1.032718e+15      0.976416
     5015.5000      1.002784e+15      1.032717e+15      0.971015
     5015.5100      9.894962e+14      1.032716e+15      0.958150
     5015.5200      9.456766e+14      1.032715e+15      0.915719
     5015.5300      8.139516e+14      1.032714e+15      0.788168
     5015.5400      5.682435e+14      1.032712e+15      0.550244
     5015.5500      3.549275e+14      1.032711e+15      0.343685
     5015.5600      2.650132e+14      1.032710e+15      0.256619
     5015.5700      2.313040e+14      1.032709e+15      0.223978
     5015.5800      2.178209e+14      1.032708e+15      0.210922
     5015.5900      2.175087e+14      1.032707e+15      0.210620
     5015.6000      2.293593e+14      1.032705e+15      0.222096
     5015.6100      2.540466e+14      1.032704e+15      0.246001
     5015.6200      2.865179e+14      1.032703e+15      0.277445
     5015.6300      2.912496e+14      1.032702e+15      0.282027
     5015.6400      2.534675e+14      1.032701e+15      0.245441
     5015.6500      2.183134e+14      1.032699e+15      0.211401
     5015.6600      1.968500e+14      1.032698e+15      0.190617
     5015.6700      1.869743e+14      1.032697e+15      0.181054
     5015.6800      1.872864e+14      1.032696e+15      0.181357
     5015.6900      1.978957e+14      1.032695e+15      0.191630
     5015.7000      2.208228e+14      1.032694e+15      0.213832
     5015.7100      2.636762e+14      1.032692e+15      0.255329
     5015.7200      3.691691e+14      1.032691e+15      0.357483
     5015.7300      6.130207e+14      1.032690e+15      0.593615
     5015.7400      8.401910e+14      1.032689e+15      0.813595
     5015.7500      9.379194e+14      1.032688e+15      0.908231
     5015.7600      9.707657e+14      1.032687e+15      0.940039
     5015.7700      9.849174e+14      1.032685e+15      0.953744
     5015.7800      9.932772e+14      1.032684e+15      0.961840
     5015.7900      9.989858e+14      1.032683e+15      0.967369
     5015.8000      1.003150e+15      1.032682e+15      0.971403
     5015.8100      1.006429e+15      1.032681e+15      0.974579
     5015.8200      1.009011e+15      1.032680e+15      0.977081
     5015.8300      1.010957e+15      1.032678e+15      0.978966
     5015.8400      1.012500e+15      1.032677e+15      0.980461
     5015.8500      1.013729e+15      1.032676e+15      0.981652
     5015.8600      1.014778e+15      1.032675e+15      0.982669
     5015.8700      1.015550e+15      1.032674e+15      0.983418
     5015.8800      1.016221e+15      1.032672e+15      0.984069
     5015.8900      1.016678e+15      1.032671e+15      0.984512
     5015.9000      1.017012e+15      1.032670e+15      0.984837
     5015.9100      1.017238e+15      1.032669e+15      0.985058
     5015.9200      1.017289e+15      1.032668e+15      0.985107
     5015.9300      1.017304e+15      1.032667e+15      0.985124
     5015.9400      1.017207e+15      1.032665e+15      0.985031
     5015.9500      1.016905e+15      1.032664e+15      0.984739
     5015.9600      1.016021e+15      1.032663e+15      0.983884
     5015.9700      1.013430e+15      1.032662e+15      0.981376
     5015.9800      1.006884e+15      1.032661e+15      0.975038
     5015.9900      9.940796e+14      1.032660e+15      0.962640
     5016.0000      9.761073e+14      1.032658e+15      0.945237
     5016.0100      9.597956e+14      1.032657e+15      0.929443
     5016.0200      9.539879e+14      1.032655e+15      0.923820
     5016.0300      9.618728e+14      1.032653e+15      0.931457
     5016.0400      9.781136e+14      1.032652e+15      0.947186
     5016.0500      9.936307e+14      1.032650e+15      0.962214
     5016.0600      1.003085e+15      1.032649e+15      0.971371
     5016.0700      1.006663e+15      1.032647e+15      0.974838
     5016.0800      1.006891e+15      1.032645e+15      0.975060
     5016.0900      1.005700e+15      1.032644e+15      0.973909
     5016.1000      1.003926e+15      1.032642e+15      0.972191
     5016.1100      1.001797e+15      1.032640e+15      0.970132
     5016.1200      9.993310e+14      1.032639e+15      0.967745
     5016.1300      9.965399e+14      1.032637e+15      0.965044
     5016.1400      9.932291e+14      1.032635e+15      0.961839
     5016.1500      9.893782e+14      1.032634e+15      0.958111
     5016.1600      9.848690e+14      1.032632e+15      0.953746
     5016.1700      9.795435e+14      1.032631e+15      0.948591
     5016.1800      9.732326e+14      1.032629e+15      0.942481
     5016.1900      9.657494e+14      1.032627e+15      0.935235
     5016.2000      9.564895e+14      1.032626e+15      0.926269
     5016.2100      9.449424e+14      1.032624e+15      0.915089
     5016.2200      9.306318e+14      1.032622e+15      0.901232
     5016.2300      9.127069e+14      1.032621e+15      0.883874
     5016.2400      8.890683e+14      1.032619e+15      0.860984
     5016.2500      8.566071e+14      1.032617e+15      0.829549
     5016.2600      8.094720e+14      1.032616e+15      0.783904
     5016.2700      7.320421e+14      1.032614e+15      0.708921
     5016.2800      5.962652e+14      1.032612e+15      0.577434
     5016.2900      4.271973e+14      1.032611e+15      0.413706
     5016.3000      3.116789e+14      1.032609e+15      0.301836
     5016.3100      2.530803e+14      1.032608e+15      0.245089
     5016.3200      2.210956e+14      1.032606e+15      0.214114
     5016.3300      2.037342e+14      1.032604e+15      0.197301
     5016.3400      1.975668e+14      1.032603e+15      0.191329
     5016.3500      2.016616e+14      1.032601e+15      0.195295
     5016.3600      2.166250e+14      1.032599e+15      0.209786
     5016.3700      2.451619e+14      1.032598e+15      0.237423
     5016.3800      2.966276e+14      1.032596e+15      0.287264
     5016.3900      3.981130e+14      1.032594e+15      0.385546
     5016.4000      5.624607e+14      1.032593e+15      0.544707
     5016.4100      7.103192e+14      1.032591e+15      0.687900
     5016.4200      7.974209e+14      1.032590e+15      0.772254
     5016.4300      8.488737e+14      1.032588e+15      0.822084
     5016.4400      8.837044e+14      1.032586e+15      0.855817
     5016.4500      9.088639e+14      1.032585e+15      0.880183
     5016.4600      9.277913e+14      1.032583e+15      0.898515
     5016.4700      9.426369e+14      1.032581e+15      0.912894
     5016.4800      9.547687e+14      1.032580e+15      0.924644
     5016.4900      9.644647e+14      1.032578e+15      0.934036
     5016.5000      9.724148e+14      1.032576e+15      0.941736
     5016.5100      9.790262e+14      1.032575e+15      0.948141
     5016.5200      9.845838e+14      1.032573e+15      0.953525
     5016.5300      9.892886e+14      1.032571e+15      0.958082
     5016.5400      9.933065e+14      1.032570e+15      0.961975
     5016.5500      9.967611e+14      1.032568e+15      0.965322
     5016.5600      9.997479e+14      1.032567e+15      0.968216
     5016.5700      1.002342e+15      1.032565e+15      0.970730
     5016.5800      1.004600e+15      1.032563e+15      0.972919
     5016.5900      1.006568e+15      1.032562e+15      0.974826
     5016.6000      1.008280e+15      1.032560e+15      0.976485
     5016.6100      1.009751e+15      1.032558e+15      0.977912
     5016.6200      1.010981e+15      1.032557e+15      0.979104
     5016.6300      1.011921e+15      1.032555e+15      0.980017
     5016.6400      1.012354e+15      1.032553e+15      0.980437
     5016.6500      1.011325e+15      1.032552e+15      0.979443
     5016.6600      1.005655e+15      1.032550e+15      0.973953
     5016.6700      9.875687e+14      1.032549e+15      0.956438
     5016.6800      9.463654e+14      1.032547e+15      0.916535
     5016.6900      8.814955e+14      1.032545e+15      0.853711
     5016.7000      8.145580e+14      1.032544e+15      0.788885
     5016.7100      7.765308e+14      1.032542e+15      0.752057
     5016.7200      7.845259e+14      1.032540e+15      0.759802
     5016.7300      8.354828e+14      1.032539e+15      0.809154
     5016.7400      9.062987e+14      1.032537e+15      0.877740
     5016.7500      9.662366e+14      1.032535e+15      0.935790
     5016.7600      1.000558e+15      1.032534e+15      0.969032
     5016.7700      1.014940e+15      1.032532e+15      0.982962
     5016.7800      1.019951e+15      1.032530e+15      0.987817
     5016.7900      1.021774e+15      1.032529e+15      0.989584
     5016.8000      1.022638e+15      1.032527e+15      0.990422
     5016.8100      1.023163e+15      1.032526e+15      0.990932
     5016.8200      1.023226e+15      1.032524e+15      0.990995
     5016.8300      1.022179e+15      1.032522e+15      0.989982
     5016.8400      1.019445e+15      1.032521e+15      0.987336
     5016.8500      1.016315e+15      1.032519e+15      0.984306
     5016.8600      1.015812e+15      1.032517e+15      0.983821
     5016.8700      1.018757e+15      1.032516e+15      0.986675
     5016.8800      1.022503e+15      1.032514e+15      0.990305
     5016.8900      1.024794e+15      1.032512e+15      0.992525
     5016.9000      1.025696e+15      1.032511e+15      0.993400
     5016.9100      1.026026e+15      1.032509e+15      0.993721
     5016.9200      1.026231e+15      1.032508e+15      0.993921
     5016.9300      1.026375e+15      1.032506e+15      0.994062
     5016.9400      1.026506e+15      1.032504e+15      0.994191
     5016.9500      1.026627e+15      1.032503e+15      0.994309
     5016.9600      1.026868e+15      1.032501e+15      0.994545
     5016.9700      1.026956e+15      1.032499e+15      0.994631
     5016.9800      1.027035e+15      1.032498e+15      0.994709
     5016.9900      1.027103e+15      1.032496e+15      0.994777
     5017.0000      1.027160e+15      1.032494e+15      0.994834
     5017.0100      1.027207e+15      1.032493e+15      0.994880
     5017.0200      1.027240e+15      1.032491e+15      0.994914
     5017.0300      1.027259e+15      1.032489e+15      0.994935
     5017.0400      1.027262e+15      1.032488e+15      0.994939
     5017.0500      1.027245e+15      1.032486e+15      0.994923
     5017.0600      1.027202e+15      1.032484e+15      0.994884
     5017.0700      1.027129e+15      1.032483e+15      0.994814
     5017.0800      1.026940e+15      1.032481e+15      0.994633
     5017.0900      1.026729e+15      1.032479e+15      0.994431
     5017.1000      1.026354e+15      1.032478e+15      0.994069
     5017.1100      1.025488e+15      1.032476e+15      0.993232
     5017.1200      1.023271e+15      1.032474e+15      0.991086
     5017.1300      1.017766e+15      1.032473e+15      0.985756
     5017.1400      1.006483e+15      1.032471e+15      0.974830
     5017.1500      9.888029e+14      1.032469e+15      0.957707
     5017.1600      9.683895e+14      1.032468e+15      0.937937
     5017.1700      9.516135e+14      1.032466e+15      0.921690
     5017.1800      9.422205e+14      1.032464e+15      0.912594
     5017.1900      9.410413e+14      1.032463e+15      0.911453
     5017.2000      9.475869e+14      1.032461e+15      0.917794
     5017.2100      9.609081e+14      1.032459e+15      0.930698
     5017.2200      9.787516e+14      1.032458e+15      0.947982
     5017.2300      9.960431e+14      1.032456e+15      0.964732
     5017.2400      1.009419e+15      1.032454e+15      0.977689
     5017.2500      1.017746e+15      1.032453e+15      0.985756
     5017.2600      1.022275e+15      1.032451e+15      0.990144
     5017.2700      1.024433e+15      1.032449e+15      0.992235
     5017.2800      1.025508e+15      1.032448e+15      0.993278
     5017.2900      1.026094e+15      1.032446e+15      0.993848
     5017.3000      1.026251e+15      1.032444e+15      0.994001
     5017.3100      1.026405e+15      1.032443e+15      0.994152
     5017.3200      1.026458e+15      1.032441e+15      0.994205
     5017.3300      1.026427e+15      1.032439e+15      0.994177
     5017.3400      1.026315e+15      1.032438e+15      0.994069
     5017.3500      1.026107e+15      1.032436e+15      0.993870
     5017.3600      1.025738e+15      1.032434e+15      0.993514
     5017.3700      1.025086e+15      1.032433e+15      0.992885
     5017.3800      1.023781e+15      1.032431e+15      0.991622
     5017.3900      1.021095e+15      1.032429e+15      0.989021
     5017.4000      1.016124e+15      1.032428e+15      0.984209
     5017.4100      1.008921e+15      1.032426e+15      0.977233
     5017.4200      1.001268e+15      1.032424e+15      0.969823
     5017.4300      9.969014e+14      1.032422e+15      0.965594
     5017.4400      9.978473e+14      1.032421e+15      0.966512
     5017.4500      1.002850e+15      1.032419e+15      0.971359
     5017.4600      1.008031e+15      1.032417e+15      0.976379
     5017.4700      1.010085e+15      1.032416e+15      0.978371
     5017.4800      1.006688e+15      1.032414e+15      0.975082
     5017.4900      9.892698e+14      1.032412e+15      0.958212
     5017.5000      9.270352e+14      1.032411e+15      0.897933
     5017.5100      7.628768e+14      1.032409e+15      0.738929
     5017.5200      5.176843e+14      1.032407e+15      0.501434
     5017.5300      3.445068e+14      1.032406e+15      0.333693
     5017.5400      2.744931e+14      1.032404e+15      0.265878
     5017.5500      2.477700e+14      1.032402e+15      0.239994
     5017.5600      2.402517e+14      1.032401e+15      0.232712
     5017.5700      2.477711e+14      1.032399e+15      0.239995
     5017.5800      2.744954e+14      1.032397e+15      0.265881
     5017.5900      3.445112e+14      1.032396e+15      0.333701
     5017.6000      5.177078e+14      1.032394e+15      0.501463
     5017.6100      7.629983e+14      1.032392e+15      0.739058
     5017.6200      9.274109e+14      1.032391e+15      0.898314
     5017.6300      9.902095e+14      1.032389e+15      0.959144
     5017.6400      1.009026e+15      1.032387e+15      0.977372
     5017.6500      1.015314e+15      1.032386e+15      0.983464
     5017.6600      1.018356e+15      1.032384e+15      0.986412
     5017.6700      1.020223e+15      1.032382e+15      0.988222
     5017.6800      1.021475e+15      1.032381e+15      0.989437
     5017.6900      1.022351e+15      1.032379e+15      0.990287
     5017.7000      1.022981e+15      1.032377e+15      0.990899
     5017.7100      1.023329e+15      1.032376e+15      0.991237
     5017.7200      1.023567e+15      1.032374e+15      0.991469
     5017.7300      1.023650e+15      1.032372e+15      0.991551
     5017.7400      1.023580e+15      1.032371e+15      0.991485
     5017.7500      1.023337e+15      1.032369e+15      0.991251
     5017.7600      1.022903e+15      1.032367e+15      0.990833
     5017.7700      1.022208e+15      1.032366e+15      0.990161
     5017.7800      1.021116e+15      1.032364e+15      0.989104
     5017.7900      1.019371e+15      1.032362e+15      0.987416
     5017.8000      1.016158e+15      1.032361e+15      0.984306
     5017.8100      1.009533e+15      1.032359e+15      0.977890
     5017.8200      9.933175e+14      1.032357e+15      0.962184
     5017.8300      9.538100e+14      1.032356e+15      0.923916
     5017.8400      8.745833e+14      1.032354e+15      0.847174
     5017.8500      7.608180e+14      1.032352e+15      0.736975
     5017.8600      6.523265e+14      1.032351e+15      0.631885
     5017.8700      5.881347e+14      1.032349e+15      0.569705
     5017.8800      5.812182e+14      1.032347e+15      0.563007
     5017.8900      6.319326e+14      1.032346e+15      0.612133
     5017.9000      7.325420e+14      1.032344e+15      0.709591
     5017.9100      8.492136e+14      1.032342e+15      0.822609
     5017.9200      9.388433e+14      1.032341e+15      0.909432
     5017.9300      9.866626e+14      1.032339e+15      0.955755
     5017.9400      1.006897e+15      1.032337e+15      0.975356
     5017.9500      1.014996e+15      1.032336e+15      0.983204
     5017.9600      1.018530e+15      1.032334e+15      0.986628
     5017.9700      1.019860e+15      1.032332e+15      0.987918
     5017.9800      1.018797e+15      1.032331e+15      0.986890
     5017.9900      1.014494e+15      1.032329e+15      0.982723
     5018.0000      1.006855e+15      1.032327e+15      0.975325
     5018.0100      9.933618e+14      1.032325e+15      0.962256
     5018.0200      9.657835e+14      1.032324e+15      0.935543
     5018.0300      9.207869e+14      1.032322e+15      0.891957
     5018.0400      8.739321e+14      1.032320e+15      0.846571
     5018.0500      8.506432e+14      1.032318e+15      0.824012
     5018.0600      8.644331e+14      1.032317e+15      0.837372
     5018.0700      9.083236e+14      1.032315e+15      0.879890
     5018.0800      9.593966e+14      1.032313e+15      0.929366
     5018.0900      9.965000e+14      1.032311e+15      0.965310
     5018.1000      1.014783e+15      1.032310e+15      0.983022
     5018.1100      1.021156e+15      1.032308e+15      0.989198
     5018.1200      1.022647e+15      1.032306e+15      0.990643
     5018.1300      1.022612e+15      1.032304e+15      0.990611
     5018.1400      1.022091e+15      1.032302e+15      0.990108
     5018.1500      1.021280e+15      1.032301e+15      0.989324
     5018.1600      1.020181e+15      1.032299e+15      0.988262
     5018.1700      1.018697e+15      1.032297e+15      0.986826
     5018.1800      1.016590e+15      1.032295e+15      0.984786
     5018.1900      1.013415e+15      1.032294e+15      0.981712
     5018.2000      1.008014e+15      1.032292e+15      0.976481
     5018.2100      9.963186e+14      1.032290e+15      0.965154
     5018.2200      9.633107e+14      1.032288e+15      0.933180
     5018.2300      8.741026e+14      1.032287e+15      0.846764
     5018.2400      7.021631e+14      1.032285e+15      0.680203
     5018.2500      5.123719e+14      1.032283e+15      0.496348
     5018.2600      3.937479e+14      1.032281e+15      0.381435
     5018.2700      3.415735e+14      1.032280e+15      0.330892
     5018.2800      3.271899e+14      1.032278e+15      0.316959
     5018.2900      3.409810e+14      1.032276e+15      0.330320
     5018.3000      3.921614e+14      1.032274e+15      0.379900
     5018.3100      5.091233e+14      1.032273e+15      0.493206
     5018.3200      6.979318e+14      1.032271e+15      0.676113
     5018.3300      8.709253e+14      1.032269e+15      0.843700
     5018.3400      9.613696e+14      1.032267e+15      0.931318
     5018.3500      9.947778e+14      1.032265e+15      0.963684
     5018.3600      1.006471e+15      1.032264e+15      0.975013
     5018.3700      1.011537e+15      1.032262e+15      0.979923
     5018.3800      1.014178e+15      1.032260e+15      0.982483
     5018.3900      1.015480e+15      1.032258e+15      0.983746
     5018.4000      1.015773e+15      1.032257e+15      0.984031
     5018.4100      1.015164e+15      1.032255e+15      0.983443
     5018.4200      1.013644e+15      1.032253e+15      0.981972
     5018.4300      1.011260e+15      1.032251e+15      0.979665
     5018.4400      1.008194e+15      1.032250e+15      0.976696
     5018.4500      1.004725e+15      1.032248e+15      0.973337
     5018.4600      1.001506e+15      1.032246e+15      0.970220
     5018.4700      9.988603e+14      1.032244e+15      0.967659
     5018.4800      9.974097e+14      1.032243e+15      0.966255
     5018.4900      9.974127e+14      1.032241e+15      0.966260
     5018.5000      9.988945e+14      1.032239e+15      0.967697
     5018.5100      1.001619e+15      1.032237e+15      0.970338
     5018.5200      1.005143e+15      1.032236e+15      0.973753
     5018.5300      1.008886e+15      1.032234e+15      0.977381
     5018.5400      1.012342e+15      1.032232e+15      0.980731
     5018.5500      1.015248e+15      1.032230e+15      0.983548
     5018.5600      1.017481e+15      1.032228e+15      0.985713
     5018.5700      1.019023e+15      1.032227e+15      0.987208
     5018.5800      1.019997e+15      1.032225e+15      0.988154
     5018.5900      1.020541e+15      1.032223e+15      0.988683
     5018.6000      1.020781e+15      1.032221e+15      0.988917
     5018.6100      1.020814e+15      1.032220e+15      0.988950
     5018.6200      1.020706e+15      1.032218e+15      0.988848
     5018.6300      1.020498e+15      1.032216e+15      0.988648
     5018.6400      1.020214e+15      1.032214e+15      0.988374
     5018.6500      1.019872e+15      1.032213e+15      0.988044
     5018.6600      1.019463e+15      1.032211e+15      0.987650
     5018.6700      1.018996e+15      1.032209e+15      0.987199
     5018.6800      1.018468e+15      1.032207e+15      0.986689
     5018.6900      1.017874e+15      1.032206e+15      0.986115
     5018.7000      1.017207e+15      1.032204e+15      0.985471
     5018.7100      1.016459e+15      1.032202e+15      0.984748
     5018.7200      1.015619e+15      1.032200e+15      0.983936
     5018.7300      1.014672e+15      1.032199e+15      0.983020
     5018.7400      1.013602e+15      1.032197e+15      0.981986
     5018.7500      1.012388e+15      1.032195e+15      0.980811
     5018.7600      1.011002e+15      1.032193e+15      0.979470
     5018.7700      1.009469e+15      1.032191e+15      0.977986
     5018.7800      1.007632e+15      1.032190e+15      0.976208
     5018.7900      1.005351e+15      1.032188e+15      0.974000
     5018.8000      1.002827e+15      1.032186e+15      0.971556
     5018.8100      9.998353e+14      1.032184e+15      0.968660
     5018.8200      9.962515e+14      1.032183e+15      0.965189
     5018.8300      9.919033e+14      1.032181e+15      0.960978
     5018.8400      9.865356e+14      1.032179e+15      0.955779
     5018.8500      9.796995e+14      1.032177e+15      0.949158
     5018.8600      9.711488e+14      1.032176e+15      0.940876
     5018.8700      9.599439e+14      1.032174e+15      0.930021
     5018.8800      9.443976e+14      1.032172e+15      0.914961
     5018.8900      9.215226e+14      1.032170e+15      0.892801
     5018.9000      8.838836e+14      1.032169e+15      0.856336
     5018.9100      8.078611e+14      1.032167e+15      0.782685
     5018.9200      6.537661e+14      1.032165e+15      0.633393
     5018.9300      4.537415e+14      1.032163e+15      0.439602
     5018.9400      3.244802e+14      1.032162e+15      0.314370
     5018.9500      2.646014e+14      1.032160e+15      0.256357
     5018.9600      2.350326e+14      1.032158e+15      0.227710
     5018.9700      2.217542e+14      1.032156e+15      0.214846
     5018.9800      2.210696e+14      1.032154e+15      0.214183
     5018.9900      2.327795e+14      1.032153e+15      0.225528
     5019.0000      2.598442e+14      1.032151e+15      0.251750
     5019.0100      3.134776e+14      1.032149e+15      0.303713
     5019.0200      4.254086e+14      1.032147e+15      0.412159
     5019.0300      6.025161e+14      1.032146e+15      0.583751
     5019.0400      7.359931e+14      1.032144e+15      0.713072
     5019.0500      7.806705e+14      1.032142e+15      0.756360
     5019.0600      7.807253e+14      1.032140e+15      0.756414
     5019.0700      7.708171e+14      1.032138e+15      0.746816
     5019.0800      7.653110e+14      1.032137e+15      0.741482
     5019.0900      7.699447e+14      1.032135e+15      0.745973
     5019.1000      7.867796e+14      1.032133e+15      0.762285
     5019.1100      8.148944e+14      1.032131e+15      0.789526
     5019.1200      8.495037e+14      1.032130e+15      0.823059
     5019.1300      8.812586e+14      1.032128e+15      0.853827
     5019.1400      8.992010e+14      1.032126e+15      0.871212
     5019.1500      8.980930e+14      1.032124e+15      0.870140
     5019.1600      8.834275e+14      1.032122e+15      0.855933
     5019.1700      8.680081e+14      1.032121e+15      0.840995
     5019.1800      8.637305e+14      1.032119e+15      0.836852
     5019.1900      8.759146e+14      1.032117e+15      0.848658
     5019.2000      9.021572e+14      1.032115e+15      0.874086
     5019.2100      9.345958e+14      1.032113e+15      0.905517
     5019.2200      9.639316e+14      1.032112e+15      0.933941
     5019.2300      9.847664e+14      1.032110e+15      0.954129
     5019.2400      9.966655e+14      1.032108e+15      0.965660
     5019.2500      1.002227e+15      1.032106e+15      0.971051
     5019.2600      1.004355e+15      1.032105e+15      0.973114
     5019.2700      1.004964e+15      1.032103e+15      0.973705
     5019.2800      1.004983e+15      1.032101e+15      0.973726
     5019.2900      1.004781e+15      1.032099e+15      0.973532
     5019.3000      1.004348e+15      1.032097e+15      0.973113
     5019.3100      1.003903e+15      1.032096e+15      0.972685
     5019.3200      1.003371e+15      1.032094e+15      0.972170
     5019.3300      1.002745e+15      1.032092e+15      0.971566
     5019.3400      1.002015e+15      1.032090e+15      0.970860
     5019.3500      1.001132e+15      1.032089e+15      0.970006
     5019.3600      9.998707e+14      1.032087e+15      0.968786
     5019.3700      9.973389e+14      1.032085e+15      0.966334
     5019.3800      9.909034e+14      1.032083e+15      0.960100
     5019.3900      9.755852e+14      1.032081e+15      0.945260
     5019.4000      9.474411e+14      1.032080e+15      0.917992
     5019.4100      9.114176e+14      1.032078e+15      0.883090
     5019.4200      8.832808e+14      1.032076e+15      0.855829
     5019.4300      8.782238e+14      1.032074e+15      0.850931
     5019.4400      8.982487e+14      1.032072e+15      0.870335
     5019.4500      9.306583e+14      1.032071e+15      0.901739
     5019.4600      9.583314e+14      1.032069e+15      0.928554
     5019.4700      9.731154e+14      1.032067e+15      0.942880
     5019.4800      9.775430e+14      1.032065e+15      0.947172
     5019.4900      9.767251e+14      1.032064e+15      0.946381
     5019.5000      9.735712e+14      1.032062e+15      0.943327
     5019.5100      9.684976e+14      1.032060e+15      0.938412
     5019.5200      9.602839e+14      1.032058e+15      0.930455
     5019.5300      9.475760e+14      1.032056e+15      0.918144
     5019.5400      9.315437e+14      1.032055e+15      0.902611
     5019.5500      9.167186e+14      1.032053e+15      0.888248
     5019.5600      9.084148e+14      1.032051e+15      0.880203
     5019.5700      9.075268e+14      1.032049e+15      0.879344
     5019.5800      9.095912e+14      1.032047e+15      0.881346
     5019.5900      9.082804e+14      1.032046e+15      0.880078
     5019.6000      8.994079e+14      1.032044e+15      0.871482
     5019.6100      8.795523e+14      1.032042e+15      0.852245
     5019.6200      8.363979e+14      1.032040e+15      0.810431
     5019.6300      7.406256e+14      1.032039e+15      0.717634
     5019.6400      5.784966e+14      1.032037e+15      0.560539
     5019.6500      4.219796e+14      1.032035e+15      0.408881
     5019.6600      3.342036e+14      1.032033e+15      0.323830
     5019.6700      2.954772e+14      1.032031e+15      0.286306
     5019.6800      2.831304e+14      1.032030e+15      0.274343
     5019.6900      2.903532e+14      1.032028e+15      0.281342
     5019.7000      3.205238e+14      1.032026e+15      0.310577
     5019.7100      3.876014e+14      1.032024e+15      0.375574
     5019.7200      4.974784e+14      1.032023e+15      0.482042
     5019.7300      5.888984e+14      1.032021e+15      0.570627
     5019.7400      6.080608e+14      1.032019e+15      0.589195
     5019.7500      5.792806e+14      1.032017e+15      0.561309
     5019.7600      5.201407e+14      1.032015e+15      0.504005
     5019.7700      4.195742e+14      1.032014e+15      0.406559
     5019.7800      3.074568e+14      1.032012e+15      0.297920
     5019.7900      2.322313e+14      1.032010e+15      0.225028
     5019.8000      1.867949e+14      1.032008e+15      0.181001
     5019.8100      1.588197e+14      1.032006e+15      0.153894
     5019.8200      1.431481e+14      1.032005e+15      0.138709
     5019.8300      1.362081e+14      1.032003e+15      0.131984
     5019.8400      1.359619e+14      1.032001e+15      0.131746
     5019.8500      1.423331e+14      1.031999e+15      0.137920
     5019.8600      1.572310e+14      1.031998e+15      0.152356
     5019.8700      1.841701e+14      1.031996e+15      0.178460
     5019.8800      2.282260e+14      1.031994e+15      0.221150
     5019.8900      3.016204e+14      1.031992e+15      0.292270
     5019.9000      4.163787e+14      1.031990e+15      0.403471
     5019.9100      5.302637e+14      1.031989e+15      0.513827
     5019.9200      6.061444e+14      1.031987e+15      0.587357
     5019.9300      6.590618e+14      1.031985e+15      0.638635
     5019.9400      7.014675e+14      1.031983e+15      0.679728
     5019.9500      7.366777e+14      1.031981e+15      0.713848
     5019.9600      7.651769e+14      1.031980e+15      0.741465
     5019.9700      7.854232e+14      1.031978e+15      0.761085
     5019.9800      7.931850e+14      1.031976e+15      0.768608
     5019.9900      7.883713e+14      1.031974e+15      0.763945
     5020.0000      7.796618e+14      1.031973e+15      0.755506
