# Korg.jl Reference Spectrum - Metal-poor K Giant (With Lines)
# Generated: 2025-10-05 14:04:46
# Parameters: Teff=4500.0K, logg=1.5, [M/H]=-2.5
# Synthesis time: 0.12 seconds
# Wavelength range: 5000.0-5020.0 Å (2001 points)
# Line list: 41821 lines
#
# Wavelength(Å)    Flux              Continuum         NormalizedFlux
     5000.0000      1.802584e+14      1.802589e+14      0.999998
     5000.0100      1.802591e+14      1.802595e+14      0.999998
     5000.0200      1.802597e+14      1.802601e+14      0.999998
     5000.0300      1.802603e+14      1.802608e+14      0.999998
     5000.0400      1.802609e+14      1.802614e+14      0.999998
     5000.0500      1.802616e+14      1.802620e+14      0.999998
     5000.0600      1.802622e+14      1.802626e+14      0.999998
     5000.0700      1.802628e+14      1.802633e+14      0.999998
     5000.0800      1.802634e+14      1.802639e+14      0.999998
     5000.0900      1.802641e+14      1.802645e+14      0.999998
     5000.1000      1.802188e+14      1.802651e+14      0.999743
     5000.1100      1.801868e+14      1.802658e+14      0.999562
     5000.1200      1.801654e+14      1.802664e+14      0.999440
     5000.1300      1.801703e+14      1.802670e+14      0.999464
     5000.1400      1.801983e+14      1.802676e+14      0.999615
     5000.1500      1.802308e+14      1.802683e+14      0.999792
     5000.1600      1.802684e+14      1.802689e+14      0.999998
     5000.1700      1.802691e+14      1.802695e+14      0.999998
     5000.1800      1.802697e+14      1.802701e+14      0.999998
     5000.1900      1.802703e+14      1.802708e+14      0.999998
     5000.2000      1.802709e+14      1.802714e+14      0.999998
     5000.2100      1.802716e+14      1.802720e+14      0.999998
     5000.2200      1.802722e+14      1.802726e+14      0.999998
     5000.2300      1.802728e+14      1.802733e+14      0.999998
     5000.2400      1.802734e+14      1.802739e+14      0.999998
     5000.2500      1.802741e+14      1.802745e+14      0.999998
     5000.2600      1.802747e+14      1.802751e+14      0.999998
     5000.2700      1.802753e+14      1.802758e+14      0.999998
     5000.2800      1.802759e+14      1.802764e+14      0.999998
     5000.2900      1.802766e+14      1.802770e+14      0.999998
     5000.3000      1.802772e+14      1.802776e+14      0.999998
     5000.3100      1.802778e+14      1.802783e+14      0.999998
     5000.3200      1.802784e+14      1.802789e+14      0.999998
     5000.3300      1.802791e+14      1.802795e+14      0.999998
     5000.3400      1.802797e+14      1.802801e+14      0.999998
     5000.3500      1.802803e+14      1.802808e+14      0.999998
     5000.3600      1.802809e+14      1.802814e+14      0.999998
     5000.3700      1.802816e+14      1.802820e+14      0.999998
     5000.3800      1.802822e+14      1.802826e+14      0.999998
     5000.3900      1.802828e+14      1.802833e+14      0.999998
     5000.4000      1.802834e+14      1.802839e+14      0.999998
     5000.4100      1.802841e+14      1.802845e+14      0.999998
     5000.4200      1.802847e+14      1.802851e+14      0.999998
     5000.4300      1.802853e+14      1.802858e+14      0.999998
     5000.4400      1.802859e+14      1.802864e+14      0.999998
     5000.4500      1.802508e+14      1.802870e+14      0.999799
     5000.4600      1.801408e+14      1.802876e+14      0.999186
     5000.4700      1.797763e+14      1.802883e+14      0.997160
     5000.4800      1.789268e+14      1.802889e+14      0.992445
     5000.4900      1.776183e+14      1.802895e+14      0.985184
     5000.5000      1.764558e+14      1.802901e+14      0.978732
     5000.5100      1.762610e+14      1.802907e+14      0.977649
     5000.5200      1.771886e+14      1.802914e+14      0.982790
     5000.5300      1.785209e+14      1.802920e+14      0.990176
     5000.5400      1.795445e+14      1.802926e+14      0.995851
     5000.5500      1.800419e+14      1.802932e+14      0.998606
     5000.5600      1.802087e+14      1.802939e+14      0.999527
     5000.5700      1.802638e+14      1.802945e+14      0.999830
     5000.5800      1.802624e+14      1.802951e+14      0.999819
     5000.5900      1.802609e+14      1.802957e+14      0.999807
     5000.6000      1.802592e+14      1.802964e+14      0.999794
     5000.6100      1.802571e+14      1.802970e+14      0.999779
     5000.6200      1.802050e+14      1.802976e+14      0.999486
     5000.6300      1.801416e+14      1.802982e+14      0.999131
     5000.6400      1.800670e+14      1.802989e+14      0.998714
     5000.6500      1.800255e+14      1.802995e+14      0.998480
     5000.6600      1.800466e+14      1.803001e+14      0.998594
     5000.6700      1.801102e+14      1.803007e+14      0.998943
     5000.6800      1.801706e+14      1.803014e+14      0.999275
     5000.6900      1.802251e+14      1.803020e+14      0.999573
     5000.7000      1.802176e+14      1.803026e+14      0.999528
     5000.7100      1.802086e+14      1.803032e+14      0.999475
     5000.7200      1.801980e+14      1.803039e+14      0.999413
     5000.7300      1.801852e+14      1.803045e+14      0.999338
     5000.7400      1.801696e+14      1.803051e+14      0.999248
     5000.7500      1.801504e+14      1.803057e+14      0.999138
     5000.7600      1.801263e+14      1.803064e+14      0.999001
     5000.7700      1.800955e+14      1.803070e+14      0.998827
     5000.7800      1.800549e+14      1.803076e+14      0.998599
     5000.7900      1.800020e+14      1.803082e+14      0.998302
     5000.8000      1.798968e+14      1.803089e+14      0.997715
     5000.8100      1.796070e+14      1.803095e+14      0.996104
     5000.8200      1.782908e+14      1.803101e+14      0.988801
     5000.8300      1.734076e+14      1.803107e+14      0.961715
     5000.8400      1.610952e+14      1.803114e+14      0.893428
     5000.8500      1.379189e+14      1.803120e+14      0.764890
     5000.8600      1.026206e+14      1.803126e+14      0.569126
     5000.8700      6.993283e+13      1.803132e+14      0.387841
     5000.8800      5.403487e+13      1.803139e+14      0.299671
     5000.8900      4.800224e+13      1.803145e+14      0.266214
     5000.9000      4.687781e+13      1.803151e+14      0.259977
     5000.9100      5.008511e+13      1.803157e+14      0.277763
     5000.9200      6.002512e+13      1.803164e+14      0.332888
     5000.9300      8.675551e+13      1.803170e+14      0.481128
     5000.9400      1.319276e+14      1.803176e+14      0.731640
     5000.9500      1.648709e+14      1.803182e+14      0.914333
     5000.9600      1.765030e+14      1.803188e+14      0.978838
     5000.9700      1.791568e+14      1.803195e+14      0.993552
     5000.9800      1.797074e+14      1.803201e+14      0.996602
     5000.9900      1.798828e+14      1.803207e+14      0.997571
     5001.0000      1.799780e+14      1.803213e+14      0.998096
     5001.0100      1.800424e+14      1.803220e+14      0.998449
     5001.0200      1.800900e+14      1.803226e+14      0.998710
     5001.0300      1.801272e+14      1.803232e+14      0.998913
     5001.0400      1.801558e+14      1.803238e+14      0.999068
     5001.0500      1.801787e+14      1.803245e+14      0.999192
     5001.0600      1.801974e+14      1.803251e+14      0.999292
     5001.0700      1.802129e+14      1.803257e+14      0.999374
     5001.0800      1.802259e+14      1.803263e+14      0.999443
     5001.0900      1.802369e+14      1.803270e+14      0.999501
     5001.1000      1.802464e+14      1.803276e+14      0.999550
     5001.1100      1.802546e+14      1.803282e+14      0.999592
     5001.1200      1.802618e+14      1.803288e+14      0.999628
     5001.1300      1.802682e+14      1.803295e+14      0.999660
     5001.1400      1.802738e+14      1.803301e+14      0.999688
     5001.1500      1.802788e+14      1.803307e+14      0.999712
     5001.1600      1.802834e+14      1.803313e+14      0.999734
     5001.1700      1.802875e+14      1.803320e+14      0.999753
     5001.1800      1.802912e+14      1.803326e+14      0.999771
     5001.1900      1.802946e+14      1.803332e+14      0.999786
     5001.2000      1.802977e+14      1.803338e+14      0.999800
     5001.2100      1.803006e+14      1.803345e+14      0.999812
     5001.2200      1.803033e+14      1.803351e+14      0.999824
     5001.2300      1.803058e+14      1.803357e+14      0.999834
     5001.2400      1.803082e+14      1.803363e+14      0.999844
     5001.2500      1.803103e+14      1.803370e+14      0.999852
     5001.2600      1.803124e+14      1.803376e+14      0.999860
     5001.2700      1.803378e+14      1.803382e+14      0.999998
     5001.2800      1.803384e+14      1.803388e+14      0.999998
     5001.2900      1.803390e+14      1.803395e+14      0.999998
     5001.3000      1.803396e+14      1.803401e+14      0.999998
     5001.3100      1.803403e+14      1.803407e+14      0.999998
     5001.3200      1.803409e+14      1.803413e+14      0.999998
     5001.3300      1.803415e+14      1.803419e+14      0.999998
     5001.3400      1.803421e+14      1.803426e+14      0.999998
     5001.3500      1.803428e+14      1.803432e+14      0.999998
     5001.3600      1.803434e+14      1.803438e+14      0.999998
     5001.3700      1.803440e+14      1.803444e+14      0.999998
     5001.3800      1.803446e+14      1.803451e+14      0.999998
     5001.3900      1.803453e+14      1.803457e+14      0.999998
     5001.4000      1.803459e+14      1.803463e+14      0.999998
     5001.4100      1.803465e+14      1.803469e+14      0.999998
     5001.4200      1.803471e+14      1.803476e+14      0.999998
     5001.4300      1.803478e+14      1.803482e+14      0.999998
     5001.4400      1.803484e+14      1.803488e+14      0.999998
     5001.4500      1.803490e+14      1.803494e+14      0.999998
     5001.4600      1.803496e+14      1.803501e+14      0.999998
     5001.4700      1.803503e+14      1.803507e+14      0.999998
     5001.4800      1.803509e+14      1.803513e+14      0.999998
     5001.4900      1.803515e+14      1.803519e+14      0.999998
     5001.5000      1.803521e+14      1.803526e+14      0.999998
     5001.5100      1.803527e+14      1.803532e+14      0.999998
     5001.5200      1.803534e+14      1.803538e+14      0.999998
     5001.5300      1.803540e+14      1.803544e+14      0.999998
     5001.5400      1.803302e+14      1.803551e+14      0.999862
     5001.5500      1.802851e+14      1.803557e+14      0.999608
     5001.5600      1.801052e+14      1.803563e+14      0.998608
     5001.5700      1.795484e+14      1.803569e+14      0.995517
     5001.5800      1.783217e+14      1.803576e+14      0.988712
     5001.5900      1.765332e+14      1.803582e+14      0.978792
     5001.6000      1.750527e+14      1.803588e+14      0.970580
     5001.6100      1.749237e+14      1.803594e+14      0.969862
     5001.6200      1.762458e+14      1.803601e+14      0.977189
     5001.6300      1.780631e+14      1.803607e+14      0.987261
     5001.6400      1.793869e+14      1.803613e+14      0.994598
     5001.6500      1.800301e+14      1.803619e+14      0.998160
     5001.6600      1.802240e+14      1.803625e+14      0.999232
     5001.6700      1.802392e+14      1.803632e+14      0.999313
     5001.6800      1.799959e+14      1.803638e+14      0.997960
     5001.6900      1.789539e+14      1.803644e+14      0.992180
     5001.7000      1.757013e+14      1.803650e+14      0.974143
     5001.7100      1.686413e+14      1.803657e+14      0.934997
     5001.7200      1.584448e+14      1.803663e+14      0.878461
     5001.7300      1.496326e+14      1.803669e+14      0.829601
     5001.7400      1.472051e+14      1.803675e+14      0.816140
     5001.7500      1.526358e+14      1.803682e+14      0.846246
     5001.7600      1.628728e+14      1.803688e+14      0.902999
     5001.7700      1.722936e+14      1.803694e+14      0.955226
     5001.7800      1.776184e+14      1.803700e+14      0.984744
     5001.7900      1.793667e+14      1.803707e+14      0.994434
     5001.8000      1.789278e+14      1.803713e+14      0.991997
     5001.8100      1.770652e+14      1.803719e+14      0.981667
     5001.8200      1.751140e+14      1.803725e+14      0.970846
     5001.8300      1.751407e+14      1.803732e+14      0.970991
     5001.8400      1.771643e+14      1.803738e+14      0.982207
     5001.8500      1.791684e+14      1.803744e+14      0.993314
     5001.8600      1.800935e+14      1.803750e+14      0.998439
     5001.8700      1.803323e+14      1.803757e+14      0.999760
     5001.8800      1.803758e+14      1.803763e+14      0.999998
     5001.8900      1.803765e+14      1.803769e+14      0.999998
     5001.9000      1.803771e+14      1.803775e+14      0.999998
     5001.9100      1.803777e+14      1.803782e+14      0.999998
     5001.9200      1.803783e+14      1.803788e+14      0.999998
     5001.9300      1.803790e+14      1.803794e+14      0.999998
     5001.9400      1.803796e+14      1.803800e+14      0.999998
     5001.9500      1.803802e+14      1.803806e+14      0.999998
     5001.9600      1.803808e+14      1.803813e+14      0.999998
     5001.9700      1.803815e+14      1.803819e+14      0.999998
     5001.9800      1.803821e+14      1.803825e+14      0.999998
     5001.9900      1.803827e+14      1.803831e+14      0.999998
     5002.0000      1.803833e+14      1.803838e+14      0.999998
     5002.0100      1.803840e+14      1.803844e+14      0.999998
     5002.0200      1.803846e+14      1.803850e+14      0.999998
     5002.0300      1.803852e+14      1.803856e+14      0.999998
     5002.0400      1.803858e+14      1.803863e+14      0.999998
     5002.0500      1.803865e+14      1.803869e+14      0.999998
     5002.0600      1.803871e+14      1.803875e+14      0.999998
     5002.0700      1.803440e+14      1.803881e+14      0.999755
     5002.0800      1.802093e+14      1.803888e+14      0.999005
     5002.0900      1.797792e+14      1.803894e+14      0.996618
     5002.1000      1.788212e+14      1.803900e+14      0.991304
     5002.1100      1.774246e+14      1.803906e+14      0.983558
     5002.1200      1.762898e+14      1.803913e+14      0.977264
     5002.1300      1.762391e+14      1.803919e+14      0.976979
     5002.1400      1.773132e+14      1.803925e+14      0.982930
     5002.1500      1.787234e+14      1.803931e+14      0.990744
     5002.1600      1.797285e+14      1.803937e+14      0.996312
     5002.1700      1.801947e+14      1.803944e+14      0.998893
     5002.1800      1.803455e+14      1.803950e+14      0.999726
     5002.1900      1.803952e+14      1.803956e+14      0.999998
     5002.2000      1.803958e+14      1.803962e+14      0.999998
     5002.2100      1.803964e+14      1.803969e+14      0.999998
     5002.2200      1.803494e+14      1.803975e+14      0.999733
     5002.2300      1.801683e+14      1.803981e+14      0.998726
     5002.2400      1.796106e+14      1.803987e+14      0.995631
     5002.2500      1.786763e+14      1.803994e+14      0.990448
     5002.2600      1.778685e+14      1.804000e+14      0.985967
     5002.2700      1.778918e+14      1.804006e+14      0.986093
     5002.2800      1.786445e+14      1.804012e+14      0.990262
     5002.2900      1.793423e+14      1.804019e+14      0.994127
     5002.3000      1.795219e+14      1.804025e+14      0.995119
     5002.3100      1.793381e+14      1.804031e+14      0.994097
     5002.3200      1.790109e+14      1.804037e+14      0.992279
     5002.3300      1.786407e+14      1.804044e+14      0.990224
     5002.3400      1.780228e+14      1.804050e+14      0.986795
     5002.3500      1.765841e+14      1.804056e+14      0.978817
     5002.3600      1.737957e+14      1.804062e+14      0.963358
     5002.3700      1.701720e+14      1.804068e+14      0.943268
     5002.3800      1.676308e+14      1.804075e+14      0.929179
     5002.3900      1.680067e+14      1.804081e+14      0.931259
     5002.4000      1.711294e+14      1.804087e+14      0.948565
     5002.4100      1.750884e+14      1.804093e+14      0.970506
     5002.4200      1.779359e+14      1.804100e+14      0.986287
     5002.4300      1.791755e+14      1.804106e+14      0.993154
     5002.4400      1.794431e+14      1.804112e+14      0.994634
     5002.4500      1.794095e+14      1.804118e+14      0.994444
     5002.4600      1.794326e+14      1.804125e+14      0.994569
     5002.4700      1.796013e+14      1.804131e+14      0.995500
     5002.4800      1.798694e+14      1.804137e+14      0.996983
     5002.4900      1.801062e+14      1.804143e+14      0.998292
     5002.5000      1.802711e+14      1.804150e+14      0.999203
     5002.5100      1.803600e+14      1.804156e+14      0.999692
     5002.5200      1.804158e+14      1.804162e+14      0.999998
     5002.5300      1.804164e+14      1.804168e+14      0.999998
     5002.5400      1.804170e+14      1.804174e+14      0.999998
     5002.5500      1.804176e+14      1.804181e+14      0.999998
     5002.5600      1.804183e+14      1.804187e+14      0.999998
     5002.5700      1.804189e+14      1.804193e+14      0.999998
     5002.5800      1.804195e+14      1.804199e+14      0.999998
     5002.5900      1.803833e+14      1.804206e+14      0.999793
     5002.6000      1.803288e+14      1.804212e+14      0.999488
     5002.6100      1.802504e+14      1.804218e+14      0.999050
     5002.6200      1.801879e+14      1.804224e+14      0.998700
     5002.6300      1.801878e+14      1.804231e+14      0.998696
     5002.6400      1.802507e+14      1.804237e+14      0.999041
     5002.6500      1.803305e+14      1.804243e+14      0.999480
     5002.6600      1.803868e+14      1.804249e+14      0.999789
     5002.6700      1.804251e+14      1.804256e+14      0.999998
     5002.6800      1.804257e+14      1.804262e+14      0.999998
     5002.6900      1.804264e+14      1.804268e+14      0.999998
     5002.7000      1.804270e+14      1.804274e+14      0.999998
     5002.7100      1.804276e+14      1.804280e+14      0.999998
     5002.7200      1.804282e+14      1.804287e+14      0.999998
     5002.7300      1.804289e+14      1.804293e+14      0.999998
     5002.7400      1.804295e+14      1.804299e+14      0.999998
     5002.7500      1.804301e+14      1.804305e+14      0.999998
     5002.7600      1.804307e+14      1.804312e+14      0.999998
     5002.7700      1.804314e+14      1.804318e+14      0.999998
     5002.7800      1.804320e+14      1.804324e+14      0.999998
     5002.7900      1.804326e+14      1.804330e+14      0.999998
     5002.8000      1.804332e+14      1.804337e+14      0.999998
     5002.8100      1.804315e+14      1.804343e+14      0.999985
     5002.8200      1.804274e+14      1.804349e+14      0.999958
     5002.8300      1.804147e+14      1.804355e+14      0.999885
     5002.8400      1.803862e+14      1.804362e+14      0.999723
     5002.8500      1.803089e+14      1.804368e+14      0.999291
     5002.8600      1.802524e+14      1.804374e+14      0.998975
     5002.8700      1.802142e+14      1.804380e+14      0.998760
     5002.8800      1.802166e+14      1.804386e+14      0.998770
     5002.8900      1.802573e+14      1.804393e+14      0.998992
     5002.9000      1.803117e+14      1.804399e+14      0.999290
     5002.9100      1.803553e+14      1.804405e+14      0.999528
     5002.9200      1.803796e+14      1.804411e+14      0.999659
     5002.9300      1.803890e+14      1.804418e+14      0.999707
     5002.9400      1.803906e+14      1.804424e+14      0.999713
     5002.9500      1.803899e+14      1.804430e+14      0.999705
     5002.9600      1.803869e+14      1.804436e+14      0.999685
     5002.9700      1.803835e+14      1.804443e+14      0.999663
     5002.9800      1.803796e+14      1.804449e+14      0.999638
     5002.9900      1.803753e+14      1.804455e+14      0.999611
     5003.0000      1.803703e+14      1.804461e+14      0.999580
     5003.0100      1.803646e+14      1.804467e+14      0.999545
     5003.0200      1.803581e+14      1.804474e+14      0.999505
     5003.0300      1.803507e+14      1.804480e+14      0.999461
     5003.0400      1.803420e+14      1.804486e+14      0.999409
     5003.0500      1.803320e+14      1.804492e+14      0.999350
     5003.0600      1.803202e+14      1.804498e+14      0.999282
     5003.0700      1.803064e+14      1.804505e+14      0.999202
     5003.0800      1.802899e+14      1.804511e+14      0.999107
     5003.0900      1.802702e+14      1.804517e+14      0.998994
     5003.1000      1.802463e+14      1.804523e+14      0.998858
     5003.1100      1.802170e+14      1.804529e+14      0.998693
     5003.1200      1.801805e+14      1.804535e+14      0.998487
     5003.1300      1.801342e+14      1.804542e+14      0.998227
     5003.1400      1.800731e+14      1.804548e+14      0.997885
     5003.1500      1.799937e+14      1.804554e+14      0.997441
     5003.1600      1.798847e+14      1.804560e+14      0.996834
     5003.1700      1.797222e+14      1.804566e+14      0.995930
     5003.1800      1.794417e+14      1.804572e+14      0.994372
     5003.1900      1.787386e+14      1.804579e+14      0.990473
     5003.2000      1.759677e+14      1.804585e+14      0.975115
     5003.2100      1.652544e+14      1.804591e+14      0.915744
     5003.2200      1.370372e+14      1.804597e+14      0.759378
     5003.2300      9.882248e+13      1.804603e+14      0.547613
     5003.2400      7.398991e+13      1.804609e+14      0.410005
     5003.2500      6.400631e+13      1.804616e+14      0.354681
     5003.2600      6.195755e+13      1.804622e+14      0.343327
     5003.2700      6.608235e+13      1.804628e+14      0.366183
     5003.2800      7.988977e+13      1.804634e+14      0.442692
     5003.2900      1.104015e+14      1.804640e+14      0.611764
     5003.3000      1.480919e+14      1.804647e+14      0.820614
     5003.3100      1.701527e+14      1.804653e+14      0.942856
     5003.3200      1.773011e+14      1.804659e+14      0.982463
     5003.3300      1.790633e+14      1.804665e+14      0.992225
     5003.3400      1.795581e+14      1.804671e+14      0.994963
     5003.3500      1.797883e+14      1.804677e+14      0.996235
     5003.3600      1.799320e+14      1.804684e+14      0.997028
     5003.3700      1.800325e+14      1.804690e+14      0.997581
     5003.3800      1.801083e+14      1.804696e+14      0.997998
     5003.3900      1.801660e+14      1.804702e+14      0.998314
     5003.4000      1.802105e+14      1.804708e+14      0.998558
     5003.4100      1.802458e+14      1.804714e+14      0.998749
     5003.4200      1.802744e+14      1.804721e+14      0.998905
     5003.4300      1.802981e+14      1.804727e+14      0.999033
     5003.4400      1.803179e+14      1.804733e+14      0.999139
     5003.4500      1.803347e+14      1.804739e+14      0.999229
     5003.4600      1.803491e+14      1.804745e+14      0.999305
     5003.4700      1.803615e+14      1.804751e+14      0.999370
     5003.4800      1.803723e+14      1.804758e+14      0.999427
     5003.4900      1.803818e+14      1.804764e+14      0.999476
     5003.5000      1.803901e+14      1.804770e+14      0.999519
     5003.5100      1.803976e+14      1.804776e+14      0.999557
     5003.5200      1.804043e+14      1.804782e+14      0.999590
     5003.5300      1.804103e+14      1.804788e+14      0.999620
     5003.5400      1.804157e+14      1.804795e+14      0.999647
     5003.5500      1.804206e+14      1.804801e+14      0.999671
     5003.5600      1.804251e+14      1.804807e+14      0.999692
     5003.5700      1.804293e+14      1.804813e+14      0.999712
     5003.5800      1.804331e+14      1.804819e+14      0.999729
     5003.5900      1.804366e+14      1.804826e+14      0.999745
     5003.6000      1.804399e+14      1.804832e+14      0.999760
     5003.6100      1.804429e+14      1.804838e+14      0.999773
     5003.6200      1.804457e+14      1.804844e+14      0.999786
     5003.6300      1.804484e+14      1.804850e+14      0.999797
     5003.6400      1.804509e+14      1.804856e+14      0.999808
     5003.6500      1.804533e+14      1.804863e+14      0.999817
     5003.6600      1.804555e+14      1.804869e+14      0.999826
     5003.6700      1.804576e+14      1.804875e+14      0.999834
     5003.6800      1.804433e+14      1.804881e+14      0.999752
     5003.6900      1.803687e+14      1.804887e+14      0.999335
     5003.7000      1.802495e+14      1.804893e+14      0.998671
     5003.7100      1.801357e+14      1.804900e+14      0.998037
     5003.7200      1.801047e+14      1.804906e+14      0.997862
     5003.7300      1.801814e+14      1.804912e+14      0.998284
     5003.7400      1.803083e+14      1.804918e+14      0.998983
     5003.7500      1.804119e+14      1.804924e+14      0.999554
     5003.7600      1.804926e+14      1.804930e+14      0.999998
     5003.7700      1.804932e+14      1.804937e+14      0.999998
     5003.7800      1.804939e+14      1.804943e+14      0.999998
     5003.7900      1.804945e+14      1.804949e+14      0.999998
     5003.8000      1.804026e+14      1.804955e+14      0.999485
     5003.8100      1.801335e+14      1.804961e+14      0.997991
     5003.8200      1.796118e+14      1.804967e+14      0.995097
     5003.8300      1.791632e+14      1.804974e+14      0.992608
     5003.8400      1.792570e+14      1.804980e+14      0.993125
     5003.8500      1.797865e+14      1.804986e+14      0.996055
     5003.8600      1.802464e+14      1.804992e+14      0.998599
     5003.8700      1.804430e+14      1.804998e+14      0.999685
     5003.8800      1.805000e+14      1.805004e+14      0.999998
     5003.8900      1.805006e+14      1.805011e+14      0.999998
     5003.9000      1.804837e+14      1.805017e+14      0.999901
     5003.9100      1.804683e+14      1.805023e+14      0.999812
     5003.9200      1.803926e+14      1.805029e+14      0.999389
     5003.9300      1.800467e+14      1.805035e+14      0.997469
     5003.9400      1.788420e+14      1.805042e+14      0.990792
     5003.9500      1.758913e+14      1.805048e+14      0.974441
     5003.9600      1.711212e+14      1.805054e+14      0.948011
     5003.9700      1.665276e+14      1.805060e+14      0.922560
     5003.9800      1.650673e+14      1.805066e+14      0.914467
     5003.9900      1.677864e+14      1.805072e+14      0.929527
     5004.0000      1.727703e+14      1.805079e+14      0.957135
     5004.0100      1.770697e+14      1.805085e+14      0.980949
     5004.0200      1.793808e+14      1.805091e+14      0.993750
     5004.0300      1.802193e+14      1.805097e+14      0.998391
     5004.0400      1.804135e+14      1.805103e+14      0.999463
     5004.0500      1.804558e+14      1.805109e+14      0.999695
     5004.0600      1.804772e+14      1.805115e+14      0.999810
     5004.0700      1.804712e+14      1.805121e+14      0.999773
     5004.0800      1.804632e+14      1.805128e+14      0.999726
     5004.0900      1.804520e+14      1.805134e+14      0.999660
     5004.1000      1.804348e+14      1.805140e+14      0.999561
     5004.1100      1.804041e+14      1.805146e+14      0.999388
     5004.1200      1.803236e+14      1.805152e+14      0.998939
     5004.1300      1.799978e+14      1.805158e+14      0.997130
     5004.1400      1.785675e+14      1.805164e+14      0.989203
     5004.1500      1.739657e+14      1.805170e+14      0.963708
     5004.1600      1.638176e+14      1.805177e+14      0.907488
     5004.1700      1.498322e+14      1.805183e+14      0.830011
     5004.1800      1.387973e+14      1.805189e+14      0.768880
     5004.1900      1.366039e+14      1.805195e+14      0.756727
     5004.2000      1.442791e+14      1.805201e+14      0.799241
     5004.2100      1.578526e+14      1.805207e+14      0.874429
     5004.2200      1.701789e+14      1.805213e+14      0.942708
     5004.2300      1.770285e+14      1.805219e+14      0.980648
     5004.2400      1.795502e+14      1.805226e+14      0.994614
     5004.2500      1.802260e+14      1.805232e+14      0.998354
     5004.2600      1.803845e+14      1.805238e+14      0.999228
     5004.2700      1.804322e+14      1.805244e+14      0.999489
     5004.2800      1.804557e+14      1.805250e+14      0.999616
     5004.2900      1.804707e+14      1.805256e+14      0.999696
     5004.3000      1.804813e+14      1.805262e+14      0.999751
     5004.3100      1.804895e+14      1.805268e+14      0.999793
     5004.3200      1.804958e+14      1.805275e+14      0.999825
     5004.3300      1.805009e+14      1.805281e+14      0.999849
     5004.3400      1.805283e+14      1.805287e+14      0.999998
     5004.3500      1.805289e+14      1.805293e+14      0.999998
     5004.3600      1.805295e+14      1.805299e+14      0.999998
     5004.3700      1.805301e+14      1.805305e+14      0.999998
     5004.3800      1.805307e+14      1.805311e+14      0.999998
     5004.3900      1.805313e+14      1.805317e+14      0.999998
     5004.4000      1.805319e+14      1.805324e+14      0.999998
     5004.4100      1.805326e+14      1.805330e+14      0.999998
     5004.4200      1.805332e+14      1.805336e+14      0.999998
     5004.4300      1.805338e+14      1.805342e+14      0.999998
     5004.4400      1.805344e+14      1.805348e+14      0.999998
     5004.4500      1.805350e+14      1.805354e+14      0.999998
     5004.4600      1.805356e+14      1.805360e+14      0.999998
     5004.4700      1.805362e+14      1.805366e+14      0.999998
     5004.4800      1.805368e+14      1.805373e+14      0.999998
     5004.4900      1.805375e+14      1.805379e+14      0.999998
     5004.5000      1.805381e+14      1.805385e+14      0.999998
     5004.5100      1.805387e+14      1.805391e+14      0.999998
     5004.5200      1.805393e+14      1.805397e+14      0.999998
     5004.5300      1.805399e+14      1.805403e+14      0.999998
     5004.5400      1.805405e+14      1.805409e+14      0.999998
     5004.5500      1.805411e+14      1.805415e+14      0.999998
     5004.5600      1.805417e+14      1.805422e+14      0.999998
     5004.5700      1.805424e+14      1.805428e+14      0.999998
     5004.5800      1.805430e+14      1.805434e+14      0.999998
     5004.5900      1.805436e+14      1.805440e+14      0.999998
     5004.6000      1.805442e+14      1.805446e+14      0.999998
     5004.6100      1.805448e+14      1.805452e+14      0.999998
     5004.6200      1.805454e+14      1.805458e+14      0.999998
     5004.6300      1.805460e+14      1.805464e+14      0.999998
     5004.6400      1.805466e+14      1.805471e+14      0.999998
     5004.6500      1.805473e+14      1.805477e+14      0.999998
     5004.6600      1.805479e+14      1.805483e+14      0.999998
     5004.6700      1.805485e+14      1.805489e+14      0.999998
     5004.6800      1.805491e+14      1.805495e+14      0.999998
     5004.6900      1.805497e+14      1.805501e+14      0.999998
     5004.7000      1.805503e+14      1.805507e+14      0.999998
     5004.7100      1.805509e+14      1.805513e+14      0.999998
     5004.7200      1.805515e+14      1.805520e+14      0.999998
     5004.7300      1.805522e+14      1.805526e+14      0.999998
     5004.7400      1.805528e+14      1.805532e+14      0.999998
     5004.7500      1.805534e+14      1.805538e+14      0.999998
     5004.7600      1.805540e+14      1.805544e+14      0.999998
     5004.7700      1.805546e+14      1.805550e+14      0.999998
     5004.7800      1.805552e+14      1.805556e+14      0.999998
     5004.7900      1.805558e+14      1.805562e+14      0.999998
     5004.8000      1.805564e+14      1.805569e+14      0.999998
     5004.8100      1.805571e+14      1.805575e+14      0.999998
     5004.8200      1.805577e+14      1.805581e+14      0.999998
     5004.8300      1.805340e+14      1.805587e+14      0.999863
     5004.8400      1.804115e+14      1.805593e+14      0.999181
     5004.8500      1.799846e+14      1.805599e+14      0.996814
     5004.8600      1.791721e+14      1.805605e+14      0.992310
     5004.8700      1.784969e+14      1.805611e+14      0.988568
     5004.8800      1.786234e+14      1.805618e+14      0.989265
     5004.8900      1.794333e+14      1.805624e+14      0.993747
     5004.9000      1.801330e+14      1.805630e+14      0.997618
     5004.9100      1.804416e+14      1.805636e+14      0.999324
     5004.9200      1.805638e+14      1.805642e+14      0.999998
     5004.9300      1.805644e+14      1.805648e+14      0.999998
     5004.9400      1.805650e+14      1.805654e+14      0.999998
     5004.9500      1.805656e+14      1.805660e+14      0.999998
     5004.9600      1.805662e+14      1.805667e+14      0.999998
     5004.9700      1.805669e+14      1.805673e+14      0.999998
     5004.9800      1.805675e+14      1.805679e+14      0.999998
     5004.9900      1.805681e+14      1.805685e+14      0.999998
     5005.0000      1.805687e+14      1.805691e+14      0.999998
     5005.0100      1.805693e+14      1.805697e+14      0.999998
     5005.0200      1.805699e+14      1.805703e+14      0.999998
     5005.0300      1.805705e+14      1.805710e+14      0.999998
     5005.0400      1.805712e+14      1.805716e+14      0.999998
     5005.0500      1.805718e+14      1.805722e+14      0.999998
     5005.0600      1.805724e+14      1.805728e+14      0.999998
     5005.0700      1.805331e+14      1.805734e+14      0.999777
     5005.0800      1.803421e+14      1.805740e+14      0.998716
     5005.0900      1.796180e+14      1.805747e+14      0.994702
     5005.1000      1.774181e+14      1.805753e+14      0.982516
     5005.1100      1.725694e+14      1.805759e+14      0.955661
     5005.1200      1.653735e+14      1.805765e+14      0.915809
     5005.1300      1.589533e+14      1.805771e+14      0.880252
     5005.1400      1.572572e+14      1.805777e+14      0.870856
     5005.1500      1.615015e+14      1.805783e+14      0.894357
     5005.1600      1.689938e+14      1.805790e+14      0.935844
     5005.1700      1.754811e+14      1.805796e+14      0.971766
     5005.1800      1.789518e+14      1.805802e+14      0.990983
     5005.1900      1.801843e+14      1.805808e+14      0.997804
     5005.2000      1.805036e+14      1.805814e+14      0.999569
     5005.2100      1.805593e+14      1.805820e+14      0.999874
     5005.2200      1.805704e+14      1.805827e+14      0.999932
     5005.2300      1.805829e+14      1.805833e+14      0.999998
     5005.2400      1.805835e+14      1.805839e+14      0.999998
     5005.2500      1.805841e+14      1.805845e+14      0.999998
     5005.2600      1.805847e+14      1.805851e+14      0.999998
     5005.2700      1.805853e+14      1.805857e+14      0.999998
     5005.2800      1.805859e+14      1.805864e+14      0.999998
     5005.2900      1.805866e+14      1.805870e+14      0.999998
     5005.3000      1.805872e+14      1.805876e+14      0.999998
     5005.3100      1.805878e+14      1.805882e+14      0.999998
     5005.3200      1.805884e+14      1.805888e+14      0.999998
     5005.3300      1.805890e+14      1.805894e+14      0.999998
     5005.3400      1.805896e+14      1.805901e+14      0.999998
     5005.3500      1.805903e+14      1.805907e+14      0.999998
     5005.3600      1.805722e+14      1.805913e+14      0.999894
     5005.3700      1.805612e+14      1.805919e+14      0.999830
     5005.3800      1.805197e+14      1.805925e+14      0.999597
     5005.3900      1.803496e+14      1.805931e+14      0.998652
     5005.4000      1.797726e+14      1.805937e+14      0.995453
     5005.4100      1.783398e+14      1.805944e+14      0.987516
     5005.4200      1.759283e+14      1.805950e+14      0.974159
     5005.4300      1.734423e+14      1.805956e+14      0.960390
     5005.4400      1.724865e+14      1.805962e+14      0.955095
     5005.4500      1.737783e+14      1.805968e+14      0.962244
     5005.4600      1.763597e+14      1.805974e+14      0.976535
     5005.4700      1.786455e+14      1.805981e+14      0.989188
     5005.4800      1.799155e+14      1.805987e+14      0.996217
     5005.4900      1.804003e+14      1.805993e+14      0.998898
     5005.5000      1.805384e+14      1.805999e+14      0.999659
     5005.5100      1.805726e+14      1.806005e+14      0.999846
     5005.5200      1.805831e+14      1.806011e+14      0.999900
     5005.5300      1.806013e+14      1.806018e+14      0.999998
     5005.5400      1.806020e+14      1.806024e+14      0.999998
     5005.5500      1.806026e+14      1.806030e+14      0.999998
     5005.5600      1.805345e+14      1.806036e+14      0.999617
     5005.5700      1.803701e+14      1.806042e+14      0.998703
     5005.5800      1.800169e+14      1.806048e+14      0.996744
     5005.5900      1.795278e+14      1.806054e+14      0.994033
     5005.6000      1.791701e+14      1.806061e+14      0.992049
     5005.6100      1.792157e+14      1.806067e+14      0.992298
     5005.6200      1.796280e+14      1.806073e+14      0.994578
     5005.6300      1.801064e+14      1.806079e+14      0.997223
     5005.6400      1.804208e+14      1.806085e+14      0.998961
     5005.6500      1.805567e+14      1.806091e+14      0.999710
     5005.6600      1.806093e+14      1.806098e+14      0.999998
     5005.6700      1.806100e+14      1.806104e+14      0.999998
     5005.6800      1.806106e+14      1.806110e+14      0.999998
     5005.6900      1.805112e+14      1.806116e+14      0.999444
     5005.7000      1.802524e+14      1.806122e+14      0.998008
     5005.7100      1.796553e+14      1.806128e+14      0.994698
     5005.7200      1.787549e+14      1.806134e+14      0.989710
     5005.7300      1.779924e+14      1.806141e+14      0.985485
     5005.7400      1.779255e+14      1.806147e+14      0.985111
     5005.7500      1.785420e+14      1.806153e+14      0.988521
     5005.7600      1.793117e+14      1.806159e+14      0.992779
     5005.7700      1.796435e+14      1.806165e+14      0.994613
     5005.7800      1.794714e+14      1.806171e+14      0.993656
     5005.7900      1.791686e+14      1.806178e+14      0.991976
     5005.8000      1.791538e+14      1.806184e+14      0.991892
     5005.8100      1.795007e+14      1.806190e+14      0.993809
     5005.8200      1.799859e+14      1.806196e+14      0.996491
     5005.8300      1.803512e+14      1.806202e+14      0.998511
     5005.8400      1.805328e+14      1.806208e+14      0.999512
     5005.8500      1.806210e+14      1.806215e+14      0.999998
     5005.8600      1.806217e+14      1.806221e+14      0.999998
     5005.8700      1.806223e+14      1.806227e+14      0.999998
     5005.8800      1.806229e+14      1.806233e+14      0.999998
     5005.8900      1.806235e+14      1.806239e+14      0.999998
     5005.9000      1.806241e+14      1.806245e+14      0.999998
     5005.9100      1.806247e+14      1.806251e+14      0.999998
     5005.9200      1.806254e+14      1.806258e+14      0.999998
     5005.9300      1.806260e+14      1.806264e+14      0.999998
     5005.9400      1.806266e+14      1.806270e+14      0.999998
     5005.9500      1.806272e+14      1.806276e+14      0.999998
     5005.9600      1.806278e+14      1.806282e+14      0.999998
     5005.9700      1.806284e+14      1.806288e+14      0.999998
     5005.9800      1.806290e+14      1.806295e+14      0.999998
     5005.9900      1.806297e+14      1.806301e+14      0.999998
     5006.0000      1.806303e+14      1.806307e+14      0.999998
     5006.0100      1.805721e+14      1.806313e+14      0.999672
     5006.0200      1.805448e+14      1.806319e+14      0.999518
     5006.0300      1.805389e+14      1.806326e+14      0.999482
     5006.0400      1.805597e+14      1.806332e+14      0.999593
     5006.0500      1.805915e+14      1.806338e+14      0.999766
     5006.0600      1.806341e+14      1.806345e+14      0.999998
     5006.0700      1.806347e+14      1.806351e+14      0.999998
     5006.0800      1.806353e+14      1.806357e+14      0.999998
     5006.0900      1.806359e+14      1.806363e+14      0.999998
     5006.1000      1.806366e+14      1.806370e+14      0.999998
     5006.1100      1.806372e+14      1.806376e+14      0.999998
     5006.1200      1.806378e+14      1.806382e+14      0.999998
     5006.1300      1.806385e+14      1.806389e+14      0.999998
     5006.1400      1.806391e+14      1.806395e+14      0.999998
     5006.1500      1.806397e+14      1.806401e+14      0.999998
     5006.1600      1.806403e+14      1.806407e+14      0.999998
     5006.1700      1.806410e+14      1.806414e+14      0.999998
     5006.1800      1.806416e+14      1.806420e+14      0.999998
     5006.1900      1.806422e+14      1.806426e+14      0.999998
     5006.2000      1.806429e+14      1.806433e+14      0.999998
     5006.2100      1.806435e+14      1.806439e+14      0.999998
     5006.2200      1.806441e+14      1.806445e+14      0.999998
     5006.2300      1.806447e+14      1.806451e+14      0.999998
     5006.2400      1.805893e+14      1.806458e+14      0.999687
     5006.2500      1.804284e+14      1.806464e+14      0.998793
     5006.2600      1.800013e+14      1.806470e+14      0.996425
     5006.2700      1.792363e+14      1.806477e+14      0.992187
     5006.2800      1.783931e+14      1.806483e+14      0.987516
     5006.2900      1.780184e+14      1.806489e+14      0.985439
     5006.3000      1.784084e+14      1.806495e+14      0.987594
     5006.3100      1.792565e+14      1.806502e+14      0.992285
     5006.3200      1.800171e+14      1.806508e+14      0.996492
     5006.3300      1.804387e+14      1.806514e+14      0.998822
     5006.3400      1.805972e+14      1.806521e+14      0.999696
     5006.3500      1.806523e+14      1.806527e+14      0.999998
     5006.3600      1.806529e+14      1.806533e+14      0.999998
     5006.3700      1.806535e+14      1.806539e+14      0.999998
     5006.3800      1.806542e+14      1.806546e+14      0.999998
     5006.3900      1.806548e+14      1.806552e+14      0.999998
     5006.4000      1.806554e+14      1.806558e+14      0.999998
     5006.4100      1.806560e+14      1.806565e+14      0.999998
     5006.4200      1.806567e+14      1.806571e+14      0.999998
     5006.4300      1.806573e+14      1.806577e+14      0.999998
     5006.4400      1.806579e+14      1.806583e+14      0.999998
     5006.4500      1.806586e+14      1.806590e+14      0.999998
     5006.4600      1.806592e+14      1.806596e+14      0.999998
     5006.4700      1.806598e+14      1.806602e+14      0.999998
     5006.4800      1.806412e+14      1.806609e+14      0.999891
     5006.4900      1.806273e+14      1.806615e+14      0.999811
     5006.5000      1.805627e+14      1.806621e+14      0.999450
     5006.5100      1.802625e+14      1.806627e+14      0.997785
     5006.5200      1.791543e+14      1.806634e+14      0.991647
     5006.5300      1.761713e+14      1.806640e+14      0.975132
     5006.5400      1.706304e+14      1.806646e+14      0.944459
     5006.5500      1.639877e+14      1.806653e+14      0.907688
     5006.5600      1.597677e+14      1.806659e+14      0.884327
     5006.5700      1.606390e+14      1.806665e+14      0.889147
     5006.5800      1.660373e+14      1.806671e+14      0.919023
     5006.5900      1.726132e+14      1.806678e+14      0.955418
     5006.6000      1.773302e+14      1.806684e+14      0.981523
     5006.6100      1.795635e+14      1.806690e+14      0.993881
     5006.6200      1.803199e+14      1.806696e+14      0.998064
     5006.6300      1.805348e+14      1.806703e+14      0.999250
     5006.6400      1.806065e+14      1.806709e+14      0.999644
     5006.6500      1.806267e+14      1.806715e+14      0.999752
     5006.6600      1.806438e+14      1.806722e+14      0.999843
     5006.6700      1.806438e+14      1.806728e+14      0.999840
     5006.6800      1.806437e+14      1.806734e+14      0.999836
     5006.6900      1.806437e+14      1.806740e+14      0.999832
     5006.7000      1.806435e+14      1.806747e+14      0.999828
     5006.7100      1.806434e+14      1.806753e+14      0.999823
     5006.7200      1.806432e+14      1.806759e+14      0.999819
     5006.7300      1.806430e+14      1.806766e+14      0.999814
     5006.7400      1.805967e+14      1.806772e+14      0.999554
     5006.7500      1.805019e+14      1.806778e+14      0.999026
     5006.7600      1.802883e+14      1.806784e+14      0.997840
     5006.7700      1.799071e+14      1.806791e+14      0.995727
     5006.7800      1.793544e+14      1.806797e+14      0.992665
     5006.7900      1.788359e+14      1.806803e+14      0.989792
     5006.8000      1.785429e+14      1.806810e+14      0.988167
     5006.8100      1.786211e+14      1.806816e+14      0.988596
     5006.8200      1.790284e+14      1.806822e+14      0.990847
     5006.8300      1.795688e+14      1.806828e+14      0.993834
     5006.8400      1.800180e+14      1.806835e+14      0.996317
     5006.8500      1.802781e+14      1.806841e+14      0.997753
     5006.8600      1.803295e+14      1.806847e+14      0.998034
     5006.8700      1.802331e+14      1.806854e+14      0.997497
     5006.8800      1.799733e+14      1.806860e+14      0.996056
     5006.8900      1.797090e+14      1.806866e+14      0.994589
     5006.9000      1.795483e+14      1.806872e+14      0.993697
     5006.9100      1.795679e+14      1.806879e+14      0.993802
     5006.9200      1.797525e+14      1.806885e+14      0.994820
     5006.9300      1.800067e+14      1.806891e+14      0.996223
     5006.9400      1.802281e+14      1.806898e+14      0.997445
     5006.9500      1.803658e+14      1.806904e+14      0.998204
     5006.9600      1.803585e+14      1.806910e+14      0.998160
     5006.9700      1.803223e+14      1.806916e+14      0.997956
     5006.9800      1.802416e+14      1.806923e+14      0.997506
     5006.9900      1.801931e+14      1.806929e+14      0.997234
     5007.0000      1.801790e+14      1.806935e+14      0.997153
     5007.0100      1.801626e+14      1.806942e+14      0.997058
     5007.0200      1.800962e+14      1.806948e+14      0.996687
     5007.0300      1.799300e+14      1.806954e+14      0.995764
     5007.0400      1.793429e+14      1.806961e+14      0.992511
     5007.0500      1.766895e+14      1.806967e+14      0.977824
     5007.0600      1.656765e+14      1.806973e+14      0.916873
     5007.0700      1.362500e+14      1.806980e+14      0.754021
     5007.0800      9.720293e+13      1.806986e+14      0.537929
     5007.0900      7.278739e+13      1.806992e+14      0.402810
     5007.1000      6.322626e+13      1.806999e+14      0.349897
     5007.1100      6.131290e+13      1.807005e+14      0.339307
     5007.1200      6.537334e+13      1.807011e+14      0.361776
     5007.1300      7.896689e+13      1.807018e+14      0.437001
     5007.1400      1.097377e+14      1.807024e+14      0.607284
     5007.1500      1.484752e+14      1.807030e+14      0.821653
     5007.1600      1.709457e+14      1.807037e+14      0.946000
     5007.1700      1.778994e+14      1.807043e+14      0.984478
     5007.1800      1.794002e+14      1.807049e+14      0.992780
     5007.1900      1.797510e+14      1.807056e+14      0.994718
     5007.2000      1.799242e+14      1.807062e+14      0.995672
     5007.2100      1.800570e+14      1.807068e+14      0.996404
     5007.2200      1.801510e+14      1.807075e+14      0.996921
     5007.2300      1.802205e+14      1.807081e+14      0.997302
     5007.2400      1.802386e+14      1.807087e+14      0.997399
     5007.2500      1.802462e+14      1.807094e+14      0.997437
     5007.2600      1.802455e+14      1.807100e+14      0.997430
     5007.2700      1.802375e+14      1.807106e+14      0.997382
     5007.2800      1.802226e+14      1.807113e+14      0.997296
     5007.2900      1.802010e+14      1.807119e+14      0.997173
     5007.3000      1.801724e+14      1.807125e+14      0.997011
     5007.3100      1.801360e+14      1.807132e+14      0.996806
     5007.3200      1.800909e+14      1.807138e+14      0.996553
     5007.3300      1.800356e+14      1.807144e+14      0.996244
     5007.3400      1.799680e+14      1.807151e+14      0.995866
     5007.3500      1.798617e+14      1.807157e+14      0.995274
     5007.3600      1.797521e+14      1.807163e+14      0.994665
     5007.3700      1.796103e+14      1.807170e+14      0.993876
     5007.3800      1.794107e+14      1.807176e+14      0.992768
     5007.3900      1.790892e+14      1.807182e+14      0.990986
     5007.4000      1.784953e+14      1.807189e+14      0.987696
     5007.4100      1.773847e+14      1.807195e+14      0.981547
     5007.4200      1.754516e+14      1.807201e+14      0.970847
     5007.4300      1.725873e+14      1.807208e+14      0.954994
     5007.4400      1.689198e+14      1.807214e+14      0.934697
     5007.4500      1.633556e+14      1.807220e+14      0.903905
     5007.4600      1.478003e+14      1.807227e+14      0.817829
     5007.4700      1.080603e+14      1.807233e+14      0.597932
     5007.4800      6.765827e+13      1.807239e+14      0.374374
     5007.4900      5.125982e+13      1.807246e+14      0.283635
     5007.5000      4.407749e+13      1.807252e+14      0.243892
     5007.5100      4.078483e+13      1.807259e+14      0.225672
     5007.5200      4.085219e+13      1.807265e+14      0.226044
     5007.5300      4.428482e+13      1.807271e+14      0.245037
     5007.5400      5.168342e+13      1.807278e+14      0.285974
     5007.5500      6.904065e+13      1.807284e+14      0.382013
     5007.5600      1.127662e+14      1.807290e+14      0.623952
     5007.5700      1.557192e+14      1.807297e+14      0.861614
     5007.5800      1.718923e+14      1.807303e+14      0.951099
     5007.5900      1.760590e+14      1.807309e+14      0.974150
     5007.6000      1.774764e+14      1.807316e+14      0.981989
     5007.6100      1.782343e+14      1.807322e+14      0.986179
     5007.6200      1.787299e+14      1.807328e+14      0.988918
     5007.6300      1.790848e+14      1.807335e+14      0.990878
     5007.6400      1.793581e+14      1.807341e+14      0.992386
     5007.6500      1.795649e+14      1.807347e+14      0.993527
     5007.6600      1.797278e+14      1.807354e+14      0.994425
     5007.6700      1.798587e+14      1.807360e+14      0.995146
     5007.6800      1.799656e+14      1.807366e+14      0.995734
     5007.6900      1.800542e+14      1.807373e+14      0.996221
     5007.7000      1.801284e+14      1.807379e+14      0.996628
     5007.7100      1.801912e+14      1.807385e+14      0.996972
     5007.7200      1.802449e+14      1.807392e+14      0.997266
     5007.7300      1.802912e+14      1.807398e+14      0.997518
     5007.7400      1.803315e+14      1.807404e+14      0.997737
     5007.7500      1.803666e+14      1.807411e+14      0.997928
     5007.7600      1.803976e+14      1.807417e+14      0.998096
     5007.7700      1.804250e+14      1.807423e+14      0.998244
     5007.7800      1.804493e+14      1.807430e+14      0.998375
     5007.7900      1.804711e+14      1.807436e+14      0.998492
     5007.8000      1.804907e+14      1.807442e+14      0.998597
     5007.8100      1.805084e+14      1.807449e+14      0.998691
     5007.8200      1.805243e+14      1.807455e+14      0.998776
     5007.8300      1.805389e+14      1.807461e+14      0.998853
     5007.8400      1.805521e+14      1.807468e+14      0.998923
     5007.8500      1.805643e+14      1.807474e+14      0.998987
     5007.8600      1.805754e+14      1.807480e+14      0.999045
     5007.8700      1.805857e+14      1.807487e+14      0.999098
     5007.8800      1.805951e+14      1.807493e+14      0.999147
     5007.8900      1.806039e+14      1.807499e+14      0.999192
     5007.9000      1.806121e+14      1.807506e+14      0.999234
     5007.9100      1.806196e+14      1.807512e+14      0.999272
     5007.9200      1.806267e+14      1.807518e+14      0.999308
     5007.9300      1.806333e+14      1.807525e+14      0.999341
     5007.9400      1.806395e+14      1.807531e+14      0.999371
     5007.9500      1.806453e+14      1.807537e+14      0.999400
     5007.9600      1.806507e+14      1.807544e+14      0.999427
     5007.9700      1.806559e+14      1.807550e+14      0.999451
     5007.9800      1.806607e+14      1.807556e+14      0.999475
     5007.9900      1.806653e+14      1.807563e+14      0.999497
     5008.0000      1.806696e+14      1.807569e+14      0.999517
     5008.0100      1.806738e+14      1.807575e+14      0.999536
     5008.0200      1.806777e+14      1.807582e+14      0.999555
     5008.0300      1.806814e+14      1.807588e+14      0.999572
     5008.0400      1.806849e+14      1.807594e+14      0.999588
     5008.0500      1.806883e+14      1.807601e+14      0.999603
     5008.0600      1.806915e+14      1.807607e+14      0.999617
     5008.0700      1.806946e+14      1.807613e+14      0.999631
     5008.0800      1.806976e+14      1.807620e+14      0.999644
     5008.0900      1.807004e+14      1.807626e+14      0.999656
     5008.1000      1.807032e+14      1.807632e+14      0.999668
     5008.1100      1.807058e+14      1.807639e+14      0.999679
     5008.1200      1.807083e+14      1.807645e+14      0.999689
     5008.1300      1.807108e+14      1.807651e+14      0.999699
     5008.1400      1.807131e+14      1.807658e+14      0.999709
     5008.1500      1.807154e+14      1.807664e+14      0.999718
     5008.1600      1.807176e+14      1.807670e+14      0.999726
     5008.1700      1.807197e+14      1.807677e+14      0.999735
     5008.1800      1.807217e+14      1.807683e+14      0.999743
     5008.1900      1.807237e+14      1.807689e+14      0.999750
     5008.2000      1.807257e+14      1.807695e+14      0.999757
     5008.2100      1.807275e+14      1.807702e+14      0.999764
     5008.2200      1.807294e+14      1.807708e+14      0.999771
     5008.2300      1.807311e+14      1.807714e+14      0.999777
     5008.2400      1.807329e+14      1.807721e+14      0.999783
     5008.2500      1.807345e+14      1.807727e+14      0.999789
     5008.2600      1.807362e+14      1.807733e+14      0.999794
     5008.2700      1.807378e+14      1.807740e+14      0.999800
     5008.2800      1.807394e+14      1.807746e+14      0.999805
     5008.2900      1.807172e+14      1.807752e+14      0.999679
     5008.3000      1.807171e+14      1.807759e+14      0.999675
     5008.3100      1.807168e+14      1.807765e+14      0.999670
     5008.3200      1.807163e+14      1.807771e+14      0.999663
     5008.3300      1.807155e+14      1.807778e+14      0.999655
     5008.3400      1.807144e+14      1.807784e+14      0.999646
     5008.3500      1.807131e+14      1.807790e+14      0.999635
     5008.3600      1.807113e+14      1.807797e+14      0.999622
     5008.3700      1.807091e+14      1.807803e+14      0.999606
     5008.3800      1.807065e+14      1.807809e+14      0.999588
     5008.3900      1.806970e+14      1.807816e+14      0.999532
     5008.4000      1.807252e+14      1.807822e+14      0.999685
     5008.4100      1.807197e+14      1.807828e+14      0.999651
     5008.4200      1.807132e+14      1.807835e+14      0.999612
     5008.4300      1.807054e+14      1.807841e+14      0.999565
     5008.4400      1.806960e+14      1.807847e+14      0.999509
     5008.4500      1.806556e+14      1.807853e+14      0.999282
     5008.4600      1.806384e+14      1.807860e+14      0.999183
     5008.4700      1.805552e+14      1.807866e+14      0.998720
     5008.4800      1.804653e+14      1.807872e+14      0.998219
     5008.4900      1.803669e+14      1.807879e+14      0.997672
     5008.5000      1.802991e+14      1.807885e+14      0.997293
     5008.5100      1.802708e+14      1.807891e+14      0.997133
     5008.5200      1.802332e+14      1.807898e+14      0.996921
     5008.5300      1.800351e+14      1.807904e+14      0.995822
     5008.5400      1.789911e+14      1.807910e+14      0.990044
     5008.5500      1.737723e+14      1.807917e+14      0.961174
     5008.5600      1.550883e+14      1.807923e+14      0.857826
     5008.5700      1.162591e+14      1.807929e+14      0.643051
     5008.5800      7.793751e+13      1.807936e+14      0.431086
     5008.5900      5.902711e+13      1.807942e+14      0.326488
     5008.6000      5.243103e+13      1.807948e+14      0.290003
     5008.6100      5.190815e+13      1.807955e+14      0.287110
     5008.6200      5.693840e+13      1.807961e+14      0.314932
     5008.6300      7.127768e+13      1.807967e+14      0.394242
     5008.6400      9.538043e+13      1.807974e+14      0.527554
     5008.6500      1.054556e+14      1.807980e+14      0.583279
     5008.6600      9.779184e+13      1.807986e+14      0.540888
     5008.6700      9.272238e+13      1.807993e+14      0.512847
     5008.6800      9.782782e+13      1.807999e+14      0.541083
     5008.6900      1.151272e+14      1.808005e+14      0.636764
     5008.7000      1.414306e+14      1.808011e+14      0.782244
     5008.7100      1.642555e+14      1.808018e+14      0.908484
     5008.7200      1.756487e+14      1.808024e+14      0.971495
     5008.7300      1.792872e+14      1.808030e+14      0.991616
     5008.7400      1.800936e+14      1.808037e+14      0.996072
     5008.7500      1.801980e+14      1.808043e+14      0.996647
     5008.7600      1.800949e+14      1.808049e+14      0.996073
     5008.7700      1.799741e+14      1.808056e+14      0.995401
     5008.7800      1.799766e+14      1.808062e+14      0.995411
     5008.7900      1.801391e+14      1.808068e+14      0.996307
     5008.8000      1.803672e+14      1.808075e+14      0.997565
     5008.8100      1.805476e+14      1.808081e+14      0.998559
     5008.8200      1.806469e+14      1.808087e+14      0.999105
     5008.8300      1.807048e+14      1.808094e+14      0.999422
     5008.8400      1.807162e+14      1.808100e+14      0.999481
     5008.8500      1.807259e+14      1.808106e+14      0.999532
     5008.8600      1.807344e+14      1.808113e+14      0.999575
     5008.8700      1.807418e+14      1.808119e+14      0.999612
     5008.8800      1.807483e+14      1.808125e+14      0.999645
     5008.8900      1.807541e+14      1.808132e+14      0.999673
     5008.9000      1.807859e+14      1.808138e+14      0.999846
     5008.9100      1.807884e+14      1.808144e+14      0.999856
     5008.9200      1.807906e+14      1.808151e+14      0.999865
     5008.9300      1.808153e+14      1.808157e+14      0.999998
     5008.9400      1.808159e+14      1.808163e+14      0.999998
     5008.9500      1.808166e+14      1.808169e+14      0.999998
     5008.9600      1.808172e+14      1.808176e+14      0.999998
     5008.9700      1.808178e+14      1.808182e+14      0.999998
     5008.9800      1.808185e+14      1.808188e+14      0.999998
     5008.9900      1.808191e+14      1.808195e+14      0.999998
     5009.0000      1.808197e+14      1.808201e+14      0.999998
     5009.0100      1.808203e+14      1.808207e+14      0.999998
     5009.0200      1.808209e+14      1.808213e+14      0.999998
     5009.0300      1.808216e+14      1.808219e+14      0.999998
     5009.0400      1.808222e+14      1.808226e+14      0.999998
     5009.0500      1.808228e+14      1.808232e+14      0.999998
     5009.0600      1.808234e+14      1.808238e+14      0.999998
     5009.0700      1.808240e+14      1.808244e+14      0.999998
     5009.0800      1.807642e+14      1.808250e+14      0.999664
     5009.0900      1.806100e+14      1.808256e+14      0.998808
     5009.1000      1.802429e+14      1.808262e+14      0.996774
     5009.1100      1.796620e+14      1.808269e+14      0.993558
     5009.1200      1.791246e+14      1.808275e+14      0.990583
     5009.1300      1.790094e+14      1.808281e+14      0.989942
     5009.1400      1.794091e+14      1.808287e+14      0.992150
     5009.1500      1.800195e+14      1.808293e+14      0.995522
     5009.1600      1.804905e+14      1.808299e+14      0.998123
     5009.1700      1.807240e+14      1.808305e+14      0.999411
     5009.1800      1.808308e+14      1.808311e+14      0.999998
     5009.1900      1.808314e+14      1.808318e+14      0.999998
     5009.2000      1.808320e+14      1.808324e+14      0.999998
     5009.2100      1.808326e+14      1.808330e+14      0.999998
     5009.2200      1.808332e+14      1.808336e+14      0.999998
     5009.2300      1.808338e+14      1.808342e+14      0.999998
     5009.2400      1.808344e+14      1.808348e+14      0.999998
     5009.2500      1.808351e+14      1.808354e+14      0.999998
     5009.2600      1.808357e+14      1.808361e+14      0.999998
     5009.2700      1.808363e+14      1.808367e+14      0.999998
     5009.2800      1.808369e+14      1.808373e+14      0.999998
     5009.2900      1.808375e+14      1.808379e+14      0.999998
     5009.3000      1.808381e+14      1.808385e+14      0.999998
     5009.3100      1.808387e+14      1.808391e+14      0.999998
     5009.3200      1.808393e+14      1.808397e+14      0.999998
     5009.3300      1.808400e+14      1.808403e+14      0.999998
     5009.3400      1.808406e+14      1.808410e+14      0.999998
     5009.3500      1.808412e+14      1.808416e+14      0.999998
     5009.3600      1.808418e+14      1.808422e+14      0.999998
     5009.3700      1.808424e+14      1.808428e+14      0.999998
     5009.3800      1.807636e+14      1.808434e+14      0.999559
     5009.3900      1.806268e+14      1.808440e+14      0.998799
     5009.4000      1.803857e+14      1.808446e+14      0.997462
     5009.4100      1.801160e+14      1.808453e+14      0.995967
     5009.4200      1.799858e+14      1.808459e+14      0.995244
     5009.4300      1.800950e+14      1.808465e+14      0.995845
     5009.4400      1.803600e+14      1.808471e+14      0.997307
     5009.4500      1.806107e+14      1.808477e+14      0.998690
     5009.4600      1.807593e+14      1.808483e+14      0.999508
     5009.4700      1.808206e+14      1.808489e+14      0.999843
     5009.4800      1.808492e+14      1.808495e+14      0.999998
     5009.4900      1.808498e+14      1.808502e+14      0.999998
     5009.5000      1.808504e+14      1.808508e+14      0.999998
     5009.5100      1.808510e+14      1.808514e+14      0.999998
     5009.5200      1.808516e+14      1.808520e+14      0.999998
     5009.5300      1.808522e+14      1.808526e+14      0.999998
     5009.5400      1.808528e+14      1.808532e+14      0.999998
     5009.5500      1.808535e+14      1.808538e+14      0.999998
     5009.5600      1.808541e+14      1.808545e+14      0.999998
     5009.5700      1.808547e+14      1.808551e+14      0.999998
     5009.5800      1.808553e+14      1.808557e+14      0.999998
     5009.5900      1.808559e+14      1.808563e+14      0.999998
     5009.6000      1.808565e+14      1.808569e+14      0.999998
     5009.6100      1.808571e+14      1.808575e+14      0.999998
     5009.6200      1.808577e+14      1.808581e+14      0.999998
     5009.6300      1.808584e+14      1.808587e+14      0.999998
     5009.6400      1.808590e+14      1.808594e+14      0.999998
     5009.6500      1.808596e+14      1.808600e+14      0.999998
     5009.6600      1.808602e+14      1.808606e+14      0.999998
     5009.6700      1.808608e+14      1.808612e+14      0.999998
     5009.6800      1.808614e+14      1.808618e+14      0.999998
     5009.6900      1.808620e+14      1.808624e+14      0.999998
     5009.7000      1.808627e+14      1.808630e+14      0.999998
     5009.7100      1.808633e+14      1.808637e+14      0.999998
     5009.7200      1.808639e+14      1.808643e+14      0.999998
     5009.7300      1.808645e+14      1.808649e+14      0.999998
     5009.7400      1.808651e+14      1.808655e+14      0.999998
     5009.7500      1.808657e+14      1.808661e+14      0.999998
     5009.7600      1.808663e+14      1.808667e+14      0.999998
     5009.7700      1.808669e+14      1.808673e+14      0.999998
     5009.7800      1.808676e+14      1.808679e+14      0.999998
     5009.7900      1.808682e+14      1.808686e+14      0.999998
     5009.8000      1.808688e+14      1.808692e+14      0.999998
     5009.8100      1.808694e+14      1.808698e+14      0.999998
     5009.8200      1.808700e+14      1.808704e+14      0.999998
     5009.8300      1.808706e+14      1.808710e+14      0.999998
     5009.8400      1.808712e+14      1.808716e+14      0.999998
     5009.8500      1.808719e+14      1.808722e+14      0.999998
     5009.8600      1.808725e+14      1.808729e+14      0.999998
     5009.8700      1.808731e+14      1.808735e+14      0.999998
     5009.8800      1.808737e+14      1.808741e+14      0.999998
     5009.8900      1.808743e+14      1.808747e+14      0.999998
     5009.9000      1.808749e+14      1.808753e+14      0.999998
     5009.9100      1.808755e+14      1.808759e+14      0.999998
     5009.9200      1.808761e+14      1.808765e+14      0.999998
     5009.9300      1.808768e+14      1.808771e+14      0.999998
     5009.9400      1.808774e+14      1.808778e+14      0.999998
     5009.9500      1.808780e+14      1.808784e+14      0.999998
     5009.9600      1.808786e+14      1.808790e+14      0.999998
     5009.9700      1.808792e+14      1.808796e+14      0.999998
     5009.9800      1.808475e+14      1.808802e+14      0.999819
     5009.9900      1.807661e+14      1.808808e+14      0.999366
     5010.0000      1.804914e+14      1.808814e+14      0.997844
     5010.0100      1.798191e+14      1.808820e+14      0.994124
     5010.0200      1.787050e+14      1.808827e+14      0.987961
     5010.0300      1.775836e+14      1.808833e+14      0.981758
     5010.0400      1.772014e+14      1.808839e+14      0.979642
     5010.0500      1.778551e+14      1.808845e+14      0.983253
     5010.0600      1.790495e+14      1.808851e+14      0.989852
     5010.0700      1.800609e+14      1.808857e+14      0.995440
     5010.0800      1.806045e+14      1.808863e+14      0.998442
     5010.0900      1.808070e+14      1.808869e+14      0.999558
     5010.1000      1.808635e+14      1.808875e+14      0.999867
     5010.1100      1.808877e+14      1.808881e+14      0.999998
     5010.1200      1.808883e+14      1.808887e+14      0.999998
     5010.1300      1.808889e+14      1.808893e+14      0.999998
     5010.1400      1.808895e+14      1.808899e+14      0.999998
     5010.1500      1.808901e+14      1.808905e+14      0.999998
     5010.1600      1.808361e+14      1.808911e+14      0.999695
     5010.1700      1.807897e+14      1.808917e+14      0.999436
     5010.1800      1.807517e+14      1.808923e+14      0.999223
     5010.1900      1.807494e+14      1.808930e+14      0.999206
     5010.2000      1.807849e+14      1.808936e+14      0.999400
     5010.2100      1.808331e+14      1.808942e+14      0.999662
     5010.2200      1.808944e+14      1.808948e+14      0.999998
     5010.2300      1.808950e+14      1.808954e+14      0.999998
     5010.2400      1.808956e+14      1.808960e+14      0.999998
     5010.2500      1.808962e+14      1.808966e+14      0.999998
     5010.2600      1.808968e+14      1.808972e+14      0.999998
     5010.2700      1.808974e+14      1.808978e+14      0.999998
     5010.2800      1.808980e+14      1.808984e+14      0.999998
     5010.2900      1.808986e+14      1.808990e+14      0.999998
     5010.3000      1.808992e+14      1.808996e+14      0.999998
     5010.3100      1.808998e+14      1.809002e+14      0.999998
     5010.3200      1.809004e+14      1.809008e+14      0.999998
     5010.3300      1.809011e+14      1.809014e+14      0.999998
     5010.3400      1.809017e+14      1.809020e+14      0.999998
     5010.3500      1.809023e+14      1.809027e+14      0.999998
     5010.3600      1.809029e+14      1.809033e+14      0.999998
     5010.3700      1.809035e+14      1.809039e+14      0.999998
     5010.3800      1.809041e+14      1.809045e+14      0.999998
     5010.3900      1.809047e+14      1.809051e+14      0.999998
     5010.4000      1.809053e+14      1.809057e+14      0.999998
     5010.4100      1.809059e+14      1.809063e+14      0.999998
     5010.4200      1.809065e+14      1.809069e+14      0.999998
     5010.4300      1.809071e+14      1.809075e+14      0.999998
     5010.4400      1.809077e+14      1.809081e+14      0.999998
     5010.4500      1.809083e+14      1.809087e+14      0.999998
     5010.4600      1.809089e+14      1.809093e+14      0.999998
     5010.4700      1.809095e+14      1.809099e+14      0.999998
     5010.4800      1.809101e+14      1.809105e+14      0.999998
     5010.4900      1.809108e+14      1.809111e+14      0.999998
     5010.5000      1.809114e+14      1.809117e+14      0.999998
     5010.5100      1.809120e+14      1.809123e+14      0.999998
     5010.5200      1.809126e+14      1.809130e+14      0.999998
     5010.5300      1.809132e+14      1.809136e+14      0.999998
     5010.5400      1.808542e+14      1.809142e+14      0.999669
     5010.5500      1.807405e+14      1.809148e+14      0.999037
     5010.5600      1.805420e+14      1.809154e+14      0.997936
     5010.5700      1.803319e+14      1.809160e+14      0.996771
     5010.5800      1.802513e+14      1.809166e+14      0.996322
     5010.5900      1.803655e+14      1.809172e+14      0.996951
     5010.6000      1.805847e+14      1.809178e+14      0.998159
     5010.6100      1.807714e+14      1.809184e+14      0.999187
     5010.6200      1.808710e+14      1.809190e+14      0.999735
     5010.6300      1.809192e+14      1.809196e+14      0.999998
     5010.6400      1.809198e+14      1.809202e+14      0.999998
     5010.6500      1.809204e+14      1.809208e+14      0.999998
     5010.6600      1.809211e+14      1.809214e+14      0.999998
     5010.6700      1.809217e+14      1.809220e+14      0.999998
     5010.6800      1.809223e+14      1.809226e+14      0.999998
     5010.6900      1.809229e+14      1.809233e+14      0.999998
     5010.7000      1.809235e+14      1.809239e+14      0.999998
     5010.7100      1.809241e+14      1.809245e+14      0.999998
     5010.7200      1.809247e+14      1.809251e+14      0.999998
     5010.7300      1.809253e+14      1.809257e+14      0.999998
     5010.7400      1.809064e+14      1.809263e+14      0.999890
     5010.7500      1.808651e+14      1.809269e+14      0.999659
     5010.7600      1.807440e+14      1.809275e+14      0.998986
     5010.7700      1.805128e+14      1.809281e+14      0.997705
     5010.7800      1.801390e+14      1.809287e+14      0.995635
     5010.7900      1.796626e+14      1.809293e+14      0.992999
     5010.8000      1.792087e+14      1.809299e+14      0.990487
     5010.8100      1.788831e+14      1.809305e+14      0.988684
     5010.8200      1.788402e+14      1.809311e+14      0.988443
     5010.8300      1.790651e+14      1.809317e+14      0.989683
     5010.8400      1.794829e+14      1.809323e+14      0.991989
     5010.8500      1.799720e+14      1.809329e+14      0.994689
     5010.8600      1.804036e+14      1.809336e+14      0.997071
     5010.8700      1.806676e+14      1.809342e+14      0.998527
     5010.8800      1.807269e+14      1.809348e+14      0.998851
     5010.8900      1.806514e+14      1.809354e+14      0.998430
     5010.9000      1.804084e+14      1.809360e+14      0.997084
     5010.9100      1.801285e+14      1.809366e+14      0.995534
     5010.9200      1.799168e+14      1.809372e+14      0.994360
     5010.9300      1.798752e+14      1.809378e+14      0.994127
     5010.9400      1.800259e+14      1.809384e+14      0.994957
     5010.9500      1.802929e+14      1.809390e+14      0.996429
     5010.9600      1.805502e+14      1.809396e+14      0.997848
     5010.9700      1.807311e+14      1.809402e+14      0.998844
     5010.9800      1.807563e+14      1.809408e+14      0.998980
     5010.9900      1.803883e+14      1.809414e+14      0.996943
     5011.0000      1.788659e+14      1.809420e+14      0.988526
     5011.0100      1.747922e+14      1.809426e+14      0.966009
     5011.0200      1.675410e+14      1.809432e+14      0.925931
     5011.0300      1.594038e+14      1.809439e+14      0.880958
     5011.0400      1.548834e+14      1.809445e+14      0.855972
     5011.0500      1.568216e+14      1.809451e+14      0.866680
     5011.0600      1.639861e+14      1.809457e+14      0.906273
     5011.0700      1.720863e+14      1.809463e+14      0.951035
     5011.0800      1.775492e+14      1.809469e+14      0.981223
     5011.0900      1.799781e+14      1.809475e+14      0.994643
     5011.1000      1.807303e+14      1.809481e+14      0.998796
     5011.1100      1.809012e+14      1.809487e+14      0.999737
     5011.1200      1.809329e+14      1.809493e+14      0.999909
     5011.1300      1.809399e+14      1.809499e+14      0.999944
     5011.1400      1.809502e+14      1.809505e+14      0.999998
     5011.1500      1.809508e+14      1.809511e+14      0.999998
     5011.1600      1.809148e+14      1.809518e+14      0.999796
     5011.1700      1.808368e+14      1.809524e+14      0.999361
     5011.1800      1.806712e+14      1.809530e+14      0.998443
     5011.1900      1.804371e+14      1.809536e+14      0.997146
     5011.2000      1.802507e+14      1.809542e+14      0.996113
     5011.2100      1.802450e+14      1.809548e+14      0.996077
     5011.2200      1.804248e+14      1.809554e+14      0.997068
     5011.2300      1.806614e+14      1.809560e+14      0.998372
     5011.2400      1.808337e+14      1.809566e+14      0.999321
     5011.2500      1.809174e+14      1.809572e+14      0.999780
     5011.2600      1.809575e+14      1.809578e+14      0.999998
     5011.2700      1.809581e+14      1.809584e+14      0.999998
     5011.2800      1.809587e+14      1.809590e+14      0.999998
     5011.2900      1.809593e+14      1.809597e+14      0.999998
     5011.3000      1.809599e+14      1.809603e+14      0.999998
     5011.3100      1.809605e+14      1.809609e+14      0.999998
     5011.3200      1.809611e+14      1.809615e+14      0.999998
     5011.3300      1.809617e+14      1.809621e+14      0.999998
     5011.3400      1.809623e+14      1.809627e+14      0.999998
     5011.3500      1.809629e+14      1.809633e+14      0.999998
     5011.3600      1.809246e+14      1.809639e+14      0.999783
     5011.3700      1.808046e+14      1.809645e+14      0.999116
     5011.3800      1.803464e+14      1.809651e+14      0.996581
     5011.3900      1.791011e+14      1.809657e+14      0.989696
     5011.4000      1.768349e+14      1.809663e+14      0.977170
     5011.4100      1.743143e+14      1.809669e+14      0.963239
     5011.4200      1.731634e+14      1.809675e+14      0.956875
     5011.4300      1.742736e+14      1.809682e+14      0.963007
     5011.4400      1.767846e+14      1.809688e+14      0.976879
     5011.4500      1.790689e+14      1.809694e+14      0.989499
     5011.4600      1.803357e+14      1.809700e+14      0.996495
     5011.4700      1.808060e+14      1.809706e+14      0.999091
     5011.4800      1.809309e+14      1.809712e+14      0.999777
     5011.4900      1.809714e+14      1.809718e+14      0.999998
     5011.5000      1.809720e+14      1.809724e+14      0.999998
     5011.5100      1.809726e+14      1.809730e+14      0.999998
     5011.5200      1.809732e+14      1.809736e+14      0.999998
     5011.5300      1.809739e+14      1.809742e+14      0.999998
     5011.5400      1.809488e+14      1.809748e+14      0.999856
     5011.5500      1.808128e+14      1.809754e+14      0.999101
     5011.5600      1.804993e+14      1.809761e+14      0.997366
     5011.5700      1.796604e+14      1.809767e+14      0.992727
     5011.5800      1.779424e+14      1.809773e+14      0.983231
     5011.5900      1.755234e+14      1.809779e+14      0.969861
     5011.6000      1.735170e+14      1.809785e+14      0.958772
     5011.6100      1.731902e+14      1.809791e+14      0.956963
     5011.6200      1.747149e+14      1.809797e+14      0.965384
     5011.6300      1.767801e+14      1.809803e+14      0.976792
     5011.6400      1.778166e+14      1.809809e+14      0.982516
     5011.6500      1.774184e+14      1.809815e+14      0.980312
     5011.6600      1.765476e+14      1.809821e+14      0.975497
     5011.6700      1.764083e+14      1.809827e+14      0.974724
     5011.6800      1.774134e+14      1.809833e+14      0.980275
     5011.6900      1.788475e+14      1.809839e+14      0.988196
     5011.7000      1.799015e+14      1.809846e+14      0.994016
     5011.7100      1.803407e+14      1.809852e+14      0.996439
     5011.7200      1.802376e+14      1.809858e+14      0.995866
     5011.7300      1.798119e+14      1.809864e+14      0.993511
     5011.7400      1.794447e+14      1.809870e+14      0.991479
     5011.7500      1.794308e+14      1.809876e+14      0.991398
     5011.7600      1.798394e+14      1.809882e+14      0.993652
     5011.7700      1.803687e+14      1.809888e+14      0.996574
     5011.7800      1.807432e+14      1.809894e+14      0.998640
     5011.7900      1.809167e+14      1.809900e+14      0.999595
     5011.8000      1.809903e+14      1.809906e+14      0.999998
     5011.8100      1.809909e+14      1.809912e+14      0.999998
     5011.8200      1.809915e+14      1.809918e+14      0.999998
     5011.8300      1.809921e+14      1.809924e+14      0.999998
     5011.8400      1.809927e+14      1.809931e+14      0.999998
     5011.8500      1.809933e+14      1.809937e+14      0.999998
     5011.8600      1.809939e+14      1.809943e+14      0.999998
     5011.8700      1.809945e+14      1.809949e+14      0.999998
     5011.8800      1.809951e+14      1.809955e+14      0.999998
     5011.8900      1.809957e+14      1.809961e+14      0.999998
     5011.9000      1.809963e+14      1.809967e+14      0.999998
     5011.9100      1.809969e+14      1.809973e+14      0.999998
     5011.9200      1.809975e+14      1.809979e+14      0.999998
     5011.9300      1.809981e+14      1.809985e+14      0.999998
     5011.9400      1.809988e+14      1.809991e+14      0.999998
     5011.9500      1.809994e+14      1.809997e+14      0.999998
     5011.9600      1.810000e+14      1.810003e+14      0.999998
     5011.9700      1.810006e+14      1.810010e+14      0.999998
     5011.9800      1.810012e+14      1.810016e+14      0.999998
     5011.9900      1.810018e+14      1.810022e+14      0.999998
     5012.0000      1.810024e+14      1.810028e+14      0.999998
     5012.0100      1.810030e+14      1.810034e+14      0.999998
     5012.0200      1.810036e+14      1.810040e+14      0.999998
     5012.0300      1.810043e+14      1.810046e+14      0.999998
     5012.0400      1.810049e+14      1.810053e+14      0.999998
     5012.0500      1.810055e+14      1.810059e+14      0.999998
     5012.0600      1.810061e+14      1.810065e+14      0.999998
     5012.0700      1.810068e+14      1.810071e+14      0.999998
     5012.0800      1.810074e+14      1.810078e+14      0.999998
     5012.0900      1.810080e+14      1.810084e+14      0.999998
     5012.1000      1.810086e+14      1.810090e+14      0.999998
     5012.1100      1.810093e+14      1.810096e+14      0.999998
     5012.1200      1.810099e+14      1.810103e+14      0.999998
     5012.1300      1.810105e+14      1.810109e+14      0.999998
     5012.1400      1.810111e+14      1.810115e+14      0.999998
     5012.1500      1.810118e+14      1.810121e+14      0.999998
     5012.1600      1.810124e+14      1.810128e+14      0.999998
     5012.1700      1.810130e+14      1.810134e+14      0.999998
     5012.1800      1.810136e+14      1.810140e+14      0.999998
     5012.1900      1.810143e+14      1.810146e+14      0.999998
     5012.2000      1.810149e+14      1.810152e+14      0.999998
     5012.2100      1.810155e+14      1.810159e+14      0.999998
     5012.2200      1.810161e+14      1.810165e+14      0.999998
     5012.2300      1.810167e+14      1.810171e+14      0.999998
     5012.2400      1.810174e+14      1.810177e+14      0.999998
     5012.2500      1.810180e+14      1.810184e+14      0.999998
     5012.2600      1.809980e+14      1.810190e+14      0.999884
     5012.2700      1.809554e+14      1.810196e+14      0.999645
     5012.2800      1.807766e+14      1.810202e+14      0.998654
     5012.2900      1.800324e+14      1.810209e+14      0.994540
     5012.3000      1.778087e+14      1.810215e+14      0.982252
     5012.3100      1.731884e+14      1.810221e+14      0.956725
     5012.3200      1.667529e+14      1.810227e+14      0.921171
     5012.3300      1.615500e+14      1.810234e+14      0.892427
     5012.3400      1.608681e+14      1.810240e+14      0.888656
     5012.3500      1.652110e+14      1.810246e+14      0.912644
     5012.3600      1.718054e+14      1.810252e+14      0.949069
     5012.3700      1.770903e+14      1.810259e+14      0.978260
     5012.3800      1.797756e+14      1.810265e+14      0.993090
     5012.3900      1.807014e+14      1.810271e+14      0.998201
     5012.4000      1.809518e+14      1.810277e+14      0.999580
     5012.4100      1.809976e+14      1.810283e+14      0.999830
     5012.4200      1.810096e+14      1.810290e+14      0.999893
     5012.4300      1.810292e+14      1.810296e+14      0.999998
     5012.4400      1.810298e+14      1.810302e+14      0.999998
     5012.4500      1.810305e+14      1.810308e+14      0.999998
     5012.4600      1.810311e+14      1.810315e+14      0.999998
     5012.4700      1.810317e+14      1.810321e+14      0.999998
     5012.4800      1.810323e+14      1.810327e+14      0.999998
     5012.4900      1.810330e+14      1.810333e+14      0.999998
     5012.5000      1.810336e+14      1.810340e+14      0.999998
     5012.5100      1.810342e+14      1.810346e+14      0.999998
     5012.5200      1.810348e+14      1.810352e+14      0.999998
     5012.5300      1.810355e+14      1.810358e+14      0.999998
     5012.5400      1.810361e+14      1.810365e+14      0.999998
     5012.5500      1.810367e+14      1.810371e+14      0.999998
     5012.5600      1.810373e+14      1.810377e+14      0.999998
     5012.5700      1.810380e+14      1.810383e+14      0.999998
     5012.5800      1.810386e+14      1.810389e+14      0.999998
     5012.5900      1.810392e+14      1.810396e+14      0.999998
     5012.6000      1.810398e+14      1.810402e+14      0.999998
     5012.6100      1.810404e+14      1.810408e+14      0.999998
     5012.6200      1.810183e+14      1.810414e+14      0.999872
     5012.6300      1.810183e+14      1.810421e+14      0.999869
     5012.6400      1.810184e+14      1.810427e+14      0.999866
     5012.6500      1.810184e+14      1.810433e+14      0.999863
     5012.6600      1.810184e+14      1.810439e+14      0.999859
     5012.6700      1.810184e+14      1.810446e+14      0.999856
     5012.6800      1.810184e+14      1.810452e+14      0.999852
     5012.6900      1.810183e+14      1.810458e+14      0.999848
     5012.7000      1.810182e+14      1.810464e+14      0.999844
     5012.7100      1.810181e+14      1.810471e+14      0.999840
     5012.7200      1.810180e+14      1.810477e+14      0.999836
     5012.7300      1.810178e+14      1.810483e+14      0.999831
     5012.7400      1.810177e+14      1.810489e+14      0.999827
     5012.7500      1.810177e+14      1.810496e+14      0.999824
     5012.7600      1.810174e+14      1.810502e+14      0.999819
     5012.7700      1.810171e+14      1.810508e+14      0.999814
     5012.7800      1.810167e+14      1.810514e+14      0.999808
     5012.7900      1.810163e+14      1.810520e+14      0.999803
     5012.8000      1.810158e+14      1.810527e+14      0.999797
     5012.8100      1.810153e+14      1.810533e+14      0.999790
     5012.8200      1.810148e+14      1.810539e+14      0.999784
     5012.8300      1.810141e+14      1.810545e+14      0.999777
     5012.8400      1.810135e+14      1.810552e+14      0.999770
     5012.8500      1.810127e+14      1.810558e+14      0.999762
     5012.8600      1.810119e+14      1.810564e+14      0.999754
     5012.8700      1.810110e+14      1.810570e+14      0.999746
     5012.8800      1.810100e+14      1.810577e+14      0.999737
     5012.8900      1.810090e+14      1.810583e+14      0.999728
     5012.9000      1.810079e+14      1.810589e+14      0.999718
     5012.9100      1.810066e+14      1.810595e+14      0.999708
     5012.9200      1.810053e+14      1.810602e+14      0.999697
     5012.9300      1.810038e+14      1.810608e+14      0.999685
     5012.9400      1.810023e+14      1.810614e+14      0.999673
     5012.9500      1.810006e+14      1.810620e+14      0.999661
     5012.9600      1.809987e+14      1.810626e+14      0.999647
     5012.9700      1.809967e+14      1.810633e+14      0.999632
     5012.9800      1.809946e+14      1.810639e+14      0.999617
     5012.9900      1.809922e+14      1.810645e+14      0.999601
     5013.0000      1.809897e+14      1.810651e+14      0.999583
     5013.0100      1.809870e+14      1.810658e+14      0.999565
     5013.0200      1.809312e+14      1.810664e+14      0.999253
     5013.0300      1.807265e+14      1.810670e+14      0.998119
     5013.0400      1.802069e+14      1.810677e+14      0.995246
     5013.0500      1.795334e+14      1.810683e+14      0.991523
     5013.0600      1.793121e+14      1.810689e+14      0.990298
     5013.0700      1.797902e+14      1.810695e+14      0.992935
     5013.0800      1.804473e+14      1.810702e+14      0.996560
     5013.0900      1.808160e+14      1.810708e+14      0.998593
     5013.1000      1.809246e+14      1.810714e+14      0.999189
     5013.1100      1.809201e+14      1.810721e+14      0.999161
     5013.1200      1.807942e+14      1.810727e+14      0.998462
     5013.1300      1.802915e+14      1.810733e+14      0.995683
     5013.1400      1.791046e+14      1.810739e+14      0.989124
     5013.1500      1.776970e+14      1.810746e+14      0.981347
     5013.1600      1.773671e+14      1.810752e+14      0.979522
     5013.1700      1.784732e+14      1.810758e+14      0.985627
     5013.1800      1.798511e+14      1.810765e+14      0.993233
     5013.1900      1.805891e+14      1.810771e+14      0.997305
     5013.2000      1.807964e+14      1.810777e+14      0.998446
     5013.2100      1.808258e+14      1.810784e+14      0.998605
     5013.2200      1.808052e+14      1.810790e+14      0.998488
     5013.2300      1.807817e+14      1.810796e+14      0.998355
     5013.2400      1.807549e+14      1.810802e+14      0.998203
     5013.2500      1.807241e+14      1.810809e+14      0.998030
     5013.2600      1.806884e+14      1.810815e+14      0.997829
     5013.2700      1.806469e+14      1.810821e+14      0.997596
     5013.2800      1.805981e+14      1.810828e+14      0.997324
     5013.2900      1.805404e+14      1.810834e+14      0.997001
     5013.3000      1.804712e+14      1.810840e+14      0.996616
     5013.3100      1.803876e+14      1.810846e+14      0.996151
     5013.3200      1.802849e+14      1.810853e+14      0.995580
     5013.3300      1.801570e+14      1.810859e+14      0.994871
     5013.3400      1.799947e+14      1.810865e+14      0.993970
     5013.3500      1.797795e+14      1.810872e+14      0.992779
     5013.3600      1.794998e+14      1.810878e+14      0.991231
     5013.3700      1.791094e+14      1.810884e+14      0.989071
     5013.3800      1.784845e+14      1.810891e+14      0.985617
     5013.3900      1.769453e+14      1.810897e+14      0.977114
     5013.4000      1.696095e+14      1.810903e+14      0.936602
     5013.4100      1.352369e+14      1.810909e+14      0.746790
     5013.4200      7.121344e+13      1.810916e+14      0.393245
     5013.4300      4.273845e+13      1.810922e+14      0.236004
     5013.4400      2.971547e+13      1.810928e+14      0.164090
     5013.4500      2.158986e+13      1.810935e+14      0.119219
     5013.4600      1.796013e+13      1.810941e+14      0.099176
     5013.4700      1.774294e+13      1.810947e+14      0.097976
     5013.4800      2.083638e+13      1.810953e+14      0.115058
     5013.4900      2.828278e+13      1.810960e+14      0.156176
     5013.5000      4.057694e+13      1.810966e+14      0.224062
     5013.5100      6.462231e+13      1.810972e+14      0.356838
     5013.5200      1.249045e+14      1.810979e+14      0.689707
     5013.5300      1.595284e+14      1.810985e+14      0.880893
     5013.5400      1.615238e+14      1.810991e+14      0.891908
     5013.5500      1.583236e+14      1.810997e+14      0.874234
     5013.5600      1.590915e+14      1.811004e+14      0.878471
     5013.5700      1.645397e+14      1.811010e+14      0.908552
     5013.5800      1.715086e+14      1.811016e+14      0.947030
     5013.5900      1.766357e+14      1.811023e+14      0.975337
     5013.6000      1.791218e+14      1.811029e+14      0.989061
     5013.6100      1.800132e+14      1.811035e+14      0.993980
     5013.6200      1.803080e+14      1.811041e+14      0.995604
     5013.6300      1.804380e+14      1.811048e+14      0.996318
     5013.6400      1.805238e+14      1.811054e+14      0.996789
     5013.6500      1.805912e+14      1.811060e+14      0.997157
     5013.6600      1.806649e+14      1.811067e+14      0.997561
     5013.6700      1.807087e+14      1.811073e+14      0.997799
     5013.6800      1.807463e+14      1.811079e+14      0.998003
     5013.6900      1.807790e+14      1.811086e+14      0.998180
     5013.7000      1.808076e+14      1.811092e+14      0.998335
     5013.7100      1.808328e+14      1.811098e+14      0.998470
     5013.7200      1.808551e+14      1.811104e+14      0.998590
     5013.7300      1.808520e+14      1.811111e+14      0.998569
     5013.7400      1.808644e+14      1.811117e+14      0.998635
     5013.7500      1.808727e+14      1.811123e+14      0.998677
     5013.7600      1.808538e+14      1.811130e+14      0.998569
     5013.7700      1.808222e+14      1.811136e+14      0.998391
     5013.7800      1.806567e+14      1.811142e+14      0.997474
     5013.7900      1.798905e+14      1.811148e+14      0.993240
     5013.8000      1.771468e+14      1.811155e+14      0.978087
     5013.8100      1.702668e+14      1.811161e+14      0.940098
     5013.8200      1.590855e+14      1.811167e+14      0.878359
     5013.8300      1.482052e+14      1.811174e+14      0.818283
     5013.8400      1.437772e+14      1.811180e+14      0.793831
     5013.8500      1.483048e+14      1.811186e+14      0.818827
     5013.8600      1.592496e+14      1.811192e+14      0.879253
     5013.8700      1.704282e+14      1.811199e+14      0.940969
     5013.8800      1.772682e+14      1.811205e+14      0.978731
     5013.8900      1.799838e+14      1.811211e+14      0.993720
     5013.9000      1.807477e+14      1.811218e+14      0.997935
     5013.9100      1.809253e+14      1.811224e+14      0.998912
     5013.9200      1.809738e+14      1.811230e+14      0.999176
     5013.9300      1.810103e+14      1.811237e+14      0.999374
     5013.9400      1.810223e+14      1.811243e+14      0.999437
     5013.9500      1.810315e+14      1.811249e+14      0.999484
     5013.9600      1.810586e+14      1.811255e+14      0.999630
     5013.9700      1.810619e+14      1.811262e+14      0.999645
     5013.9800      1.810650e+14      1.811268e+14      0.999659
     5013.9900      1.810680e+14      1.811274e+14      0.999672
     5014.0000      1.810708e+14      1.811281e+14      0.999684
     5014.0100      1.810735e+14      1.811287e+14      0.999695
     5014.0200      1.810761e+14      1.811293e+14      0.999706
     5014.0300      1.810590e+14      1.811299e+14      0.999608
     5014.0400      1.810240e+14      1.811306e+14      0.999412
     5014.0500      1.808929e+14      1.811312e+14      0.998684
     5014.0600      1.805285e+14      1.811318e+14      0.996669
     5014.0700      1.798199e+14      1.811324e+14      0.992754
     5014.0800      1.789300e+14      1.811331e+14      0.987837
     5014.0900      1.783721e+14      1.811337e+14      0.984754
     5014.1000      1.785647e+14      1.811343e+14      0.985814
     5014.1100      1.793597e+14      1.811350e+14      0.990199
     5014.1200      1.802123e+14      1.811356e+14      0.994903
     5014.1300      1.807573e+14      1.811362e+14      0.997908
     5014.1400      1.809445e+14      1.811368e+14      0.998938
     5014.1500      1.809915e+14      1.811375e+14      0.999194
     5014.1600      1.810130e+14      1.811381e+14      0.999309
     5014.1700      1.810276e+14      1.811387e+14      0.999386
     5014.1800      1.810580e+14      1.811393e+14      0.999551
     5014.1900      1.811089e+14      1.811400e+14      0.999828
     5014.2000      1.811103e+14      1.811406e+14      0.999833
     5014.2100      1.811118e+14      1.811412e+14      0.999837
     5014.2200      1.811132e+14      1.811419e+14      0.999842
     5014.2300      1.811145e+14      1.811425e+14      0.999846
     5014.2400      1.811159e+14      1.811431e+14      0.999850
     5014.2500      1.811172e+14      1.811437e+14      0.999854
     5014.2600      1.811185e+14      1.811444e+14      0.999857
     5014.2700      1.811198e+14      1.811450e+14      0.999861
     5014.2800      1.811210e+14      1.811456e+14      0.999864
     5014.2900      1.811222e+14      1.811462e+14      0.999867
     5014.3000      1.811234e+14      1.811469e+14      0.999871
     5014.3100      1.811246e+14      1.811475e+14      0.999874
     5014.3200      1.811481e+14      1.811481e+14      1.000000
     5014.3300      1.811488e+14      1.811488e+14      1.000000
     5014.3400      1.811494e+14      1.811494e+14      1.000000
     5014.3500      1.811500e+14      1.811500e+14      1.000000
     5014.3600      1.811506e+14      1.811506e+14      1.000000
     5014.3700      1.811513e+14      1.811513e+14      1.000000
     5014.3800      1.811519e+14      1.811519e+14      1.000000
     5014.3900      1.811525e+14      1.811525e+14      1.000000
     5014.4000      1.811531e+14      1.811531e+14      1.000000
     5014.4100      1.811538e+14      1.811538e+14      1.000000
     5014.4200      1.811544e+14      1.811544e+14      1.000000
     5014.4300      1.811550e+14      1.811550e+14      1.000000
     5014.4400      1.811557e+14      1.811557e+14      1.000000
     5014.4500      1.811563e+14      1.811563e+14      1.000000
     5014.4600      1.811569e+14      1.811569e+14      1.000000
     5014.4700      1.811575e+14      1.811575e+14      1.000000
     5014.4800      1.811582e+14      1.811582e+14      1.000000
     5014.4900      1.811588e+14      1.811588e+14      1.000000
     5014.5000      1.811594e+14      1.811594e+14      1.000000
     5014.5100      1.811600e+14      1.811600e+14      1.000000
     5014.5200      1.811607e+14      1.811607e+14      1.000000
     5014.5300      1.811613e+14      1.811613e+14      1.000000
     5014.5400      1.811619e+14      1.811619e+14      1.000000
     5014.5500      1.811626e+14      1.811626e+14      1.000000
     5014.5600      1.811632e+14      1.811632e+14      1.000000
     5014.5700      1.811638e+14      1.811638e+14      1.000000
     5014.5800      1.811644e+14      1.811644e+14      1.000000
     5014.5900      1.811651e+14      1.811651e+14      1.000000
     5014.6000      1.811477e+14      1.811657e+14      0.999901
     5014.6100      1.811311e+14      1.811663e+14      0.999806
     5014.6200      1.810527e+14      1.811669e+14      0.999369
     5014.6300      1.807116e+14      1.811676e+14      0.997483
     5014.6400      1.795424e+14      1.811682e+14      0.991026
     5014.6500      1.767024e+14      1.811688e+14      0.975347
     5014.6600      1.718814e+14      1.811695e+14      0.948733
     5014.6700      1.664367e+14      1.811701e+14      0.918677
     5014.6800      1.628139e+14      1.811707e+14      0.898677
     5014.6900      1.621654e+14      1.811713e+14      0.895094
     5014.7000      1.636917e+14      1.811720e+14      0.903515
     5014.7100      1.662351e+14      1.811726e+14      0.917551
     5014.7200      1.695345e+14      1.811732e+14      0.935759
     5014.7300      1.733651e+14      1.811738e+14      0.956899
     5014.7400      1.768507e+14      1.811745e+14      0.976134
     5014.7500      1.792209e+14      1.811751e+14      0.989214
     5014.7600      1.804759e+14      1.811757e+14      0.996137
     5014.7700      1.809592e+14      1.811764e+14      0.998802
     5014.7800      1.811128e+14      1.811770e+14      0.999646
     5014.7900      1.811776e+14      1.811776e+14      1.000000
     5014.8000      1.811782e+14      1.811782e+14      1.000000
     5014.8100      1.811789e+14      1.811789e+14      1.000000
     5014.8200      1.811795e+14      1.811795e+14      1.000000
     5014.8300      1.811801e+14      1.811801e+14      1.000000
     5014.8400      1.811807e+14      1.811807e+14      1.000000
     5014.8500      1.811814e+14      1.811814e+14      1.000000
     5014.8600      1.811820e+14      1.811820e+14      1.000000
     5014.8700      1.811826e+14      1.811826e+14      1.000000
     5014.8800      1.811833e+14      1.811833e+14      1.000000
     5014.8900      1.811839e+14      1.811839e+14      1.000000
     5014.9000      1.811845e+14      1.811845e+14      1.000000
     5014.9100      1.811851e+14      1.811851e+14      1.000000
     5014.9200      1.811858e+14      1.811858e+14      1.000000
     5014.9300      1.811864e+14      1.811864e+14      1.000000
     5014.9400      1.811870e+14      1.811870e+14      1.000000
     5014.9500      1.811645e+14      1.811876e+14      0.999872
     5014.9600      1.811299e+14      1.811883e+14      0.999678
     5014.9700      1.811560e+14      1.811889e+14      0.999819
     5014.9800      1.811494e+14      1.811895e+14      0.999779
     5014.9900      1.811396e+14      1.811902e+14      0.999721
     5015.0000      1.811225e+14      1.811908e+14      0.999623
     5015.0100      1.810777e+14      1.811914e+14      0.999373
     5015.0200      1.808834e+14      1.811920e+14      0.998297
     5015.0300      1.799754e+14      1.811926e+14      0.993282
     5015.0400      1.765577e+14      1.811932e+14      0.974417
     5015.0500      1.673622e+14      1.811939e+14      0.923664
     5015.0600      1.510444e+14      1.811945e+14      0.833604
     5015.0700      1.330621e+14      1.811951e+14      0.734358
     5015.0800      1.219196e+14      1.811957e+14      0.672861
     5015.0900      1.220387e+14      1.811963e+14      0.673516
     5015.1000      1.333804e+14      1.811970e+14      0.736107
     5015.1100      1.513389e+14      1.811976e+14      0.835215
     5015.1200      1.673672e+14      1.811982e+14      0.923669
     5015.1300      1.760520e+14      1.811988e+14      0.971596
     5015.1400      1.788403e+14      1.811994e+14      0.986981
     5015.1500      1.791164e+14      1.812000e+14      0.988501
     5015.1600      1.788730e+14      1.812007e+14      0.987154
     5015.1700      1.788633e+14      1.812013e+14      0.987097
     5015.1800      1.792313e+14      1.812019e+14      0.989125
     5015.1900      1.798225e+14      1.812025e+14      0.992384
     5015.2000      1.803994e+14      1.812031e+14      0.995565
     5015.2100      1.807730e+14      1.812037e+14      0.997623
     5015.2200      1.809303e+14      1.812044e+14      0.998487
     5015.2300      1.809049e+14      1.812050e+14      0.998344
     5015.2400      1.807134e+14      1.812056e+14      0.997284
     5015.2500      1.804201e+14      1.812062e+14      0.995662
     5015.2600      1.801715e+14      1.812068e+14      0.994286
     5015.2700      1.800827e+14      1.812074e+14      0.993793
     5015.2800      1.802002e+14      1.812081e+14      0.994438
     5015.2900      1.804638e+14      1.812087e+14      0.995890
     5015.3000      1.807554e+14      1.812093e+14      0.997495
     5015.3100      1.809819e+14      1.812099e+14      0.998742
     5015.3200      1.811160e+14      1.812105e+14      0.999478
     5015.3300      1.811788e+14      1.812111e+14      0.999822
     5015.3400      1.812118e+14      1.812118e+14      1.000000
     5015.3500      1.812124e+14      1.812124e+14      1.000000
     5015.3600      1.812130e+14      1.812130e+14      1.000000
     5015.3700      1.812136e+14      1.812136e+14      1.000000
     5015.3800      1.812142e+14      1.812142e+14      1.000000
     5015.3900      1.812148e+14      1.812148e+14      1.000000
     5015.4000      1.811917e+14      1.812155e+14      0.999869
     5015.4100      1.811904e+14      1.812161e+14      0.999858
     5015.4200      1.811889e+14      1.812167e+14      0.999847
     5015.4300      1.811676e+14      1.812173e+14      0.999726
     5015.4400      1.811626e+14      1.812179e+14      0.999695
     5015.4500      1.811565e+14      1.812185e+14      0.999658
     5015.4600      1.811488e+14      1.812192e+14      0.999612
     5015.4700      1.811393e+14      1.812198e+14      0.999556
     5015.4800      1.811270e+14      1.812204e+14      0.999484
     5015.4900      1.811100e+14      1.812210e+14      0.999388
     5015.5000      1.810730e+14      1.812216e+14      0.999180
     5015.5100      1.809307e+14      1.812223e+14      0.998391
     5015.5200      1.803090e+14      1.812229e+14      0.994957
     5015.5300      1.772635e+14      1.812235e+14      0.978149
     5015.5400      1.661784e+14      1.812241e+14      0.916978
     5015.5500      1.401731e+14      1.812247e+14      0.773476
     5015.5600      1.054360e+14      1.812253e+14      0.581795
     5015.5700      7.974252e+13      1.812260e+14      0.440017
     5015.5800      6.858354e+13      1.812266e+14      0.378441
     5015.5900      6.865855e+13      1.812272e+14      0.378853
     5015.6000      7.976987e+13      1.812278e+14      0.440164
     5015.6100      1.041520e+14      1.812284e+14      0.574700
     5015.6200      1.334481e+14      1.812290e+14      0.736350
     5015.6300      1.429697e+14      1.812297e+14      0.788887
     5015.6400      1.192726e+14      1.812303e+14      0.658127
     5015.6500      8.479709e+13      1.812309e+14      0.467895
     5015.6600      6.470853e+13      1.812315e+14      0.357049
     5015.6700      5.750673e+13      1.812321e+14      0.317310
     5015.6800      5.770706e+13      1.812327e+14      0.318414
     5015.6900      6.551074e+13      1.812334e+14      0.361472
     5015.7000      8.700158e+13      1.812340e+14      0.480051
     5015.7100      1.249058e+14      1.812346e+14      0.689194
     5015.7200      1.593818e+14      1.812352e+14      0.879420
     5015.7300      1.753256e+14      1.812358e+14      0.967389
     5015.7400      1.797800e+14      1.812364e+14      0.991964
     5015.7500      1.807306e+14      1.812371e+14      0.997206
     5015.7600      1.809372e+14      1.812377e+14      0.998342
     5015.7700      1.810154e+14      1.812383e+14      0.998770
     5015.7800      1.810619e+14      1.812389e+14      0.999023
     5015.7900      1.810943e+14      1.812395e+14      0.999199
     5015.8000      1.811189e+14      1.812401e+14      0.999331
     5015.8100      1.811381e+14      1.812408e+14      0.999434
     5015.8200      1.811531e+14      1.812414e+14      0.999513
     5015.8300      1.811652e+14      1.812420e+14      0.999576
     5015.8400      1.811752e+14      1.812426e+14      0.999628
     5015.8500      1.811836e+14      1.812432e+14      0.999671
     5015.8600      1.811906e+14      1.812438e+14      0.999706
     5015.8700      1.811967e+14      1.812445e+14      0.999737
     5015.8800      1.812020e+14      1.812451e+14      0.999762
     5015.8900      1.812066e+14      1.812457e+14      0.999784
     5015.9000      1.812107e+14      1.812463e+14      0.999803
     5015.9100      1.812143e+14      1.812469e+14      0.999820
     5015.9200      1.812176e+14      1.812475e+14      0.999835
     5015.9300      1.812205e+14      1.812482e+14      0.999848
     5015.9400      1.812232e+14      1.812488e+14      0.999859
     5015.9500      1.812257e+14      1.812494e+14      0.999869
     5015.9600      1.812500e+14      1.812500e+14      1.000000
     5015.9700      1.812506e+14      1.812506e+14      1.000000
     5015.9800      1.812033e+14      1.812512e+14      0.999736
     5015.9900      1.811200e+14      1.812519e+14      0.999272
     5016.0000      1.809822e+14      1.812525e+14      0.998509
     5016.0100      1.808434e+14      1.812531e+14      0.997740
     5016.0200      1.807953e+14      1.812537e+14      0.997471
     5016.0300      1.808758e+14      1.812543e+14      0.997911
     5016.0400      1.810241e+14      1.812549e+14      0.998727
     5016.0500      1.811513e+14      1.812556e+14      0.999425
     5016.0600      1.812210e+14      1.812562e+14      0.999806
     5016.0700      1.812281e+14      1.812568e+14      0.999842
     5016.0800      1.812265e+14      1.812574e+14      0.999829
     5016.0900      1.812246e+14      1.812580e+14      0.999815
     5016.1000      1.812223e+14      1.812586e+14      0.999799
     5016.1100      1.812196e+14      1.812593e+14      0.999781
     5016.1200      1.812165e+14      1.812599e+14      0.999761
     5016.1300      1.812128e+14      1.812605e+14      0.999737
     5016.1400      1.812085e+14      1.812611e+14      0.999710
     5016.1500      1.812033e+14      1.812617e+14      0.999677
     5016.1600      1.811970e+14      1.812623e+14      0.999640
     5016.1700      1.811895e+14      1.812630e+14      0.999595
     5016.1800      1.811804e+14      1.812636e+14      0.999541
     5016.1900      1.811691e+14      1.812642e+14      0.999475
     5016.2000      1.811550e+14      1.812648e+14      0.999394
     5016.2100      1.811371e+14      1.812654e+14      0.999292
     5016.2200      1.811137e+14      1.812660e+14      0.999160
     5016.2300      1.810829e+14      1.812666e+14      0.998987
     5016.2400      1.810414e+14      1.812673e+14      0.998754
     5016.2500      1.809807e+14      1.812679e+14      0.998415
     5016.2600      1.808805e+14      1.812685e+14      0.997860
     5016.2700      1.806566e+14      1.812691e+14      0.996621
     5016.2800      1.798474e+14      1.812697e+14      0.992153
     5016.2900      1.764807e+14      1.812703e+14      0.973577
     5016.3000      1.652752e+14      1.812710e+14      0.911758
     5016.3100      1.412495e+14      1.812716e+14      0.779215
     5016.3200      1.121898e+14      1.812722e+14      0.618902
     5016.3300      9.249278e+13      1.812728e+14      0.510241
     5016.3400      8.564583e+13      1.812734e+14      0.472468
     5016.3500      9.015694e+13      1.812740e+14      0.497352
     5016.3600      1.072090e+14      1.812747e+14      0.591418
     5016.3700      1.353103e+14      1.812753e+14      0.746435
     5016.3800      1.615069e+14      1.812759e+14      0.890945
     5016.3900      1.751014e+14      1.812765e+14      0.965936
     5016.4000      1.794984e+14      1.812771e+14      0.990188
     5016.4100      1.805802e+14      1.812777e+14      0.996152
     5016.4200      1.808609e+14      1.812783e+14      0.997697
     5016.4300      1.809758e+14      1.812790e+14      0.998328
     5016.4400      1.810434e+14      1.812796e+14      0.998697
     5016.4500      1.810891e+14      1.812802e+14      0.998946
     5016.4600      1.811228e+14      1.812808e+14      0.999128
     5016.4700      1.811489e+14      1.812814e+14      0.999269
     5016.4800      1.811689e+14      1.812820e+14      0.999376
     5016.4900      1.811849e+14      1.812827e+14      0.999461
     5016.5000      1.811979e+14      1.812833e+14      0.999529
     5016.5100      1.812086e+14      1.812839e+14      0.999585
     5016.5200      1.812177e+14      1.812845e+14      0.999631
     5016.5300      1.812254e+14      1.812851e+14      0.999670
     5016.5400      1.812320e+14      1.812857e+14      0.999704
     5016.5500      1.812377e+14      1.812863e+14      0.999732
     5016.5600      1.812428e+14      1.812870e+14      0.999756
     5016.5700      1.812472e+14      1.812876e+14      0.999777
     5016.5800      1.812512e+14      1.812882e+14      0.999796
     5016.5900      1.812548e+14      1.812888e+14      0.999812
     5016.6000      1.812580e+14      1.812894e+14      0.999827
     5016.6100      1.812610e+14      1.812900e+14      0.999840
     5016.6200      1.812907e+14      1.812907e+14      1.000000
     5016.6300      1.812913e+14      1.812913e+14      1.000000
     5016.6400      1.812919e+14      1.812919e+14      1.000000
     5016.6500      1.812925e+14      1.812925e+14      1.000000
     5016.6600      1.812931e+14      1.812931e+14      1.000000
     5016.6700      1.812058e+14      1.812937e+14      0.999515
     5016.6800      1.810118e+14      1.812944e+14      0.998441
     5016.6900      1.806124e+14      1.812950e+14      0.996235
     5016.7000      1.800817e+14      1.812956e+14      0.993305
     5016.7100      1.797170e+14      1.812962e+14      0.991289
     5016.7200      1.797948e+14      1.812968e+14      0.991715
     5016.7300      1.802531e+14      1.812974e+14      0.994239
     5016.7400      1.807661e+14      1.812980e+14      0.997066
     5016.7500      1.810984e+14      1.812987e+14      0.998895
     5016.7600      1.812417e+14      1.812993e+14      0.999683
     5016.7700      1.812999e+14      1.812999e+14      1.000000
     5016.7800      1.813005e+14      1.813005e+14      1.000000
     5016.7900      1.813011e+14      1.813011e+14      1.000000
     5016.8000      1.813017e+14      1.813017e+14      1.000000
     5016.8100      1.813024e+14      1.813024e+14      1.000000
     5016.8200      1.812683e+14      1.813030e+14      0.999809
     5016.8300      1.811422e+14      1.813036e+14      0.999110
     5016.8400      1.808346e+14      1.813042e+14      0.997410
     5016.8500      1.804629e+14      1.813048e+14      0.995356
     5016.8600      1.803775e+14      1.813054e+14      0.994882
     5016.8700      1.806773e+14      1.813061e+14      0.996532
     5016.8800      1.810445e+14      1.813067e+14      0.998554
     5016.8900      1.812396e+14      1.813073e+14      0.999626
     5016.9000      1.813079e+14      1.813079e+14      1.000000
     5016.9100      1.813085e+14      1.813085e+14      1.000000
     5016.9200      1.813091e+14      1.813091e+14      1.000000
     5016.9300      1.813097e+14      1.813097e+14      1.000000
     5016.9400      1.813104e+14      1.813104e+14      1.000000
     5016.9500      1.813110e+14      1.813110e+14      1.000000
     5016.9600      1.813116e+14      1.813116e+14      1.000000
     5016.9700      1.813122e+14      1.813122e+14      1.000000
     5016.9800      1.813128e+14      1.813128e+14      1.000000
     5016.9900      1.813134e+14      1.813134e+14      1.000000
     5017.0000      1.813141e+14      1.813141e+14      1.000000
     5017.0100      1.813147e+14      1.813147e+14      1.000000
     5017.0200      1.813153e+14      1.813153e+14      1.000000
     5017.0300      1.813159e+14      1.813159e+14      1.000000
     5017.0400      1.813165e+14      1.813165e+14      1.000000
     5017.0500      1.813171e+14      1.813171e+14      1.000000
     5017.0600      1.813177e+14      1.813177e+14      1.000000
     5017.0700      1.813184e+14      1.813184e+14      1.000000
     5017.0800      1.813190e+14      1.813190e+14      1.000000
     5017.0900      1.813196e+14      1.813196e+14      1.000000
     5017.1000      1.813202e+14      1.813202e+14      1.000000
     5017.1100      1.813208e+14      1.813208e+14      1.000000
     5017.1200      1.813214e+14      1.813214e+14      1.000000
     5017.1300      1.813220e+14      1.813220e+14      1.000000
     5017.1400      1.812664e+14      1.813227e+14      0.999690
     5017.1500      1.812051e+14      1.813233e+14      0.999348
     5017.1600      1.811425e+14      1.813239e+14      0.998999
     5017.1700      1.811217e+14      1.813245e+14      0.998882
     5017.1800      1.811026e+14      1.813251e+14      0.998773
     5017.1900      1.811481e+14      1.813257e+14      0.999021
     5017.2000      1.811970e+14      1.813263e+14      0.999287
     5017.2100      1.812526e+14      1.813269e+14      0.999590
     5017.2200      1.812777e+14      1.813276e+14      0.999725
     5017.2300      1.813282e+14      1.813282e+14      1.000000
     5017.2400      1.813288e+14      1.813288e+14      1.000000
     5017.2500      1.813294e+14      1.813294e+14      1.000000
     5017.2600      1.813300e+14      1.813300e+14      1.000000
     5017.2700      1.813306e+14      1.813306e+14      1.000000
     5017.2800      1.813312e+14      1.813312e+14      1.000000
     5017.2900      1.813319e+14      1.813319e+14      1.000000
     5017.3000      1.813325e+14      1.813325e+14      1.000000
     5017.3100      1.813331e+14      1.813331e+14      1.000000
     5017.3200      1.813337e+14      1.813337e+14      1.000000
     5017.3300      1.813343e+14      1.813343e+14      1.000000
     5017.3400      1.813349e+14      1.813349e+14      1.000000
     5017.3500      1.813355e+14      1.813355e+14      1.000000
     5017.3600      1.813362e+14      1.813362e+14      1.000000
     5017.3700      1.813368e+14      1.813368e+14      1.000000
     5017.3800      1.813374e+14      1.813374e+14      1.000000
     5017.3900      1.813380e+14      1.813380e+14      1.000000
     5017.4000      1.813386e+14      1.813386e+14      1.000000
     5017.4100      1.812717e+14      1.813392e+14      0.999628
     5017.4200      1.812401e+14      1.813398e+14      0.999450
     5017.4300      1.812202e+14      1.813405e+14      0.999337
     5017.4400      1.812236e+14      1.813411e+14      0.999352
     5017.4500      1.812432e+14      1.813417e+14      0.999457
     5017.4600      1.812873e+14      1.813423e+14      0.999697
     5017.4700      1.812717e+14      1.813429e+14      0.999607
     5017.4800      1.812390e+14      1.813435e+14      0.999424
     5017.4900      1.811181e+14      1.813441e+14      0.998754
     5017.5000      1.805130e+14      1.813448e+14      0.995413
     5017.5100      1.778563e+14      1.813454e+14      0.980760
     5017.5200      1.692791e+14      1.813460e+14      0.933460
     5017.5300      1.509200e+14      1.813466e+14      0.832218
     5017.5400      1.268639e+14      1.813472e+14      0.699563
     5017.5500      1.082687e+14      1.813478e+14      0.597022
     5017.5600      1.017319e+14      1.813484e+14      0.560975
     5017.5700      1.082696e+14      1.813491e+14      0.597023
     5017.5800      1.268658e+14      1.813497e+14      0.699565
     5017.5900      1.509233e+14      1.813503e+14      0.832220
     5017.6000      1.692838e+14      1.813509e+14      0.933460
     5017.6100      1.778624e+14      1.813515e+14      0.980760
     5017.6200      1.805203e+14      1.813521e+14      0.995413
     5017.6300      1.811267e+14      1.813527e+14      0.998754
     5017.6400      1.812488e+14      1.813534e+14      0.999424
     5017.6500      1.812828e+14      1.813540e+14      0.999607
     5017.6600      1.812996e+14      1.813546e+14      0.999697
     5017.6700      1.813108e+14      1.813552e+14      0.999755
     5017.6800      1.813190e+14      1.813558e+14      0.999797
     5017.6900      1.813255e+14      1.813564e+14      0.999830
     5017.7000      1.813307e+14      1.813570e+14      0.999855
     5017.7100      1.813348e+14      1.813576e+14      0.999874
     5017.7200      1.813583e+14      1.813583e+14      1.000000
     5017.7300      1.813589e+14      1.813589e+14      1.000000
     5017.7400      1.813595e+14      1.813595e+14      1.000000
     5017.7500      1.813601e+14      1.813601e+14      1.000000
     5017.7600      1.813607e+14      1.813607e+14      1.000000
     5017.7700      1.813613e+14      1.813613e+14      1.000000
     5017.7800      1.813619e+14      1.813619e+14      1.000000
     5017.7900      1.813626e+14      1.813626e+14      1.000000
     5017.8000      1.813632e+14      1.813632e+14      1.000000
     5017.8100      1.813443e+14      1.813638e+14      0.999893
     5017.8200      1.813139e+14      1.813644e+14      0.999722
     5017.8300      1.811969e+14      1.813650e+14      0.999073
     5017.8400      1.808376e+14      1.813656e+14      0.997089
     5017.8500      1.800412e+14      1.813662e+14      0.992694
     5017.8600      1.788606e+14      1.813669e+14      0.986181
     5017.8700      1.778514e+14      1.813675e+14      0.980613
     5017.8800      1.777225e+14      1.813681e+14      0.979900
     5017.8900      1.785741e+14      1.813687e+14      0.984592
     5017.9000      1.797838e+14      1.813693e+14      0.991258
     5017.9100      1.806956e+14      1.813699e+14      0.996282
     5017.9200      1.811461e+14      1.813705e+14      0.998762
     5017.9300      1.813044e+14      1.813712e+14      0.999632
     5017.9400      1.813482e+14      1.813718e+14      0.999870
     5017.9500      1.813724e+14      1.813724e+14      1.000000
     5017.9600      1.813730e+14      1.813730e+14      1.000000
     5017.9700      1.813285e+14      1.813736e+14      0.999751
     5017.9800      1.811836e+14      1.813742e+14      0.998949
     5017.9900      1.808759e+14      1.813748e+14      0.997249
     5018.0000      1.805754e+14      1.813755e+14      0.995589
     5018.0100      1.805050e+14      1.813761e+14      0.995198
     5018.0200      1.806362e+14      1.813767e+14      0.995917
     5018.0300      1.805816e+14      1.813773e+14      0.995613
     5018.0400      1.802902e+14      1.813779e+14      0.994003
     5018.0500      1.800942e+14      1.813785e+14      0.992919
     5018.0600      1.802332e+14      1.813791e+14      0.993682
     5018.0700      1.806349e+14      1.813797e+14      0.995894
     5018.0800      1.810269e+14      1.813804e+14      0.998051
     5018.0900      1.812576e+14      1.813810e+14      0.999320
     5018.1000      1.813490e+14      1.813816e+14      0.999820
     5018.1100      1.813822e+14      1.813822e+14      1.000000
     5018.1200      1.813828e+14      1.813828e+14      1.000000
     5018.1300      1.813834e+14      1.813834e+14      1.000000
     5018.1400      1.813840e+14      1.813840e+14      1.000000
     5018.1500      1.813846e+14      1.813846e+14      1.000000
     5018.1600      1.813853e+14      1.813853e+14      1.000000
     5018.1700      1.813859e+14      1.813859e+14      1.000000
     5018.1800      1.813865e+14      1.813865e+14      1.000000
     5018.1900      1.813871e+14      1.813871e+14      1.000000
     5018.2000      1.813648e+14      1.813877e+14      0.999874
     5018.2100      1.813498e+14      1.813883e+14      0.999788
     5018.2200      1.812867e+14      1.813889e+14      0.999436
     5018.2300      1.810073e+14      1.813896e+14      0.997893
     5018.2400      1.800116e+14      1.813902e+14      0.992400
     5018.2500      1.774559e+14      1.813908e+14      0.978307
     5018.2600      1.730462e+14      1.813914e+14      0.953993
     5018.2700      1.683656e+14      1.813920e+14      0.928187
     5018.2800      1.662909e+14      1.813926e+14      0.916746
     5018.2900      1.682907e+14      1.813932e+14      0.927767
     5018.3000      1.729487e+14      1.813938e+14      0.953443
     5018.3100      1.773878e+14      1.813945e+14      0.977912
     5018.3200      1.799836e+14      1.813951e+14      0.992219
     5018.3300      1.810030e+14      1.813957e+14      0.997835
     5018.3400      1.812916e+14      1.813963e+14      0.999423
     5018.3500      1.813578e+14      1.813969e+14      0.999784
     5018.3600      1.813744e+14      1.813975e+14      0.999873
     5018.3700      1.813981e+14      1.813981e+14      1.000000
     5018.3800      1.813988e+14      1.813988e+14      1.000000
     5018.3900      1.813994e+14      1.813994e+14      1.000000
     5018.4000      1.814000e+14      1.814000e+14      1.000000
     5018.4100      1.814006e+14      1.814006e+14      1.000000
     5018.4200      1.814012e+14      1.814012e+14      1.000000
     5018.4300      1.813980e+14      1.814018e+14      0.999979
     5018.4400      1.813964e+14      1.814024e+14      0.999967
     5018.4500      1.813943e+14      1.814030e+14      0.999952
     5018.4600      1.813921e+14      1.814037e+14      0.999936
     5018.4700      1.813904e+14      1.814043e+14      0.999923
     5018.4800      1.813896e+14      1.814049e+14      0.999916
     5018.4900      1.813902e+14      1.814055e+14      0.999915
     5018.5000      1.813921e+14      1.814061e+14      0.999923
     5018.5100      1.813950e+14      1.814067e+14      0.999935
     5018.5200      1.813984e+14      1.814073e+14      0.999951
     5018.5300      1.814017e+14      1.814080e+14      0.999966
     5018.5400      1.814046e+14      1.814086e+14      0.999978
     5018.5500      1.814092e+14      1.814092e+14      1.000000
     5018.5600      1.814098e+14      1.814098e+14      1.000000
     5018.5700      1.814104e+14      1.814104e+14      1.000000
     5018.5800      1.814110e+14      1.814110e+14      1.000000
     5018.5900      1.814116e+14      1.814116e+14      1.000000
     5018.6000      1.814122e+14      1.814122e+14      1.000000
     5018.6100      1.814129e+14      1.814129e+14      1.000000
     5018.6200      1.814135e+14      1.814135e+14      1.000000
     5018.6300      1.814141e+14      1.814141e+14      1.000000
     5018.6400      1.814147e+14      1.814147e+14      1.000000
     5018.6500      1.814153e+14      1.814153e+14      1.000000
     5018.6600      1.814159e+14      1.814159e+14      1.000000
     5018.6700      1.814165e+14      1.814165e+14      1.000000
     5018.6800      1.814171e+14      1.814171e+14      1.000000
     5018.6900      1.814178e+14      1.814178e+14      1.000000
     5018.7000      1.814184e+14      1.814184e+14      1.000000
     5018.7100      1.814190e+14      1.814190e+14      1.000000
     5018.7200      1.814196e+14      1.814196e+14      1.000000
     5018.7300      1.814202e+14      1.814202e+14      1.000000
     5018.7400      1.814208e+14      1.814208e+14      1.000000
     5018.7500      1.814214e+14      1.814214e+14      1.000000
     5018.7600      1.814221e+14      1.814221e+14      1.000000
     5018.7700      1.813948e+14      1.814227e+14      0.999846
     5018.7800      1.813924e+14      1.814233e+14      0.999830
     5018.7900      1.813895e+14      1.814239e+14      0.999811
     5018.8000      1.813860e+14      1.814245e+14      0.999788
     5018.8100      1.813816e+14      1.814251e+14      0.999760
     5018.8200      1.813762e+14      1.814257e+14      0.999727
     5018.8300      1.813695e+14      1.814263e+14      0.999686
     5018.8400      1.813609e+14      1.814270e+14      0.999636
     5018.8500      1.813166e+14      1.814276e+14      0.999389
     5018.8600      1.813011e+14      1.814282e+14      0.999300
     5018.8700      1.812808e+14      1.814288e+14      0.999184
     5018.8800      1.812526e+14      1.814294e+14      0.999025
     5018.8900      1.812095e+14      1.814300e+14      0.998785
     5018.9000      1.811303e+14      1.814306e+14      0.998344
     5018.9100      1.809023e+14      1.814312e+14      0.997085
     5018.9200      1.799289e+14      1.814319e+14      0.991716
     5018.9300      1.759891e+14      1.814325e+14      0.969998
     5018.9400      1.643608e+14      1.814331e+14      0.905903
     5018.9500      1.428084e+14      1.814337e+14      0.787111
     5018.9600      1.197085e+14      1.814343e+14      0.659790
     5018.9700      1.060975e+14      1.814349e+14      0.584769
     5018.9800      1.054011e+14      1.814355e+14      0.580929
     5018.9900      1.176587e+14      1.814362e+14      0.648485
     5019.0000      1.400846e+14      1.814368e+14      0.772085
     5019.0100      1.623162e+14      1.814374e+14      0.894613
     5019.0200      1.750032e+14      1.814380e+14      0.964534
     5019.0300      1.794132e+14      1.814386e+14      0.988837
     5019.0400      1.803326e+14      1.814392e+14      0.993901
     5019.0500      1.802245e+14      1.814398e+14      0.993302
     5019.0600      1.799083e+14      1.814404e+14      0.991556
     5019.0700      1.796168e+14      1.814411e+14      0.989946
     5019.0800      1.794486e+14      1.814417e+14      0.989015
     5019.0900      1.794387e+14      1.814423e+14      0.988958
     5019.1000      1.795916e+14      1.814429e+14      0.989797
     5019.1100      1.798911e+14      1.814435e+14      0.991444
     5019.1200      1.802441e+14      1.814441e+14      0.993386
     5019.1300      1.805650e+14      1.814447e+14      0.995152
     5019.1400      1.807357e+14      1.814453e+14      0.996089
     5019.1500      1.806732e+14      1.814460e+14      0.995741
     5019.1600      1.804623e+14      1.814466e+14      0.994575
     5019.1700      1.802589e+14      1.814472e+14      0.993451
     5019.1800      1.801669e+14      1.814478e+14      0.992941
     5019.1900      1.803152e+14      1.814484e+14      0.993755
     5019.2000      1.805885e+14      1.814490e+14      0.995257
     5019.2100      1.808911e+14      1.814496e+14      0.996922
     5019.2200      1.811256e+14      1.814502e+14      0.998211
     5019.2300      1.812634e+14      1.814509e+14      0.998967
     5019.2400      1.813263e+14      1.814515e+14      0.999310
     5019.2500      1.813578e+14      1.814521e+14      0.999481
     5019.2600      1.813551e+14      1.814527e+14      0.999462
     5019.2700      1.813523e+14      1.814533e+14      0.999443
     5019.2800      1.813492e+14      1.814539e+14      0.999423
     5019.2900      1.813459e+14      1.814545e+14      0.999401
     5019.3000      1.813424e+14      1.814551e+14      0.999379
     5019.3100      1.813387e+14      1.814558e+14      0.999355
     5019.3200      1.813347e+14      1.814564e+14      0.999329
     5019.3300      1.813304e+14      1.814570e+14      0.999303
     5019.3400      1.813259e+14      1.814576e+14      0.999274
     5019.3500      1.813210e+14      1.814582e+14      0.999244
     5019.3600      1.813157e+14      1.814588e+14      0.999211
     5019.3700      1.813101e+14      1.814594e+14      0.999177
     5019.3800      1.812738e+14      1.814601e+14      0.998974
     5019.3900      1.811882e+14      1.814607e+14      0.998499
     5019.4000      1.809961e+14      1.814613e+14      0.997436
     5019.4100      1.807022e+14      1.814619e+14      0.995814
     5019.4200      1.804404e+14      1.814625e+14      0.994367
     5019.4300      1.803937e+14      1.814631e+14      0.994107
     5019.4400      1.805930e+14      1.814637e+14      0.995201
     5019.4500      1.808788e+14      1.814643e+14      0.996773
     5019.4600      1.810863e+14      1.814650e+14      0.997913
     5019.4700      1.811782e+14      1.814656e+14      0.998417
     5019.4800      1.812094e+14      1.814662e+14      0.998585
     5019.4900      1.811949e+14      1.814668e+14      0.998502
     5019.5000      1.811789e+14      1.814674e+14      0.998410
     5019.5100      1.811614e+14      1.814680e+14      0.998310
     5019.5200      1.811421e+14      1.814686e+14      0.998201
     5019.5300      1.810804e+14      1.814692e+14      0.997857
     5019.5400      1.810174e+14      1.814699e+14      0.997507
     5019.5500      1.809541e+14      1.814705e+14      0.997155
     5019.5600      1.809150e+14      1.814711e+14      0.996936
     5019.5700      1.809073e+14      1.814717e+14      0.996890
     5019.5800      1.808887e+14      1.814723e+14      0.996784
     5019.5900      1.809013e+14      1.814729e+14      0.996850
     5019.6000      1.808439e+14      1.814735e+14      0.996531
     5019.6100      1.807663e+14      1.814741e+14      0.996100
     5019.6200      1.806096e+14      1.814748e+14      0.995233
     5019.6300      1.800969e+14      1.814754e+14      0.992404
     5019.6400      1.783307e+14      1.814760e+14      0.982668
     5019.6500      1.736562e+14      1.814766e+14      0.956907
     5019.6600      1.653408e+14      1.814772e+14      0.911083
     5019.6700      1.562766e+14      1.814778e+14      0.861134
     5019.6800      1.516764e+14      1.814784e+14      0.835782
     5019.6900      1.543463e+14      1.814790e+14      0.850491
     5019.7000      1.624470e+14      1.814797e+14      0.895125
     5019.7100      1.708624e+14      1.814803e+14      0.941493
     5019.7200      1.758138e+14      1.814809e+14      0.968773
     5019.7300      1.773322e+14      1.814815e+14      0.977136
     5019.7400      1.770474e+14      1.814821e+14      0.975564
     5019.7500      1.759219e+14      1.814827e+14      0.969359
     5019.7600      1.734724e+14      1.814833e+14      0.955858
     5019.7700      1.647197e+14      1.814839e+14      0.907627
     5019.7800      1.328506e+14      1.814846e+14      0.732022
     5019.7900      8.201721e+13      1.814852e+14      0.451922
     5019.8000      5.579524e+13      1.814858e+14      0.307436
     5019.8100      4.500230e+13      1.814864e+14      0.247965
     5019.8200      3.918786e+13      1.814870e+14      0.215927
     5019.8300      3.638462e+13      1.814876e+14      0.200480
     5019.8400      3.627959e+13      1.814882e+14      0.199901
     5019.8500      3.886500e+13      1.814888e+14      0.214145
     5019.8600      4.441516e+13      1.814895e+14      0.244726
     5019.8700      5.463786e+13      1.814901e+14      0.301051
     5019.8800      7.896389e+13      1.814907e+14      0.435085
     5019.8900      1.291997e+14      1.814913e+14      0.711878
     5019.9000      1.636882e+14      1.814919e+14      0.901903
     5019.9100      1.735304e+14      1.814925e+14      0.956130
     5019.9200      1.762547e+14      1.814931e+14      0.971137
     5019.9300      1.775110e+14      1.814937e+14      0.978055
     5019.9400      1.783060e+14      1.814944e+14      0.982433
     5019.9500      1.788713e+14      1.814950e+14      0.985544
     5019.9600      1.793054e+14      1.814956e+14      0.987933
     5019.9700      1.795905e+14      1.814962e+14      0.989500
     5019.9800      1.797652e+14      1.814968e+14      0.990460
     5019.9900      1.798211e+14      1.814974e+14      0.990764
     5020.0000      1.798179e+14      1.814980e+14      0.990743
