# Wavelength (Å) Flux
5.000000000000000000e+03 9.656712943680304528e-01
5.000010000000000218e+03 9.857472171913629344e-01
5.000020000000000437e+03 9.879529353904965561e-01
5.000030000000000655e+03 9.886603386527672566e-01
5.000040000000000873e+03 9.889627997759011802e-01
5.000050000000001091e+03 9.884905549185287743e-01
5.000060000000001310e+03 9.855258024709037112e-01
5.000070000000001528e+03 9.746194023123463390e-01
5.000080000000001746e+03 9.444516920873495813e-01
5.000090000000001965e+03 8.833532616039390106e-01
5.000100000000002183e+03 7.967507839212168985e-01
5.000110000000002401e+03 7.140642577457629869e-01
5.000120000000002619e+03 6.686802298055337657e-01
5.000130000000002838e+03 6.769585007235254803e-01
5.000140000000003056e+03 7.360947279455866132e-01
5.000150000000003274e+03 8.237569630107074437e-01
5.000160000000003492e+03 9.047412503006981854e-01
5.000170000000003711e+03 9.558262959450488649e-01
5.000180000000003929e+03 9.786778770153270468e-01
5.000190000000004147e+03 9.862582397917566412e-01
5.000200000000004366e+03 9.881807330906047238e-01
5.000210000000004584e+03 9.884987398800763048e-01
5.000220000000004802e+03 9.884404491552816197e-01
5.000230000000005020e+03 9.882969460280788265e-01
5.000240000000005239e+03 9.880909232327261815e-01
5.000250000000005457e+03 9.878528200311402774e-01
5.000260000000005675e+03 9.875738200535314482e-01
5.000270000000005894e+03 9.872781066066087519e-01
5.000280000000006112e+03 9.869583224100226815e-01
5.000290000000006330e+03 9.866108981049201976e-01
5.000300000000006548e+03 9.862396803301934911e-01
5.000310000000006767e+03 9.858337165864240470e-01
5.000320000000006985e+03 9.853982024195110379e-01
5.000330000000007203e+03 9.849169309775575032e-01
5.000340000000007421e+03 9.844030200044201484e-01
5.000350000000007640e+03 9.838495584197968213e-01
5.000360000000007858e+03 9.832450451299770133e-01
5.000370000000008076e+03 9.825803665380727914e-01
5.000380000000008295e+03 9.818397326795602620e-01
5.000390000000008513e+03 9.810083199552116495e-01
5.000400000000008731e+03 9.800455581065452559e-01
5.000410000000008949e+03 9.788793486360671814e-01
5.000420000000009168e+03 9.772262109679559217e-01
5.000430000000009386e+03 9.735804179272223857e-01
5.000440000000009604e+03 9.602365166407789143e-01
5.000450000000009823e+03 9.087076806646269267e-01
5.000460000000010041e+03 7.614890727821345129e-01
5.000470000000010259e+03 5.160806446835475292e-01
5.000480000000010477e+03 3.110767024532190006e-01
5.000490000000010696e+03 2.208224155064668348e-01
5.000500000000010914e+03 1.930930817643673192e-01
5.000510000000011132e+03 1.901254183092051797e-01
5.000520000000011350e+03 2.077428524378498731e-01
5.000530000000011569e+03 2.708176232880282197e-01
5.000540000000011787e+03 4.365354296353901598e-01
5.000550000000012005e+03 6.822647491270793507e-01
5.000560000000012224e+03 8.623105004674669338e-01
5.000570000000012442e+03 9.330065379382207480e-01
5.000580000000012660e+03 9.496093144468210623e-01
5.000590000000012878e+03 9.491583808738370820e-01
5.000600000000013097e+03 9.394007960986204830e-01
5.000610000000013315e+03 9.138149558534494066e-01
5.000620000000013533e+03 8.632991172104949040e-01
5.000630000000013752e+03 7.925860559540098826e-01
5.000640000000013970e+03 7.269918499787338950e-01
5.000650000000014188e+03 6.956439306099846398e-01
5.000660000000014406e+03 7.106372345594508255e-01
5.000670000000014625e+03 7.626219434516019469e-01
5.000680000000014843e+03 8.242161133305406784e-01
5.000690000000015061e+03 8.677375674382670212e-01
5.000700000000015280e+03 8.851688937083879161e-01
5.000710000000015498e+03 8.846400552722957222e-01
5.000720000000015716e+03 8.754681287213348373e-01
5.000730000000015934e+03 8.621074364303897841e-01
5.000740000000016153e+03 8.456512713004451509e-01
5.000750000000016371e+03 8.258772973597655609e-01
5.000760000000016589e+03 8.015589863960893569e-01
5.000770000000016807e+03 7.718097051953516363e-01
5.000780000000017026e+03 7.336870810907719642e-01
5.000790000000017244e+03 6.605461450636030962e-01
5.000800000000017462e+03 4.200863468960015501e-01
5.000810000000017681e+03 1.679877702093793279e-01
5.000820000000017899e+03 1.132466391095106328e-01
5.000830000000018117e+03 9.185745952589878527e-02
5.000840000000018335e+03 8.099071244410972759e-02
5.000850000000018554e+03 7.608653420346969676e-02
5.000860000000018772e+03 7.605524226335509674e-02
5.000870000000018990e+03 8.021706629893343710e-02
5.000880000000019209e+03 8.595570008838497589e-02
5.000890000000019427e+03 8.887224289763673291e-02
5.000900000000019645e+03 8.978204558568525506e-02
5.000910000000019863e+03 9.150471597939478785e-02
5.000920000000020082e+03 9.516860830648432579e-02
5.000930000000020300e+03 1.013231726016479289e-01
5.000940000000020518e+03 1.110612969411085144e-01
5.000950000000020736e+03 1.273212167656183336e-01
5.000960000000020955e+03 1.584778183737586554e-01
5.000970000000021173e+03 2.727987158618387920e-01
5.000980000000021391e+03 4.831299360317350411e-01
5.000990000000021610e+03 6.093471342087600773e-01
5.001000000000021828e+03 6.792639821296639902e-01
5.001010000000022046e+03 7.278844702539225553e-01
5.001020000000022264e+03 7.652359214526229803e-01
5.001030000000022483e+03 7.954328485411636951e-01
5.001040000000022701e+03 8.208211929246723715e-01
5.001050000000022919e+03 8.413902281660848859e-01
5.001060000000023138e+03 8.586237468191985078e-01
5.001070000000023356e+03 8.731808004890722064e-01
5.001080000000023574e+03 8.855731176792733805e-01
5.001090000000023792e+03 8.962097394885896184e-01
5.001100000000024011e+03 9.053720267263999366e-01
5.001110000000024229e+03 9.133418066913755462e-01
5.001120000000024447e+03 9.202885480104208149e-01
5.001130000000024665e+03 9.263987394664225938e-01
5.001140000000024884e+03 9.317947259450378716e-01
5.001150000000025102e+03 9.365766938968209665e-01
5.001160000000025320e+03 9.408272524146704674e-01
5.001170000000025539e+03 9.446252649997004536e-01
5.001180000000025757e+03 9.480255838696463044e-01
5.001190000000025975e+03 9.510819618677123222e-01
5.001200000000026193e+03 9.538371796252146373e-01
5.001210000000026412e+03 9.563254427014020731e-01
5.001220000000026630e+03 9.585885620584033706e-01
5.001230000000026848e+03 9.606347713593083038e-01
5.001240000000027067e+03 9.624786173501763686e-01
5.001250000000027285e+03 9.641589468777214122e-01
5.001260000000027503e+03 9.656849161729342823e-01
5.001270000000027721e+03 9.670749834069934936e-01
5.001280000000027940e+03 9.683466688997108829e-01
5.001290000000028158e+03 9.694910990362315406e-01
5.001300000000028376e+03 9.705320796018529483e-01
5.001310000000028595e+03 9.714701884916892016e-01
5.001320000000028813e+03 9.723074955708534972e-01
5.001330000000029031e+03 9.730635254803678968e-01
5.001340000000029249e+03 9.737323084202584855e-01
5.001350000000029468e+03 9.743194827553753878e-01
5.001360000000029686e+03 9.748301152677015802e-01
5.001370000000029904e+03 9.752582981683671770e-01
5.001380000000030122e+03 9.756000548604780720e-01
5.001390000000030341e+03 9.758581376653951978e-01
5.001400000000030559e+03 9.760271896794305846e-01
5.001410000000030777e+03 9.760993396661982180e-01
5.001420000000030996e+03 9.760691863161193860e-01
5.001430000000031214e+03 9.759225343392483598e-01
5.001440000000031432e+03 9.756409817762475845e-01
5.001450000000031650e+03 9.752026491206345904e-01
5.001460000000031869e+03 9.745616008532750341e-01
5.001470000000032087e+03 9.736803272549546806e-01
5.001480000000032305e+03 9.724632207300013542e-01
5.001490000000032524e+03 9.708514393036422607e-01
5.001500000000032742e+03 9.686238246167870880e-01
5.001510000000032960e+03 9.653661464096898737e-01
5.001520000000033178e+03 9.600378245122360710e-01
5.001530000000033397e+03 9.485181249066610976e-01
5.001540000000033615e+03 9.132861498819612178e-01
5.001550000000033833e+03 8.038960061509060617e-01
5.001560000000034051e+03 5.703551154129438139e-01
5.001570000000034270e+03 3.236952950333649159e-01
5.001580000000034488e+03 2.101273123616609617e-01
5.001590000000034706e+03 1.767862056987319075e-01
5.001600000000034925e+03 1.657999111960949401e-01
5.001610000000035143e+03 1.650685723117099046e-01
5.001620000000035361e+03 1.740559659724002228e-01
5.001630000000035579e+03 2.014665765601050818e-01
5.001640000000035798e+03 2.935311947022590795e-01
5.001650000000036016e+03 5.115722178728775438e-01
5.001660000000036234e+03 7.259530663001068085e-01
5.001670000000036453e+03 7.653203150508227637e-01
5.001680000000036671e+03 5.915001184121168043e-01
5.001690000000036889e+03 3.180316548451654901e-01
5.001700000000037107e+03 1.897923322923185108e-01
5.001710000000037326e+03 1.563629182901465353e-01
5.001720000000037544e+03 1.414475218132602852e-01
5.001730000000037762e+03 1.345017179202515900e-01
5.001740000000037980e+03 1.330304968446253400e-01
5.001750000000038199e+03 1.366124930160899920e-01
5.001760000000038417e+03 1.465175599166117781e-01
5.001770000000038635e+03 1.662648139218649013e-01
5.001780000000038854e+03 1.895087659723763140e-01
5.001790000000039072e+03 1.429487409861235070e-01
5.001800000000039290e+03 1.085427648081186414e-01
5.001810000000039508e+03 9.388747471186718874e-02
5.001820000000039727e+03 8.782489083782062111e-02
5.001830000000039945e+03 8.782572233075548740e-02
5.001840000000040163e+03 9.389131733384446787e-02
5.001850000000040382e+03 1.085829303191309242e-01
5.001860000000040600e+03 1.453047094482534662e-01
5.001870000000040818e+03 3.484766349171701805e-01
5.001880000000041036e+03 8.157684187083432681e-01
5.001890000000041255e+03 9.560080642455528466e-01
5.001900000000041473e+03 9.717309621036221978e-01
5.001910000000041691e+03 9.745656056262163025e-01
5.001920000000041910e+03 9.761746352330991083e-01
5.001930000000042128e+03 9.773942777259905235e-01
5.001940000000042346e+03 9.783154906069494450e-01
5.001950000000042564e+03 9.789915772547516104e-01
5.001960000000042783e+03 9.794405688399748788e-01
5.001970000000043001e+03 9.796801191426701694e-01
5.001980000000043219e+03 9.797004440558941818e-01
5.001990000000043437e+03 9.794789710915521308e-01
5.002000000000043656e+03 9.789804440194920243e-01
5.002010000000043874e+03 9.781303435815956737e-01
5.002020000000044092e+03 9.767571370817157428e-01
5.002030000000044311e+03 9.745114664773202318e-01
5.002040000000044529e+03 9.704771978447619407e-01
5.002050000000044747e+03 9.613941232147220628e-01
5.002060000000044965e+03 9.360921866087907883e-01
5.002070000000045184e+03 8.680700775399985414e-01
5.002080000000045402e+03 7.284076335162668059e-01
5.002090000000045620e+03 5.425436619395952453e-01
5.002100000000045839e+03 3.890135707635739570e-01
5.002110000000046057e+03 3.044764112632001307e-01
5.002120000000046275e+03 2.713485687549956338e-01
5.002130000000046493e+03 2.702159534445121025e-01
5.002140000000046712e+03 3.002339361855588251e-01
5.002150000000046930e+03 3.796857012373811013e-01
5.002160000000047148e+03 5.278006850658679694e-01
5.002170000000047366e+03 7.138060304312001669e-01
5.002180000000047585e+03 8.587495637613047350e-01
5.002190000000047803e+03 9.308692066621724326e-01
5.002200000000048021e+03 9.529539731668643654e-01
5.002210000000048240e+03 9.296118851422077167e-01
5.002220000000048458e+03 7.980196446455772863e-01
5.002230000000048676e+03 5.215312928914274115e-01
5.002240000000048894e+03 2.886570029496588474e-01
5.002250000000049113e+03 1.993686895262614667e-01
5.002260000000049331e+03 1.750570139625887145e-01
5.002270000000049549e+03 1.766516232935131936e-01
5.002280000000049768e+03 2.059547225397415082e-01
5.002290000000049986e+03 3.056644004361304123e-01
5.002300000000050204e+03 5.250239196072286063e-01
5.002310000000050422e+03 7.089575941596018005e-01
5.002320000000050641e+03 6.856106049313787087e-01
5.002330000000050859e+03 4.714181507957551642e-01
5.002340000000051077e+03 2.463087159225374745e-01
5.002350000000051296e+03 1.670056089538232147e-01
5.002360000000051514e+03 1.440101883251356796e-01
5.002370000000051732e+03 1.332835532306499149e-01
5.002380000000051950e+03 1.288296983670861595e-01
5.002390000000052169e+03 1.290511030645884460e-01
5.002400000000052387e+03 1.340357223964014077e-01
5.002410000000052605e+03 1.456530726078527349e-01
5.002420000000052823e+03 1.713315384235133687e-01
5.002430000000053042e+03 2.678111555936619204e-01
5.002440000000053260e+03 5.239538681807556220e-01
5.002450000000053478e+03 7.496031693175650990e-01
5.002460000000053697e+03 8.414509049652605377e-01
5.002470000000053915e+03 8.777270841881440466e-01
5.002480000000054133e+03 9.045894778649783419e-01
5.002490000000054351e+03 9.293919446878420310e-01
5.002500000000054570e+03 9.496497654073318140e-01
5.002510000000054788e+03 9.635832153595120797e-01
5.002520000000055006e+03 9.717952943139426258e-01
5.002530000000055225e+03 9.760600931584062501e-01
5.002540000000055443e+03 9.780345043023803697e-01
5.002550000000055661e+03 9.786524416641756430e-01
5.002560000000055879e+03 9.776066658152504640e-01
5.002570000000056098e+03 9.718903483110651331e-01
5.002580000000056316e+03 9.531869128804948410e-01
5.002590000000056534e+03 9.089877387223441740e-01
5.002600000000056752e+03 8.361944051943746015e-01
5.002610000000056971e+03 7.563908727518281472e-01
5.002620000000057189e+03 7.049384244317095094e-01
5.002630000000057407e+03 7.042984463985718646e-01
5.002640000000057626e+03 7.546766633086188225e-01
5.002650000000057844e+03 8.339690829425471241e-01
5.002660000000058062e+03 9.068768143292502693e-01
5.002670000000058280e+03 9.513706870713407593e-01
5.002680000000058499e+03 9.702257477230694649e-01
5.002690000000058717e+03 9.759695780112771502e-01
5.002700000000058935e+03 9.771362483673357024e-01
5.002710000000059154e+03 9.770451793030257015e-01
5.002720000000059372e+03 9.766138071681880195e-01
5.002730000000059590e+03 9.760411064021302652e-01
5.002740000000059808e+03 9.753427416018177754e-01
5.002750000000060027e+03 9.745320780784756387e-01
5.002760000000060245e+03 9.735666935009610334e-01
5.002770000000060463e+03 9.722454229854671226e-01
5.002780000000060681e+03 9.698288554001059936e-01
5.002790000000060900e+03 9.636411342174978634e-01
5.002800000000061118e+03 9.464800022096796495e-01
5.002810000000061336e+03 9.060657105935864264e-01
5.002820000000061555e+03 8.358503507782719666e-01
5.002830000000061773e+03 7.452017411356343102e-01
5.002840000000061991e+03 6.521132231613780972e-01
5.002850000000062209e+03 5.727322292606014109e-01
5.002860000000062428e+03 5.174794411790599735e-01
5.002870000000062646e+03 4.904498409567060735e-01
5.002880000000062864e+03 4.922628549250278596e-01
5.002890000000063083e+03 5.227112604771372295e-01
5.002900000000063301e+03 5.804408051642530042e-01
5.002910000000063519e+03 6.601079962310618665e-01
5.002920000000063737e+03 7.500273516898924298e-01
5.002930000000063956e+03 8.335232952955115016e-01
5.002940000000064174e+03 8.936664932137431405e-01
5.002950000000064392e+03 9.243069120452748200e-01
5.002960000000064611e+03 9.340988488326743555e-01
5.002970000000064829e+03 9.345956101025946205e-01
5.002980000000065047e+03 9.318053824526213447e-01
5.002990000000065265e+03 9.277862026769065906e-01
5.003000000000065484e+03 9.230419393855487931e-01
5.003010000000065702e+03 9.176377118995883153e-01
5.003020000000065920e+03 9.115067820212852112e-01
5.003030000000066138e+03 9.045742118329234138e-01
5.003040000000066357e+03 8.967080751830117658e-01
5.003050000000066575e+03 8.877529546475845246e-01
5.003060000000066793e+03 8.775188736267249823e-01
5.003070000000067012e+03 8.657746797774867886e-01
5.003080000000067230e+03 8.522911038778084869e-01
5.003090000000067448e+03 8.365473088458938999e-01
5.003100000000067666e+03 8.181595201479711088e-01
5.003110000000067885e+03 7.965179619895905727e-01
5.003120000000068103e+03 7.708389011984680961e-01
5.003130000000068321e+03 7.396488395679123862e-01
5.003140000000068540e+03 7.028818448528122431e-01
5.003150000000068758e+03 6.584232721313413306e-01
5.003160000000068976e+03 6.025870955470882251e-01
5.003170000000069194e+03 5.282938630011172476e-01
5.003180000000069413e+03 4.162414365224459956e-01
5.003190000000069631e+03 2.593363096236703247e-01
5.003200000000069849e+03 1.720403027017228803e-01
5.003210000000070067e+03 1.389811931482041463e-01
5.003220000000070286e+03 1.205795836530145076e-01
5.003230000000070504e+03 1.098668771422220275e-01
5.003240000000070722e+03 1.035565817163497659e-01
5.003250000000070941e+03 1.002515144007230935e-01
5.003260000000071159e+03 9.944234780851039790e-02
5.003270000000071377e+03 1.010162388905058856e-01
5.003280000000071595e+03 1.051936035520835283e-01
5.003290000000071814e+03 1.126830776393584754e-01
5.003300000000072032e+03 1.253440166910089193e-01
5.003310000000072250e+03 1.473891343617507177e-01
5.003320000000072469e+03 1.880270099868060485e-01
5.003330000000072687e+03 2.699124061772149030e-01
5.003340000000072905e+03 3.382784017330792703e-01
5.003350000000073123e+03 3.770978751010155561e-01
5.003360000000073342e+03 4.135591050161883664e-01
5.003370000000073560e+03 4.588139531598354748e-01
5.003380000000073778e+03 5.155287927232805600e-01
5.003390000000073996e+03 5.826675011644519842e-01
5.003400000000074215e+03 6.527017976364051233e-01
5.003410000000074433e+03 7.158420885631532338e-01
5.003420000000074651e+03 7.648380289051849301e-01
5.003430000000074870e+03 7.995678299432555924e-01
5.003440000000075088e+03 8.245788406781870972e-01
5.003450000000075306e+03 8.440213057905089356e-01
5.003460000000075524e+03 8.598682736885427946e-01
5.003470000000075743e+03 8.730778114918342769e-01
5.003480000000075961e+03 8.843134955605177483e-01
5.003490000000076179e+03 8.940095908447432960e-01
5.003500000000076398e+03 9.024899181004675253e-01
5.003510000000076616e+03 9.098064881223185685e-01
5.003520000000076834e+03 9.163024897994407336e-01
5.003530000000077052e+03 9.220474508585334572e-01
5.003540000000077271e+03 9.271493863325689366e-01
5.003550000000077489e+03 9.316957018567272319e-01
5.003560000000077707e+03 9.357596284821163568e-01
5.003570000000077926e+03 9.394071274912554337e-01
5.003580000000078144e+03 9.426688046398915555e-01
5.003590000000078362e+03 9.455998974338470919e-01
5.003600000000078580e+03 9.482243083941218620e-01
5.003610000000078799e+03 9.505693353421390546e-01
5.003620000000079017e+03 9.526479431343475301e-01
5.003630000000079235e+03 9.544380135009207233e-01
5.003640000000079453e+03 9.557010192019960160e-01
5.003650000000079672e+03 9.551452916913127922e-01
5.003660000000079890e+03 9.477503947405169216e-01
5.003670000000080108e+03 9.199851807811637583e-01
5.003680000000080327e+03 8.514734251259804543e-01
5.003690000000080545e+03 7.382924082196976601e-01
5.003700000000080763e+03 6.168793531200090774e-01
5.003710000000080981e+03 5.353673775303957605e-01
5.003720000000081200e+03 5.164951667414917624e-01
5.003730000000081418e+03 5.633303363343186154e-01
5.003740000000081636e+03 6.658743365447529206e-01
5.003750000000081855e+03 7.874754207101986037e-01
5.003760000000082073e+03 8.757467519177174475e-01
5.003770000000082291e+03 8.783845562920483685e-01
5.003780000000082509e+03 6.005277403983338980e-01
5.003790000000082728e+03 2.003646985159584781e-01
5.003800000000082946e+03 1.233764195278523185e-01
5.003810000000083164e+03 9.910784481999899975e-02
5.003820000000083382e+03 8.790044105920334638e-02
5.003830000000083601e+03 8.332876978686555580e-02
5.003840000000083819e+03 8.411638873043826570e-02
5.003850000000084037e+03 9.044547137797850911e-02
5.003860000000084256e+03 1.044111369543462564e-01
5.003870000000084474e+03 1.364276084651479537e-01
5.003880000000084692e+03 2.737062954186816888e-01
5.003890000000084910e+03 7.333007670809518208e-01
5.003900000000085129e+03 9.115257949362282064e-01
5.003910000000085347e+03 9.007821866384464471e-01
5.003920000000085565e+03 7.714776362488123818e-01
5.003930000000085784e+03 4.844804076348082633e-01
5.003940000000086002e+03 2.460508836796730381e-01
5.003950000000086220e+03 1.751053722601705331e-01
5.003960000000086438e+03 1.535884781276308508e-01
5.003970000000086657e+03 1.442771708814049869e-01
5.003980000000086875e+03 1.421545179453346519e-01
5.003990000000087093e+03 1.463746882186648113e-01
5.004000000000087311e+03 1.586969119603099942e-01
5.004010000000087530e+03 1.881301050982677470e-01
5.004020000000087748e+03 3.019896600807295273e-01
5.004030000000087966e+03 5.923416057564951931e-01
5.004040000000088185e+03 8.417211919810488885e-01
5.004050000000088403e+03 9.339793065088201063e-01
5.004060000000088621e+03 9.556698431214495359e-01
5.004070000000088839e+03 9.597873262863467758e-01
5.004080000000089058e+03 9.594346041397142644e-01
5.004090000000089276e+03 9.564443624091660823e-01
5.004100000000089494e+03 9.488074375275359351e-01
5.004110000000089713e+03 9.184945196992669869e-01
5.004120000000089931e+03 7.530187369685779064e-01
5.004130000000090149e+03 3.382245414146192175e-01
5.004140000000090367e+03 1.595266598795918866e-01
5.004150000000090586e+03 1.205785969470074687e-01
5.004160000000090804e+03 1.043448136362650769e-01
5.004170000000091022e+03 9.780749876252074759e-02
5.004180000000091241e+03 9.769793942616963878e-02
5.004190000000091459e+03 1.033591526787086684e-01
5.004200000000091677e+03 1.147577891951252343e-01
5.004210000000091895e+03 1.316146493971839804e-01
5.004220000000092114e+03 1.561611822580202535e-01
5.004230000000092332e+03 2.167301183446149193e-01
5.004240000000092550e+03 4.631918551142086837e-01
5.004250000000092768e+03 7.767249818857634436e-01
5.004260000000092987e+03 9.148991210208075042e-01
5.004270000000093205e+03 9.525590422863742246e-01
5.004280000000093423e+03 9.643985672588308855e-01
5.004290000000093642e+03 9.703494891471458050e-01
5.004300000000093860e+03 9.742907781403520318e-01
5.004310000000094078e+03 9.771797939763000596e-01
5.004320000000094296e+03 9.794547237440343057e-01
5.004330000000094515e+03 9.812485494406418818e-01
5.004340000000094733e+03 9.826902196136685363e-01
5.004350000000094951e+03 9.838807110430276559e-01
5.004360000000095170e+03 9.848757920506694408e-01
5.004370000000095388e+03 9.857276506870227273e-01
5.004380000000095606e+03 9.864550957201211334e-01
5.004390000000095824e+03 9.870753320596569180e-01
5.004400000000096043e+03 9.876238947992082018e-01
5.004410000000096261e+03 9.880994112019082509e-01
5.004420000000096479e+03 9.885302005744638354e-01
5.004430000000096697e+03 9.888999937816280728e-01
5.004440000000096916e+03 9.892198960662584861e-01
5.004450000000097134e+03 9.895330082963581519e-01
5.004460000000097352e+03 9.898152185459568875e-01
5.004470000000097571e+03 9.900680873020568651e-01
5.004480000000097789e+03 9.902930568230566832e-01
5.004490000000098007e+03 9.904973374518578622e-01
5.004500000000098225e+03 9.906916091356713361e-01
5.004510000000098444e+03 9.908693099496158618e-01
5.004520000000098662e+03 9.910330508083726730e-01
5.004530000000098880e+03 9.911842078066794848e-01
5.004540000000099099e+03 9.913276766275558316e-01
5.004550000000099317e+03 9.914628164304971625e-01
5.004560000000099535e+03 9.915806826944542074e-01
5.004570000000099753e+03 9.916915232255343327e-01
5.004580000000099972e+03 9.917953607796661242e-01
5.004590000000100190e+03 9.918905257130786746e-01
5.004600000000100408e+03 9.919852960526122088e-01
5.004610000000100626e+03 9.920673246400788514e-01
5.004620000000100845e+03 9.921403568471321988e-01
5.004630000000101063e+03 9.922091965214635545e-01
5.004640000000101281e+03 9.922768562084960386e-01
5.004650000000101500e+03 9.923340764064487729e-01
5.004660000000101718e+03 9.923857448314205021e-01
5.004670000000101936e+03 9.924376623943724773e-01
5.004680000000102154e+03 9.924757943331794507e-01
5.004690000000102373e+03 9.925164481036204966e-01
5.004700000000102591e+03 9.925444719889705558e-01
5.004710000000102809e+03 9.925655194929172698e-01
5.004720000000103028e+03 9.925729037397845733e-01
5.004730000000103246e+03 9.925809380604814214e-01
5.004740000000103464e+03 9.925684132125327519e-01
5.004750000000103682e+03 9.925511992924201943e-01
5.004760000000103901e+03 9.925226209494854013e-01
5.004770000000104119e+03 9.924681417672147621e-01
5.004780000000104337e+03 9.923847600619621900e-01
5.004790000000104556e+03 9.922315614749576129e-01
5.004800000000104774e+03 9.913794405869058579e-01
5.004810000000104992e+03 9.804187942893614061e-01
5.004820000000105210e+03 8.739480884131480831e-01
5.004830000000105429e+03 4.601526722248381884e-01
5.004840000000105647e+03 1.714546916522231290e-01
5.004850000000105865e+03 1.216094763421971953e-01
5.004860000000106083e+03 1.045536103152291119e-01
5.004870000000106302e+03 9.852039716464328079e-02
5.004880000000106520e+03 9.978143804682179652e-02
5.004890000000106738e+03 1.089809632010006885e-01
5.004900000000106957e+03 1.328207366412041401e-01
5.004910000000107175e+03 2.203776191122895634e-01
5.004920000000107393e+03 6.054398351023185798e-01
5.004930000000107611e+03 9.066947657854648179e-01
5.004940000000107830e+03 9.748506502643838889e-01
5.004950000000108048e+03 9.875116514472176421e-01
5.004960000000108266e+03 9.904697262792362400e-01
5.004970000000108485e+03 9.911689507084302520e-01
5.004980000000108703e+03 9.912728223143463246e-01
5.004990000000108921e+03 9.911847105810782654e-01
5.005000000000109139e+03 9.909816292477475752e-01
5.005010000000109358e+03 9.906869864326265374e-01
5.005020000000109576e+03 9.902516205248613756e-01
5.005030000000109794e+03 9.896290887012938464e-01
5.005040000000110012e+03 9.887165799272015221e-01
5.005050000000110231e+03 9.870968033246684259e-01
5.005060000000110449e+03 9.830007385646352125e-01
5.005070000000110667e+03 9.689935418245586574e-01
5.005080000000110886e+03 9.206871098500157835e-01
5.005090000000111104e+03 7.909615376717672453e-01
5.005100000000111322e+03 5.673927056105467770e-01
5.005110000000111540e+03 3.521898948653880979e-01
5.005120000000111759e+03 2.370356891412550848e-01
5.005130000000111977e+03 1.963081207231994196e-01
5.005140000000112195e+03 1.897203416026312650e-01
5.005150000000112414e+03 2.091857139363490214e-01
5.005160000000112632e+03 2.798352540069817262e-01
5.005170000000112850e+03 4.524527128912261831e-01
5.005180000000113068e+03 6.969215294025931096e-01
5.005190000000113287e+03 8.795874255074508374e-01
5.005200000000113505e+03 9.568375412854127626e-01
5.005210000000113723e+03 9.792669556096934569e-01
5.005220000000113941e+03 9.850583139882163053e-01
5.005230000000114160e+03 9.869759885088148499e-01
5.005240000000114378e+03 9.878997235304005642e-01
5.005250000000114596e+03 9.884192785234744427e-01
5.005260000000114815e+03 9.886995945094475546e-01
5.005270000000115033e+03 9.888106282050559415e-01
5.005280000000115251e+03 9.887917730587217902e-01
5.005290000000115469e+03 9.886146119457065451e-01
5.005300000000115688e+03 9.882924421990149089e-01
5.005310000000115906e+03 9.877964175579919681e-01
5.005320000000116124e+03 9.871008465015612687e-01
5.005330000000116343e+03 9.861209684771459205e-01
5.005340000000116561e+03 9.846658185662447993e-01
5.005350000000116779e+03 9.822339647738289603e-01
5.005360000000116997e+03 9.765891254711387415e-01
5.005370000000117216e+03 9.566489715224456569e-01
5.005380000000117434e+03 8.810764281322568392e-01
5.005390000000117652e+03 6.762406668276125243e-01
5.005400000000117871e+03 3.904187319908390408e-01
5.005410000000118089e+03 2.260684902495676274e-01
5.005420000000118307e+03 1.779024901022584204e-01
5.005430000000118525e+03 1.628085799539683298e-01
5.005440000000118744e+03 1.591351565969214843e-01
5.005450000000118962e+03 1.642835509341389055e-01
5.005460000000119180e+03 1.821728838921411187e-01
5.005470000000119398e+03 2.416417109368229343e-01
5.005480000000119617e+03 4.327176300226428518e-01
5.005490000000119835e+03 7.187040424852176868e-01
5.005500000000120053e+03 8.996379258981758165e-01
5.005510000000120272e+03 9.613920285539685473e-01
5.005520000000120490e+03 9.771724489419270077e-01
5.005530000000120708e+03 9.811398777595979892e-01
5.005540000000120926e+03 9.793438552442450540e-01
5.005550000000121145e+03 9.638091835655605566e-01
5.005560000000121363e+03 9.115891091541487024e-01
5.005570000000121581e+03 7.981743529831746287e-01
5.005580000000121800e+03 6.425939007185916818e-01
5.005590000000122018e+03 5.105112049485059922e-01
5.005600000000122236e+03 4.455729248068684423e-01
5.005610000000122454e+03 4.528309201848293997e-01
5.005620000000122673e+03 5.325604232025064055e-01
5.005630000000122891e+03 6.746016108003767275e-01
5.005640000000123109e+03 8.269193035128881153e-01
5.005650000000123327e+03 9.281902196936451244e-01
5.005660000000123546e+03 9.708068168035405288e-01
5.005670000000123764e+03 9.792340359873923372e-01
5.005680000000123982e+03 9.627682193443297676e-01
5.005690000000124201e+03 9.005048696705790778e-01
5.005700000000124419e+03 7.632718407931495808e-01
5.005710000000124637e+03 5.780988795940043001e-01
5.005720000000124855e+03 4.281180552152796803e-01
5.005730000000125074e+03 3.529704452500554424e-01
5.005740000000125292e+03 3.456476663525165915e-01
5.005750000000125510e+03 3.968601190457589079e-01
5.005760000000125729e+03 4.919754589698573377e-01
5.005770000000125947e+03 5.589010004929670927e-01
5.005780000000126165e+03 5.472620611413150371e-01
5.005790000000126383e+03 5.108135083095813878e-01
5.005800000000126602e+03 5.125536422639825895e-01
5.005810000000126820e+03 5.735923752271564480e-01
5.005820000000127038e+03 6.879085535246889371e-01
5.005830000000127256e+03 8.172107763208243947e-01
5.005840000000127475e+03 9.132671974681250138e-01
5.005850000000127693e+03 9.616214261482376457e-01
5.005860000000127911e+03 9.793990960703464754e-01
5.005870000000128130e+03 9.847731218165719502e-01
5.005880000000128348e+03 9.863825221738797833e-01
5.005890000000128566e+03 9.869925902088451108e-01
5.005900000000128784e+03 9.872897244586908982e-01
5.005910000000129003e+03 9.874490799220800863e-01
5.005920000000129221e+03 9.875181992935343489e-01
5.005930000000129439e+03 9.875372604248493502e-01
5.005940000000129658e+03 9.875003378999741566e-01
5.005950000000129876e+03 9.873889009694866159e-01
5.005960000000130094e+03 9.870496532232239106e-01
5.005970000000130312e+03 9.858296613683052989e-01
5.005980000000130531e+03 9.818195870804721226e-01
5.005990000000130749e+03 9.713213677272048985e-01
5.006000000000130967e+03 9.510784141594285090e-01
5.006010000000131186e+03 9.239619760733210896e-01
5.006020000000131404e+03 9.015046548620169187e-01
5.006030000000131622e+03 8.964482781921281340e-01
5.006040000000131840e+03 9.117927694655023618e-01
5.006050000000132059e+03 9.382290495972410715e-01
5.006060000000132277e+03 9.622007895756268248e-01
5.006070000000132495e+03 9.766457180762772028e-01
5.006080000000132713e+03 9.827627385275606864e-01
5.006090000000132932e+03 9.845842524099976956e-01
5.006100000000133150e+03 9.848673753879396697e-01
5.006110000000133368e+03 9.847288671524837556e-01
5.006120000000133587e+03 9.844926766902479809e-01
5.006130000000133805e+03 9.842167320135224440e-01
5.006140000000134023e+03 9.839216812866259376e-01
5.006150000000134241e+03 9.836127226009835356e-01
5.006160000000134460e+03 9.832706748464029589e-01
5.006170000000134678e+03 9.829023529159367500e-01
5.006180000000134896e+03 9.825026074844703805e-01
5.006190000000135115e+03 9.820601096221415194e-01
5.006200000000135333e+03 9.815427419230440265e-01
5.006210000000135551e+03 9.807835730816750752e-01
5.006220000000135769e+03 9.788578997351955469e-01
5.006230000000135988e+03 9.717085415645765334e-01
5.006240000000136206e+03 9.466684301629770815e-01
5.006250000000136424e+03 8.800618532051210918e-01
5.006260000000136642e+03 7.593187262828144934e-01
5.006270000000136861e+03 6.187448002907522948e-01
5.006280000000137079e+03 5.162468037414366107e-01
5.006290000000137297e+03 4.812988324614659863e-01
5.006300000000137516e+03 5.171636405301539563e-01
5.006310000000137734e+03 6.199433529923612518e-01
5.006320000000137952e+03 7.591604881438750452e-01
5.006330000000138170e+03 8.768894296570453051e-01
5.006340000000138389e+03 9.402923459167139564e-01
5.006350000000138607e+03 9.627886481006541208e-01
5.006360000000138825e+03 9.678290245373992740e-01
5.006370000000139044e+03 9.677086629650875071e-01
5.006380000000139262e+03 9.662889800752066938e-01
5.006390000000139480e+03 9.643916731369074347e-01
5.006400000000139698e+03 9.621043532693634992e-01
5.006410000000139917e+03 9.593557442043756378e-01
5.006420000000140135e+03 9.560244056805591306e-01
5.006430000000140353e+03 9.519069731764339126e-01
5.006440000000140572e+03 9.468336268380947995e-01
5.006450000000140790e+03 9.402390179633856038e-01
5.006460000000141008e+03 9.311195149251741965e-01
5.006470000000141226e+03 9.171792561352304363e-01
5.006480000000141445e+03 8.910390869807257586e-01
5.006490000000141663e+03 8.280470745761420170e-01
5.006500000000141881e+03 6.796188391574915499e-01
5.006510000000142099e+03 4.478690908909644941e-01
5.006520000000142318e+03 2.695318508895944709e-01
5.006530000000142536e+03 1.997186073179081367e-01
5.006540000000142754e+03 1.718944059156814197e-01
5.006550000000142973e+03 1.578108785643214385e-01
5.006560000000143191e+03 1.521321207959091260e-01
5.006570000000143409e+03 1.531667092753691839e-01
5.006580000000143627e+03 1.611985034542883499e-01
5.006590000000143846e+03 1.785265662360256134e-01
5.006600000000144064e+03 2.132282552364392625e-01
5.006610000000144282e+03 3.048750987084594688e-01
5.006620000000144501e+03 4.980448497724782042e-01
5.006630000000144719e+03 6.993705872001499957e-01
5.006640000000144937e+03 8.192622223688097449e-01
5.006650000000145155e+03 8.753693583522390576e-01
5.006660000000145374e+03 9.016758944182354796e-01
5.006670000000145592e+03 9.149745425088113837e-01
5.006680000000145810e+03 9.221469374544186692e-01
5.006690000000146028e+03 9.263019432419242749e-01
5.006700000000146247e+03 9.287781142725163308e-01
5.006710000000146465e+03 9.299814434376647565e-01
5.006720000000146683e+03 9.295999681428290806e-01
5.006730000000146902e+03 9.266382321199373440e-01
5.006740000000147120e+03 9.189677654474102120e-01
5.006750000000147338e+03 9.034981251606534203e-01
5.006760000000147556e+03 8.776840369426696098e-01
5.006770000000147775e+03 8.423632033182745227e-01
5.006780000000147993e+03 8.033968314887407480e-01
5.006790000000148211e+03 7.705340857872027271e-01
5.006800000000148430e+03 7.527563680985710493e-01
5.006810000000148648e+03 7.544946687073942337e-01
5.006820000000148866e+03 7.739677402502875836e-01
5.006830000000149084e+03 8.035553663991108486e-01
5.006840000000149303e+03 8.322761306726894626e-01
5.006850000000149521e+03 8.502041236072465091e-01
5.006860000000149739e+03 8.524568961107319431e-01
5.006870000000149957e+03 8.402828328899405452e-01
5.006880000000150176e+03 8.194687105367987057e-01
5.006890000000150394e+03 7.976265717548387535e-01
5.006900000000150612e+03 7.813121612499567270e-01
5.006910000000150831e+03 7.736858799070753800e-01
5.006920000000151049e+03 7.734542574733020981e-01
5.006930000000151267e+03 7.753144027239909919e-01
5.006940000000151485e+03 7.715852681797273904e-01
5.006950000000151704e+03 7.549365907727698666e-01
5.006960000000151922e+03 7.226036983491692656e-01
5.006970000000152140e+03 6.801796351235277482e-01
5.006980000000152359e+03 6.386009580114287987e-01
5.006990000000152577e+03 6.062944334188261619e-01
5.007000000000152795e+03 5.798633904347969548e-01
5.007010000000153013e+03 5.464017798303796303e-01
5.007020000000153232e+03 4.898171889010481395e-01
5.007030000000153450e+03 3.892688394464132173e-01
5.007040000000153668e+03 2.473835648833170586e-01
5.007050000000153887e+03 1.697003194319889052e-01
5.007060000000154105e+03 1.380479713463053926e-01
5.007070000000154323e+03 1.201261190164460840e-01
5.007080000000154541e+03 1.096157481545201040e-01
5.007090000000154760e+03 1.034028328653932155e-01
5.007100000000154978e+03 1.001511027640032137e-01
5.007110000000155196e+03 9.937366273955469675e-02
5.007120000000155414e+03 1.009646449831432813e-01
5.007130000000155633e+03 1.051416761207003975e-01
5.007140000000155851e+03 1.125975621553274991e-01
5.007150000000156069e+03 1.251353254204460863e-01
5.007160000000156288e+03 1.467044405370930282e-01
5.007170000000156506e+03 1.852419882938587392e-01
5.007180000000156724e+03 2.806542335105935981e-01
5.007190000000156942e+03 3.938927281356534027e-01
5.007200000000157161e+03 4.736165992028783522e-01
5.007210000000157379e+03 5.373109552038798364e-01
5.007220000000157597e+03 5.907410019259552447e-01
5.007230000000157816e+03 6.322208576915003819e-01
5.007240000000158034e+03 6.623743993464726865e-01
5.007250000000158252e+03 6.835786474654420575e-01
5.007260000000158470e+03 6.979036226710726432e-01
5.007270000000158689e+03 7.072338053972372363e-01
5.007280000000158907e+03 7.124208564699148205e-01
5.007290000000159125e+03 7.138816923064784659e-01
5.007300000000159343e+03 7.118618832338893254e-01
5.007310000000159562e+03 7.064457483994074360e-01
5.007320000000159780e+03 6.975665904650298899e-01
5.007330000000159998e+03 6.850242642354397171e-01
5.007340000000160217e+03 6.684271900057283666e-01
5.007350000000160435e+03 6.470062750119511819e-01
5.007360000000160653e+03 6.191110020765512312e-01
5.007370000000160871e+03 5.801578332513117608e-01
5.007380000000161090e+03 5.224973449818659521e-01
5.007390000000161308e+03 4.384361391420274479e-01
5.007400000000161526e+03 3.371869938928155896e-01
5.007410000000161745e+03 2.519236629309986597e-01
5.007420000000161963e+03 2.032917384047930875e-01
5.007430000000162181e+03 1.799010936562513707e-01
5.007440000000162399e+03 1.656030807856693210e-01
5.007450000000162618e+03 1.511363507556907071e-01
5.007460000000162836e+03 1.327524481082847929e-01
5.007470000000163054e+03 1.163519069022652397e-01
5.007480000000163272e+03 1.051271657276878629e-01
5.007490000000163491e+03 9.784466288781548671e-02
5.007500000000163709e+03 9.338387184119414930e-02
5.007510000000163927e+03 9.125795944004522209e-02
5.007520000000164146e+03 9.130172221123669662e-02
5.007530000000164364e+03 9.352032463032308729e-02
5.007540000000164582e+03 9.809518309349928022e-02
5.007550000000164800e+03 1.055794380060035287e-01
5.007560000000165019e+03 1.174270403985958749e-01
5.007570000000165237e+03 1.368213962653659077e-01
5.007580000000165455e+03 1.683634476697340454e-01
5.007590000000165674e+03 2.329731350141578672e-01
5.007600000000165892e+03 3.195437352569563960e-01
5.007610000000166110e+03 3.925015323854285643e-01
5.007620000000166328e+03 4.560594756434412922e-01
5.007630000000166547e+03 5.100195437426843226e-01
5.007640000000166765e+03 5.579591592769655994e-01
5.007650000000166983e+03 6.014672581482618519e-01
5.007660000000167202e+03 6.388398201579741364e-01
5.007670000000167420e+03 6.716007340746268373e-01
5.007680000000167638e+03 7.003040956722105248e-01
5.007690000000167856e+03 7.255169902117425407e-01
5.007700000000168075e+03 7.477231857928895442e-01
5.007710000000168293e+03 7.673348866098773646e-01
5.007720000000168511e+03 7.847135444614868893e-01
5.007730000000168729e+03 8.001602241934829829e-01
5.007740000000168948e+03 8.139363615017849440e-01
5.007750000000169166e+03 8.262581718488635207e-01
5.007760000000169384e+03 8.372339432188373731e-01
5.007770000000169603e+03 8.471813325979468123e-01
5.007780000000169821e+03 8.561557802127016670e-01
5.007790000000170039e+03 8.642753346833964567e-01
5.007800000000170257e+03 8.716257791811480304e-01
5.007810000000170476e+03 8.783177142913290991e-01
5.007820000000170694e+03 8.844128592324996818e-01
5.007830000000170912e+03 8.899719120535649619e-01
5.007840000000171131e+03 8.950605274957623703e-01
5.007850000000171349e+03 8.997169053958783413e-01
5.007860000000171567e+03 9.039863576735792661e-01
5.007870000000171785e+03 9.079066572871160590e-01
5.007880000000172004e+03 9.115099098233959696e-01
5.007890000000172222e+03 9.148246504024051262e-01
5.007900000000172440e+03 9.178766626244089233e-01
5.007910000000172658e+03 9.206868545749400390e-01
5.007920000000172877e+03 9.232754739238850927e-01
5.007930000000173095e+03 9.256609019913546454e-01
5.007940000000173313e+03 9.278444192064365659e-01
5.007950000000173532e+03 9.298662813277216443e-01
5.007960000000173750e+03 9.317238448013372976e-01
5.007970000000173968e+03 9.334288088826958596e-01
5.007980000000174186e+03 9.349975851618125278e-01
5.007990000000174405e+03 9.364253430234361630e-01
5.008000000000174623e+03 9.377350291008267336e-01
5.008010000000174841e+03 9.389151056380493632e-01
5.008020000000175060e+03 9.399853924635908076e-01
5.008030000000175278e+03 9.409405392644644150e-01
5.008040000000175496e+03 9.417964821369232409e-01
5.008050000000175714e+03 9.425510610531543376e-01
5.008060000000175933e+03 9.431995510642177116e-01
5.008070000000176151e+03 9.437520949173129337e-01
5.008080000000176369e+03 9.442176842411764692e-01
5.008090000000176587e+03 9.445903663178900622e-01
5.008100000000176806e+03 9.448706474422823298e-01
5.008110000000177024e+03 9.450565080181118072e-01
5.008120000000177242e+03 9.451526610962587283e-01
5.008130000000177461e+03 9.451555372306513769e-01
5.008140000000177679e+03 9.450636790583256674e-01
5.008150000000177897e+03 9.448749630696589019e-01
5.008160000000178115e+03 9.445866520383140452e-01
5.008170000000178334e+03 9.441997110103648172e-01
5.008180000000178552e+03 9.437018919176209941e-01
5.008190000000178770e+03 9.430974986384765835e-01
5.008200000000178989e+03 9.423718285379977244e-01
5.008210000000179207e+03 9.415178527700318600e-01
5.008220000000179425e+03 9.405309134137951332e-01
5.008230000000179643e+03 9.394019540306416394e-01
5.008240000000179862e+03 9.381198316933950787e-01
5.008250000000180080e+03 9.366708950893783969e-01
5.008260000000180298e+03 9.350438316890616886e-01
5.008270000000180517e+03 9.332202410679173443e-01
5.008280000000180735e+03 9.311809774530738215e-01
5.008290000000180953e+03 9.289044303786948564e-01
5.008300000000181171e+03 9.263491408371714586e-01
5.008310000000181390e+03 9.234523769274470828e-01
5.008320000000181608e+03 9.200642814826184290e-01
5.008330000000181826e+03 9.158324939785643659e-01
5.008340000000182044e+03 9.100839893066011710e-01
5.008350000000182263e+03 9.019352395816032653e-01
5.008360000000182481e+03 8.909689539301943739e-01
5.008370000000182699e+03 8.781820319060579250e-01
5.008380000000182918e+03 8.661881829708161229e-01
5.008390000000183136e+03 8.576979730447206185e-01
5.008400000000183354e+03 8.533592530946935151e-01
5.008410000000183572e+03 8.511272042164215179e-01
5.008420000000183791e+03 8.476365843759415819e-01
5.008430000000184009e+03 8.403350295517181268e-01
5.008440000000184227e+03 8.273250858476607350e-01
5.008450000000184446e+03 8.063595557034030081e-01
5.008460000000184664e+03 7.734687757003979591e-01
5.008470000000184882e+03 7.258720452818533397e-01
5.008480000000185100e+03 6.694683983764784241e-01
5.008490000000185319e+03 6.175880225708599847e-01
5.008500000000185537e+03 5.800404840433596165e-01
5.008510000000185755e+03 5.524568092507485817e-01
5.008520000000185973e+03 5.067723166969054782e-01
5.008530000000186192e+03 3.783895802453451362e-01
5.008540000000186410e+03 2.026880028142044599e-01
5.008550000000186628e+03 1.435238377638334006e-01
5.008560000000186847e+03 1.206765666647937468e-01
5.008570000000187065e+03 1.079732324522398867e-01
5.008580000000187283e+03 1.002269872477012103e-01
5.008590000000187501e+03 9.552846869035888644e-02
5.008600000000187720e+03 9.318848398592075033e-02
5.008610000000187938e+03 9.297212890290432186e-02
5.008620000000188156e+03 9.483630591833221157e-02
5.008630000000188375e+03 9.880222284298925683e-02
5.008640000000188593e+03 1.044015908499568018e-01
5.008650000000188811e+03 1.088076942772787381e-01
5.008660000000189029e+03 1.092392041003971415e-01
5.008670000000189248e+03 1.087986569000561343e-01
5.008680000000189466e+03 1.101978679665008704e-01
5.008690000000189684e+03 1.144359414342393660e-01
5.008700000000189902e+03 1.225189008378676225e-01
5.008710000000190121e+03 1.366123992296456591e-01
5.008720000000190339e+03 1.609614590219662356e-01
5.008730000000190557e+03 2.111395925421483966e-01
5.008740000000190776e+03 3.251231230835689989e-01
5.008750000000190994e+03 4.078670747675953168e-01
5.008760000000191212e+03 4.244388497211104005e-01
5.008770000000191430e+03 4.227369748209382494e-01
5.008780000000191649e+03 4.384219951892057709e-01
5.008790000000191867e+03 4.875790201877810426e-01
5.008800000000192085e+03 5.702478175262666316e-01
5.008810000000192304e+03 6.651731877294426720e-01
5.008820000000192522e+03 7.432716219434173377e-01
5.008830000000192740e+03 7.932367200010965735e-01
5.008840000000192958e+03 8.227174816847683259e-01
5.008850000000193177e+03 8.418902606222867790e-01
5.008860000000193395e+03 8.562587265489642885e-01
5.008870000000193613e+03 8.682462364903585916e-01
5.008880000000193832e+03 8.785685225254276087e-01
5.008890000000194050e+03 8.875953334458627220e-01
5.008900000000194268e+03 8.955611580478201050e-01
5.008910000000194486e+03 9.026371800833693504e-01
5.008920000000194705e+03 9.089541787568214959e-01
5.008930000000194923e+03 9.146057728181973268e-01
5.008940000000195141e+03 9.196900911818912672e-01
5.008950000000195359e+03 9.242903569540350528e-01
5.008960000000195578e+03 9.284418294405187844e-01
5.008970000000195796e+03 9.322046332534917878e-01
5.008980000000196014e+03 9.356105122454985157e-01
5.008990000000196233e+03 9.386821764373820542e-01
5.009000000000196451e+03 9.414603695874181888e-01
5.009010000000196669e+03 9.439542960218452183e-01
5.009020000000196887e+03 9.461570916494593808e-01
5.009030000000197106e+03 9.480285954487417399e-01
5.009040000000197324e+03 9.494156766551471449e-01
5.009050000000197542e+03 9.495955693637437856e-01
5.009060000000197761e+03 9.449980809758615763e-01
5.009070000000197979e+03 9.221478595318568505e-01
5.009080000000198197e+03 8.480554625394892687e-01
5.009090000000198415e+03 6.913460442498975400e-01
5.009100000000198634e+03 4.951862451388591158e-01
5.009110000000198852e+03 3.512618630250588514e-01
5.009120000000199070e+03 2.860280063531583927e-01
5.009130000000199288e+03 2.763013282910787849e-01
5.009140000000199507e+03 3.159460749154598402e-01
5.009150000000199725e+03 4.262718641491125005e-01
5.009160000000199943e+03 6.115530151214119137e-01
5.009170000000200162e+03 7.995792347239767395e-01
5.009180000000200380e+03 9.109888191198449725e-01
5.009190000000200598e+03 9.534833759580371160e-01
5.009200000000200816e+03 9.659439809527939902e-01
5.009210000000201035e+03 9.697233303790032677e-01
5.009220000000201253e+03 9.714397541589391283e-01
5.009230000000201471e+03 9.725920378656369714e-01
5.009240000000201690e+03 9.735161341566700433e-01
5.009250000000201908e+03 9.742861042323581744e-01
5.009260000000202126e+03 9.749415637781070343e-01
5.009270000000202344e+03 9.754911329428173072e-01
5.009280000000202563e+03 9.759374587980346183e-01
5.009290000000202781e+03 9.762715621639074248e-01
5.009300000000202999e+03 9.764927862010298609e-01
5.009310000000203217e+03 9.765576750140383400e-01
5.009320000000203436e+03 9.763957632205785275e-01
5.009330000000203654e+03 9.758553043608283462e-01
5.009340000000203872e+03 9.745506724510456520e-01
5.009350000000204091e+03 9.711283516459925380e-01
5.009360000000204309e+03 9.609556316129840292e-01
5.009370000000204527e+03 9.319149178277444934e-01
5.009380000000204745e+03 8.642333315657879655e-01
5.009390000000204964e+03 7.500302782799971313e-01
5.009400000000205182e+03 6.209791182914204954e-01
5.009410000000205400e+03 5.255568713273928161e-01
5.009420000000205619e+03 4.905409622007520509e-01
5.009430000000205837e+03 5.193732996742190799e-01
5.009440000000206055e+03 6.097592078928634196e-01
5.009450000000206273e+03 7.381400200365298980e-01
5.009460000000206492e+03 8.568084124670029000e-01
5.009470000000206710e+03 9.300674266527513279e-01
5.009480000000206928e+03 9.628302431352465662e-01
5.009490000000207147e+03 9.749168559511419696e-01
5.009500000000207365e+03 9.794055862913756405e-01
5.009510000000207583e+03 9.815264461973607357e-01
5.009520000000207801e+03 9.828188819781199514e-01
5.009530000000208020e+03 9.837432647424358967e-01
5.009540000000208238e+03 9.844575106287685173e-01
5.009550000000208456e+03 9.850324031461394902e-01
5.009560000000208674e+03 9.855147897935265799e-01
5.009570000000208893e+03 9.859237986832554146e-01
5.009580000000209111e+03 9.862861405243661395e-01
5.009590000000209329e+03 9.866110961084119113e-01
5.009600000000209548e+03 9.868912464474997037e-01
5.009610000000209766e+03 9.871468842298163349e-01
5.009620000000209984e+03 9.873864477221059310e-01
5.009630000000210202e+03 9.876015188696123381e-01
5.009640000000210421e+03 9.878006529485048315e-01
5.009650000000210639e+03 9.879821800753171290e-01
5.009660000000210857e+03 9.881525783849797184e-01
5.009670000000211076e+03 9.883130930927153113e-01
5.009680000000211294e+03 9.884533272876548926e-01
5.009690000000211512e+03 9.885878385197300888e-01
5.009700000000211730e+03 9.887137963864790491e-01
5.009710000000211949e+03 9.888282178979322934e-01
5.009720000000212167e+03 9.889333174922045888e-01
5.009730000000212385e+03 9.890310600670640939e-01
5.009740000000212603e+03 9.891152543602231839e-01
5.009750000000212822e+03 9.891881455073300300e-01
5.009760000000213040e+03 9.892497728179020511e-01
5.009770000000213258e+03 9.893051788509439337e-01
5.009780000000213477e+03 9.893416397903984638e-01
5.009790000000213695e+03 9.893634281191586721e-01
5.009800000000213913e+03 9.893718029868702191e-01
5.009810000000214131e+03 9.893597953710873139e-01
5.009820000000214350e+03 9.893246639486744654e-01
5.009830000000214568e+03 9.892677732217188824e-01
5.009840000000214786e+03 9.892001515214871032e-01
5.009850000000215005e+03 9.890799176626289269e-01
5.009860000000215223e+03 9.889177347619894087e-01
5.009870000000215441e+03 9.887080411011769376e-01
5.009880000000215659e+03 9.884276694404284802e-01
5.009890000000215878e+03 9.880663218767952172e-01
5.009900000000216096e+03 9.875886449070888640e-01
5.009910000000216314e+03 9.869484077026469127e-01
5.009920000000216532e+03 9.861098306568006899e-01
5.009930000000216751e+03 9.849675463305274103e-01
5.009940000000216969e+03 9.833018032590129520e-01
5.009950000000217187e+03 9.806174135527043756e-01
5.009960000000217406e+03 9.751412798131956494e-01
5.009970000000217624e+03 9.590400032217422099e-01
5.009980000000217842e+03 9.045847256945190873e-01
5.009990000000218060e+03 7.561582424015662607e-01
5.010000000000218279e+03 5.101624190620880350e-01
5.010010000000218497e+03 3.051640436940206702e-01
5.010020000000218715e+03 2.167763673177820205e-01
5.010030000000218934e+03 1.893528549797153515e-01
5.010040000000219152e+03 1.840477299010104817e-01
5.010050000000219370e+03 1.939601781940164527e-01
5.010060000000219588e+03 2.325534333618099192e-01
5.010070000000219807e+03 3.502220559740704120e-01
5.010080000000220025e+03 5.826191436086667341e-01
5.010090000000220243e+03 8.104260126886539961e-01
5.010100000000220462e+03 9.270833068951209732e-01
5.010110000000220680e+03 9.661458401152520636e-01
5.010120000000220898e+03 9.773776046842932441e-01
5.010130000000221116e+03 9.803651143062734885e-01
5.010140000000221335e+03 9.784426783283904916e-01
5.010150000000221553e+03 9.699321653396207887e-01
5.010160000000221771e+03 9.534845598320252913e-01
5.010170000000221989e+03 9.329148563191346222e-01
5.010180000000222208e+03 9.178447007444632266e-01
5.010190000000222426e+03 9.171866569587860951e-01
5.010200000000222644e+03 9.317060666734685581e-01
5.010210000000222863e+03 9.534102937046086135e-01
5.010220000000223081e+03 9.723160032083281168e-01
5.010230000000223299e+03 9.838067232296456854e-01
5.010240000000223517e+03 9.890514830018202197e-01
5.010250000000223736e+03 9.910037282388171054e-01
5.010260000000223954e+03 9.917104844421755772e-01
5.010270000000224172e+03 9.920421959675045365e-01
5.010280000000224391e+03 9.922576410290160354e-01
5.010290000000224609e+03 9.924295465230524860e-01
5.010300000000224827e+03 9.925696859166749375e-01
5.010310000000225045e+03 9.926978497514978850e-01
5.010320000000225264e+03 9.928151555923965255e-01
5.010330000000225482e+03 9.929171772858640388e-01
5.010340000000225700e+03 9.930033150830313016e-01
5.010350000000225918e+03 9.930780645318383337e-01
5.010360000000226137e+03 9.931564822932533732e-01
5.010370000000226355e+03 9.932278534748282262e-01
5.010380000000226573e+03 9.932946817302169551e-01
5.010390000000226792e+03 9.933482610250478073e-01
5.010400000000227010e+03 9.934050914632386320e-01
5.010410000000227228e+03 9.934439691764349600e-01
5.010420000000227446e+03 9.934927535176369950e-01
5.010430000000227665e+03 9.935378671099874826e-01
5.010440000000227883e+03 9.935809987238174434e-01
5.010450000000228101e+03 9.936092642381113560e-01
5.010460000000228320e+03 9.936441834447951038e-01
5.010470000000228538e+03 9.936624862101239852e-01
5.010480000000228756e+03 9.936883002109214713e-01
5.010490000000228974e+03 9.936899540426806787e-01
5.010500000000229193e+03 9.935080148922503795e-01
5.010510000000229411e+03 9.923671565789637938e-01
5.010520000000229629e+03 9.865498508113628162e-01
5.010530000000229848e+03 9.645474293396452126e-01
5.010540000000230066e+03 9.049103565548619610e-01
5.010550000000230284e+03 7.957226180189215237e-01
5.010560000000230502e+03 6.666714378491134241e-01
5.010570000000230721e+03 5.719623802780062771e-01
5.010580000000230939e+03 5.428094121453587162e-01
5.010590000000231157e+03 5.846767243909948286e-01
5.010600000000231375e+03 6.888450297728999638e-01
5.010610000000231594e+03 8.183719357113159454e-01
5.010620000000231812e+03 9.194237043302196932e-01
5.010630000000232030e+03 9.706422272246416627e-01
5.010640000000232249e+03 9.883587267519126085e-01
5.010650000000232467e+03 9.927913935433988479e-01
5.010660000000232685e+03 9.936130559875354651e-01
5.010670000000232903e+03 9.937085258865028248e-01
5.010680000000233122e+03 9.936864366648160418e-01
5.010690000000233340e+03 9.936280873388979584e-01
5.010700000000233558e+03 9.935195571490929023e-01
5.010710000000233777e+03 9.932461302286506033e-01
5.010720000000233995e+03 9.925564830681522510e-01
5.010730000000234213e+03 9.907588031707541543e-01
5.010740000000234431e+03 9.863804822598590816e-01
5.010750000000234650e+03 9.769457226693512020e-01
5.010760000000234868e+03 9.593584888366686325e-01
5.010770000000235086e+03 9.313563723100407588e-01
5.010780000000235304e+03 8.929977405147124792e-01
5.010790000000235523e+03 8.462289791533673666e-01
5.010800000000235741e+03 7.914813745193213235e-01
5.010810000000235959e+03 7.278919528909864045e-01
5.010820000000236178e+03 6.616423869437547678e-01
5.010830000000236396e+03 6.106398426632240195e-01
5.010840000000236614e+03 5.968465672216686224e-01
5.010850000000236832e+03 6.324069110601866495e-01
5.010860000000237051e+03 7.136555142961188425e-01
5.010870000000237269e+03 8.132871289294936190e-01
5.010880000000237487e+03 8.899199802755576316e-01
5.010890000000237706e+03 9.223350437832630311e-01
5.010900000000237924e+03 9.206384805128116078e-01
5.010910000000238142e+03 9.055200483044216764e-01
5.010920000000238360e+03 8.926861960236611715e-01
5.010930000000238579e+03 8.904495286081677285e-01
5.010940000000238797e+03 9.006955637416217408e-01
5.010950000000239015e+03 9.199429374533826254e-01
5.010960000000239233e+03 9.402213426393242202e-01
5.010970000000239452e+03 9.452756433786131396e-01
5.010980000000239670e+03 8.905986007018682482e-01
5.010990000000239888e+03 6.951371387458581408e-01
5.011000000000240107e+03 3.926948526134040884e-01
5.011010000000240325e+03 2.065048889029158785e-01
5.011020000000240543e+03 1.542926608562508184e-01
5.011030000000240761e+03 1.397844494903472956e-01
5.011040000000240980e+03 1.352533130153588670e-01
5.011050000000241198e+03 1.370369692815265328e-01
5.011060000000241416e+03 1.463228330114305087e-01
5.011070000000241635e+03 1.753531967862634877e-01
5.011080000000241853e+03 2.922502227951168652e-01
5.011090000000242071e+03 5.707767394077828405e-01
5.011100000000242289e+03 8.367667133498619680e-01
5.011110000000242508e+03 9.534127741387022903e-01
5.011120000000242726e+03 9.833564464532230653e-01
5.011130000000242944e+03 9.882268640858767883e-01
5.011140000000243163e+03 9.867257267508566798e-01
5.011150000000243381e+03 9.791002662230948728e-01
5.011160000000243599e+03 9.570115840077171310e-01
5.011170000000243817e+03 9.085170001325605371e-01
5.011180000000244036e+03 8.325170746921186637e-01
5.011190000000244254e+03 7.515385618285280733e-01
5.011200000000244472e+03 6.996576333769962686e-01
5.011210000000244690e+03 6.978929935613182867e-01
5.011220000000244909e+03 7.467861927766834551e-01
5.011230000000245127e+03 8.264353263793245974e-01
5.011240000000245345e+03 9.029153419982460793e-01
5.011250000000245564e+03 9.525327060346872043e-01
5.011260000000245782e+03 9.751714697842917001e-01
5.011270000000246000e+03 9.827235506894405059e-01
5.011280000000246218e+03 9.844545747048916162e-01
5.011290000000246437e+03 9.843490825423866220e-01
5.011300000000246655e+03 9.836208535835094802e-01
5.011310000000246873e+03 9.825231143943652379e-01
5.011320000000247092e+03 9.809733318291288251e-01
5.011330000000247310e+03 9.786974873754792359e-01
5.011340000000247528e+03 9.745580750150579785e-01
5.011350000000247746e+03 9.629461769691362028e-01
5.011360000000247965e+03 9.203412284131529120e-01
5.011370000000248183e+03 7.879326189442026340e-01
5.011380000000248401e+03 5.370111831767220290e-01
5.011390000000248619e+03 3.082914965842000199e-01
5.011400000000248838e+03 2.101442669197826629e-01
5.011410000000249056e+03 1.812130538078604580e-01
5.011420000000249274e+03 1.744779027231771751e-01
5.011430000000249493e+03 1.809136131054472352e-01
5.011440000000249711e+03 2.090165458025409762e-01
5.011450000000249929e+03 3.039476193442835483e-01
5.011460000000250147e+03 5.254620366252018560e-01
5.011470000000250366e+03 7.679114864485863112e-01
5.011480000000250584e+03 8.919377689776295526e-01
5.011490000000250802e+03 9.252416697464925788e-01
5.011500000000251021e+03 9.252243131852823099e-01
5.011510000000251239e+03 9.117823138053401388e-01
5.011520000000251457e+03 8.810831149858326938e-01
5.011530000000251675e+03 8.080429234539092676e-01
5.011540000000251894e+03 6.549390141967127432e-01
5.011550000000252112e+03 4.425631784107569855e-01
5.011560000000252330e+03 2.814430520198569763e-01
5.011570000000252548e+03 2.129066848218158226e-01
5.011580000000252767e+03 1.830036220249834089e-01
5.011590000000252985e+03 1.666739108561728910e-01
5.011600000000253203e+03 1.589409191768041130e-01
5.011610000000253422e+03 1.578920089578856600e-01
5.011620000000253640e+03 1.627703180863935839e-01
5.011630000000253858e+03 1.721987910639162789e-01
5.011640000000254076e+03 1.799920772309954176e-01
5.011650000000254295e+03 1.786322909212120502e-01
5.011660000000254513e+03 1.735036538562667041e-01
5.011670000000254731e+03 1.737239059966415866e-01
5.011680000000254950e+03 1.842479636504430196e-01
5.011690000000255168e+03 2.180463981035686005e-01
5.011700000000255386e+03 3.188799357000595136e-01
5.011710000000255604e+03 4.934884694910723901e-01
5.011720000000255823e+03 5.876044970361400388e-01
5.011730000000256041e+03 5.585335956148209657e-01
5.011740000000256259e+03 5.149838469159826460e-01
5.011750000000256478e+03 5.198745692070110280e-01
5.011760000000256696e+03 5.872138514613752802e-01
5.011770000000256914e+03 7.049758847335952927e-01
5.011780000000257132e+03 8.297259182768726982e-01
5.011790000000257351e+03 9.155408875665681512e-01
5.011800000000257569e+03 9.559342888254507287e-01
5.011810000000257787e+03 9.705413638406863441e-01
5.011820000000258005e+03 9.756702094717282225e-01
5.011830000000258224e+03 9.781074232717333894e-01
5.011840000000258442e+03 9.797823815453242657e-01
5.011850000000258660e+03 9.811333231695366086e-01
5.011860000000258879e+03 9.822654930402745510e-01
5.011870000000259097e+03 9.832435313350940120e-01
5.011880000000259315e+03 9.840921260750801203e-01
5.011890000000259533e+03 9.848194581031930461e-01
5.011900000000259752e+03 9.854656958471660344e-01
5.011910000000259970e+03 9.860231382574965453e-01
5.011920000000260188e+03 9.865345303728478843e-01
5.011930000000260407e+03 9.869723365816482907e-01
5.011940000000260625e+03 9.873452177250516826e-01
5.011950000000260843e+03 9.876835407467057237e-01
5.011960000000261061e+03 9.879776422083619281e-01
5.011970000000261280e+03 9.882326188560259794e-01
5.011980000000261498e+03 9.884516650701700158e-01
5.011990000000261716e+03 9.886374242347236718e-01
5.012000000000261934e+03 9.887909169329835990e-01
5.012010000000262153e+03 9.889071882983010431e-01
5.012020000000262371e+03 9.890036250609790525e-01
5.012030000000262589e+03 9.890679454589701436e-01
5.012040000000262808e+03 9.890994759453780594e-01
5.012050000000263026e+03 9.891148678885528511e-01
5.012060000000263244e+03 9.890926681366267736e-01
5.012070000000263462e+03 9.890367153710365455e-01
5.012080000000263681e+03 9.889468248124602123e-01
5.012090000000263899e+03 9.888149708989781850e-01
5.012100000000264117e+03 9.886441940387161731e-01
5.012110000000264336e+03 9.884209948037609994e-01
5.012120000000264554e+03 9.881466315056827154e-01
5.012130000000264772e+03 9.878131613721536919e-01
5.012140000000264990e+03 9.873843425071155977e-01
5.012150000000265209e+03 9.868752873936111891e-01
5.012160000000265427e+03 9.862525498652435774e-01
5.012170000000265645e+03 9.854836389423506926e-01
5.012180000000265863e+03 9.845380094828168893e-01
5.012190000000266082e+03 9.833604240091273763e-01
5.012200000000266300e+03 9.818633375925582829e-01
5.012210000000266518e+03 9.799224298071598227e-01
5.012220000000266737e+03 9.774066826946273823e-01
5.012230000000266955e+03 9.740012115583357444e-01
5.012240000000267173e+03 9.689907527298117218e-01
5.012250000000267391e+03 9.603747121172713230e-01
5.012260000000267610e+03 9.400955257774423757e-01
5.012270000000267828e+03 8.771528895176821106e-01
5.012280000000268046e+03 7.011414360581782468e-01
5.012290000000268265e+03 4.155126444660744989e-01
5.012300000000268483e+03 2.264517484336283915e-01
5.012310000000268701e+03 1.722462658469900709e-01
5.012320000000268919e+03 1.540732410400025287e-01
5.012330000000269138e+03 1.464380687608227427e-01
5.012340000000269356e+03 1.456558324133963300e-01
5.012350000000269574e+03 1.514786091956258351e-01
5.012360000000269793e+03 1.666084498882816067e-01
5.012370000000270011e+03 2.078528504994861803e-01
5.012380000000270229e+03 3.647865724127897225e-01
5.012390000000270447e+03 6.569289406115176311e-01
5.012400000000270666e+03 8.605404032343566545e-01
5.012410000000270884e+03 9.353216938592443519e-01
5.012420000000271102e+03 9.584642126107970617e-01
5.012430000000271320e+03 9.679263778214305392e-01
5.012440000000271539e+03 9.733678092605407839e-01
5.012450000000271757e+03 9.770382309995162551e-01
5.012460000000271975e+03 9.797392155473421127e-01
5.012470000000272194e+03 9.818224854926697054e-01
5.012480000000272412e+03 9.834362845263713293e-01
5.012490000000272630e+03 9.847102886532270727e-01
5.012500000000272848e+03 9.857423489393432048e-01
5.012510000000273067e+03 9.865762055040335765e-01
5.012520000000273285e+03 9.872674233383464948e-01
5.012530000000273503e+03 9.878443739383159228e-01
5.012540000000273722e+03 9.883286879295284377e-01
5.012550000000273940e+03 9.887458254427992088e-01
5.012560000000274158e+03 9.890893031749264930e-01
5.012570000000274376e+03 9.893806138496783475e-01
5.012580000000274595e+03 9.896330438002557406e-01
5.012590000000274813e+03 9.898504468689899305e-01
5.012600000000275031e+03 9.900331579030587914e-01
5.012610000000275249e+03 9.901879169341629705e-01
5.012620000000275468e+03 9.903203876313100285e-01
5.012630000000275686e+03 9.904234307803522208e-01
5.012640000000275904e+03 9.905123913720736972e-01
5.012650000000276123e+03 9.905838272917331100e-01
5.012660000000276341e+03 9.906394319282185723e-01
5.012670000000276559e+03 9.906782258009444453e-01
5.012680000000276777e+03 9.907018298531894418e-01
5.012690000000276996e+03 9.907196650186943510e-01
5.012700000000277214e+03 9.907092832441281027e-01
5.012710000000277432e+03 9.906960570991932835e-01
5.012720000000277651e+03 9.906757342495906560e-01
5.012730000000277869e+03 9.906445803783411330e-01
5.012740000000278087e+03 9.906030083904745487e-01
5.012750000000278305e+03 9.905474653996201306e-01
5.012760000000278524e+03 9.904793141879558727e-01
5.012770000000278742e+03 9.903921310341421425e-01
5.012780000000278960e+03 9.903065276547835527e-01
5.012790000000279178e+03 9.902088721902335688e-01
5.012800000000279397e+03 9.900952269291609653e-01
5.012810000000279615e+03 9.899777249805966628e-01
5.012820000000279833e+03 9.898403777192740227e-01
5.012830000000280052e+03 9.896856846576317368e-01
5.012840000000280270e+03 9.895077591944705375e-01
5.012850000000280488e+03 9.893194815815177234e-01
5.012860000000280706e+03 9.891109968790442464e-01
5.012870000000280925e+03 9.888809824370029533e-01
5.012880000000281143e+03 9.886345909100899831e-01
5.012890000000281361e+03 9.883488134244574619e-01
5.012900000000281580e+03 9.880249655609646409e-01
5.012910000000281798e+03 9.876634189143813636e-01
5.012920000000282016e+03 9.872524260109455385e-01
5.012930000000282234e+03 9.867806808761300230e-01
5.012940000000282453e+03 9.862464343907764164e-01
5.012950000000282671e+03 9.855980552003004158e-01
5.012960000000282889e+03 9.848113177831949727e-01
5.012970000000283108e+03 9.838298641161752345e-01
5.012980000000283326e+03 9.823676577090965090e-01
5.012990000000283544e+03 9.768802675442646022e-01
5.013000000000283762e+03 9.273119368502984461e-01
5.013010000000283981e+03 6.367912980198731088e-01
5.013020000000284199e+03 2.314080907655355901e-01
5.013030000000284417e+03 1.381203884077538135e-01
5.013040000000284635e+03 1.122605053151552179e-01
5.013050000000284854e+03 1.020743804633724994e-01
5.013060000000285072e+03 1.000522692074795050e-01
5.013070000000285290e+03 1.051571337874136203e-01
5.013080000000285509e+03 1.202829000285645655e-01
5.013090000000285727e+03 1.597622900109831601e-01
5.013100000000285945e+03 3.300632828813488961e-01
5.013110000000286163e+03 3.068044014816901366e-01
5.013120000000286382e+03 1.491108718189705085e-01
5.013130000000286600e+03 1.114037263520282206e-01
5.013140000000286818e+03 9.574475882491746692e-02
5.013150000000287037e+03 8.878900836570180477e-02
5.013160000000287255e+03 8.769744292210428227e-02
5.013170000000287473e+03 9.217166477068899910e-02
5.013180000000287691e+03 1.036730178039162870e-01
5.013190000000287910e+03 1.294214550643169592e-01
5.013200000000288128e+03 2.130304155611067729e-01
5.013210000000288346e+03 6.129245114335267752e-01
5.013220000000288564e+03 8.976591563754130476e-01
5.013230000000288783e+03 9.453314478414492905e-01
5.013240000000289001e+03 9.532503422561895423e-01
5.013250000000289219e+03 9.559962937810339012e-01
5.013260000000289438e+03 9.570178346101813061e-01
5.013270000000289656e+03 9.569263459931074411e-01
5.013280000000289874e+03 9.558824054472155884e-01
5.013290000000290092e+03 9.539991719233799072e-01
5.013300000000290311e+03 9.512863426610588258e-01
5.013310000000290529e+03 9.476559264595122434e-01
5.013320000000290747e+03 9.429638953246947120e-01
5.013330000000290966e+03 9.369599791081094642e-01
5.013340000000291184e+03 9.291311741932647417e-01
5.013350000000291402e+03 9.192501421079511958e-01
5.013360000000291620e+03 9.060434084337327665e-01
5.013370000000291839e+03 8.857963676308464596e-01
5.013380000000292057e+03 8.378361462511837443e-01
5.013390000000292275e+03 6.561569525192046948e-01
5.013400000000292493e+03 2.739646346309048686e-01
5.013410000000292712e+03 1.448357655682598888e-01
5.013420000000292930e+03 1.178509440942475811e-01
5.013430000000293148e+03 1.042059555307716517e-01
5.013440000000293367e+03 9.600733147369167053e-02
5.013450000000293585e+03 9.101844029968805816e-02
5.013460000000293803e+03 8.854985403731865934e-02
5.013470000000294021e+03 8.839048166376388405e-02
5.013480000000294240e+03 9.052880753368224009e-02
5.013490000000294458e+03 9.513912652453535013e-02
5.013500000000294676e+03 1.027992549954921953e-01
5.013510000000294895e+03 1.152230191270812859e-01
5.013520000000295113e+03 1.349774509654599608e-01
5.013530000000295331e+03 1.468238436902177535e-01
5.013540000000295549e+03 1.411371520897307386e-01
5.013550000000295768e+03 1.365831760340060208e-01
5.013560000000295986e+03 1.368806070883511472e-01
5.013570000000296204e+03 1.426102282761433082e-01
5.013580000000296423e+03 1.558606489175698162e-01
5.013590000000296641e+03 1.843381223780086731e-01
5.013600000000296859e+03 2.844786668652918848e-01
5.013610000000297077e+03 5.316437953131017968e-01
5.013620000000297296e+03 7.476670367628636127e-01
5.013630000000297514e+03 8.447764073369841142e-01
5.013640000000297732e+03 8.835801625781872781e-01
5.013650000000297950e+03 9.037974200269298652e-01
5.013660000000298169e+03 9.166832592905997945e-01
5.013670000000298387e+03 9.255509055867908730e-01
5.013680000000298605e+03 9.318366535269120288e-01
5.013690000000298824e+03 9.363197243362864075e-01
5.013700000000299042e+03 9.391357280976883048e-01
5.013710000000299260e+03 9.404732149566744637e-01
5.013720000000299478e+03 9.403543840733356030e-01
5.013730000000299697e+03 9.386311502329677259e-01
5.013740000000299915e+03 9.346418731496223264e-01
5.013750000000300133e+03 9.265971898292439946e-01
5.013760000000300352e+03 9.071681906629225356e-01
5.013770000000300570e+03 8.426705064264545797e-01
5.013780000000300788e+03 6.414939189241075645e-01
5.013790000000301006e+03 3.302813486642230956e-01
5.013800000000301225e+03 1.880666935645880500e-01
5.013810000000301443e+03 1.535169257057988068e-01
5.013820000000301661e+03 1.378056700064138884e-01
5.013830000000301879e+03 1.302799525523332946e-01
5.013840000000302098e+03 1.280866565055941708e-01
5.013850000000302316e+03 1.305147190618393127e-01
5.013860000000302534e+03 1.383627203808221184e-01
5.013870000000302753e+03 1.546703870394448288e-01
5.013880000000302971e+03 1.913301775616975953e-01
5.013890000000303189e+03 3.451837651459240819e-01
5.013900000000303407e+03 6.603149028281706245e-01
5.013910000000303626e+03 8.545947059872927021e-01
5.013920000000303844e+03 9.174887905015766121e-01
5.013930000000304062e+03 9.384165732601245091e-01
5.013940000000304281e+03 9.487068753523144604e-01
5.013950000000304499e+03 9.552097039210801777e-01
5.013960000000304717e+03 9.596967842195675003e-01
5.013970000000304935e+03 9.629338156971358753e-01
5.013980000000305154e+03 9.652003931610541043e-01
5.013990000000305372e+03 9.665389048131696192e-01
5.014000000000305590e+03 9.669235773894807595e-01
5.014010000000305808e+03 9.657631251497345026e-01
5.014020000000306027e+03 9.604977841715413023e-01
5.014030000000306245e+03 9.402522111164384189e-01
5.014040000000306463e+03 8.739123848585227394e-01
5.014050000000306682e+03 7.177790819909167785e-01
5.014060000000306900e+03 4.969322238996698449e-01
5.014070000000307118e+03 3.248267003550320275e-01
5.014080000000307336e+03 2.449536401882482228e-01
5.014090000000307555e+03 2.207071072659257949e-01
5.014100000000307773e+03 2.276683194141091993e-01
5.014110000000307991e+03 2.733090020857183999e-01
5.014120000000308210e+03 3.915605515922079838e-01
5.014130000000308428e+03 5.851688052158905418e-01
5.014140000000308646e+03 7.485820515866864477e-01
5.014150000000308864e+03 8.154827670104369819e-01
5.014160000000309083e+03 8.350844941798996057e-01
5.014170000000309301e+03 8.584457927052283610e-01
5.014180000000309519e+03 8.953177874116223789e-01
5.014190000000309738e+03 9.331944665505014225e-01
5.014200000000309956e+03 9.598146838773008449e-01
5.014210000000310174e+03 9.734138703779013913e-01
5.014220000000310392e+03 9.789252474669026816e-01
5.014230000000310611e+03 9.809886338558729824e-01
5.014240000000310829e+03 9.818788053316229725e-01
5.014250000000311047e+03 9.823684737400405487e-01
5.014260000000311265e+03 9.827046131464176604e-01
5.014270000000311484e+03 9.829457796524186941e-01
5.014280000000311702e+03 9.831182263162003832e-01
5.014290000000311920e+03 9.832230684163374423e-01
5.014300000000312139e+03 9.832845580500153559e-01
5.014310000000312357e+03 9.833081753414185666e-01
5.014320000000312575e+03 9.832898406980470352e-01
5.014330000000312793e+03 9.832306917908160138e-01
5.014340000000313012e+03 9.831419270755239470e-01
5.014350000000313230e+03 9.830020253105490324e-01
5.014360000000313448e+03 9.828466524892029987e-01
5.014370000000313667e+03 9.826553506876696265e-01
5.014380000000313885e+03 9.824418496270678203e-01
5.014390000000314103e+03 9.821786734999600199e-01
5.014400000000314321e+03 9.818762371668141586e-01
5.014410000000314540e+03 9.815325457554308075e-01
5.014420000000314758e+03 9.811420731607645163e-01
5.014430000000314976e+03 9.807015184403053976e-01
5.014440000000315194e+03 9.801956579335890929e-01
5.014450000000315413e+03 9.796268080892540642e-01
5.014460000000315631e+03 9.789884913196557070e-01
5.014470000000315849e+03 9.782561349278874330e-01
5.014480000000316068e+03 9.774176026355665403e-01
5.014490000000316286e+03 9.764546452326604564e-01
5.014500000000316504e+03 9.753470799155804505e-01
5.014510000000316722e+03 9.740501314648897235e-01
5.014520000000316941e+03 9.725234869304628660e-01
5.014530000000317159e+03 9.707135461252222042e-01
5.014540000000317377e+03 9.685091020386057403e-01
5.014550000000317596e+03 9.658059940601891880e-01
5.014560000000317814e+03 9.624741059953662026e-01
5.014570000000318032e+03 9.581626356846605352e-01
5.014580000000318250e+03 9.521983407704531777e-01
5.014590000000318469e+03 9.425777928621791313e-01
5.014600000000318687e+03 9.202720932355891170e-01
5.014610000000318905e+03 8.472187324778694961e-01
5.014620000000319124e+03 6.370473454603048369e-01
5.014630000000319342e+03 3.300465381191932113e-01
5.014640000000319560e+03 1.835641796902482414e-01
5.014650000000319778e+03 1.488878272344926479e-01
5.014660000000319997e+03 1.340861069355734070e-01
5.014670000000320215e+03 1.268242579348199395e-01
5.014680000000320433e+03 1.242409500807319378e-01
5.014690000000320651e+03 1.253424093209165591e-01
5.014700000000320870e+03 1.299466499772544137e-01
5.014710000000321088e+03 1.381828578781703065e-01
5.014720000000321306e+03 1.501668846049080963e-01
5.014730000000321525e+03 1.660919880633338619e-01
5.014740000000321743e+03 1.877616915623029903e-01
5.014750000000321961e+03 2.228807511010333642e-01
5.014760000000322179e+03 2.962950781793475263e-01
5.014770000000322398e+03 4.440655375997806797e-01
5.014780000000322616e+03 6.428549432916351725e-01
5.014790000000322834e+03 8.046494774815270423e-01
5.014800000000323053e+03 8.888515821298477171e-01
5.014810000000323271e+03 9.213877999666226781e-01
5.014820000000323489e+03 9.331591165008265021e-01
5.014830000000323707e+03 9.379848921258567840e-01
5.014840000000323926e+03 9.401370307472300958e-01
5.014850000000324144e+03 9.408431100300687078e-01
5.014860000000324362e+03 9.404787287301644705e-01
5.014870000000324580e+03 9.392154565110100162e-01
5.014880000000324799e+03 9.370543941835902668e-01
5.014890000000325017e+03 9.338403045746147546e-01
5.014900000000325235e+03 9.291725916647591843e-01
5.014910000000325454e+03 9.222585627725899959e-01
5.014920000000325672e+03 9.121525879857997898e-01
5.014930000000325890e+03 8.985300594500232885e-01
5.014940000000326108e+03 8.823399364830241121e-01
5.014950000000326327e+03 8.659094870383615694e-01
5.014960000000326545e+03 8.512621989226698549e-01
5.014970000000326763e+03 8.371255393084818808e-01
5.014980000000326982e+03 8.187532695657753212e-01
5.014990000000327200e+03 7.882894638807472765e-01
5.015000000000327418e+03 7.306311032549436257e-01
5.015010000000327636e+03 6.121005979899295513e-01
5.015020000000327855e+03 4.165115218810714337e-01
5.015030000000328073e+03 2.524629359219232594e-01
5.015040000000328291e+03 1.872640304656013888e-01
5.015050000000328509e+03 1.568116641285611790e-01
5.015060000000328728e+03 1.395160666303963681e-01
5.015070000000328946e+03 1.300931939455653719e-01
5.015080000000329164e+03 1.259289822352167021e-01
5.015090000000329383e+03 1.259680679212708820e-01
5.015100000000329601e+03 1.302162631182725572e-01
5.015110000000329819e+03 1.397288787795859799e-01
5.015120000000330037e+03 1.570518475886084619e-01
5.015130000000330256e+03 1.869613109926857031e-01
5.015140000000330474e+03 2.476875255019724553e-01
5.015150000000330692e+03 3.838185983839157434e-01
5.015160000000330911e+03 5.272618620826844404e-01
5.015170000000331129e+03 6.129344617032793652e-01
5.015180000000331347e+03 6.711955921995313989e-01
5.015190000000331565e+03 7.259376538629846998e-01
5.015200000000331784e+03 7.786042009070993641e-01
5.015210000000332002e+03 8.218093615083483794e-01
5.015220000000332220e+03 8.491515297162572917e-01
5.015230000000332439e+03 8.591165899531443273e-01
5.015240000000332657e+03 8.549538572606544262e-01
5.015250000000332875e+03 8.440489771572345923e-01
5.015260000000333093e+03 8.348293215290959468e-01
5.015270000000333312e+03 8.340449856479451585e-01
5.015280000000333530e+03 8.443996482520100821e-01
5.015290000000333748e+03 8.639738324837235028e-01
5.015300000000333966e+03 8.875132189826027140e-01
5.015310000000334185e+03 9.091368006988620465e-01
5.015320000000334403e+03 9.253410472034880874e-01
5.015330000000334621e+03 9.354530107415925944e-01
5.015340000000334840e+03 9.408469152105143340e-01
5.015350000000335058e+03 9.433414925432462850e-01
5.015360000000335276e+03 9.442610254639028922e-01
5.015370000000335494e+03 9.443646551092654828e-01
5.015380000000335713e+03 9.439730632911770281e-01
5.015390000000335931e+03 9.432024865675657788e-01
5.015400000000336149e+03 9.420670461702774778e-01
5.015410000000336368e+03 9.405574840546706561e-01
5.015420000000336586e+03 9.386612358262488298e-01
5.015430000000336804e+03 9.362963974941667100e-01
5.015440000000337022e+03 9.334050085156961885e-01
5.015450000000337241e+03 9.298996409990127887e-01
5.015460000000337459e+03 9.256812220944312664e-01
5.015470000000337677e+03 9.205724684388022494e-01
5.015480000000337895e+03 9.141675408194748220e-01
5.015490000000338114e+03 9.046270796210102993e-01
5.015500000000338332e+03 8.805844990170526021e-01
5.015510000000338550e+03 7.860210667510491023e-01
5.015520000000338769e+03 5.044595671531322267e-01
5.015530000000338987e+03 2.111426491415439310e-01
5.015540000000339205e+03 1.417956887188125681e-01
5.015550000000339423e+03 1.218187536637475865e-01
5.015560000000339642e+03 1.114391208552500540e-01
5.015570000000339860e+03 1.057482318251968395e-01
5.015580000000340078e+03 1.031651225673506644e-01
5.015590000000340297e+03 1.031741150506023247e-01
5.015600000000340515e+03 1.057184330476225453e-01
5.015610000000340733e+03 1.109540611673937444e-01
5.015620000000340951e+03 1.177124794963266552e-01
5.015630000000341170e+03 1.177040674173825130e-01
5.015640000000341388e+03 1.094734140043076009e-01
5.015650000000341606e+03 1.022519870503162259e-01
5.015660000000341824e+03 9.774492524498312740e-02
5.015670000000342043e+03 9.562484238942155212e-02
5.015680000000342261e+03 9.569134068775328461e-02
5.015690000000342479e+03 9.795632739140225365e-02
5.015700000000342698e+03 1.026818139953485781e-01
5.015710000000342916e+03 1.106499408158691244e-01
5.015720000000343134e+03 1.240476423802485684e-01
5.015730000000343352e+03 1.491681936175466572e-01
5.015740000000343571e+03 2.335495680160682153e-01
5.015750000000343789e+03 4.896506513219097134e-01
5.015760000000344007e+03 6.752702591887805861e-01
5.015770000000344226e+03 7.550861805802572269e-01
5.015780000000344444e+03 7.983379079021605262e-01
5.015790000000344662e+03 8.280146747785163130e-01
5.015800000000344880e+03 8.502773221488013622e-01
5.015810000000345099e+03 8.680452976373892460e-01
5.015820000000345317e+03 8.825761264301343889e-01
5.015830000000345535e+03 8.941570319924758703e-01
5.015840000000345754e+03 9.036877159588776465e-01
5.015850000000345972e+03 9.116177496904318556e-01
5.015860000000346190e+03 9.182564037464971962e-01
5.015870000000346408e+03 9.238427859448128387e-01
5.015880000000346627e+03 9.285680298767985397e-01
5.015890000000346845e+03 9.325828726851033146e-01
5.015900000000347063e+03 9.359967138579595725e-01
5.015910000000347281e+03 9.388995526767669464e-01
5.015920000000347500e+03 9.413534553846129027e-01
5.015930000000347718e+03 9.433615441729561457e-01
5.015940000000347936e+03 9.447160401061855950e-01
5.015950000000348155e+03 9.440964533133680003e-01
5.015960000000348373e+03 9.362009608484764822e-01
5.015970000000348591e+03 9.063665168416027429e-01
5.015980000000348809e+03 8.321460528952946412e-01
5.015990000000349028e+03 7.092870315982608975e-01
5.016000000000349246e+03 5.782648482819977565e-01
5.016010000000349464e+03 4.903835784637761708e-01
5.016020000000349683e+03 4.658288767045966061e-01
5.016030000000349901e+03 5.070788479893246770e-01
5.016040000000350119e+03 6.096478471459497728e-01
5.016050000000350337e+03 7.437384524311535516e-01
5.016060000000350556e+03 8.556723846175962045e-01
5.016070000000350774e+03 9.160096836316364843e-01
5.016080000000350992e+03 9.376363962577494160e-01
5.016090000000351210e+03 9.422618373978334239e-01
5.016100000000351429e+03 9.415963484133136330e-01
5.016110000000351647e+03 9.394506177445655082e-01
5.016120000000351865e+03 9.366471793678582403e-01
5.016130000000352084e+03 9.332915312633294214e-01
5.016140000000352302e+03 9.293128988514725020e-01
5.016150000000352520e+03 9.245950261371674861e-01
5.016160000000352738e+03 9.189916321987898762e-01
5.016170000000352957e+03 9.123044881015105467e-01
5.016180000000353175e+03 9.042798445028824572e-01
5.016190000000353393e+03 8.945489733402656185e-01
5.016200000000353612e+03 8.826327489223074751e-01
5.016210000000353830e+03 8.676586782431744416e-01
5.016220000000354048e+03 8.491443999118506447e-01
5.016230000000354266e+03 8.256616696899550245e-01
5.016240000000354485e+03 7.942687543744073597e-01
5.016250000000354703e+03 7.490567553342437623e-01
5.016260000000354921e+03 6.713202979216581490e-01
5.016270000000355139e+03 5.059362959767416124e-01
5.016280000000355358e+03 2.675832536756536095e-01
5.016290000000355576e+03 1.704422479483550523e-01
5.016300000000355794e+03 1.396147611269521471e-01
5.016310000000356013e+03 1.233469285980431096e-01
5.016320000000356231e+03 1.142719230747346049e-01
5.016330000000356449e+03 1.094550609049340095e-01
5.016340000000356667e+03 1.077712051051264719e-01
5.016350000000356886e+03 1.088879232376970402e-01
5.016360000000357104e+03 1.130222050512210419e-01
5.016370000000357322e+03 1.210924521897464856e-01
5.016380000000357541e+03 1.355440211765162883e-01
5.016390000000357759e+03 1.624091131806887356e-01
5.016400000000357977e+03 2.348952826516884085e-01
5.016410000000358195e+03 4.583479355505366004e-01
5.016420000000358414e+03 6.486418674313030319e-01
5.016430000000358632e+03 7.383558930611918703e-01
5.016440000000358850e+03 7.880460295053994813e-01
5.016450000000359069e+03 8.218274650482522148e-01
5.016460000000359287e+03 8.468697744857031084e-01
5.016470000000359505e+03 8.664637346860636358e-01
5.016480000000359723e+03 8.824529420572730931e-01
5.016490000000359942e+03 8.951755625408206463e-01
5.016500000000360160e+03 9.055994632360090391e-01
5.016510000000360378e+03 9.142573606031156874e-01
5.016520000000360596e+03 9.215341568300559061e-01
5.016530000000360815e+03 9.276922878595526001e-01
5.016540000000361033e+03 9.329546256560925510e-01
5.016550000000361251e+03 9.374663981505152455e-01
5.016560000000361470e+03 9.413728809324611868e-01
5.016570000000361688e+03 9.447684820946763429e-01
5.016580000000361906e+03 9.477329505575246005e-01
5.016590000000362124e+03 9.503171011158678683e-01
5.016600000000362343e+03 9.525806256231961200e-01
5.016610000000362561e+03 9.545506682476959659e-01
5.016620000000362779e+03 9.562250206927958018e-01
5.016630000000362998e+03 9.574831208363725477e-01
5.016640000000363216e+03 9.574391083548688952e-01
5.016650000000363434e+03 9.517084086179337099e-01
5.016660000000363652e+03 9.249669950085945835e-01
5.016670000000363871e+03 8.447702739273453831e-01
5.016680000000364089e+03 6.904277213577159067e-01
5.016690000000364307e+03 5.117884989806692486e-01
5.016700000000364525e+03 3.861583597487293629e-01
5.016710000000364744e+03 3.343820728170383560e-01
5.016720000000364962e+03 3.439488947418629095e-01
5.016730000000365180e+03 4.191157446659138364e-01
5.016740000000365399e+03 5.675909932107573441e-01
5.016750000000365617e+03 7.498645899088512978e-01
5.016760000000365835e+03 8.840686025725429387e-01
5.016770000000366053e+03 9.452136369481750622e-01
5.016780000000366272e+03 9.641519507694608082e-01
5.016790000000366490e+03 9.667396335081558378e-01
5.016800000000366708e+03 9.417280445478433126e-01
5.016810000000366927e+03 7.592736947849108020e-01
5.016820000000367145e+03 3.417943854261817904e-01
5.016830000000367363e+03 1.628011735235399271e-01
5.016840000000367581e+03 1.263732693621006098e-01
5.016850000000367800e+03 1.136903434754131109e-01
5.016860000000368018e+03 1.118689938926176602e-01
5.016870000000368236e+03 1.196198095820312224e-01
5.016880000000368454e+03 1.432306635211877954e-01
5.016890000000368673e+03 2.324506363947883569e-01
5.016900000000368891e+03 5.998623573107940699e-01
5.016910000000369109e+03 9.039361280993151171e-01
5.016920000000369328e+03 9.667534744245106504e-01
5.016930000000369546e+03 9.730378899345846211e-01
5.016940000000369764e+03 9.735698453565565513e-01
5.016950000000369982e+03 9.736949025473027319e-01
5.016960000000370201e+03 9.737786301925764887e-01
5.016970000000370419e+03 9.738258176463672200e-01
5.016980000000370637e+03 9.738525046602581892e-01
5.016990000000370856e+03 9.738602207734301519e-01
5.017000000000371074e+03 9.738534852873473868e-01
5.017010000000371292e+03 9.738372974412899952e-01
5.017020000000371510e+03 9.737966502734435315e-01
5.017030000000371729e+03 9.737354532621906866e-01
5.017040000000371947e+03 9.736649916578438146e-01
5.017050000000372165e+03 9.735796856454839165e-01
5.017060000000372384e+03 9.734818940149734257e-01
5.017070000000372602e+03 9.733633117595644757e-01
5.017080000000372820e+03 9.732204323599877860e-01
5.017090000000373038e+03 9.730026291619885415e-01
5.017100000000373257e+03 9.724280642308686939e-01
5.017110000000373475e+03 9.702809038136808173e-01
5.017120000000373693e+03 9.627352846224859206e-01
5.017130000000373911e+03 9.420043771372129671e-01
5.017140000000374130e+03 9.005549070001847012e-01
5.017150000000374348e+03 8.429657577006754998e-01
5.017160000000374566e+03 7.899079309564679408e-01
5.017170000000374785e+03 7.635206127752912630e-01
5.017180000000375003e+03 7.708087609996501222e-01
5.017190000000375221e+03 8.023593297178153172e-01
5.017200000000375439e+03 8.422779551208442461e-01
5.017210000000375658e+03 8.798725451122180186e-01
5.017220000000375876e+03 9.117301869003321402e-01
5.017230000000376094e+03 9.365435766257527161e-01
5.017240000000376313e+03 9.530749895267144334e-01
5.017250000000376531e+03 9.619575160467007668e-01
5.017260000000376749e+03 9.656361306672212041e-01
5.017270000000376967e+03 9.666358064403064443e-01
5.017280000000377186e+03 9.665136460844306887e-01
5.017290000000377404e+03 9.659735397048431205e-01
5.017300000000377622e+03 9.652316624378414200e-01
5.017310000000377840e+03 9.643885265246774363e-01
5.017320000000378059e+03 9.633987118509970138e-01
5.017330000000378277e+03 9.622552586741188740e-01
5.017340000000378495e+03 9.609043511874751919e-01
5.017350000000378714e+03 9.592462524663285528e-01
5.017360000000378932e+03 9.570530109801005381e-01
5.017370000000379150e+03 9.535146504498863695e-01
5.017380000000379368e+03 9.465193965703396772e-01
5.017390000000379587e+03 9.318556031301447051e-01
5.017400000000379805e+03 9.048525516744693187e-01
5.017410000000380023e+03 8.668697885666034608e-01
5.017420000000380242e+03 8.289652047328461837e-01
5.017430000000380460e+03 8.077621700100854341e-01
5.017440000000380678e+03 8.114380047599272228e-01
5.017450000000380896e+03 8.338741561525746526e-01
5.017460000000381115e+03 8.575646607306041114e-01
5.017470000000381333e+03 8.635401460854155165e-01
5.017480000000381551e+03 8.246915914550637661e-01
5.017490000000381769e+03 6.638002247132737121e-01
5.017500000000381988e+03 3.476497866948634052e-01
5.017510000000382206e+03 1.729812438843659761e-01
5.017520000000382424e+03 1.368788075191652853e-01
5.017530000000382643e+03 1.211401953032042178e-01
5.017540000000382861e+03 1.126591585260546119e-01
5.017550000000383079e+03 1.082797713027066483e-01
5.017560000000383297e+03 1.069121654934558074e-01
5.017570000000383516e+03 1.082809117497216533e-01
5.017580000000383734e+03 1.126614938377641373e-01
5.017590000000383952e+03 1.211438453477618887e-01
5.017600000000384171e+03 1.368840009766203458e-01
5.017610000000384389e+03 1.729835352388088554e-01
5.017620000000384607e+03 3.475204972071402887e-01
5.017630000000384825e+03 6.643952038501437229e-01
5.017640000000385044e+03 8.305925627056047755e-01
5.017650000000385262e+03 8.836223342359085242e-01
5.017660000000385480e+03 9.044007689412317808e-01
5.017670000000385699e+03 9.162213416139922684e-01
5.017680000000385917e+03 9.242632133532353578e-01
5.017690000000386135e+03 9.301509608543712115e-01
5.017700000000386353e+03 9.347051239138163270e-01
5.017710000000386572e+03 9.381307897210732216e-01
5.017720000000386790e+03 9.407010884610469414e-01
5.017730000000387008e+03 9.426059401412011374e-01
5.017740000000387226e+03 9.439613809960001323e-01
5.017750000000387445e+03 9.448052984958001943e-01
5.017760000000387663e+03 9.451710004160223111e-01
5.017770000000387881e+03 9.449957170245668614e-01
5.017780000000388100e+03 9.440955553928598309e-01
5.017790000000388318e+03 9.419626768635070979e-01
5.017800000000388536e+03 9.366179329595086811e-01
5.017810000000388754e+03 9.195021740549826905e-01
5.017820000000388973e+03 8.631603413610461351e-01
5.017830000000389191e+03 7.186611410598584548e-01
5.017840000000389409e+03 4.935693036939775569e-01
5.017850000000389628e+03 3.087812241910836142e-01
5.017860000000389846e+03 2.250101008840451611e-01
5.017870000000390064e+03 1.982630744689655444e-01
5.017880000000390282e+03 1.959896638046189077e-01
5.017890000000390501e+03 2.152429193523861528e-01
5.017900000000390719e+03 2.805032850967557612e-01
5.017910000000390937e+03 4.404562187420600905e-01
5.017920000000391155e+03 6.679944594629940724e-01
5.017930000000391374e+03 8.363206261682718523e-01
5.017940000000391592e+03 9.032254505134501565e-01
5.017950000000391810e+03 8.623778112276287988e-01
5.017960000000392029e+03 5.466193092873221637e-01
5.017970000000392247e+03 2.049353129129700413e-01
5.017980000000392465e+03 1.339974483893244528e-01
5.017990000000392683e+03 1.122203797945739018e-01
5.018000000000392902e+03 1.043126592213430986e-01
5.018010000000393120e+03 1.046125420105489118e-01
5.018020000000393338e+03 1.132567216137984750e-01
5.018030000000393557e+03 1.360064529223543872e-01
5.018040000000393775e+03 1.955618280283689669e-01
5.018050000000393993e+03 3.423060726168206669e-01
5.018060000000394211e+03 4.608092349924116093e-01
5.018070000000394430e+03 5.674336368561906374e-01
5.018080000000394648e+03 7.035916639704068443e-01
5.018090000000394866e+03 8.275099389247986270e-01
5.018100000000395084e+03 8.997226440708442352e-01
5.018110000000395303e+03 9.272656587617007506e-01
5.018120000000395521e+03 9.340973235455150014e-01
5.018130000000395739e+03 9.342736681455244829e-01
5.018140000000395958e+03 9.325699899241951529e-01
5.018150000000396176e+03 9.299566173675827274e-01
5.018160000000396394e+03 9.265644640600330106e-01
5.018170000000396612e+03 9.221343153510034307e-01
5.018180000000396831e+03 9.160156740330273051e-01
5.018190000000397049e+03 9.069272413334095173e-01
5.018200000000397267e+03 8.904890081677013791e-01
5.018210000000397486e+03 8.495475495875437488e-01
5.018220000000397704e+03 7.310300270767152719e-01
5.018230000000397922e+03 4.866595682634028419e-01
5.018240000000398140e+03 2.604884562689529504e-01
5.018250000000398359e+03 1.813425074926227343e-01
5.018260000000398577e+03 1.574597986733862476e-01
5.018270000000398795e+03 1.469002161000824425e-01
5.018280000000399014e+03 1.437430116432311111e-01
5.018290000000399232e+03 1.467739116659342036e-01
5.018300000000399450e+03 1.571553937725505001e-01
5.018310000000399668e+03 1.805997688064490125e-01
5.018320000000399887e+03 2.573836756330989406e-01
5.018330000000400105e+03 4.791935412371675085e-01
5.018340000000400323e+03 7.223110005581867554e-01
5.018350000000400541e+03 8.402259421608059275e-01
5.018360000000400760e+03 8.794475247396795758e-01
5.018370000000400978e+03 8.929912506341530776e-01
5.018380000000401196e+03 8.976681024068039472e-01
5.018390000000401415e+03 8.968361372062776393e-01
5.018400000000401633e+03 8.907535381296975974e-01
5.018410000000401851e+03 8.791333126957017186e-01
5.018420000000402069e+03 8.619414447980942029e-01
5.018430000000402288e+03 8.400068111589172881e-01
5.018440000000402506e+03 8.153934394041355560e-01
5.018450000000402724e+03 7.907338895389545153e-01
5.018460000000402943e+03 7.690600711994086680e-01
5.018470000000403161e+03 7.529237401837167720e-01
5.018480000000403379e+03 7.441281028796352670e-01
5.018490000000403597e+03 7.436005917733065074e-01
5.018500000000403816e+03 7.513605162654900527e-01
5.018510000000404034e+03 7.665358909506011509e-01
5.018520000000404252e+03 7.873862305664259820e-01
5.018530000000404470e+03 8.114373002432939685e-01
5.018540000000404689e+03 8.357436044976740419e-01
5.018550000000404907e+03 8.577716579858066792e-01
5.018560000000405125e+03 8.755869725470383225e-01
5.018570000000405344e+03 8.884667533346120027e-01
5.018580000000405562e+03 8.967306880865074659e-01
5.018590000000405780e+03 9.013267515967228194e-01
5.018600000000405998e+03 9.033541474160652340e-01
5.018610000000406217e+03 9.037489996728990116e-01
5.018620000000406435e+03 9.031951261406651055e-01
5.018630000000406653e+03 9.021151504205631166e-01
5.018640000000406872e+03 9.007454434919075492e-01
5.018650000000407090e+03 8.992056229133209566e-01
5.018660000000407308e+03 8.975499969057224581e-01
5.018670000000407526e+03 8.957889129489394753e-01
5.018680000000407745e+03 8.939500404133580158e-01
5.018690000000407963e+03 8.920171495362967384e-01
5.018700000000408181e+03 8.899866649632470761e-01
5.018710000000408400e+03 8.878490789147268636e-01
5.018720000000408618e+03 8.856011189324842769e-01
5.018730000000408836e+03 8.832153626197205565e-01
5.018740000000409054e+03 8.806802370898456633e-01
5.018750000000409273e+03 8.779744825685096288e-01
5.018760000000409491e+03 8.750896789531166231e-01
5.018770000000409709e+03 8.719716675365863923e-01
5.018780000000409927e+03 8.685921020775757562e-01
5.018790000000410146e+03 8.649030257195197136e-01
5.018800000000410364e+03 8.608397861410296281e-01
5.018810000000410582e+03 8.563143962743102744e-01
5.018820000000410801e+03 8.512181310827688918e-01
5.018830000000411019e+03 8.453912199649473713e-01
5.018840000000411237e+03 8.386185435401894983e-01
5.018850000000411455e+03 8.304525084498837195e-01
5.018860000000411674e+03 8.207133443364222902e-01
5.018870000000411892e+03 8.084832674528684704e-01
5.018880000000412110e+03 7.919882312857469131e-01
5.018890000000412329e+03 7.665710078322189869e-01
5.018900000000412547e+03 7.130674359492176206e-01
5.018910000000412765e+03 5.655641830786592994e-01
5.018920000000412983e+03 3.088968844616150622e-01
5.018930000000413202e+03 1.809000928427376420e-01
5.018940000000413420e+03 1.465903367381241051e-01
5.018950000000413638e+03 1.298507153435021766e-01
5.018960000000413856e+03 1.211096373413348554e-01
5.018970000000414075e+03 1.171966063061715413e-01
5.018980000000414293e+03 1.169995831884379500e-01
5.018990000000414511e+03 1.204577312057226179e-01
5.019000000000414730e+03 1.285104593703421394e-01
5.019010000000414948e+03 1.438813566065208771e-01
5.019020000000415166e+03 1.740010635986939114e-01
5.019030000000415384e+03 2.696533012639981131e-01
5.019040000000415603e+03 4.848341884630750220e-01
5.019050000000415821e+03 6.120459846621126854e-01
5.019060000000416039e+03 6.416745354811008717e-01
5.019070000000416258e+03 6.432730804228137256e-01
5.019080000000416476e+03 6.419727100907716144e-01
5.019090000000416694e+03 6.447661037360257197e-01
5.019100000000416912e+03 6.535071997892299978e-01
5.019110000000417131e+03 6.675756256280860335e-01
5.019120000000417349e+03 6.837668622375531191e-01
5.019130000000417567e+03 6.973130619318287371e-01
5.019140000000417785e+03 7.034108686126966381e-01
5.019150000000418004e+03 7.002533303022853151e-01
5.019160000000418222e+03 6.906285851264174491e-01
5.019170000000418440e+03 6.803688705556101279e-01
5.019180000000418659e+03 6.749435870330187104e-01
5.019190000000418877e+03 6.767499770608061960e-01
5.019200000000419095e+03 6.844970628424749126e-01
5.019210000000419313e+03 6.944279224574321230e-01
5.019220000000419532e+03 7.025704763789223373e-01
5.019230000000419750e+03 7.066368627839885175e-01
5.019240000000419968e+03 7.064553413912610935e-01
5.019250000000420187e+03 7.031045165885679848e-01
5.019260000000420405e+03 6.978442679983544172e-01
5.019270000000420623e+03 6.915610037280439659e-01
5.019280000000420841e+03 6.847161873454822301e-01
5.019290000000421060e+03 6.775062365432554801e-01
5.019300000000421278e+03 6.701006892310220620e-01
5.019310000000421496e+03 6.622956490082525516e-01
5.019320000000421715e+03 6.542230995322446674e-01
5.019330000000421933e+03 6.458666199452914869e-01
5.019340000000422151e+03 6.372111655654002504e-01
5.019350000000422369e+03 6.281594040254059319e-01
5.019360000000422588e+03 6.182163152803552553e-01
5.019370000000422806e+03 6.054299974525203520e-01
5.019380000000423024e+03 5.845106198024921929e-01
5.019390000000423242e+03 5.474195139616686578e-01
5.019400000000423461e+03 4.921193165072549336e-01
5.019410000000423679e+03 4.339765072179598282e-01
5.019420000000423897e+03 3.944196167853418200e-01
5.019430000000424116e+03 3.846205640950234872e-01
5.019440000000424334e+03 4.031846083151979787e-01
5.019450000000424552e+03 4.382033873450543182e-01
5.019460000000424770e+03 4.696646501177170197e-01
5.019470000000424989e+03 4.837297979258530223e-01
5.019480000000425207e+03 4.818662511318780872e-01
5.019490000000425425e+03 4.719664241336187227e-01
5.019500000000425644e+03 4.590504919978825593e-01
5.019510000000425862e+03 4.445540960439233746e-01
5.019520000000426080e+03 4.279781513891277589e-01
5.019530000000426298e+03 4.090682129380689425e-01
5.019540000000426517e+03 3.891744394830460307e-01
5.019550000000426735e+03 3.712355087754924954e-01
5.019560000000426953e+03 3.576360134866299889e-01
5.019570000000427171e+03 3.479919543441796770e-01
5.019580000000427390e+03 3.394383451426954967e-01
5.019590000000427608e+03 3.298656434490792044e-01
5.019600000000427826e+03 3.178290548644700508e-01
5.019610000000428045e+03 3.024988096045906349e-01
5.019620000000428263e+03 2.795159485846097080e-01
5.019630000000428481e+03 2.412206233217585871e-01
5.019640000000428699e+03 1.967152518137490202e-01
5.019650000000428918e+03 1.654438776610873685e-01
5.019660000000429136e+03 1.472940051894237046e-01
5.019670000000429354e+03 1.379318440553068958e-01
5.019680000000429573e+03 1.346445259921867366e-01
5.019690000000429791e+03 1.364033049665289155e-01
5.019700000000430009e+03 1.434390645357650484e-01
5.019710000000430227e+03 1.563491284824923833e-01
5.019720000000430446e+03 1.723035420391898498e-01
5.019730000000430664e+03 1.809473434886537946e-01
5.019740000000430882e+03 1.786155435690036930e-01
5.019750000000431100e+03 1.712518160457401906e-01
5.019760000000431319e+03 1.613467376795770791e-01
5.019770000000431537e+03 1.473961613178544627e-01
5.019780000000431755e+03 1.306076485824109179e-01
5.019790000000431974e+03 1.159081782902913749e-01
5.019800000000432192e+03 1.052688159162986220e-01
5.019810000000432410e+03 9.806077483830663577e-02
5.019820000000432628e+03 9.352955472919893820e-02
5.019830000000432847e+03 9.129359879812033729e-02
5.019840000000433065e+03 9.121174554032376869e-02
5.019850000000433283e+03 9.327872919345724101e-02
5.019860000000433502e+03 9.763107307725384099e-02
5.019870000000433720e+03 1.046293445129819338e-01
5.019880000000433938e+03 1.150253949207988152e-01
5.019890000000434156e+03 1.295619559709584867e-01
5.019900000000434375e+03 1.466812500735978353e-01
5.019910000000434593e+03 1.616835775091964578e-01
5.019920000000434811e+03 1.728013614219650051e-01
5.019930000000435030e+03 1.819530776155882656e-01
5.019940000000435248e+03 1.902335222415043881e-01
5.019950000000435466e+03 1.980164555093343326e-01
5.019960000000435684e+03 2.055071915814944417e-01
5.019970000000435903e+03 2.125380329868745422e-01
5.019980000000436121e+03 2.176978407557878803e-01
5.019990000000436339e+03 2.203479660924890227e-01
