# Wavelength (Å) Flux
5.000000000000000000e+03 1.154130734220172094e+00
5.000010000000000218e+03 1.029233287477943071e+00
5.000020000000000437e+03 1.005784789746853924e+00
5.000030000000000655e+03 1.003582260267168680e+00
5.000040000000000873e+03 1.002999265923022465e+00
5.000050000000001091e+03 1.002394243144640873e+00
5.000060000000001310e+03 1.002003880703025818e+00
5.000070000000001528e+03 1.001697903126123723e+00
5.000080000000001746e+03 1.001452262056372167e+00
5.000090000000001965e+03 1.001248373669015423e+00
5.000100000000002183e+03 1.001072800753029401e+00
5.000110000000002401e+03 1.000924692358483581e+00
5.000120000000002619e+03 1.000800707122046607e+00
5.000130000000002838e+03 1.000709956269654421e+00
5.000140000000003056e+03 1.000647148691056421e+00
5.000150000000003274e+03 1.000598650258714084e+00
5.000160000000003492e+03 1.000553644585934876e+00
5.000170000000003711e+03 1.000509417681541446e+00
5.000180000000003929e+03 1.000467739393424260e+00
5.000190000000004147e+03 1.000430166807425580e+00
5.000200000000004366e+03 1.000396900748299123e+00
5.000210000000004584e+03 1.000367819686325488e+00
5.000220000000004802e+03 1.000342329932955021e+00
5.000230000000005020e+03 1.000319994609178309e+00
5.000240000000005239e+03 1.000300436652215019e+00
5.000250000000005457e+03 1.000283347591409466e+00
5.000260000000005675e+03 1.000268467097354508e+00
5.000270000000005894e+03 1.000255577751438363e+00
5.000280000000006112e+03 1.000244478966531680e+00
5.000290000000006330e+03 1.000235053857880585e+00
5.000300000000006548e+03 1.000227157048611870e+00
5.000310000000006767e+03 1.000220682602801503e+00
5.000320000000006985e+03 1.000215529185903396e+00
5.000330000000007203e+03 1.000211701688417776e+00
5.000340000000007421e+03 1.000209064647140655e+00
5.000350000000007640e+03 1.000207562082446433e+00
5.000360000000007858e+03 1.000207214227704755e+00
5.000370000000008076e+03 1.000207957832899952e+00
5.000380000000008295e+03 1.000209825698927135e+00
5.000390000000008513e+03 1.000212771444940918e+00
5.000400000000008731e+03 1.000216825302733481e+00
5.000410000000008949e+03 1.000222000768509201e+00
5.000420000000009168e+03 1.000228348793231303e+00
5.000430000000009386e+03 1.000235788988023122e+00
5.000440000000009604e+03 1.000244033058261151e+00
5.000450000000009823e+03 1.000250842282934594e+00
5.000460000000010041e+03 1.000246538438760435e+00
5.000470000000010259e+03 1.000205250167019777e+00
5.000480000000010477e+03 1.000090699504447178e+00
5.000490000000010696e+03 9.999044733637175719e-01
5.000500000000010914e+03 9.997557674125628902e-01
5.000510000000011132e+03 9.997456531258546164e-01
5.000520000000011350e+03 9.999144874476841860e-01
5.000530000000011569e+03 1.000149338471683080e+00
5.000540000000011787e+03 1.000331797691725866e+00
5.000550000000012005e+03 1.000434935043951201e+00
5.000560000000012224e+03 1.000490658282244816e+00
5.000570000000012442e+03 1.000530597686920986e+00
5.000580000000012660e+03 1.000568935561281236e+00
5.000590000000012878e+03 1.000609310640175664e+00
5.000600000000013097e+03 1.000652125069251053e+00
5.000610000000013315e+03 1.000696146008851040e+00
5.000620000000013533e+03 1.000739421476158020e+00
5.000630000000013752e+03 1.000836902320225041e+00
5.000640000000013970e+03 1.000875465363471717e+00
5.000650000000014188e+03 1.000915569531561689e+00
5.000660000000014406e+03 1.000957265119465589e+00
5.000670000000014625e+03 1.000990417437995772e+00
5.000680000000014843e+03 1.000997744228890429e+00
5.000690000000015061e+03 1.000955206192771563e+00
5.000700000000015280e+03 1.000833222959949032e+00
5.000710000000015498e+03 1.000581566839951586e+00
5.000720000000015716e+03 1.000112585393729603e+00
5.000730000000015934e+03 9.992718021374092929e-01
5.000740000000016153e+03 9.977518340700283206e-01
5.000750000000016371e+03 9.954438134214836920e-01
5.000760000000016589e+03 9.901070708095839334e-01
5.000770000000016807e+03 9.834537392960281954e-01
5.000780000000017026e+03 9.905279357033480725e-01
5.000790000000017244e+03 8.739639480913197200e-01
5.000800000000017462e+03 1.680559824979986350e-01
5.000810000000017681e+03 3.530234242121604166e-02
5.000820000000017899e+03 2.020879565033265740e-02
5.000830000000018117e+03 1.191593492898332732e-02
5.000840000000018335e+03 8.883834876410501638e-03
5.000850000000018554e+03 8.039374968970313881e-03
5.000860000000018772e+03 8.060492160892294977e-03
5.000870000000018990e+03 8.981341466531489112e-03
5.000880000000019209e+03 1.223110743335333733e-02
5.000890000000019427e+03 2.092787259983724252e-02
5.000900000000019645e+03 3.641095816848093081e-02
5.000910000000019863e+03 1.622548607479416261e-01
5.000920000000020082e+03 7.605661270236339089e-01
5.000930000000020300e+03 9.054180849557242894e-01
5.000940000000020518e+03 9.530020681109413472e-01
5.000950000000020736e+03 9.818214176759085809e-01
5.000960000000020955e+03 9.934999900449742460e-01
5.000970000000021173e+03 9.972124131341386644e-01
5.000980000000021391e+03 9.989866361562319552e-01
5.000990000000021610e+03 9.999150071151864383e-01
5.001000000000021828e+03 1.000431035720428019e+00
5.001010000000022046e+03 1.000714955933953432e+00
5.001020000000022264e+03 1.000862827246033371e+00
5.001030000000022483e+03 1.000929149624703474e+00
5.001040000000022701e+03 1.000945521440107955e+00
5.001050000000022919e+03 1.000932488071539561e+00
5.001060000000023138e+03 1.000902286862999757e+00
5.001070000000023356e+03 1.000862570395435691e+00
5.001080000000023574e+03 1.000818128016874864e+00
5.001090000000023792e+03 1.000771934269191865e+00
5.001100000000024011e+03 1.000657839012540462e+00
5.001110000000024229e+03 1.000613737256208280e+00
5.001120000000024447e+03 1.000571502831503423e+00
5.001130000000024665e+03 1.000531586541108409e+00
5.001140000000024884e+03 1.000493881233738724e+00
5.001150000000025102e+03 1.000458535961567197e+00
5.001160000000025320e+03 1.000425465425924809e+00
5.001170000000025539e+03 1.000394512004694869e+00
5.001180000000025757e+03 1.000366035614713267e+00
5.001190000000025975e+03 1.000339473046785388e+00
5.001200000000026193e+03 1.000314555194855348e+00
5.001210000000026412e+03 1.000291251231353540e+00
5.001220000000026630e+03 1.000269496941229130e+00
5.001230000000026848e+03 1.000249165953561503e+00
5.001240000000027067e+03 1.000230137395536234e+00
5.001250000000027285e+03 1.000212315256401530e+00
5.001260000000027503e+03 1.000195585063445858e+00
5.001270000000027721e+03 1.000179869974436198e+00
5.001280000000027940e+03 1.000165049874547796e+00
5.001290000000028158e+03 1.000151115534191781e+00
5.001300000000028376e+03 1.000137927623796275e+00
5.001310000000028595e+03 1.000125437994375810e+00
5.001320000000028813e+03 1.000113599153204191e+00
5.001330000000029031e+03 1.000188641215858931e+00
5.001340000000029249e+03 1.000178777376926176e+00
5.001350000000029468e+03 1.000169246646265275e+00
5.001360000000029686e+03 1.000160180916638719e+00
5.001370000000029904e+03 1.000151521640928021e+00
5.001380000000030122e+03 1.000088334962209169e+00
5.001390000000030341e+03 1.000080954186565174e+00
5.001400000000030559e+03 1.000073912125885922e+00
5.001410000000030777e+03 1.000066960298029439e+00
5.001420000000030996e+03 1.000064148282353349e+00
5.001430000000031214e+03 1.000057836877755069e+00
5.001440000000031432e+03 1.000051574434397184e+00
5.001450000000031650e+03 1.000045289237113888e+00
5.001460000000031869e+03 1.000039391511480247e+00
5.001470000000032087e+03 1.000033267987423757e+00
5.001480000000032305e+03 1.000026820963200835e+00
5.001490000000032524e+03 1.000020617711589566e+00
5.001500000000032742e+03 1.000014187151960110e+00
5.001510000000032960e+03 1.000011963778532520e+00
5.001520000000033178e+03 1.000005527143750683e+00
5.001530000000033397e+03 9.999980811495348121e-01
5.001540000000033615e+03 9.999895341238548285e-01
5.001550000000033833e+03 9.999756683995765227e-01
5.001560000000034051e+03 9.999642703360407392e-01
5.001570000000034270e+03 9.998741895879682540e-01
5.001580000000034488e+03 9.996809369587889016e-01
5.001590000000034706e+03 9.993968699175912462e-01
5.001600000000034925e+03 9.991547433049778881e-01
5.001610000000035143e+03 9.991227446566357528e-01
5.001620000000035361e+03 9.993177439128829720e-01
5.001630000000035579e+03 9.995816802653963995e-01
5.001640000000035798e+03 9.997658644067023426e-01
5.001650000000036016e+03 9.998415479051349086e-01
5.001660000000036234e+03 9.998476901119235372e-01
5.001670000000036453e+03 9.998208491138457221e-01
5.001680000000036671e+03 9.997576923897668610e-01
5.001690000000036889e+03 9.995902065886074217e-01
5.001700000000037107e+03 9.991406836797808166e-01
5.001710000000037326e+03 9.981650502882953857e-01
5.001720000000037544e+03 9.967056721405134212e-01
5.001730000000037762e+03 9.952136817262495772e-01
5.001740000000037980e+03 9.956448711237051441e-01
5.001750000000038199e+03 1.013000431025979919e+00
5.001760000000038417e+03 1.139198943294550403e+00
5.001770000000038635e+03 5.886165074371628725e-01
5.001780000000038854e+03 5.544885134457228082e-02
5.001790000000039072e+03 2.773265078717972523e-02
5.001800000000039290e+03 1.688037704087009400e-02
5.001810000000039508e+03 1.167667128422342042e-02
5.001820000000039727e+03 9.919349555816048616e-03
5.001830000000039945e+03 9.919420319388166929e-03
5.001840000000040163e+03 1.167690861502827110e-02
5.001850000000040382e+03 1.688088529537593377e-02
5.001860000000040600e+03 2.773365264661305923e-02
5.001870000000040818e+03 5.545318528293171484e-02
5.001880000000041036e+03 5.890943197061202508e-01
5.001890000000041255e+03 1.141709672581202151e+00
5.001900000000041473e+03 1.016878818184998146e+00
5.001910000000041691e+03 1.000419949220224147e+00
5.001920000000041910e+03 9.996228486577269923e-01
5.001930000000042128e+03 9.997500555074316786e-01
5.001940000000042346e+03 9.997725876452838722e-01
5.001950000000042564e+03 9.998369363403852850e-01
5.001960000000042783e+03 9.998948659586951448e-01
5.001970000000043001e+03 9.999480348141119856e-01
5.001980000000043219e+03 9.999984268993009628e-01
5.001990000000043437e+03 1.000047987500439328e+00
5.002000000000043656e+03 1.000098096798669900e+00
5.002010000000043874e+03 1.000152185346245837e+00
5.002020000000044092e+03 1.000214798275751216e+00
5.002030000000044311e+03 1.000294138206869299e+00
5.002040000000044529e+03 1.000415082800210964e+00
5.002050000000044747e+03 1.000669940296847749e+00
5.002060000000044965e+03 1.001372832859225959e+00
5.002070000000045184e+03 1.003351928148640049e+00
5.002080000000045402e+03 1.008192839159944842e+00
5.002090000000045620e+03 1.017666199033146590e+00
5.002100000000045839e+03 1.031637063499069029e+00
5.002110000000046057e+03 1.046518984938479946e+00
5.002120000000046275e+03 1.056311334110888733e+00
5.002130000000046493e+03 1.056793917391994908e+00
5.002140000000046712e+03 1.047796710566565981e+00
5.002150000000046930e+03 1.033281632129056327e+00
5.002160000000047148e+03 1.019259156271964173e+00
5.002170000000047366e+03 1.009756129092906907e+00
5.002180000000047585e+03 1.006827820415400199e+00
5.002190000000047803e+03 1.024946701162818830e+00
5.002200000000048021e+03 1.149058553546811634e+00
5.002210000000048240e+03 1.288557697932270596e+00
5.002220000000048458e+03 7.087129189335729107e-01
5.002230000000048676e+03 2.449887548092598843e-01
5.002240000000048894e+03 8.245112478015352575e-02
5.002250000000049113e+03 4.814939816087621116e-02
5.002260000000049331e+03 4.198601467888311845e-02
5.002270000000049549e+03 4.243179408101174083e-02
5.002280000000049768e+03 5.044908744164283004e-02
5.002290000000049986e+03 9.219111395733790848e-02
5.002300000000050204e+03 2.351622676301856618e-01
5.002310000000050422e+03 4.352766752370831882e-01
5.002320000000050641e+03 4.974161152302253863e-01
5.002330000000050859e+03 4.625233249929290857e-01
5.002340000000051077e+03 4.504248553782895792e-01
5.002350000000051296e+03 4.814858967257382161e-01
5.002360000000051514e+03 5.621126856828745355e-01
5.002370000000051732e+03 6.931374024366316888e-01
5.002380000000051950e+03 8.580978849094219596e-01
5.002390000000052169e+03 1.006386391056983243e+00
5.002400000000052387e+03 1.086276688837603865e+00
5.002410000000052605e+03 1.083569557417944029e+00
5.002420000000052823e+03 1.006552199221621535e+00
5.002430000000053042e+03 8.811424911608084498e-01
5.002440000000053260e+03 7.591748481516151781e-01
5.002450000000053478e+03 6.863918914241906588e-01
5.002460000000053697e+03 6.821373420849947689e-01
5.002470000000053915e+03 7.476519228009435025e-01
5.002480000000054133e+03 8.659581755260535862e-01
5.002490000000054351e+03 9.938159421673115057e-01
5.002500000000054570e+03 1.077485737035073443e+00
5.002510000000054788e+03 1.093014486455295309e+00
5.002520000000055006e+03 1.067800909867562709e+00
5.002530000000055225e+03 1.036981341552148939e+00
5.002540000000055443e+03 1.016485767723530387e+00
5.002550000000055661e+03 1.006433094452391153e+00
5.002560000000055879e+03 1.002364676518758824e+00
5.002570000000056098e+03 1.000971757496351255e+00
5.002580000000056316e+03 1.000556084168999549e+00
5.002590000000056534e+03 1.000443358304399455e+00
5.002600000000056752e+03 1.000409615033929667e+00
5.002610000000056971e+03 1.000392868058728402e+00
5.002620000000057189e+03 1.000383719479714495e+00
5.002630000000057407e+03 1.000385857021359515e+00
5.002640000000057626e+03 1.000398609220961799e+00
5.002650000000057844e+03 1.000436650799641169e+00
5.002660000000058062e+03 1.000450331898472545e+00
5.002670000000058280e+03 1.000460255707100288e+00
5.002680000000058499e+03 1.000468345070105292e+00
5.002690000000058717e+03 1.000476267474128766e+00
5.002700000000058935e+03 1.000484796245643349e+00
5.002710000000059154e+03 1.000433882305016953e+00
5.002720000000059372e+03 1.000445810380636180e+00
5.002730000000059590e+03 1.000458823549320364e+00
5.002740000000059808e+03 1.000473282842331502e+00
5.002750000000060027e+03 1.000489947333928376e+00
5.002760000000060245e+03 1.000510285446668091e+00
5.002770000000060463e+03 1.000539773307753011e+00
5.002780000000060681e+03 1.000601577692723509e+00
5.002790000000060900e+03 1.000787639820862607e+00
5.002800000000061118e+03 1.001399596924095192e+00
5.002810000000061336e+03 1.003228946469833627e+00
5.002820000000061555e+03 1.007863913080319529e+00
5.002830000000061773e+03 1.017509022162338628e+00
5.002840000000061991e+03 1.033599217873796494e+00
5.002850000000062209e+03 1.054521337608056442e+00
5.002860000000062428e+03 1.074711790454129678e+00
5.002870000000062646e+03 1.086651792551835083e+00
5.002880000000062864e+03 1.085557005912187511e+00
5.002890000000063083e+03 1.071846237811096447e+00
5.002900000000063301e+03 1.051126723645141592e+00
5.002910000000063519e+03 1.030733569290889662e+00
5.002920000000063737e+03 1.015707348946149446e+00
5.002930000000063956e+03 1.007045988849141427e+00
5.002940000000064174e+03 1.003038296533904195e+00
5.002950000000064392e+03 1.001523206732476412e+00
5.002960000000064611e+03 1.001050201870080425e+00
5.002970000000064829e+03 1.000931157098264190e+00
5.002980000000065047e+03 1.000891056320157402e+00
5.002990000000065265e+03 1.000900072344690361e+00
5.003000000000065484e+03 1.000917331865385895e+00
5.003010000000065702e+03 1.000938644762134233e+00
5.003020000000065920e+03 1.000962293489775723e+00
5.003030000000066138e+03 1.000988669260260089e+00
5.003040000000066357e+03 1.001015743595032204e+00
5.003050000000066575e+03 1.001046215668400796e+00
5.003060000000066793e+03 1.001078689608138506e+00
5.003070000000067012e+03 1.001111905741187691e+00
5.003080000000067230e+03 1.001148539118168479e+00
5.003090000000067448e+03 1.001187235803404629e+00
5.003100000000067666e+03 1.001228141475454025e+00
5.003110000000067885e+03 1.001271351605151239e+00
5.003120000000068103e+03 1.001316830064299168e+00
5.003130000000068321e+03 1.001364981166239509e+00
5.003140000000068540e+03 1.001414466539287895e+00
5.003150000000068758e+03 1.001467245908182591e+00
5.003160000000068976e+03 1.001505900602035481e+00
5.003170000000069194e+03 1.001558867027688704e+00
5.003180000000069413e+03 1.001605297339856593e+00
5.003190000000069631e+03 1.001601628538656197e+00
5.003200000000069849e+03 1.001296474432647576e+00
5.003210000000070067e+03 9.996304071068822239e-01
5.003220000000070286e+03 9.936423663697809827e-01
5.003230000000070504e+03 9.789733618603140286e-01
5.003240000000070722e+03 9.554267042418070899e-01
5.003250000000070941e+03 9.328881660701139333e-01
5.003260000000071159e+03 9.260692571984676658e-01
5.003270000000071377e+03 9.403032100266850435e-01
5.003280000000071595e+03 9.668696375038998703e-01
5.003290000000071814e+03 9.925529824296478454e-01
5.003300000000072032e+03 1.013657737598195441e+00
5.003310000000072250e+03 1.036171954514642390e+00
5.003320000000072469e+03 1.065528406594976385e+00
5.003330000000072687e+03 1.098480177704195704e+00
5.003340000000072905e+03 1.124002369784010247e+00
5.003350000000073123e+03 1.131044970578769737e+00
5.003360000000073342e+03 1.116655866681967035e+00
5.003370000000073560e+03 1.087160886171858021e+00
5.003380000000073778e+03 1.055360664552331906e+00
5.003390000000073996e+03 1.030811087273967752e+00
5.003400000000074215e+03 1.016440029725997896e+00
5.003410000000074433e+03 1.009608539753817480e+00
5.003420000000074651e+03 1.006793636591448715e+00
5.003430000000074870e+03 1.005689227652239781e+00
5.003440000000075088e+03 1.005260972386928353e+00
5.003450000000075306e+03 1.005098809030716689e+00
5.003460000000075524e+03 1.005074273011234531e+00
5.003470000000075743e+03 1.005136883095960165e+00
5.003480000000075961e+03 1.005261281414980612e+00
5.003490000000076179e+03 1.005432798529377836e+00
5.003500000000076398e+03 1.005645498468624943e+00
5.003510000000076616e+03 1.005900095886117729e+00
5.003520000000076834e+03 1.006194067763687361e+00
5.003530000000077052e+03 1.006528430954712228e+00
5.003540000000077271e+03 1.006905523080812159e+00
5.003550000000077489e+03 1.007324573246982879e+00
5.003560000000077707e+03 1.007798091603916868e+00
5.003570000000077926e+03 1.008327675379374622e+00
5.003580000000078144e+03 1.008920314068463275e+00
5.003590000000078362e+03 1.009583264246416201e+00
5.003600000000078580e+03 1.010328853849718156e+00
5.003610000000078799e+03 1.011167901484709253e+00
5.003620000000079017e+03 1.012114924206759969e+00
5.003630000000079235e+03 1.013187100873261581e+00
5.003640000000079453e+03 1.014404753560447459e+00
5.003650000000079672e+03 1.015792116747633367e+00
5.003660000000079890e+03 1.017376609882505445e+00
5.003670000000080108e+03 1.019187544226347830e+00
5.003680000000080327e+03 1.021253795905703088e+00
5.003690000000080545e+03 1.023601508630956891e+00
5.003700000000080763e+03 1.026257812455852791e+00
5.003710000000080981e+03 1.029246544695090693e+00
5.003720000000081200e+03 1.032508878608701552e+00
5.003730000000081418e+03 1.036232635254706880e+00
5.003740000000081636e+03 1.038680514834318114e+00
5.003750000000081855e+03 1.041987439687886319e+00
5.003760000000082073e+03 1.062421556728354144e+00
5.003770000000082291e+03 9.767428079594003831e-01
5.003780000000082509e+03 2.547525581670994077e-01
5.003790000000082728e+03 4.239516693450352119e-02
5.003800000000082946e+03 2.591311565677396553e-02
5.003810000000083164e+03 1.642401658913922660e-02
5.003820000000083382e+03 1.187837150205180506e-02
5.003830000000083601e+03 1.036730833665985840e-02
5.003840000000083819e+03 1.060748832958661320e-02
5.003850000000084037e+03 1.282881330250734350e-02
5.003860000000084256e+03 1.869795606751328138e-02
5.003870000000084474e+03 2.980662916415120073e-02
5.003880000000084692e+03 5.835487313791767883e-02
5.003890000000084910e+03 4.452337704344719316e-01
5.003900000000085129e+03 1.064578724186292957e+00
5.003910000000085347e+03 1.051661425069039923e+00
5.003920000000085565e+03 1.041044706406513365e+00
5.003930000000085784e+03 1.038750893241146445e+00
5.003940000000086002e+03 1.036361668957410664e+00
5.003950000000086220e+03 1.032532350852306990e+00
5.003960000000086438e+03 1.029001267148339727e+00
5.003970000000086657e+03 1.025785270711598862e+00
5.003980000000086875e+03 1.023451984891198707e+00
5.003990000000087093e+03 1.022219358211035933e+00
5.004000000000087311e+03 1.021716841012198618e+00
5.004010000000087530e+03 1.021440120195906243e+00
5.004020000000087748e+03 1.021209008578466415e+00
5.004030000000087966e+03 1.021133789739918196e+00
5.004040000000088185e+03 1.021379842152594364e+00
5.004050000000088403e+03 1.022076251855963847e+00
5.004060000000088621e+03 1.023320080001257848e+00
5.004070000000088839e+03 1.025469101301126784e+00
5.004080000000089058e+03 1.028444789289324479e+00
5.004090000000089276e+03 1.034076224885326800e+00
5.004100000000089494e+03 1.058641696146353617e+00
5.004110000000089713e+03 1.197089132885519103e+00
5.004120000000089931e+03 7.813131097619946397e-01
5.004130000000090149e+03 1.348295686866158027e-01
5.004140000000090367e+03 3.872768214172303547e-02
5.004150000000090586e+03 2.694460422965563873e-02
5.004160000000090804e+03 2.014556065250603864e-02
5.004170000000091022e+03 1.716137968201048719e-02
5.004180000000091241e+03 1.727953987977927375e-02
5.004190000000091459e+03 2.053901216332473800e-02
5.004200000000091677e+03 2.767481944730773580e-02
5.004210000000091895e+03 4.016298193542396089e-02
5.004220000000092114e+03 1.594231498455638552e-01
5.004230000000092332e+03 8.631123339263474525e-01
5.004240000000092550e+03 1.185602088804258658e+00
5.004250000000092768e+03 1.052584633701686645e+00
5.004260000000092987e+03 1.030075152128034244e+00
5.004270000000093205e+03 1.023847570628467096e+00
5.004280000000093423e+03 1.020006722149037870e+00
5.004290000000093642e+03 1.016904409085523708e+00
5.004300000000093860e+03 1.014591884868389471e+00
5.004310000000094078e+03 1.012755684181647409e+00
5.004320000000094296e+03 1.011270935362198253e+00
5.004330000000094515e+03 1.010050659301139131e+00
5.004340000000094733e+03 1.009033909319003719e+00
5.004350000000094951e+03 1.008176394982731372e+00
5.004360000000095170e+03 1.007445349478460095e+00
5.004370000000095388e+03 1.006816126840164305e+00
5.004380000000095606e+03 1.006269895798211467e+00
5.004390000000095824e+03 1.005791950607960894e+00
5.004400000000096043e+03 1.005370995182981453e+00
5.004410000000096261e+03 1.004997821825209581e+00
5.004420000000096479e+03 1.004665071048387093e+00
5.004430000000096697e+03 1.004366838351766100e+00
5.004440000000096916e+03 1.004098201666475010e+00
5.004450000000097134e+03 1.003855271345532651e+00
5.004460000000097352e+03 1.003634603781494272e+00
5.004470000000097571e+03 1.003433283456630631e+00
5.004480000000097789e+03 1.003249199899324262e+00
5.004490000000098007e+03 1.003080223053506970e+00
5.004500000000098225e+03 1.002924654465773724e+00
5.004510000000098444e+03 1.002780981147429307e+00
5.004520000000098662e+03 1.002647958397755668e+00
5.004530000000098880e+03 1.002524440602704292e+00
5.004540000000099099e+03 1.002409543105052148e+00
5.004550000000099317e+03 1.002302394274742214e+00
5.004560000000099535e+03 1.002202233800933984e+00
5.004570000000099753e+03 1.002108416086676890e+00
5.004580000000099972e+03 1.002020376248537126e+00
5.004590000000100190e+03 1.001937567438218490e+00
5.004600000000100408e+03 1.001859528857803383e+00
5.004610000000100626e+03 1.001785795919147182e+00
5.004620000000100845e+03 1.001716167280812142e+00
5.004630000000101063e+03 1.001650077380551229e+00
5.004640000000101281e+03 1.001587351062516618e+00
5.004650000000101500e+03 1.001527606536118942e+00
5.004660000000101718e+03 1.001470617351205128e+00
5.004670000000101936e+03 1.001416022450899668e+00
5.004680000000102154e+03 1.001363577476008571e+00
5.004690000000102373e+03 1.001313102713312420e+00
5.004700000000102591e+03 1.001264282791230142e+00
5.004710000000102809e+03 1.001216969009147251e+00
5.004720000000103028e+03 1.001170824689259886e+00
5.004730000000103246e+03 1.001125574352342618e+00
5.004740000000103464e+03 1.001080938463871028e+00
5.004750000000103682e+03 1.001036676276401360e+00
5.004760000000103901e+03 1.000992407069704937e+00
5.004770000000104119e+03 1.000958117798153246e+00
5.004780000000104337e+03 1.000932189489185165e+00
5.004790000000104556e+03 1.001750277905832265e+00
5.004800000000104774e+03 1.016632811517131030e+00
5.004810000000104992e+03 1.133135562753692760e+00
5.004820000000105210e+03 7.385392676874624751e-01
5.004830000000105429e+03 7.808739596240779623e-02
5.004840000000105647e+03 3.152268696277651938e-02
5.004850000000105865e+03 2.061250400102266137e-02
5.004860000000106083e+03 1.481315733212748044e-02
5.004870000000106302e+03 1.272967035711055489e-02
5.004880000000106520e+03 1.315505585134638458e-02
5.004890000000106738e+03 1.638189147663197606e-02
5.004900000000106957e+03 2.391126842593185864e-02
5.004910000000107175e+03 3.723601361324498094e-02
5.004920000000107393e+03 1.895936410415937357e-01
5.004930000000107611e+03 1.062143527016442546e+00
5.004940000000107830e+03 1.072858478698787366e+00
5.004950000000108048e+03 1.006422717616576312e+00
5.004960000000108266e+03 1.000772824594078569e+00
5.004970000000108485e+03 1.000494953916503782e+00
5.004980000000108703e+03 1.000495774627007117e+00
5.004990000000108921e+03 1.000481754369082710e+00
5.005000000000109139e+03 1.000477364511078715e+00
5.005010000000109358e+03 1.000472100624183458e+00
5.005020000000109576e+03 1.000466029664823120e+00
5.005030000000109794e+03 1.000459164349539742e+00
5.005040000000110012e+03 1.000451529143419727e+00
5.005050000000110231e+03 1.000443241081712786e+00
5.005060000000110449e+03 1.000433523437448624e+00
5.005070000000110667e+03 1.000419309402750700e+00
5.005080000000110886e+03 1.000386047027870262e+00
5.005090000000111104e+03 1.000283103815559960e+00
5.005100000000111322e+03 9.999897980883407644e-01
5.005110000000111540e+03 9.993449032485713923e-01
5.005120000000111759e+03 9.983474486205413667e-01
5.005130000000111977e+03 9.974008565689261863e-01
5.005140000000112195e+03 9.971351987256331650e-01
5.005150000000112414e+03 9.977645972796846952e-01
5.005160000000112632e+03 9.988200905713350286e-01
5.005170000000112850e+03 9.996797586632930610e-01
5.005180000000113068e+03 1.000124483683582088e+00
5.005190000000113287e+03 1.000279948576597189e+00
5.005200000000113505e+03 1.000316143125400625e+00
5.005210000000113723e+03 1.000319077520378963e+00
5.005220000000113941e+03 1.000315114735495392e+00
5.005230000000114160e+03 1.000309821538683641e+00
5.005240000000114378e+03 1.000304177071593248e+00
5.005250000000114596e+03 1.000298217599571382e+00
5.005260000000114815e+03 1.000292406872227868e+00
5.005270000000115033e+03 1.000286653256961422e+00
5.005280000000115251e+03 1.000280945963682555e+00
5.005290000000115469e+03 1.000275248269402839e+00
5.005300000000115688e+03 1.000269679281042823e+00
5.005310000000115906e+03 1.000264161128905815e+00
5.005320000000116124e+03 1.000258750773406202e+00
5.005330000000116343e+03 1.000253391429180461e+00
5.005340000000116561e+03 1.000248084236754265e+00
5.005350000000116779e+03 1.000243592123125413e+00
5.005360000000116997e+03 1.000238232202669497e+00
5.005370000000117216e+03 1.000232498726818520e+00
5.005380000000117434e+03 1.000222497462508908e+00
5.005390000000117652e+03 1.000194046859501196e+00
5.005400000000117871e+03 1.000102801375960082e+00
5.005410000000118089e+03 9.998735349681452389e-01
5.005420000000118307e+03 9.994763555765961982e-01
5.005430000000118525e+03 9.990536257221461769e-01
5.005440000000118744e+03 9.988849274063505979e-01
5.005450000000118962e+03 9.991023542160267779e-01
5.005460000000119180e+03 9.995304440367681620e-01
5.005470000000119398e+03 9.998961431558835988e-01
5.005480000000119617e+03 1.000090106418646263e+00
5.005490000000119835e+03 1.000158300290013180e+00
5.005500000000120053e+03 1.000096927142078096e+00
5.005510000000120272e+03 1.000098170894291316e+00
5.005520000000120490e+03 1.000096454247230371e+00
5.005530000000120708e+03 1.000094322306084971e+00
5.005540000000120926e+03 1.000091782199691970e+00
5.005550000000121145e+03 1.000087759794055398e+00
5.005560000000121363e+03 1.000077431169057229e+00
5.005570000000121581e+03 1.000049590688895318e+00
5.005580000000121800e+03 9.999919307726790052e-01
5.005590000000122018e+03 9.998722389659912002e-01
5.005600000000122236e+03 9.998142361226350916e-01
5.005610000000122454e+03 9.998203398073823855e-01
5.005620000000122673e+03 9.998744015211150638e-01
5.005630000000122891e+03 9.999489317888639039e-01
5.005640000000123109e+03 9.999972196010465941e-01
5.005650000000123327e+03 1.000017292576607764e+00
5.005660000000123546e+03 1.000022277145529381e+00
5.005670000000123764e+03 1.000022166834898751e+00
5.005680000000123982e+03 1.000018801768109311e+00
5.005690000000124201e+03 1.000005749358186868e+00
5.005700000000124419e+03 9.999642877687811016e-01
5.005710000000124637e+03 9.998692615539365169e-01
5.005720000000124855e+03 9.997252016898219296e-01
5.005730000000125074e+03 9.996019442501935526e-01
5.005740000000125292e+03 9.995890886853883162e-01
5.005750000000125510e+03 9.996934612253027819e-01
5.005760000000125729e+03 9.998265668199207701e-01
5.005770000000125947e+03 9.999006351626822386e-01
5.005780000000126165e+03 9.999102869269667071e-01
5.005790000000126383e+03 9.998933844257853476e-01
5.005800000000126602e+03 9.998925548069289571e-01
5.005810000000126820e+03 9.998617874673008110e-01
5.005820000000127038e+03 9.998994044809523807e-01
5.005830000000127256e+03 9.999276889654589162e-01
5.005840000000127475e+03 9.999417614598522519e-01
5.005850000000127693e+03 9.999466970840326097e-01
5.005860000000127911e+03 9.999617150335328164e-01
5.005870000000128130e+03 9.999621703533946304e-01
5.005880000000128348e+03 9.999624278853038728e-01
5.005890000000128566e+03 9.999626223167511485e-01
5.005900000000128784e+03 9.999627895310576609e-01
5.005910000000129003e+03 9.999629470825549538e-01
5.005920000000129221e+03 9.999631266992969891e-01
5.005930000000129439e+03 9.999633377377498133e-01
5.005940000000129658e+03 9.999634665066455819e-01
5.005950000000129876e+03 9.999636927128212616e-01
5.005960000000130094e+03 9.999638326477938710e-01
5.005970000000130312e+03 9.999638245592394892e-01
5.005980000000130531e+03 9.999637120896065490e-01
5.005990000000130749e+03 9.999621332406760654e-01
5.006000000000130967e+03 9.999594571447881775e-01
5.006010000000131186e+03 9.999551157569842585e-01
5.006020000000131404e+03 9.999510780223132000e-01
5.006030000000131622e+03 9.999504026450236616e-01
5.006040000000131840e+03 9.999537766522768045e-01
5.006050000000132059e+03 9.999587137546590565e-01
5.006060000000132277e+03 9.999627468578113909e-01
5.006070000000132495e+03 9.999648576646393838e-01
5.006080000000132713e+03 9.999658533824151707e-01
5.006090000000132932e+03 9.999663846601246631e-01
5.006100000000133150e+03 9.999698637050197236e-01
5.006110000000133368e+03 9.999705848433966260e-01
5.006120000000133587e+03 9.999713633407038005e-01
5.006130000000133805e+03 9.999721620762239693e-01
5.006140000000134023e+03 9.999730795318052534e-01
5.006150000000134241e+03 9.999739104324636418e-01
5.006160000000134460e+03 9.999748904420481255e-01
5.006170000000134678e+03 9.999758953225179603e-01
5.006180000000134896e+03 9.999771159193643344e-01
5.006190000000135115e+03 9.999785183770741881e-01
5.006200000000135333e+03 9.999813807458517445e-01
5.006210000000135551e+03 9.999785519431825254e-01
5.006220000000135769e+03 9.999803171396501877e-01
5.006230000000135988e+03 9.999816884913684811e-01
5.006240000000136206e+03 9.999803680221491797e-01
5.006250000000136424e+03 9.999510820075787620e-01
5.006260000000136642e+03 9.999155201995948428e-01
5.006270000000136861e+03 9.998491477256598037e-01
5.006280000000137079e+03 9.997752047151373667e-01
5.006290000000137297e+03 9.997446905779810988e-01
5.006300000000137516e+03 9.997854418852208935e-01
5.006310000000137734e+03 9.998686593378438570e-01
5.006320000000137952e+03 9.999438487474087145e-01
5.006330000000138170e+03 9.999886601649889961e-01
5.006340000000138389e+03 1.000010593231388745e+00
5.006350000000138607e+03 9.999365682074219386e-01
5.006360000000138825e+03 9.999484010029552339e-01
5.006370000000139044e+03 9.999613085638335841e-01
5.006380000000139262e+03 9.999763229101060746e-01
5.006390000000139480e+03 9.999941130867857630e-01
5.006400000000139698e+03 1.000015399076333855e+00
5.006410000000139917e+03 1.000041631778461948e+00
5.006420000000140135e+03 1.000074465249287226e+00
5.006430000000140353e+03 1.000114051260292403e+00
5.006440000000140572e+03 1.000166067047787211e+00
5.006450000000140790e+03 1.000238702278060776e+00
5.006460000000141008e+03 1.000347858426915204e+00
5.006470000000141226e+03 1.000543179035251473e+00
5.006480000000141445e+03 1.001018260257596548e+00
5.006490000000141663e+03 1.002465435022329432e+00
5.006500000000141881e+03 1.006726018373242493e+00
5.006510000000142099e+03 1.017428074898044876e+00
5.006520000000142318e+03 1.038277652644345794e+00
5.006530000000142536e+03 1.067190365273478436e+00
5.006540000000142754e+03 1.092623333969076738e+00
5.006550000000142973e+03 1.104333662125300819e+00
5.006560000000143191e+03 1.105841894110566326e+00
5.006570000000143409e+03 1.105812823499161102e+00
5.006580000000143627e+03 1.102154026404383869e+00
5.006590000000143846e+03 1.085687386144923883e+00
5.006600000000144064e+03 1.057650786308369728e+00
5.006610000000144282e+03 1.030430894652110352e+00
5.006620000000144501e+03 1.013038625750931176e+00
5.006630000000144719e+03 1.004880301170421264e+00
5.006640000000144937e+03 1.001838438104124984e+00
5.006650000000145155e+03 1.000839555105610179e+00
5.006660000000145374e+03 1.000514936875761096e+00
5.006670000000145592e+03 1.000431171912485429e+00
5.006680000000145810e+03 1.000627503051915834e+00
5.006690000000146028e+03 1.001633831629135551e+00
5.006700000000146247e+03 1.005081756041575902e+00
5.006710000000146465e+03 1.014872997323178039e+00
5.006720000000146683e+03 1.037737307307049051e+00
5.006730000000146902e+03 1.078144770029355159e+00
5.006740000000147120e+03 1.119350221012664681e+00
5.006750000000147338e+03 1.101536324337588191e+00
5.006760000000147556e+03 9.714795486862614071e-01
5.006770000000147775e+03 7.530287701280148349e-01
5.006780000000147993e+03 5.468905063313891368e-01
5.006790000000148211e+03 4.127124831670024863e-01
5.006800000000148430e+03 3.575886748411906679e-01
5.006810000000148648e+03 3.717276182482635583e-01
5.006820000000148866e+03 4.575295138534242190e-01
5.006830000000149084e+03 6.218251337741022011e-01
5.006840000000149303e+03 8.330573551838054147e-01
5.006850000000149521e+03 9.997782051690357052e-01
5.006860000000149739e+03 1.040778906189921305e+00
5.006870000000149957e+03 9.650424694651050794e-01
5.006880000000150176e+03 8.361072057755212228e-01
5.006890000000150394e+03 7.206242335237754704e-01
5.006900000000150612e+03 6.607577192854208192e-01
5.006910000000150831e+03 6.717678071781365556e-01
5.006920000000151049e+03 7.516175148007203655e-01
5.006930000000151267e+03 8.798956346080057944e-01
5.006940000000151485e+03 1.007444468531695003e+00
5.006950000000151704e+03 1.082339431771413230e+00
5.006960000000151922e+03 1.089255850838285244e+00
5.006970000000152140e+03 1.061252306124065958e+00
5.006980000000152359e+03 1.031814537246610541e+00
5.006990000000152577e+03 1.013450651653286627e+00
5.007000000000152795e+03 1.004757956389375151e+00
5.007010000000153013e+03 1.001359492331657108e+00
5.007020000000153232e+03 1.000207182354037938e+00
5.007030000000153450e+03 9.998331563279588829e-01
5.007040000000153668e+03 9.995718119969708715e-01
5.007050000000153887e+03 9.990966432906884798e-01
5.007060000000154105e+03 9.971612413783179640e-01
5.007070000000154323e+03 9.906365367685382450e-01
5.007080000000154541e+03 9.750084187143674974e-01
5.007090000000154760e+03 9.502335633745260246e-01
5.007100000000154978e+03 9.266806826030080657e-01
5.007110000000155196e+03 9.193937298352056198e-01
5.007120000000155414e+03 9.335393452014502103e-01
5.007130000000155633e+03 9.592554387338065869e-01
5.007140000000155851e+03 9.815300058936700101e-01
5.007150000000156069e+03 9.936391540562302671e-01
5.007160000000156288e+03 9.980971641935552086e-01
5.007170000000156506e+03 9.992890103803048207e-01
5.007180000000156724e+03 9.995563071332240757e-01
5.007190000000156942e+03 9.996307050758476143e-01
5.007200000000157161e+03 9.996682419286830878e-01
5.007210000000157379e+03 9.996935641814329587e-01
5.007220000000157597e+03 9.997107582435190709e-01
5.007230000000157816e+03 9.997220472093396593e-01
5.007240000000158034e+03 9.997287815651361154e-01
5.007250000000158252e+03 9.997371495445781520e-01
5.007260000000158470e+03 9.997387997776893132e-01
5.007270000000158689e+03 9.997387895808008684e-01
5.007280000000158907e+03 9.997239509469797447e-01
5.007290000000159125e+03 9.997214227472636106e-01
5.007300000000159343e+03 9.997174578329830474e-01
5.007310000000159562e+03 9.997119650875887498e-01
5.007320000000159780e+03 9.997047787650700235e-01
5.007330000000159998e+03 9.996956362931110895e-01
5.007340000000160217e+03 9.996840835177122075e-01
5.007350000000160435e+03 9.996697293530759643e-01
5.007360000000160653e+03 9.996517356554454059e-01
5.007370000000160871e+03 9.996288313590671049e-01
5.007380000000161090e+03 9.995985479059923406e-01
5.007390000000161308e+03 9.995551008756368150e-01
5.007400000000161526e+03 9.994853187633175873e-01
5.007410000000161745e+03 9.993693860723761313e-01
5.007420000000161963e+03 9.991768841668445811e-01
5.007430000000162181e+03 9.988825104099736674e-01
5.007440000000162399e+03 9.984474404004188841e-01
5.007450000000162618e+03 9.975542244743414999e-01
5.007460000000162836e+03 9.942704930845928102e-01
5.007470000000163054e+03 9.814744364118093145e-01
5.007480000000163272e+03 9.440948474071346741e-01
5.007490000000163491e+03 8.715471973753223800e-01
5.007500000000163709e+03 7.834160399918799200e-01
5.007510000000163927e+03 7.240184271942895489e-01
5.007520000000164146e+03 7.253519333943760916e-01
5.007530000000164364e+03 7.867498318738640473e-01
5.007540000000164582e+03 8.751521711695025019e-01
5.007550000000164800e+03 9.465964013559157175e-01
5.007560000000165019e+03 9.828732385895813106e-01
5.007570000000165237e+03 9.951702464897976830e-01
5.007580000000165455e+03 9.982646332477609352e-01
5.007590000000165674e+03 9.989951800888958733e-01
5.007600000000165892e+03 9.992468258257483082e-01
5.007610000000166110e+03 9.993831510579934685e-01
5.007620000000166328e+03 9.994713708143394548e-01
5.007630000000166547e+03 9.995356277004578960e-01
5.007640000000166765e+03 9.995850346274441911e-01
5.007650000000166983e+03 9.996225208681343011e-01
5.007660000000167202e+03 9.996520695408854795e-01
5.007670000000167420e+03 9.996758275389602266e-01
5.007680000000167638e+03 9.996943942792237969e-01
5.007690000000167856e+03 9.997104753983588887e-01
5.007700000000168075e+03 9.997239637728917439e-01
5.007710000000168293e+03 9.997355172630510989e-01
5.007720000000168511e+03 9.997453093517152389e-01
5.007730000000168729e+03 9.997540714747710222e-01
5.007740000000168948e+03 9.997614615431007490e-01
5.007750000000169166e+03 9.997679663215142121e-01
5.007760000000169384e+03 9.997738900132627782e-01
5.007770000000169603e+03 9.997789789934690141e-01
5.007780000000169821e+03 9.997835194641121470e-01
5.007790000000170039e+03 9.997875779119762552e-01
5.007800000000170257e+03 9.997912525407182116e-01
5.007810000000170476e+03 9.997945197946350726e-01
5.007820000000170694e+03 9.997975954546612920e-01
5.007830000000170912e+03 9.998003019558557858e-01
5.007840000000171131e+03 9.998028075938372172e-01
5.007850000000171349e+03 9.998051196482911074e-01
5.007860000000171567e+03 9.998072023268339548e-01
5.007870000000171785e+03 9.998091098072583449e-01
5.007880000000172004e+03 9.998109097317094962e-01
5.007890000000172222e+03 9.998127722812572005e-01
5.007900000000172440e+03 9.998141317484372514e-01
5.007910000000172658e+03 9.998155106705922668e-01
5.007920000000172877e+03 9.998167877411199278e-01
5.007930000000173095e+03 9.998180275851769050e-01
5.007940000000173313e+03 9.998193037152469653e-01
5.007950000000173532e+03 9.998203258383461245e-01
5.007960000000173750e+03 9.998212714374199450e-01
5.007970000000173968e+03 9.998220232791209527e-01
5.007980000000174186e+03 9.998044975589841510e-01
5.007990000000174405e+03 9.998055322026920821e-01
5.008000000000174623e+03 9.998062991476250883e-01
5.008010000000174841e+03 9.998070457727783467e-01
5.008020000000175060e+03 9.998077027277020301e-01
5.008030000000175278e+03 9.998083131599482254e-01
5.008040000000175496e+03 9.998081158531386681e-01
5.008050000000175714e+03 9.998086310623431894e-01
5.008060000000175933e+03 9.998090927734499811e-01
5.008070000000176151e+03 9.998096201945412265e-01
5.008080000000176369e+03 9.998100639869044182e-01
5.008090000000176587e+03 9.998105488611500613e-01
5.008100000000176806e+03 9.998108255004990452e-01
5.008110000000177024e+03 9.998110557069712634e-01
5.008120000000177242e+03 9.998112359978460484e-01
5.008130000000177461e+03 9.998110680999717781e-01
5.008140000000177679e+03 9.998111758947090255e-01
5.008150000000177897e+03 9.998112082437254911e-01
5.008160000000178115e+03 9.998111906701585561e-01
5.008170000000178334e+03 9.998111622853109726e-01
5.008180000000178552e+03 9.998110317599554486e-01
5.008190000000178770e+03 9.998111234832286476e-01
5.008200000000178989e+03 9.998108477929847915e-01
5.008210000000179207e+03 9.998105383271752578e-01
5.008220000000179425e+03 9.998101329347186539e-01
5.008230000000179643e+03 9.998096897332479083e-01
5.008240000000179862e+03 9.998091149986910731e-01
5.008250000000180080e+03 9.998084472725655703e-01
5.008260000000180298e+03 9.998076694901779637e-01
5.008270000000180517e+03 9.998067753549185754e-01
5.008280000000180735e+03 9.998057735337728680e-01
5.008290000000180953e+03 9.998046676901883867e-01
5.008300000000181171e+03 9.998033384438640425e-01
5.008310000000181390e+03 9.998019891895125744e-01
5.008320000000181608e+03 9.998002753293502298e-01
5.008330000000181826e+03 9.997983338247303786e-01
5.008340000000182044e+03 9.997961069781667875e-01
5.008350000000182263e+03 9.997935537689298657e-01
5.008360000000182481e+03 9.997905836984831707e-01
5.008370000000182699e+03 9.997871321932341182e-01
5.008380000000182918e+03 9.997831783671984329e-01
5.008390000000183136e+03 9.997787924109623470e-01
5.008400000000183354e+03 9.997737453280762798e-01
5.008410000000183572e+03 9.997678965280222263e-01
5.008420000000183791e+03 9.997609566640043299e-01
5.008430000000184009e+03 9.997526225236735842e-01
5.008440000000184227e+03 9.997425221619076208e-01
5.008450000000184446e+03 9.997299659286839058e-01
5.008460000000184664e+03 9.997137919558679586e-01
5.008470000000184882e+03 9.996922117475817160e-01
5.008480000000185100e+03 9.996636402661115417e-01
5.008490000000185319e+03 9.996278370716626949e-01
5.008500000000185537e+03 9.995860175940507464e-01
5.008510000000185755e+03 9.995323244510346816e-01
5.008520000000185973e+03 9.994475653539600657e-01
5.008530000000186192e+03 9.992525590764078647e-01
5.008540000000186410e+03 9.984972206686129059e-01
5.008550000000186628e+03 9.949993685225920759e-01
5.008560000000186847e+03 9.814441457793151580e-01
5.008570000000187065e+03 9.433376797943292535e-01
5.008580000000187283e+03 8.710305138902711963e-01
5.008590000000187501e+03 7.826777510539594251e-01
5.008600000000187720e+03 7.195254874271067580e-01
5.008610000000187938e+03 7.131042368352785710e-01
5.008620000000188156e+03 7.662706728812759271e-01
5.008630000000188375e+03 8.518106086167529511e-01
5.008640000000188593e+03 9.260065608775861490e-01
5.008650000000188811e+03 9.631902091905026886e-01
5.008660000000189029e+03 9.715122444458941242e-01
5.008670000000189248e+03 9.715968097267482229e-01
5.008680000000189466e+03 9.753995597132745221e-01
5.008690000000189684e+03 9.835614619853910723e-01
5.008700000000189902e+03 9.915880836252749519e-01
5.008710000000190121e+03 9.965582082206184689e-01
5.008720000000190339e+03 9.986856346743953061e-01
5.008730000000190557e+03 9.993747614631108833e-01
5.008740000000190776e+03 9.995717018409627785e-01
5.008750000000190994e+03 9.996339511270877498e-01
5.008760000000191212e+03 9.996583228036236557e-01
5.008770000000191430e+03 9.996716210441182193e-01
5.008780000000191649e+03 9.996892533403234360e-01
5.008790000000191867e+03 9.997159313780329404e-01
5.008800000000192085e+03 9.997453508305286229e-01
5.008810000000192304e+03 9.997690248799468993e-01
5.008820000000192522e+03 9.997847264270853795e-01
5.008830000000192740e+03 9.997947999492620141e-01
5.008840000000192958e+03 9.998019056206947086e-01
5.008850000000193177e+03 9.998076303721273872e-01
5.008860000000193395e+03 9.998124924951661274e-01
5.008870000000193613e+03 9.998167158500590457e-01
5.008880000000193832e+03 9.998204225126663403e-01
5.008890000000194050e+03 9.998236990327645790e-01
5.008900000000194268e+03 9.998267550151181959e-01
5.008910000000194486e+03 9.998294321172340737e-01
5.008920000000194705e+03 9.998317888745356097e-01
5.008930000000194923e+03 9.998339011456250924e-01
5.008940000000195141e+03 9.998359460398112963e-01
5.008950000000195359e+03 9.998377109802379925e-01
5.008960000000195578e+03 9.998392941057996364e-01
5.008970000000195796e+03 9.998407368549387941e-01
5.008980000000196014e+03 9.998420618739887189e-01
5.008990000000196233e+03 9.998432770839656980e-01
5.009000000000196451e+03 9.998443922487034730e-01
5.009010000000196669e+03 9.998454149953693859e-01
5.009020000000196887e+03 9.998463520579021768e-01
5.009030000000197106e+03 9.998472272170296771e-01
5.009040000000197324e+03 9.998479927750530960e-01
5.009050000000197542e+03 9.998486447168121183e-01
5.009060000000197761e+03 9.998490194408007348e-01
5.009070000000197979e+03 9.998481042916241845e-01
5.009080000000198197e+03 9.998417720855999891e-01
5.009090000000198415e+03 9.998188155113386655e-01
5.009100000000198634e+03 9.997632822819789711e-01
5.009110000000198852e+03 9.996747857280499083e-01
5.009120000000199070e+03 9.995925182530349673e-01
5.009130000000199288e+03 9.995751828663619332e-01
5.009140000000199507e+03 9.996371139819865137e-01
5.009150000000199725e+03 9.997310684281036641e-01
5.009160000000199943e+03 9.998033014034571897e-01
5.009170000000200162e+03 9.998391346823755077e-01
5.009180000000200380e+03 9.998515916098047462e-01
5.009190000000200598e+03 9.998549534734110233e-01
5.009200000000200816e+03 9.998559038891499107e-01
5.009210000000201035e+03 9.998563745969598626e-01
5.009220000000201253e+03 9.998567333155432557e-01
5.009230000000201471e+03 9.998570430935234121e-01
5.009240000000201690e+03 9.998573193497364286e-01
5.009250000000201908e+03 9.998575683724684193e-01
5.009260000000202126e+03 9.998578235526981439e-01
5.009270000000202344e+03 9.998580485884093205e-01
5.009280000000202563e+03 9.998536996316442771e-01
5.009290000000202781e+03 9.998538981783620105e-01
5.009300000000202999e+03 9.998540640673114765e-01
5.009310000000203217e+03 9.998541912994890479e-01
5.009320000000203436e+03 9.998544281984244053e-01
5.009330000000203654e+03 9.998545160153284872e-01
5.009340000000203872e+03 9.998545416496573690e-01
5.009350000000204091e+03 9.998544948240042363e-01
5.009360000000204309e+03 9.998541686045064880e-01
5.009370000000204527e+03 9.998528029213183954e-01
5.009380000000204745e+03 9.998484032053650550e-01
5.009390000000204964e+03 9.998372249928865196e-01
5.009400000000205182e+03 9.998177732483601865e-01
5.009410000000205400e+03 9.997963750455183263e-01
5.009420000000205619e+03 9.997859898464342976e-01
5.009430000000205837e+03 9.997947251369670996e-01
5.009440000000206055e+03 9.998162011910103342e-01
5.009450000000206273e+03 9.998364576775158330e-01
5.009460000000206492e+03 9.998486543378044544e-01
5.009470000000206710e+03 9.998538145372725117e-01
5.009480000000206928e+03 9.998555456721973655e-01
5.009490000000207147e+03 9.998560782881196207e-01
5.009500000000207365e+03 9.998563034111361825e-01
5.009510000000207583e+03 9.998564700020614593e-01
5.009520000000207801e+03 9.998565417785186815e-01
5.009530000000208020e+03 9.998565853086018862e-01
5.009540000000208238e+03 9.998566346200101762e-01
5.009550000000208456e+03 9.998566459129137884e-01
5.009560000000208674e+03 9.998566429073113548e-01
5.009570000000208893e+03 9.998566319090489429e-01
5.009580000000209111e+03 9.998566078687669556e-01
5.009590000000209329e+03 9.998566108324679069e-01
5.009600000000209548e+03 9.998565756387258752e-01
5.009610000000209766e+03 9.998565707829331073e-01
5.009620000000209984e+03 9.998565432148505128e-01
5.009630000000210202e+03 9.998565013880054142e-01
5.009640000000210421e+03 9.999190214812669897e-01
5.009650000000210639e+03 9.999193057695002773e-01
5.009660000000210857e+03 9.999195929583162279e-01
5.009670000000211076e+03 9.999198787802229260e-01
5.009680000000211294e+03 9.999201744327053110e-01
5.009690000000211512e+03 9.999204614388156331e-01
5.009700000000211730e+03 9.999207257088185141e-01
5.009710000000211949e+03 9.999210357309202823e-01
5.009720000000212167e+03 9.999213102990985869e-01
5.009730000000212385e+03 9.999215802242176210e-01
5.009740000000212603e+03 9.999218605490259870e-01
5.009750000000212822e+03 9.999221260334369976e-01
5.009760000000213040e+03 9.999223831003221097e-01
5.009770000000213258e+03 9.999226340239452115e-01
5.009780000000213477e+03 9.999228984100700934e-01
5.009790000000213695e+03 9.999232360720793356e-01
5.009800000000213913e+03 9.999235432983225591e-01
5.009810000000214131e+03 9.999238263143019889e-01
5.009820000000214350e+03 9.999240775627821209e-01
5.009830000000214568e+03 9.999243120378713545e-01
5.009840000000214786e+03 9.999245532994298635e-01
5.009850000000215005e+03 9.999247950833735077e-01
5.009860000000215223e+03 9.999250043139873423e-01
5.009870000000215441e+03 9.999252253619649311e-01
5.009880000000215659e+03 9.999254395554708630e-01
5.009890000000215878e+03 9.999256116538917105e-01
5.009900000000216096e+03 9.999258057291109392e-01
5.009910000000216314e+03 9.999259614007950381e-01
5.009920000000216532e+03 9.999261185403163221e-01
5.009930000000216751e+03 9.999262198005475222e-01
5.009940000000216969e+03 9.999262657044325486e-01
5.009950000000217187e+03 9.999263678203981209e-01
5.009960000000217406e+03 9.999262150028960239e-01
5.009970000000217624e+03 9.999256410711370169e-01
5.009980000000217842e+03 9.999229875029024273e-01
5.009990000000218060e+03 9.999111659754481574e-01
5.010000000000218279e+03 9.998703112072179211e-01
5.010010000000218497e+03 9.997688009263409059e-01
5.010020000000218715e+03 9.995984298723926686e-01
5.010030000000218934e+03 9.994247207037528780e-01
5.010040000000219152e+03 9.993650907057074484e-01
5.010050000000219370e+03 9.994669955538757478e-01
5.010060000000219588e+03 9.996513134375409892e-01
5.010070000000219807e+03 9.998055658770967913e-01
5.010080000000220025e+03 9.998875371998691142e-01
5.010090000000220243e+03 9.999175583344909191e-01
5.010100000000220462e+03 9.999272566039533183e-01
5.010110000000220680e+03 9.999293890570947196e-01
5.010120000000220898e+03 9.999316153888890835e-01
5.010130000000221116e+03 9.999320807349677542e-01
5.010140000000221335e+03 9.999321295581105051e-01
5.010150000000221553e+03 9.999313350437232240e-01
5.010160000000221771e+03 9.999291662142164583e-01
5.010170000000221989e+03 9.999256938394610605e-01
5.010180000000222208e+03 9.999228964845492396e-01
5.010190000000222426e+03 9.999227048178206401e-01
5.010200000000222644e+03 9.999256595459407038e-01
5.010210000000222863e+03 9.999295353048819335e-01
5.010220000000223081e+03 9.999339736113120880e-01
5.010230000000223299e+03 9.999355701969760979e-01
5.010240000000223517e+03 9.999364282928657754e-01
5.010250000000223736e+03 9.999366957366666586e-01
5.010260000000223954e+03 9.999370502523355908e-01
5.010270000000224172e+03 9.999373842016153757e-01
5.010280000000224391e+03 9.999377150552087867e-01
5.010290000000224609e+03 9.999380157967580063e-01
5.010300000000224827e+03 9.999383861259429906e-01
5.010310000000225045e+03 9.999386665478112723e-01
5.010320000000225264e+03 9.999390081102701444e-01
5.010330000000225482e+03 9.999393533121405664e-01
5.010340000000225700e+03 9.999397575610891042e-01
5.010350000000225918e+03 9.999398682728481980e-01
5.010360000000226137e+03 9.999402278276964262e-01
5.010370000000226355e+03 9.999405952131520392e-01
5.010380000000226573e+03 9.999409714914426761e-01
5.010390000000226792e+03 1.000030292419062716e+00
5.010400000000227010e+03 1.000031334557341278e+00
5.010410000000227228e+03 1.000032334673828238e+00
5.010420000000227446e+03 1.000033415127524083e+00
5.010430000000227665e+03 1.000034571006563233e+00
5.010440000000227883e+03 1.000035699218103202e+00
5.010450000000228101e+03 1.000036852688375388e+00
5.010460000000228320e+03 1.000038015104394162e+00
5.010470000000228538e+03 1.000039224773791924e+00
5.010480000000228756e+03 1.000040468068525090e+00
5.010490000000228974e+03 1.000041751776735488e+00
5.010500000000229193e+03 1.000043019558121804e+00
5.010510000000229411e+03 1.000044598376349958e+00
5.010520000000229629e+03 1.000045815727604648e+00
5.010530000000229848e+03 1.000045580801174783e+00
5.010540000000230066e+03 1.000040491176974911e+00
5.010550000000230284e+03 1.000024501758422169e+00
5.010560000000230502e+03 9.999951254309610293e-01
5.010570000000230721e+03 9.999637413865387625e-01
5.010580000000230939e+03 9.999527713225234704e-01
5.010590000000231157e+03 9.999728377390222356e-01
5.010600000000231375e+03 1.000009536370504826e+00
5.010610000000231594e+03 1.000041116211538794e+00
5.010620000000231812e+03 1.000059114127170856e+00
5.010630000000232030e+03 1.000067520412850186e+00
5.010640000000232249e+03 1.000072431967992337e+00
5.010650000000232467e+03 1.000077626914226192e+00
5.010660000000232685e+03 1.000087949016941424e+00
5.010670000000232903e+03 1.000120872134667049e+00
5.010680000000233122e+03 1.000246812782503048e+00
5.010690000000233340e+03 1.000718294264346442e+00
5.010700000000233558e+03 1.002316136747925190e+00
5.010710000000233777e+03 1.007069722511501730e+00
5.010720000000233995e+03 1.019168517923104256e+00
5.010730000000234213e+03 1.044332175244411243e+00
5.010740000000234431e+03 1.082601109617572499e+00
5.010750000000234650e+03 1.110780599109872480e+00
5.010760000000234868e+03 1.073334146379061993e+00
5.010770000000235086e+03 9.359788206677133182e-01
5.010780000000235304e+03 7.333962654713391816e-01
5.010790000000235523e+03 5.487217422195573846e-01
5.010800000000235741e+03 4.267590089373750062e-01
5.010810000000235959e+03 3.725262649189054476e-01
5.010820000000236178e+03 3.780439982509917751e-01
5.010830000000236396e+03 4.442531997672751198e-01
5.010840000000236614e+03 5.788235815054206812e-01
5.010850000000236832e+03 7.705585940654651189e-01
5.010860000000237051e+03 9.623055832531920428e-01
5.010870000000237269e+03 1.076056135066611574e+00
5.010880000000237487e+03 1.084438256218644092e+00
5.010890000000237706e+03 1.006466417790043089e+00
5.010900000000237924e+03 8.746880444895362983e-01
5.010910000000238142e+03 7.426277991930464450e-01
5.010920000000238360e+03 6.580896969852353395e-01
5.010930000000238579e+03 6.430983412510686836e-01
5.010940000000238797e+03 6.996304826955977996e-01
5.010950000000239015e+03 8.162991771543661734e-01
5.010960000000239233e+03 9.550636335618550854e-01
5.010970000000239452e+03 1.058821236838118907e+00
5.010980000000239670e+03 1.091194187415891470e+00
5.010990000000239888e+03 1.072711742935256618e+00
5.011000000000240107e+03 1.040707770704237145e+00
5.011010000000240325e+03 1.015428706139184900e+00
5.011020000000240543e+03 9.988234279379878400e-01
5.011030000000240761e+03 9.881571725422457764e-01
5.011040000000240980e+03 9.830592790317423946e-01
5.011050000000241198e+03 9.840007513998834110e-01
5.011060000000241416e+03 9.890627682229121698e-01
5.011070000000241635e+03 9.945527897879190560e-01
5.011080000000241853e+03 9.980790769692347020e-01
5.011090000000242071e+03 9.996006712898503066e-01
5.011100000000242289e+03 1.000063591392826412e+00
5.011110000000242508e+03 1.000166982502435742e+00
5.011120000000242726e+03 1.000186214398217199e+00
5.011130000000242944e+03 1.000191400025501887e+00
5.011140000000243163e+03 1.000195016195360553e+00
5.011150000000243381e+03 1.000198272443810543e+00
5.011160000000243599e+03 1.000200199542740531e+00
5.011170000000243817e+03 1.000199163142773795e+00
5.011180000000244036e+03 1.000190846071343120e+00
5.011190000000244254e+03 1.000177559709577890e+00
5.011200000000244472e+03 1.000168312902056877e+00
5.011210000000244690e+03 1.000173348799732853e+00
5.011220000000244909e+03 1.000193088171794420e+00
5.011230000000245127e+03 1.000217591842569753e+00
5.011240000000245345e+03 1.000237635143529369e+00
5.011250000000245564e+03 1.000251309851428960e+00
5.011260000000245782e+03 1.000261238875411740e+00
5.011270000000246000e+03 1.000270029489907619e+00
5.011280000000246218e+03 1.000278958725892453e+00
5.011290000000246437e+03 1.000288435224145234e+00
5.011300000000246655e+03 1.000298663838145030e+00
5.011310000000246873e+03 1.000309730034374622e+00
5.011320000000247092e+03 1.000321749629701440e+00
5.011330000000247310e+03 1.000334855967657921e+00
5.011340000000247528e+03 1.000349269535920183e+00
5.011350000000247746e+03 1.000364545546223116e+00
5.011360000000247965e+03 1.000379207871795240e+00
5.011370000000248183e+03 1.000384078709691593e+00
5.011380000000248401e+03 1.000349229918066518e+00
5.011390000000248619e+03 1.000218150851255761e+00
5.011400000000248838e+03 9.999581058226716390e-01
5.011410000000249056e+03 9.996626268170476504e-01
5.011420000000249274e+03 9.995484893425756745e-01
5.011430000000249493e+03 9.997413980025514624e-01
5.011440000000249711e+03 1.000123210678117935e+00
5.011450000000249929e+03 1.000479853135139097e+00
5.011460000000250147e+03 1.000721399292180624e+00
5.011470000000250366e+03 1.000895854947143393e+00
5.011480000000250584e+03 1.001037921131121777e+00
5.011490000000250802e+03 1.001211832170308957e+00
5.011500000000251021e+03 1.001458235202649316e+00
5.011510000000251239e+03 1.001865742366081946e+00
5.011520000000251457e+03 1.002762832383732317e+00
5.011530000000251675e+03 1.005423565528168472e+00
5.011540000000251894e+03 1.013671633490854651e+00
5.011550000000252112e+03 1.036259678146962848e+00
5.011560000000252330e+03 1.084690609888760982e+00
5.011570000000252548e+03 1.158326681278625925e+00
5.011580000000252767e+03 1.229162133192005069e+00
5.011590000000252985e+03 1.267119340995030319e+00
5.011600000000253203e+03 1.272685674037908443e+00
5.011610000000253422e+03 1.272744464630196859e+00
5.011620000000253640e+03 1.268809946971734881e+00
5.011630000000253858e+03 1.243559239504159253e+00
5.011640000000254076e+03 1.179820818473670485e+00
5.011650000000254295e+03 1.102970818104883399e+00
5.011660000000254513e+03 1.046174004606322816e+00
5.011670000000254731e+03 1.017388839886083751e+00
5.011680000000254950e+03 1.006417879595880471e+00
5.011690000000255168e+03 1.002982485535740542e+00
5.011700000000255386e+03 1.001969725003846623e+00
5.011710000000255604e+03 1.001563942998635159e+00
5.011720000000255823e+03 1.001301544400100108e+00
5.011730000000256041e+03 1.001091309275295105e+00
5.011740000000256259e+03 1.000931629439402837e+00
5.011750000000256478e+03 1.000836862416904616e+00
5.011760000000256696e+03 1.000797358630912459e+00
5.011770000000256914e+03 1.000784734235392825e+00
5.011780000000257132e+03 1.000771160145958572e+00
5.011790000000257351e+03 1.000802608605756872e+00
5.011800000000257569e+03 1.000777999205628266e+00
5.011810000000257787e+03 1.000755401007780376e+00
5.011820000000258005e+03 1.000736659684219765e+00
5.011830000000258224e+03 1.000721590238322856e+00
5.011840000000258442e+03 1.000709783652663498e+00
5.011850000000258660e+03 1.000700651944564035e+00
5.011860000000258879e+03 1.000693855099220153e+00
5.011870000000259097e+03 1.000689042216903690e+00
5.011880000000259315e+03 1.000686105823703764e+00
5.011890000000259533e+03 1.000684589537349067e+00
5.011900000000259752e+03 1.000684420253650675e+00
5.011910000000259970e+03 1.000685465127717944e+00
5.011920000000260188e+03 1.000687694595546740e+00
5.011930000000260407e+03 1.000690782817476254e+00
5.011940000000260625e+03 1.000694821001099966e+00
5.011950000000260843e+03 1.000699724179774597e+00
5.011960000000261061e+03 1.000705407200749963e+00
5.011970000000261280e+03 1.000711702607732789e+00
5.011980000000261498e+03 1.000718842928471464e+00
5.011990000000261716e+03 1.000726633892532025e+00
5.012000000000261934e+03 1.000735052619944554e+00
5.012010000000262153e+03 1.000744109628517897e+00
5.012020000000262371e+03 1.000823402068977241e+00
5.012030000000262589e+03 1.000835061587584951e+00
5.012040000000262808e+03 1.000847278050926548e+00
5.012050000000263026e+03 1.000860111866539448e+00
5.012060000000263244e+03 1.000873551325712985e+00
5.012070000000263462e+03 1.000887564197463941e+00
5.012080000000263681e+03 1.000902224590707545e+00
5.012090000000263899e+03 1.000917507742203449e+00
5.012100000000264117e+03 1.000933408505813693e+00
5.012110000000264336e+03 1.000949960773360514e+00
5.012120000000264554e+03 1.000967135356888527e+00
5.012130000000264772e+03 1.000984959484739312e+00
5.012140000000264990e+03 1.001003430877471789e+00
5.012150000000265209e+03 1.001022750618388635e+00
5.012160000000265427e+03 1.001042612761178896e+00
5.012170000000265645e+03 1.001063149808229635e+00
5.012180000000265863e+03 1.001084443759887366e+00
5.012190000000266082e+03 1.001106478479085737e+00
5.012200000000266300e+03 1.001129225547658264e+00
5.012210000000266518e+03 1.001152849676570700e+00
5.012220000000266737e+03 1.001177162260967535e+00
5.012230000000266955e+03 1.001202238224957464e+00
5.012240000000267173e+03 1.001227919258316001e+00
5.012250000000267391e+03 1.001254252879086204e+00
5.012260000000267610e+03 1.001280519780531897e+00
5.012270000000267828e+03 1.001303534839246279e+00
5.012280000000268046e+03 1.001308784132155294e+00
5.012290000000268265e+03 1.001245734667781662e+00
5.012300000000268483e+03 1.000998673960771246e+00
5.012310000000268701e+03 1.000429604906413861e+00
5.012320000000268919e+03 9.995550206808629934e-01
5.012330000000269138e+03 9.988333597823341181e-01
5.012340000000269356e+03 9.987698178952016947e-01
5.012350000000269574e+03 9.994515178970423408e-01
5.012360000000269793e+03 1.000410983070291193e+00
5.012370000000270011e+03 1.001149532271431664e+00
5.012380000000270229e+03 1.001538213039028014e+00
5.012390000000270447e+03 1.001704503903526167e+00
5.012400000000270666e+03 1.001784861202728028e+00
5.012410000000270884e+03 1.001843409885444736e+00
5.012420000000271102e+03 1.001899028443003603e+00
5.012430000000271320e+03 1.001955695760741394e+00
5.012440000000271539e+03 1.002014110657269752e+00
5.012450000000271757e+03 1.002074932837525578e+00
5.012460000000271975e+03 1.002138214321414589e+00
5.012470000000272194e+03 1.002204221641304738e+00
5.012480000000272412e+03 1.002273071508927416e+00
5.012490000000272630e+03 1.002345065592842310e+00
5.012500000000272848e+03 1.002420366208478963e+00
5.012510000000273067e+03 1.002499217722453428e+00
5.012520000000273285e+03 1.002581780610200424e+00
5.012530000000273503e+03 1.002668381142521214e+00
5.012540000000273722e+03 1.002759267586303737e+00
5.012550000000273940e+03 1.002854733617424277e+00
5.012560000000274158e+03 1.002955113748198235e+00
5.012570000000274376e+03 1.003060680808063765e+00
5.012580000000274595e+03 1.003171902534339743e+00
5.012590000000274813e+03 1.003289150920655848e+00
5.012600000000275031e+03 1.003412873194789112e+00
5.012610000000275249e+03 1.003543555764592643e+00
5.012620000000275468e+03 1.003681702046984370e+00
5.012630000000275686e+03 1.003827963274740442e+00
5.012640000000275904e+03 1.003982993221238074e+00
5.012650000000276123e+03 1.004147456188314802e+00
5.012660000000276341e+03 1.004322110691178604e+00
5.012670000000276559e+03 1.004507653168316583e+00
5.012680000000276777e+03 1.004705454996028591e+00
5.012690000000276996e+03 1.004916631123086601e+00
5.012700000000277214e+03 1.005141876149125091e+00
5.012710000000277432e+03 1.005382759919877245e+00
5.012720000000277651e+03 1.005640861322780300e+00
5.012730000000277869e+03 1.005917731530703518e+00
5.012740000000278087e+03 1.006215300736412077e+00
5.012750000000278305e+03 1.006535705772198863e+00
5.012760000000278524e+03 1.006881304975260072e+00
5.012770000000278742e+03 1.007254934232179933e+00
5.012780000000278960e+03 1.007659674851251630e+00
5.012790000000279178e+03 1.008099080717031359e+00
5.012800000000279397e+03 1.008577342148175848e+00
5.012810000000279615e+03 1.009099179193661211e+00
5.012820000000279833e+03 1.009670092819948906e+00
5.012830000000280052e+03 1.010296549195020877e+00
5.012840000000280270e+03 1.010986110554747963e+00
5.012850000000280488e+03 1.011747580914533984e+00
5.012860000000280706e+03 1.012591832085785182e+00
5.012870000000280925e+03 1.013531696076377830e+00
5.012880000000281143e+03 1.014581858090482402e+00
5.012890000000281361e+03 1.015761700474713924e+00
5.012900000000281580e+03 1.017094214891916426e+00
5.012910000000281798e+03 1.018608363007635687e+00
5.012920000000282016e+03 1.020340716835070216e+00
5.012930000000282234e+03 1.022338531223649261e+00
5.012940000000282453e+03 1.024665045304899547e+00
5.012950000000282671e+03 1.027466970221526221e+00
5.012960000000282889e+03 1.030705510973707106e+00
5.012970000000283108e+03 1.034919119027930989e+00
5.012980000000283326e+03 1.045060051758930131e+00
5.012990000000283544e+03 1.112741628744567501e+00
5.013000000000283762e+03 1.111251804313579283e+00
5.013010000000283981e+03 2.931694726579628929e-01
5.013020000000284199e+03 4.831480843405801945e-02
5.013030000000284417e+03 3.043760936903014067e-02
5.013040000000284635e+03 2.205604479321549016e-02
5.013050000000284854e+03 1.782780691755801381e-02
5.013060000000285072e+03 1.695348003907993020e-02
5.013070000000285290e+03 1.914851243963759317e-02
5.013080000000285509e+03 2.502783600816007453e-02
5.013090000000285727e+03 3.543624393549262008e-02
5.013100000000285945e+03 7.980486763016038376e-02
5.013110000000286163e+03 8.113321919919715131e-02
5.013120000000286382e+03 3.469298197670438871e-02
5.013130000000286600e+03 2.300119691704874056e-02
5.013140000000286818e+03 1.610880894939376029e-02
5.013150000000287037e+03 1.310232351108704500e-02
5.013160000000287255e+03 1.266639872905970209e-02
5.013170000000287473e+03 1.452534219920265275e-02
5.013180000000287691e+03 1.969308041196258727e-02
5.013190000000287910e+03 2.939597624091465355e-02
5.013200000000288128e+03 4.869242611700324436e-02
5.013210000000288346e+03 2.968857138076912427e-01
5.013220000000288564e+03 9.890482168607569458e-01
5.013230000000288783e+03 1.091550980851796027e+00
5.013240000000289001e+03 1.074000546897019737e+00
5.013250000000289219e+03 1.067662048226766025e+00
5.013260000000289438e+03 1.062153920830812615e+00
5.013270000000289656e+03 1.055649399976742675e+00
5.013280000000289874e+03 1.049739357839881038e+00
5.013290000000290092e+03 1.044448032441451124e+00
5.013300000000290311e+03 1.039781095893153262e+00
5.013310000000290529e+03 1.035702040078980035e+00
5.013320000000290747e+03 1.032147118288168075e+00
5.013330000000290966e+03 1.029047416590484820e+00
5.013340000000291184e+03 1.026337840130605583e+00
5.013350000000291402e+03 1.023959780874652781e+00
5.013360000000291620e+03 1.021862990000935723e+00
5.013370000000291839e+03 1.020001660575684754e+00
5.013380000000292057e+03 1.018326839923368254e+00
5.013390000000292275e+03 1.016711800911359820e+00
5.013400000000292493e+03 1.014339258524299625e+00
5.013410000000292712e+03 1.006333936599294931e+00
5.013420000000292930e+03 9.735292787538357695e-01
5.013430000000293148e+03 8.767455707201577964e-01
5.013440000000293367e+03 7.029091328875758382e-01
5.013450000000293585e+03 5.213614842205060995e-01
5.013460000000293803e+03 4.144204426661882712e-01
5.013470000000294021e+03 4.069641483679343752e-01
5.013480000000294240e+03 4.992359781584788658e-01
5.013490000000294458e+03 6.724972434594047588e-01
5.013500000000294676e+03 8.514949186454123797e-01
5.013510000000294895e+03 9.585459380603206236e-01
5.013520000000295113e+03 9.961073157422851709e-01
5.013530000000295331e+03 1.003683468986212413e+00
5.013540000000295549e+03 1.003642172240282848e+00
5.013550000000295768e+03 1.002681096628615931e+00
5.013560000000295986e+03 1.002481979736981055e+00
5.013570000000296204e+03 1.003145013972744914e+00
5.013580000000296423e+03 1.004030726115333394e+00
5.013590000000296641e+03 1.004587810422607586e+00
5.013600000000296859e+03 1.004737138296948551e+00
5.013610000000297077e+03 1.004656213594713243e+00
5.013620000000297296e+03 1.004497014340393068e+00
5.013630000000297514e+03 1.004324395768546818e+00
5.013640000000297732e+03 1.004156254979271967e+00
5.013650000000297950e+03 1.003995849329637924e+00
5.013660000000298169e+03 1.003843421643274558e+00
5.013670000000298387e+03 1.003698766647906471e+00
5.013680000000298605e+03 1.003561590693161198e+00
5.013690000000298824e+03 1.003431382916172065e+00
5.013700000000299042e+03 1.003307584676029762e+00
5.013710000000299260e+03 1.003189991920498070e+00
5.013720000000299478e+03 1.003078134001650135e+00
5.013730000000299697e+03 1.002971619221775690e+00
5.013740000000299915e+03 1.002870001749637474e+00
5.013750000000300133e+03 1.002772781750159048e+00
5.013760000000300352e+03 1.002679196357326941e+00
5.013770000000300570e+03 1.002586696098440644e+00
5.013780000000300788e+03 1.002481043681880957e+00
5.013790000000301006e+03 1.002297147367551711e+00
5.013800000000301225e+03 1.001835715330804844e+00
5.013810000000301443e+03 1.000741314283296601e+00
5.013820000000301661e+03 9.988392018081725388e-01
5.013830000000301879e+03 9.967492622367929433e-01
5.013840000000302098e+03 9.957936206717830085e-01
5.013850000000302316e+03 9.966823141919852747e-01
5.013860000000302534e+03 9.986627685346998184e-01
5.013870000000302753e+03 1.000417190920024568e+00
5.013880000000302971e+03 1.001357716980204149e+00
5.013890000000303189e+03 1.001676098477000343e+00
5.013900000000303407e+03 1.001725592731349757e+00
5.013910000000303626e+03 1.001699465269588529e+00
5.013920000000303844e+03 1.001658933958246012e+00
5.013930000000304062e+03 1.001617083617677428e+00
5.013940000000304281e+03 1.001575980415227773e+00
5.013950000000304499e+03 1.001535985941314433e+00
5.013960000000304717e+03 1.001497212020587169e+00
5.013970000000304935e+03 1.001459575294270099e+00
5.013980000000305154e+03 1.001422985568721113e+00
5.013990000000305372e+03 1.001387714544303087e+00
5.014000000000305590e+03 1.001353512175220173e+00
5.014010000000305808e+03 1.001320400941076549e+00
5.014020000000306027e+03 1.001288128733186067e+00
5.014030000000306245e+03 1.001260703655822981e+00
5.014040000000306463e+03 1.001225578188363663e+00
5.014050000000306682e+03 1.001176836786412894e+00
5.014060000000306900e+03 1.001093186537012070e+00
5.014070000000307118e+03 1.000956866470585238e+00
5.014080000000307336e+03 1.000792199321273612e+00
5.014090000000307555e+03 1.000679850416051897e+00
5.014100000000307773e+03 1.000616380143434014e+00
5.014110000000307991e+03 1.000717584602176080e+00
5.014120000000308210e+03 1.000826709634195621e+00
5.014130000000308428e+03 1.000886815240940475e+00
5.014140000000308646e+03 1.000898160162338568e+00
5.014150000000308864e+03 1.000885200267103148e+00
5.014160000000309083e+03 1.000866914172411581e+00
5.014170000000309301e+03 1.000850959665514850e+00
5.014180000000309519e+03 1.000837490240676475e+00
5.014190000000309738e+03 1.000824522426768892e+00
5.014200000000309956e+03 1.000809763290865018e+00
5.014210000000310174e+03 1.000794108396864557e+00
5.014220000000310392e+03 1.000778299990195075e+00
5.014230000000310611e+03 1.000762738337495295e+00
5.014240000000310829e+03 1.000747567860118759e+00
5.014250000000311047e+03 1.000732784517772922e+00
5.014260000000311265e+03 1.000721294808091466e+00
5.014270000000311484e+03 1.000707435154300606e+00
5.014280000000311702e+03 1.000693885565074881e+00
5.014290000000311920e+03 1.000680707680731141e+00
5.014300000000312139e+03 1.000667837604026555e+00
5.014310000000312357e+03 1.000655318617472478e+00
5.014320000000312575e+03 1.000643225493527133e+00
5.014330000000312793e+03 1.000578139097792585e+00
5.014340000000313012e+03 1.000567470890161514e+00
5.014350000000313230e+03 1.000557133512795405e+00
5.014360000000313448e+03 1.000547112104888337e+00
5.014370000000313667e+03 1.000537404380152262e+00
5.014380000000313885e+03 1.000574969183980034e+00
5.014390000000314103e+03 1.000567033322438792e+00
5.014400000000314321e+03 1.000577895699331421e+00
5.014410000000314540e+03 1.000570760813609184e+00
5.014420000000314758e+03 1.000563981172378325e+00
5.014430000000314976e+03 1.000557796256535958e+00
5.014440000000315194e+03 1.000551777197788983e+00
5.014450000000315413e+03 1.000546423038540356e+00
5.014460000000315631e+03 1.000544484184241467e+00
5.014470000000315849e+03 1.000540148429467813e+00
5.014480000000316068e+03 1.000536433271830949e+00
5.014490000000316286e+03 1.000533197567037957e+00
5.014500000000316504e+03 1.000530500823325619e+00
5.014510000000316722e+03 1.000528236937499704e+00
5.014520000000316941e+03 1.000526997033918564e+00
5.014530000000317159e+03 1.000526772277445797e+00
5.014540000000317377e+03 1.000527739277145667e+00
5.014550000000317596e+03 1.000529922758799373e+00
5.014560000000317814e+03 1.000533614494804713e+00
5.014570000000318032e+03 1.000540647909625713e+00
5.014580000000318250e+03 1.000549032620148937e+00
5.014590000000318469e+03 1.000559922322781681e+00
5.014600000000318687e+03 1.000573684682196429e+00
5.014610000000318905e+03 1.000587360555690974e+00
5.014620000000319124e+03 1.000574311121604554e+00
5.014630000000319342e+03 1.000420452770623969e+00
5.014640000000319560e+03 9.998200761229246725e-01
5.014650000000319778e+03 9.983544915001051345e-01
5.014660000000319997e+03 9.963486625070252511e-01
5.014670000000320215e+03 9.961071728360476607e-01
5.014680000000320433e+03 1.002228263681366416e+00
5.014690000000320651e+03 1.018967096459158173e+00
5.014700000000320870e+03 1.045833552803037581e+00
5.014710000000321088e+03 1.075619490443877613e+00
5.014720000000321306e+03 1.098121179872411979e+00
5.014730000000321525e+03 1.106279378985984385e+00
5.014740000000321743e+03 1.098278699374190426e+00
5.014750000000321961e+03 1.077088955138955528e+00
5.014760000000322179e+03 1.050366822037941406e+00
5.014770000000322398e+03 1.027163038630084291e+00
5.014780000000322616e+03 1.012305363394974123e+00
5.014790000000322834e+03 1.004993292520588000e+00
5.014800000000323053e+03 1.002115501481753768e+00
5.014810000000323271e+03 1.001160266343629646e+00
5.014820000000323489e+03 1.000868919323760986e+00
5.014830000000323707e+03 1.000771961482363803e+00
5.014840000000323926e+03 1.000732863318487764e+00
5.014850000000324144e+03 1.000717575142730853e+00
5.014860000000324362e+03 1.000716775562672245e+00
5.014870000000324580e+03 1.000726979142940953e+00
5.014880000000324799e+03 1.000746381784326955e+00
5.014890000000325017e+03 1.000775300155356540e+00
5.014900000000325235e+03 1.000815070471818835e+00
5.014910000000325454e+03 1.000866778883137576e+00
5.014920000000325672e+03 1.000932772547118876e+00
5.014930000000325890e+03 1.001017573619858769e+00
5.014940000000326108e+03 1.001128783479875439e+00
5.014950000000326327e+03 1.001264268168844840e+00
5.014960000000326545e+03 1.001444103667300967e+00
5.014970000000326763e+03 1.001697184107773086e+00
5.014980000000326982e+03 1.002076218712125044e+00
5.014990000000327200e+03 1.002736604984097779e+00
5.015000000000327418e+03 1.004276489447713860e+00
5.015010000000327636e+03 1.008873797881777001e+00
5.015020000000327855e+03 1.022261790840929496e+00
5.015030000000328073e+03 1.054533155423860835e+00
5.015040000000328291e+03 1.107980434200906750e+00
5.015050000000328509e+03 1.150310393476878801e+00
5.015060000000328728e+03 1.128848587002097892e+00
5.015070000000328946e+03 1.053970127209664209e+00
5.015080000000329164e+03 9.903889162551304803e-01
5.015090000000329383e+03 9.837973783583883192e-01
5.015100000000329601e+03 1.024180148328230233e+00
5.015110000000329819e+03 1.045769348719731040e+00
5.015120000000330037e+03 9.678594479141441331e-01
5.015130000000330256e+03 7.806980138912350542e-01
5.015140000000330474e+03 5.677986429718613337e-01
5.015150000000330692e+03 4.119931987335061496e-01
5.015160000000330911e+03 3.353544622487313331e-01
5.015170000000331129e+03 3.272774028561592496e-01
5.015180000000331347e+03 3.860242667809620221e-01
5.015190000000331565e+03 5.219560408108999683e-01
5.015200000000331784e+03 7.293101973139360927e-01
5.015210000000332002e+03 9.370028359545350405e-01
5.015220000000332220e+03 1.040766991606380865e+00
5.015230000000332439e+03 1.008941600715044462e+00
5.015240000000332657e+03 8.892867203553892486e-01
5.015250000000332875e+03 7.516255426549401930e-01
5.015260000000333093e+03 6.532455027439951767e-01
5.015270000000333312e+03 6.222637889506651421e-01
5.015280000000333530e+03 6.636556025540175652e-01
5.015290000000333748e+03 7.707700319511828768e-01
5.015300000000333966e+03 9.130813060170149820e-01
5.015310000000334185e+03 1.032536134188616117e+00
5.015320000000334403e+03 1.087139015401107134e+00
5.015330000000334621e+03 1.079216603666327545e+00
5.015340000000334840e+03 1.049031388906321416e+00
5.015350000000335058e+03 1.023791661320438529e+00
5.015360000000335276e+03 1.009724175446504058e+00
5.015370000000335494e+03 1.003555902087504448e+00
5.015380000000335713e+03 1.001285341768651360e+00
5.015390000000335931e+03 1.000557603862613609e+00
5.015400000000336149e+03 1.000344222842726838e+00
5.015410000000336368e+03 1.000279444929968786e+00
5.015420000000336586e+03 1.000252931209292262e+00
5.015430000000336804e+03 1.000235623782995464e+00
5.015440000000337022e+03 1.000216173562252342e+00
5.015450000000337241e+03 1.000202212932066681e+00
5.015460000000337459e+03 1.000251404375661402e+00
5.015470000000337677e+03 1.000237812661845638e+00
5.015480000000337895e+03 1.000223747625580417e+00
5.015490000000338114e+03 1.000208439273495564e+00
5.015500000000338332e+03 1.000186960206069120e+00
5.015510000000338550e+03 1.000120704887565548e+00
5.015520000000338769e+03 9.997548387303842876e-01
5.015530000000338987e+03 9.978729272285565832e-01
5.015540000000339205e+03 9.905411243226385221e-01
5.015550000000339423e+03 9.701649458027598039e-01
5.015560000000339642e+03 9.314352445192753960e-01
5.015570000000339860e+03 8.834783583234191440e-01
5.015580000000340078e+03 8.499275753539711209e-01
5.015590000000340297e+03 8.504875732158615476e-01
5.015600000000340515e+03 8.846369600154311286e-01
5.015610000000340733e+03 9.317396388460904566e-01
5.015620000000340951e+03 9.665905380804045155e-01
5.015630000000341170e+03 9.743856260189582841e-01
5.015640000000341388e+03 9.487169555189524095e-01
5.015650000000341606e+03 8.903212534086932806e-01
5.015660000000341824e+03 8.193512878209326944e-01
5.015670000000342043e+03 7.717215377576915891e-01
5.015680000000342261e+03 7.733404396168279682e-01
5.015690000000342479e+03 8.233882646645217518e-01
5.015700000000342698e+03 8.949513378654565532e-01
5.015710000000342916e+03 9.536838188408811590e-01
5.015720000000343134e+03 9.848740071834253262e-01
5.015730000000343352e+03 9.961359913632806817e-01
5.015740000000343571e+03 9.990899614416662855e-01
5.015750000000343789e+03 9.997296775103082789e-01
5.015760000000344007e+03 9.998898206859954119e-01
5.015770000000344226e+03 9.999573780233415032e-01
5.015780000000344444e+03 9.999981547478805632e-01
5.015790000000344662e+03 1.000026136366209295e+00
5.015800000000344880e+03 1.000001253488627340e+00
5.015810000000345099e+03 1.000018117235815795e+00
5.015820000000345317e+03 1.000031081523920840e+00
5.015830000000345535e+03 1.000041975297487840e+00
5.015840000000345754e+03 1.000050215504312057e+00
5.015850000000345972e+03 1.000056899481549522e+00
5.015860000000346190e+03 1.000062367932034846e+00
5.015870000000346408e+03 1.000066871112153200e+00
5.015880000000346627e+03 1.000067694129471940e+00
5.015890000000346845e+03 1.000070865632051831e+00
5.015900000000347063e+03 1.000073680568542844e+00
5.015910000000347281e+03 1.000075878575663380e+00
5.015920000000347500e+03 1.000074954819744955e+00
5.015930000000347718e+03 9.999894156883541996e-01
5.015940000000347936e+03 9.999914428714710146e-01
5.015950000000348155e+03 9.999932450471892276e-01
5.015960000000348373e+03 9.999937083241270397e-01
5.015970000000348591e+03 9.999902970561821425e-01
5.015980000000348809e+03 9.999739043641945324e-01
5.015990000000349028e+03 9.999355486334355891e-01
5.016000000000349246e+03 9.998713558123576428e-01
5.016010000000349464e+03 9.998063293457110090e-01
5.016020000000349683e+03 9.997869324441248651e-01
5.016030000000349901e+03 9.998253527329499235e-01
5.016040000000350119e+03 9.998955664192195059e-01
5.016050000000350337e+03 9.999554455053614177e-01
5.016060000000350556e+03 9.999879281829067157e-01
5.016070000000350774e+03 1.000000115797690770e+00
5.016080000000350992e+03 1.000003297053259743e+00
5.016090000000351210e+03 1.000003175163079572e+00
5.016100000000351429e+03 1.000003071461486925e+00
5.016110000000351647e+03 1.000002761560596642e+00
5.016120000000351865e+03 1.000002259465173182e+00
5.016130000000352084e+03 1.000001643345316715e+00
5.016140000000352302e+03 1.000010439058297784e+00
5.016150000000352520e+03 1.000047564458583560e+00
5.016160000000352738e+03 1.000047725655675235e+00
5.016170000000352957e+03 1.000047700232617798e+00
5.016180000000353175e+03 1.000047399233841894e+00
5.016190000000353393e+03 1.000046781345847347e+00
5.016200000000353612e+03 1.000045801505804022e+00
5.016210000000353830e+03 1.000044203363956274e+00
5.016220000000354048e+03 1.000041797250730058e+00
5.016230000000354266e+03 1.000038266420386179e+00
5.016240000000354485e+03 1.000033197386814843e+00
5.016250000000354703e+03 1.000025341799432921e+00
5.016260000000354921e+03 1.000012010149371022e+00
5.016270000000355139e+03 1.000070662382414044e+00
5.016280000000355358e+03 9.999546375510559582e-01
5.016290000000355576e+03 9.994363821772023204e-01
5.016300000000355794e+03 9.975249696152045376e-01
5.016310000000356013e+03 9.923968801507152548e-01
5.016320000000356231e+03 9.830291495689472692e-01
5.016330000000356449e+03 9.723060813890649356e-01
5.016340000000356667e+03 9.667820494617229699e-01
5.016350000000356886e+03 9.705749057351686915e-01
5.016360000000357104e+03 9.808196719848458756e-01
5.016370000000357322e+03 9.908533289772163410e-01
5.016380000000357541e+03 9.968374748862254275e-01
5.016390000000357759e+03 9.992361691142143121e-01
5.016400000000357977e+03 9.999278902610572173e-01
5.016410000000358195e+03 1.000089663160773190e+00
5.016420000000358414e+03 1.000132184051994777e+00
5.016430000000358632e+03 1.000151646811993089e+00
5.016440000000358850e+03 1.000164688561730131e+00
5.016450000000359069e+03 1.000174678425254093e+00
5.016460000000359287e+03 1.000183132144100817e+00
5.016470000000359505e+03 1.000190637894303292e+00
5.016480000000359723e+03 1.000197429588698617e+00
5.016490000000359942e+03 1.000203806962652653e+00
5.016500000000360160e+03 1.000210031307700920e+00
5.016510000000360378e+03 1.000216224374135932e+00
5.016520000000360596e+03 1.000222522444910167e+00
5.016530000000360815e+03 1.000228957637634863e+00
5.016540000000361033e+03 1.000235648971923519e+00
5.016550000000361251e+03 1.000242676907712402e+00
5.016560000000361470e+03 1.000250186808218311e+00
5.016570000000361688e+03 1.000262248574592894e+00
5.016580000000361906e+03 1.000270965293646341e+00
5.016590000000362124e+03 1.000280489150175089e+00
5.016600000000362343e+03 1.000290895235791400e+00
5.016610000000362561e+03 1.000302312751607081e+00
5.016620000000362779e+03 1.000315082839074110e+00
5.016630000000362998e+03 1.000329385842685159e+00
5.016640000000363216e+03 1.000345495478627056e+00
5.016650000000363434e+03 1.000368095669796453e+00
5.016660000000363652e+03 1.000386995772937215e+00
5.016670000000363871e+03 1.000401799036003014e+00
5.016680000000364089e+03 1.000338904637292803e+00
5.016690000000364307e+03 1.000311106910632963e+00
5.016700000000364525e+03 1.000268792012552588e+00
5.016710000000364744e+03 1.000261107086907186e+00
5.016720000000364962e+03 1.000335532609694544e+00
5.016730000000365180e+03 1.000486311174191068e+00
5.016740000000365399e+03 1.000667627624599820e+00
5.016750000000365617e+03 1.000861960537184014e+00
5.016760000000365835e+03 1.001064082232816066e+00
5.016770000000366053e+03 1.001490691134983679e+00
5.016780000000366272e+03 1.005339309068853160e+00
5.016790000000366490e+03 1.052384485888318011e+00
5.016800000000366708e+03 1.195408382974465278e+00
5.016810000000366927e+03 4.577332359954120466e-01
5.016820000000367145e+03 6.243508893902972173e-02
5.016830000000367363e+03 3.324546062527656415e-02
5.016840000000367581e+03 2.465569832436004943e-02
5.016850000000367800e+03 2.036601210306878199e-02
5.016860000000368018e+03 1.968830531100573822e-02
5.016870000000368236e+03 2.246807938061755675e-02
5.016880000000368454e+03 2.922811503765414612e-02
5.016890000000368673e+03 4.245657320580189381e-02
5.016900000000368891e+03 2.051899129306413438e-01
5.016910000000369109e+03 1.025796760926163786e+00
5.016920000000369328e+03 1.115977217117573250e+00
5.016930000000369546e+03 1.013041681518017434e+00
5.016940000000369764e+03 1.002103221183592741e+00
5.016950000000369982e+03 1.001224194490972774e+00
5.016960000000370201e+03 1.001006329673259865e+00
5.016970000000370419e+03 1.000849910782243279e+00
5.016980000000370637e+03 1.000741151199141088e+00
5.016990000000370856e+03 1.000658257792417904e+00
5.017000000000371074e+03 1.000593792306935459e+00
5.017010000000371292e+03 1.000542707066683468e+00
5.017020000000371510e+03 1.000501598041596107e+00
5.017030000000371729e+03 1.000468060594474462e+00
5.017040000000371947e+03 1.000440400128548957e+00
5.017050000000372165e+03 1.000417507107717929e+00
5.017060000000372384e+03 1.000398187738892997e+00
5.017070000000372602e+03 1.000427300935901931e+00
5.017080000000372820e+03 1.000414388818972711e+00
5.017090000000373038e+03 1.000403558816753247e+00
5.017100000000373257e+03 1.000394393299813611e+00
5.017110000000373475e+03 1.000386575698591018e+00
5.017120000000373693e+03 1.000379519068584466e+00
5.017130000000373911e+03 1.000371937162997105e+00
5.017140000000374130e+03 1.000361804036124846e+00
5.017150000000374348e+03 1.000348437891047659e+00
5.017160000000374566e+03 1.000335423372284982e+00
5.017170000000374785e+03 1.000329383053499166e+00
5.017180000000375003e+03 1.000333044764067036e+00
5.017190000000375221e+03 1.000341724954250555e+00
5.017200000000375439e+03 1.000349189726198462e+00
5.017210000000375658e+03 1.000353136278122834e+00
5.017220000000375876e+03 1.000410650615627173e+00
5.017230000000376094e+03 1.000412711760962026e+00
5.017240000000376313e+03 1.000414579697136430e+00
5.017250000000376531e+03 1.000416890958227167e+00
5.017260000000376749e+03 1.000419166087701095e+00
5.017270000000376967e+03 1.000421683071262891e+00
5.017280000000377186e+03 1.000424478371929604e+00
5.017290000000377404e+03 1.000427552596635516e+00
5.017300000000377622e+03 1.000430797456425935e+00
5.017310000000377840e+03 1.000434283471223873e+00
5.017320000000378059e+03 1.000437846120682206e+00
5.017330000000378277e+03 1.000441570172047268e+00
5.017340000000378495e+03 1.000445434682549761e+00
5.017350000000378714e+03 1.000449413019672384e+00
5.017360000000378932e+03 1.000453476705680078e+00
5.017370000000379150e+03 1.000457563039227393e+00
5.017380000000379368e+03 1.000461508683447409e+00
5.017390000000379587e+03 1.000464954880392998e+00
5.017400000000379805e+03 1.000467151391471576e+00
5.017410000000380023e+03 1.000467673576511674e+00
5.017420000000380242e+03 1.000467306307234239e+00
5.017430000000380460e+03 1.000468100137039240e+00
5.017440000000380678e+03 1.000471224477276433e+00
5.017450000000380896e+03 1.000475565216234708e+00
5.017460000000381115e+03 1.000477665842339547e+00
5.017470000000381333e+03 1.000473814024251062e+00
5.017480000000381551e+03 1.000455922894582184e+00
5.017490000000381769e+03 1.000378205209687010e+00
5.017500000000381988e+03 9.999882968290302321e-01
5.017510000000382206e+03 9.982835701140718720e-01
5.017520000000382424e+03 9.925921102955529429e-01
5.017530000000382643e+03 9.789846379599974613e-01
5.017540000000382861e+03 9.568601528780376064e-01
5.017550000000383079e+03 9.343074711968543111e-01
5.017560000000383297e+03 9.246124244262990954e-01
5.017570000000383516e+03 9.343016963257603225e-01
5.017580000000383734e+03 9.568731660233732450e-01
5.017590000000383952e+03 9.790244626690848273e-01
5.017600000000384171e+03 9.926584939448215295e-01
5.017610000000384389e+03 9.983774996834410276e-01
5.017620000000384607e+03 1.000111216479811382e+00
5.017630000000384825e+03 1.000531038839564735e+00
5.017640000000385044e+03 1.000639910609261607e+00
5.017650000000385262e+03 1.000690703479153010e+00
5.017660000000385480e+03 1.000729967038515689e+00
5.017670000000385699e+03 1.000765991976034108e+00
5.017680000000385917e+03 1.000801368224252696e+00
5.017690000000386135e+03 1.000819170475477859e+00
5.017700000000386353e+03 1.000856554839885781e+00
5.017710000000386572e+03 1.000893083497166769e+00
5.017720000000386790e+03 1.000935312193108606e+00
5.017730000000387008e+03 1.000980807471874234e+00
5.017740000000387226e+03 1.001030528363282102e+00
5.017750000000387445e+03 1.001084854192264340e+00
5.017760000000387663e+03 1.001144902825286787e+00
5.017770000000387881e+03 1.001211762849806952e+00
5.017780000000388100e+03 1.001286756025875135e+00
5.017790000000388318e+03 1.001371482116253597e+00
5.017800000000388536e+03 1.001467893332453674e+00
5.017810000000388754e+03 1.001578086208902763e+00
5.017820000000388973e+03 1.001702842660769033e+00
5.017830000000389191e+03 1.001836830701212877e+00
5.017840000000389409e+03 1.001961875496121923e+00
5.017850000000389628e+03 1.002055456989238369e+00
5.017860000000389846e+03 1.002135368622053102e+00
5.017870000000390064e+03 1.002302766989805693e+00
5.017880000000390282e+03 1.002692995573725598e+00
5.017890000000390501e+03 1.003355233714429362e+00
5.017900000000390719e+03 1.004279130626249295e+00
5.017910000000390937e+03 1.005357750197067634e+00
5.017920000000391155e+03 1.007288426610897902e+00
5.017930000000391374e+03 1.019140484661714030e+00
5.017940000000391592e+03 1.127334032659499385e+00
5.017950000000391810e+03 1.019509594328773527e+00
5.017960000000392029e+03 1.972855255186936330e-01
5.017970000000392247e+03 4.167822690305788419e-02
5.017980000000392465e+03 2.839462303774581073e-02
5.017990000000392683e+03 2.119312760134556620e-02
5.018000000000392902e+03 1.800745729599885839e-02
5.018010000000393120e+03 1.813398347367459543e-02
5.018020000000393338e+03 2.161040980192848945e-02
5.018030000000393557e+03 2.916705404237058055e-02
5.018040000000393775e+03 4.371821811245669293e-02
5.018050000000393993e+03 2.337361194546667964e-01
5.018060000000394211e+03 1.081940810634598904e+00
5.018070000000394430e+03 1.110768864867109018e+00
5.018080000000394648e+03 1.016949827492324321e+00
5.018090000000394866e+03 1.007200722718463615e+00
5.018100000000395084e+03 1.005527588318178900e+00
5.018110000000395303e+03 1.004637844602821461e+00
5.018120000000395521e+03 1.003936971526492306e+00
5.018130000000395739e+03 1.003438638711539710e+00
5.018140000000395958e+03 1.003055588474751625e+00
5.018150000000396176e+03 1.002755186108141405e+00
5.018160000000396394e+03 1.002515617620902910e+00
5.018170000000396612e+03 1.002321960450358374e+00
5.018180000000396831e+03 1.002163455827634442e+00
5.018190000000397049e+03 1.002032332028001349e+00
5.018200000000397267e+03 1.001922585827959677e+00
5.018210000000397486e+03 1.001828861326170994e+00
5.018220000000397704e+03 1.001741660074288776e+00
5.018230000000397922e+03 1.001632648648003832e+00
5.018240000000398140e+03 1.001423624023149328e+00
5.018250000000398359e+03 1.000980996838761294e+00
5.018260000000398577e+03 1.000241745289735862e+00
5.018270000000398795e+03 9.994337546182999743e-01
5.018280000000399014e+03 9.990512509941342767e-01
5.018290000000399232e+03 9.993706257143784022e-01
5.018300000000399450e+03 1.000124356363568889e+00
5.018310000000399668e+03 1.000815186025011627e+00
5.018320000000399887e+03 1.001206691555220019e+00
5.018330000000400105e+03 1.001356193759294078e+00
5.018340000000400323e+03 1.001395889870813738e+00
5.018350000000400541e+03 1.001403166092849073e+00
5.018360000000400760e+03 1.001404508357680800e+00
5.018370000000400978e+03 1.001407525939856713e+00
5.018380000000401196e+03 1.001410221336154649e+00
5.018390000000401415e+03 1.001414381734714532e+00
5.018400000000401633e+03 1.001421346257158396e+00
5.018410000000401851e+03 1.001428001547061797e+00
5.018420000000402069e+03 1.001435445979703021e+00
5.018430000000402288e+03 1.001461523492310324e+00
5.018440000000402506e+03 1.001469335007739936e+00
5.018450000000402724e+03 1.001477058330870973e+00
5.018460000000402943e+03 1.001485061213232886e+00
5.018470000000403161e+03 1.001494351355239010e+00
5.018480000000403379e+03 1.001507301391562743e+00
5.018490000000403597e+03 1.001521622410065149e+00
5.018500000000403816e+03 1.001538696142321383e+00
5.018510000000404034e+03 1.001558025342691227e+00
5.018520000000404252e+03 1.001578557079201071e+00
5.018530000000404470e+03 1.001599348573896320e+00
5.018540000000404689e+03 1.001619878033858324e+00
5.018550000000404907e+03 1.001640094320749741e+00
5.018560000000405125e+03 1.001660290011567866e+00
5.018570000000405344e+03 1.001680906033819207e+00
5.018580000000405562e+03 1.001702249415086232e+00
5.018590000000405780e+03 1.001724560222224447e+00
5.018600000000405998e+03 1.001747919883777982e+00
5.018610000000406217e+03 1.001772323629828598e+00
5.018620000000406435e+03 1.001797771289021366e+00
5.018630000000406653e+03 1.001824152316458383e+00
5.018640000000406872e+03 1.001851469997019350e+00
5.018650000000407090e+03 1.001879724181753195e+00
5.018660000000407308e+03 1.001908920209316767e+00
5.018670000000407526e+03 1.001939071250855351e+00
5.018680000000407745e+03 1.001970251804634060e+00
5.018690000000407963e+03 1.002002370235603568e+00
5.018700000000408181e+03 1.002035544905312214e+00
5.018710000000408400e+03 1.002069727070881378e+00
5.018720000000408618e+03 1.002105025527478599e+00
5.018730000000408836e+03 1.002141380775466439e+00
5.018740000000409054e+03 1.002178867972510323e+00
5.018750000000409273e+03 1.002217520405313200e+00
5.018760000000409491e+03 1.002257408319892740e+00
5.018770000000409709e+03 1.002298492076642678e+00
5.018780000000409927e+03 1.002340846505411331e+00
5.018790000000410146e+03 1.002384534396760341e+00
5.018800000000410364e+03 1.002375405485079529e+00
5.018810000000410582e+03 1.002423150470153512e+00
5.018820000000410801e+03 1.002472239002133447e+00
5.018830000000411019e+03 1.002522734964631956e+00
5.018840000000411237e+03 1.002574639384274269e+00
5.018850000000411455e+03 1.002627953303204533e+00
5.018860000000411674e+03 1.002682595708317637e+00
5.018870000000411892e+03 1.002738603573350096e+00
5.018880000000412110e+03 1.002795712282537943e+00
5.018890000000412329e+03 1.002853185030516237e+00
5.018900000000412547e+03 1.002908992215543860e+00
5.018910000000412765e+03 1.002950382135928020e+00
5.018920000000412983e+03 1.002904769081828240e+00
5.018930000000413202e+03 1.002485774047885414e+00
5.018940000000413420e+03 1.000976750943766147e+00
5.018950000000413638e+03 9.975003741348413833e-01
5.018960000000413856e+03 9.928193987894630146e-01
5.018970000000414075e+03 9.907370163204718416e-01
5.018980000000414293e+03 9.971253508958966005e-01
5.018990000000414511e+03 1.016569847467271082e+00
5.019000000000414730e+03 1.049453881472932393e+00
5.019010000000414948e+03 1.085510928178730738e+00
5.019020000000415166e+03 1.092713933677737614e+00
5.019030000000415384e+03 1.025400264948625573e+00
5.019040000000415603e+03 8.779067695971586316e-01
5.019050000000415821e+03 6.993941387401679810e-01
5.019060000000416039e+03 5.508803750912730779e-01
5.019070000000416258e+03 4.544145191131713779e-01
5.019080000000416476e+03 4.077688866231597986e-01
5.019090000000416694e+03 4.009193439694015426e-01
5.019100000000416912e+03 4.312864603241774453e-01
5.019110000000417131e+03 5.030556845908208397e-01
5.019120000000417349e+03 6.164451689743625229e-01
5.019130000000417567e+03 7.428668734476424618e-01
5.019140000000417785e+03 8.172718461627144215e-01
5.019150000000418004e+03 7.938194179554015628e-01
5.019160000000418222e+03 7.063686644997354547e-01
5.019170000000418440e+03 6.277298120380533364e-01
5.019180000000418659e+03 6.028076971142027896e-01
5.019190000000418877e+03 6.464372183745850098e-01
5.019200000000419095e+03 7.554857686409003348e-01
5.019210000000419313e+03 9.015891471473943541e-01
5.019220000000419532e+03 1.027037903183175782e+00
5.019230000000419750e+03 1.087316303022239028e+00
5.019240000000419968e+03 1.083408203396770020e+00
5.019250000000420187e+03 1.055294115347488404e+00
5.019260000000420405e+03 1.030989583871414483e+00
5.019270000000420623e+03 1.017405850036116055e+00
5.019280000000420841e+03 1.011591640375822942e+00
5.019290000000421060e+03 1.009655381007982022e+00
5.019300000000421278e+03 1.009272056885440971e+00
5.019310000000421496e+03 1.009420763175062241e+00
5.019320000000421715e+03 1.009737847456546822e+00
5.019330000000421933e+03 1.010114337268994467e+00
5.019340000000422151e+03 1.010523081256384570e+00
5.019350000000422369e+03 1.010959226187790660e+00
5.019360000000422588e+03 1.011423388965807080e+00
5.019370000000422806e+03 1.011916997863675061e+00
5.019380000000423024e+03 1.012440599448549250e+00
5.019390000000423242e+03 1.012990707348918606e+00
5.019400000000423461e+03 1.013562814815638147e+00
5.019410000000423679e+03 1.014161045352594215e+00
5.019420000000423897e+03 1.014810428080717308e+00
5.019430000000424116e+03 1.015544589290221955e+00
5.019440000000424334e+03 1.016373531563828481e+00
5.019450000000424552e+03 1.017273764345022924e+00
5.019460000000424770e+03 1.018233330148249793e+00
5.019470000000424989e+03 1.019249909822268707e+00
5.019480000000425207e+03 1.020338893901681532e+00
5.019490000000425425e+03 1.021516637946819683e+00
5.019500000000425644e+03 1.022796968837825338e+00
5.019510000000425862e+03 1.024193034901057509e+00
5.019520000000426080e+03 1.025718812803006141e+00
5.019530000000426298e+03 1.027390384062562667e+00
5.019540000000426517e+03 1.029227173475292689e+00
5.019550000000426735e+03 1.031252489445943388e+00
5.019560000000426953e+03 1.033494836277811579e+00
5.019570000000427171e+03 1.035985792985194776e+00
5.019580000000427390e+03 1.038760411547050566e+00
5.019590000000427608e+03 1.041860797464999155e+00
5.019600000000427826e+03 1.045337452707371995e+00
5.019610000000428045e+03 1.049252530141229878e+00
5.019620000000428263e+03 1.053674933669730196e+00
5.019630000000428481e+03 1.058661291026854911e+00
5.019640000000428699e+03 1.064205920723917176e+00
5.019650000000428918e+03 1.070211780274675117e+00
5.019660000000429136e+03 1.076677276796423444e+00
5.019670000000429354e+03 1.084138456039394072e+00
5.019680000000429573e+03 1.093750608236125466e+00
5.019690000000429791e+03 1.106678322751307286e+00
5.019700000000430009e+03 1.122776216869668664e+00
5.019710000000430227e+03 1.140995329800093439e+00
5.019720000000430446e+03 1.162316174026345017e+00
5.019730000000430664e+03 1.188076834532447945e+00
5.019740000000430882e+03 1.220343987098279070e+00
5.019750000000431100e+03 1.264057642543823690e+00
5.019760000000431319e+03 1.314295292055409625e+00
5.019770000000431537e+03 1.247225077211355559e+00
5.019780000000431755e+03 8.978308998231351312e-01
5.019790000000431974e+03 5.473405063583095531e-01
5.019800000000432192e+03 3.402083607620408623e-01
5.019810000000432410e+03 2.173778863275785400e-01
5.019820000000432628e+03 1.524039409719647464e-01
5.019830000000432847e+03 1.258597644464534426e-01
5.019840000000433065e+03 1.249400499517494822e-01
5.019850000000433283e+03 1.491132747112987600e-01
5.019860000000433502e+03 2.103493936600132341e-01
5.019870000000433720e+03 3.279027128079810560e-01
5.019880000000433938e+03 5.261833369806175886e-01
5.019890000000434156e+03 8.653557421483624168e-01
5.019900000000434375e+03 1.228824092099282339e+00
5.019910000000434593e+03 1.316803834552483066e+00
5.019920000000434811e+03 1.268317716977684695e+00
5.019930000000435030e+03 1.223369770141609747e+00
5.019940000000435248e+03 1.190526456355462281e+00
5.019950000000435466e+03 1.164606307805499785e+00
5.019960000000435684e+03 1.143702648728504689e+00
5.019970000000435903e+03 1.126556679737304556e+00
5.019980000000436121e+03 1.111680559351072128e+00
5.019990000000436339e+03 1.098991058819741129e+00
