# Wavelength (Å) Flux
5.000000000000000000e+03 1.016270559589664835e+00
5.000010000000000218e+03 9.791669570797265632e-01
5.000020000000000437e+03 9.716813601770734055e-01
5.000030000000000655e+03 9.757581220536631905e-01
5.000040000000000873e+03 9.795069101829633196e-01
5.000050000000001091e+03 9.821421674126730172e-01
5.000060000000001310e+03 9.840680476110648112e-01
5.000070000000001528e+03 9.851838184121071151e-01
5.000080000000001746e+03 9.848101577002708051e-01
5.000090000000001965e+03 9.815313946333974471e-01
5.000100000000002183e+03 9.743090142410708587e-01
5.000110000000002401e+03 9.649859141922758621e-01
5.000120000000002619e+03 9.588590120017325136e-01
5.000130000000002838e+03 9.604905361218769588e-01
5.000140000000003056e+03 9.690072168050893886e-01
5.000150000000003274e+03 9.790566671996264736e-01
5.000160000000003492e+03 9.861657142615614102e-01
5.000170000000003711e+03 9.896169976415839509e-01
5.000180000000003929e+03 9.908561496659633594e-01
5.000190000000004147e+03 9.912193472450177012e-01
5.000200000000004366e+03 9.913234203807246292e-01
5.000210000000004584e+03 9.913475898559005461e-01
5.000220000000004802e+03 9.913350897326563826e-01
5.000230000000005020e+03 9.912955516119013044e-01
5.000240000000005239e+03 9.912309086489313747e-01
5.000250000000005457e+03 9.911437920560700610e-01
5.000260000000005675e+03 9.910350847844927591e-01
5.000270000000005894e+03 9.909053385671102721e-01
5.000280000000006112e+03 9.907556655237521603e-01
5.000290000000006330e+03 9.905858959989357615e-01
5.000300000000006548e+03 9.903962921982490952e-01
5.000310000000006767e+03 9.901859187531955042e-01
5.000320000000006985e+03 9.899558802801928792e-01
5.000330000000007203e+03 9.897030602322198778e-01
5.000340000000007421e+03 9.894284479448018921e-01
5.000350000000007640e+03 9.891304450090681044e-01
5.000360000000007858e+03 9.888078507176850662e-01
5.000370000000008076e+03 9.884597022033705382e-01
5.000380000000008295e+03 9.880826524386023824e-01
5.000390000000008513e+03 9.876746969861346370e-01
5.000400000000008731e+03 9.872341137548699130e-01
5.000410000000008949e+03 9.867549735608065475e-01
5.000420000000009168e+03 9.862298346795713710e-01
5.000430000000009386e+03 9.856283717623253171e-01
5.000440000000009604e+03 9.847615261806356157e-01
5.000450000000009823e+03 9.825997582245726836e-01
5.000460000000010041e+03 9.752260445253675414e-01
5.000470000000010259e+03 9.533817277142725422e-01
5.000480000000010477e+03 9.073989003288238653e-01
5.000490000000010696e+03 8.443588048480379360e-01
5.000500000000010914e+03 7.939266516173285604e-01
5.000510000000011132e+03 7.853784873586254767e-01
5.000520000000011350e+03 8.233170017404114471e-01
5.000530000000011569e+03 8.843318298059121840e-01
5.000540000000011787e+03 9.354982852977345997e-01
5.000550000000012005e+03 9.619792381018168470e-01
5.000560000000012224e+03 9.703684769458407189e-01
5.000570000000012442e+03 9.712240676439289899e-01
5.000580000000012660e+03 9.699156856843614838e-01
5.000590000000012878e+03 9.679987260557436635e-01
5.000600000000013097e+03 9.656456783420143131e-01
5.000610000000013315e+03 9.625038489669883734e-01
5.000620000000013533e+03 9.578993055115796462e-01
5.000630000000013752e+03 9.514492205729375707e-01
5.000640000000013970e+03 9.441607294187204236e-01
5.000650000000014188e+03 9.383606095444146922e-01
5.000660000000014406e+03 9.354623958473545775e-01
5.000670000000014625e+03 9.342427923532742318e-01
5.000680000000014843e+03 9.321323183000477242e-01
5.000690000000015061e+03 9.276450271659414382e-01
5.000700000000015280e+03 9.207704475828255575e-01
5.000710000000015498e+03 9.119075974851912347e-01
5.000720000000015716e+03 9.011216833891668720e-01
5.000730000000015934e+03 8.880815824937049463e-01
5.000740000000016153e+03 8.721959665370944137e-01
5.000750000000016371e+03 8.524778522456493146e-01
5.000760000000016589e+03 8.269575347337074778e-01
5.000770000000016807e+03 7.962907920718806931e-01
5.000780000000017026e+03 7.682112560365510490e-01
5.000790000000017244e+03 6.321127064593058398e-01
5.000800000000017462e+03 7.762643064460993114e-02
5.000810000000017681e+03 1.446148668161340196e-02
5.000820000000017899e+03 7.443183300844710172e-03
5.000830000000018117e+03 4.016755509156187155e-03
5.000840000000018335e+03 2.691434827761858117e-03
5.000850000000018554e+03 2.286565764173557284e-03
5.000860000000018772e+03 2.296722834700619560e-03
5.000870000000018990e+03 2.732410717242146538e-03
5.000880000000019209e+03 4.085829480207924663e-03
5.000890000000019427e+03 6.812778485958094314e-03
5.000900000000019645e+03 8.857898034244179875e-03
5.000910000000019863e+03 9.854363622737505324e-03
5.000920000000020082e+03 1.126215988007263705e-02
5.000930000000020300e+03 1.355280348385568163e-02
5.000940000000020518e+03 1.733743867247304962e-02
5.000950000000020736e+03 4.417212691446443379e-02
5.000960000000020955e+03 3.140792157718415578e-01
5.000970000000021173e+03 6.082460391256061527e-01
5.000980000000021391e+03 7.266165501465532417e-01
5.000990000000021610e+03 7.819094314600889550e-01
5.001000000000021828e+03 8.179912316917099524e-01
5.001010000000022046e+03 8.447950260860157545e-01
5.001020000000022264e+03 8.660416718803779501e-01
5.001030000000022483e+03 8.832906287069669515e-01
5.001040000000022701e+03 8.972062924611051704e-01
5.001050000000022919e+03 9.086838927070356453e-01
5.001060000000023138e+03 9.183361934507451307e-01
5.001070000000023356e+03 9.265104269987334273e-01
5.001080000000023574e+03 9.335317513926079114e-01
5.001090000000023792e+03 9.395671472089051068e-01
5.001100000000024011e+03 9.447900957951129719e-01
5.001110000000024229e+03 9.493518205734003956e-01
5.001120000000024447e+03 9.533598665870650635e-01
5.001130000000024665e+03 9.569001889882479128e-01
5.001140000000024884e+03 9.600427773728723579e-01
5.001150000000025102e+03 9.628452174915725914e-01
5.001160000000025320e+03 9.654054137971547211e-01
5.001170000000025539e+03 9.676609943574393524e-01
5.001180000000025757e+03 9.696958684118174299e-01
5.001190000000025975e+03 9.716084053865967629e-01
5.001200000000026193e+03 9.732798242962468205e-01
5.001210000000026412e+03 9.748018761638574947e-01
5.001220000000026630e+03 9.762554442908816243e-01
5.001230000000026848e+03 9.775268324633236139e-01
5.001240000000027067e+03 9.786929247486076955e-01
5.001250000000027285e+03 9.797641788251222339e-01
5.001260000000027503e+03 9.807506086889082875e-01
5.001270000000027721e+03 9.816446177734916567e-01
5.001280000000027940e+03 9.824850458653332508e-01
5.001290000000028158e+03 9.832626099291028599e-01
5.001300000000028376e+03 9.839826950481214141e-01
5.001310000000028595e+03 9.846620991871581907e-01
5.001320000000028813e+03 9.852811349078732794e-01
5.001330000000029031e+03 9.858571146996643053e-01
5.001340000000029249e+03 9.863924094559995970e-01
5.001350000000029468e+03 9.868899351416097199e-01
5.001360000000029686e+03 9.873526357526763997e-01
5.001370000000029904e+03 9.877823113945174427e-01
5.001380000000030122e+03 9.881816778662035894e-01
5.001390000000030341e+03 9.885823514677561930e-01
5.001400000000030559e+03 9.889785748067433380e-01
5.001410000000030777e+03 9.892955972068879777e-01
5.001420000000030996e+03 9.896176047263099962e-01
5.001430000000031214e+03 9.898854662073599542e-01
5.001440000000031432e+03 9.901284799808259818e-01
5.001450000000031650e+03 9.903463006330264218e-01
5.001460000000031869e+03 9.905390197752690362e-01
5.001470000000032087e+03 9.907048678539994713e-01
5.001480000000032305e+03 9.908408397875875240e-01
5.001490000000032524e+03 9.909433048485474238e-01
5.001500000000032742e+03 9.910073465859022823e-01
5.001510000000032960e+03 9.910202253745602485e-01
5.001520000000033178e+03 9.909565844771380805e-01
5.001530000000033397e+03 9.907420611846409209e-01
5.001540000000033615e+03 9.899919157844734308e-01
5.001550000000033833e+03 9.868497097205702895e-01
5.001560000000034051e+03 9.750153620099628604e-01
5.001570000000034270e+03 9.414408408113182913e-01
5.001580000000034488e+03 8.763358092509396791e-01
5.001590000000034706e+03 7.950211633776199660e-01
5.001600000000034925e+03 7.362529957610177700e-01
5.001610000000035143e+03 7.312879395530897941e-01
5.001620000000035361e+03 7.825510426008673859e-01
5.001630000000035579e+03 8.625721323895076953e-01
5.001640000000035798e+03 9.313102649538946842e-01
5.001650000000036016e+03 9.685256262914158087e-01
5.001660000000036234e+03 9.810940640473199137e-01
5.001670000000036453e+03 9.809766753608474277e-01
5.001680000000036671e+03 9.680750631035923703e-01
5.001690000000036889e+03 9.219236089788765964e-01
5.001700000000037107e+03 8.060207776973808969e-01
5.001710000000037326e+03 6.181263612126146612e-01
5.001720000000037544e+03 4.291748792063656559e-01
5.001730000000037762e+03 3.143422789256269390e-01
5.001740000000037980e+03 2.880243450192389032e-01
5.001750000000038199e+03 3.528632394579357401e-01
5.001760000000038417e+03 5.388596555236776497e-01
5.001770000000038635e+03 3.484613492045258165e-01
5.001780000000038854e+03 2.353662141129442970e-02
5.001790000000039072e+03 1.062270438501464534e-02
5.001800000000039290e+03 5.988077237359423419e-03
5.001810000000039508e+03 3.855217467053746131e-03
5.001820000000039727e+03 3.110377246035212276e-03
5.001830000000039945e+03 3.110406698491055381e-03
5.001840000000040163e+03 3.855321723009675228e-03
5.001850000000040382e+03 5.988322041303973178e-03
5.001860000000040600e+03 1.062332773015925436e-02
5.001870000000040818e+03 2.368092734468021585e-02
5.001880000000041036e+03 4.401837814930613102e-01
5.001890000000041255e+03 1.029128666017917082e+00
5.001900000000041473e+03 9.869425688576209943e-01
5.001910000000041691e+03 9.814731892768269184e-01
5.001920000000041910e+03 9.843602373096544955e-01
5.001930000000042128e+03 9.870350798284263094e-01
5.001940000000042346e+03 9.890116782276545671e-01
5.001950000000042564e+03 9.905899508713330581e-01
5.001960000000042783e+03 9.918804508082689209e-01
5.001970000000043001e+03 9.929746574062426889e-01
5.001980000000043219e+03 9.939473175224140533e-01
5.001990000000043437e+03 9.948368062165927617e-01
5.002000000000043656e+03 9.956947493780192726e-01
5.002010000000043874e+03 9.965938482228320350e-01
5.002020000000044092e+03 9.976265225745906129e-01
5.002030000000044311e+03 9.989877635364095010e-01
5.002040000000044529e+03 1.001306692921737129e+00
5.002050000000044747e+03 1.006900489822178058e+00
5.002060000000044965e+03 1.022143232350918529e+00
5.002070000000045184e+03 1.058220476267824006e+00
5.002080000000045402e+03 1.114496114752248301e+00
5.002090000000045620e+03 1.142736865437284921e+00
5.002100000000045839e+03 1.086389036874515712e+00
5.002110000000046057e+03 9.759135498705798772e-01
5.002120000000046275e+03 8.953793811808133940e-01
5.002130000000046493e+03 8.920636730531189551e-01
5.002140000000046712e+03 9.675809823463653592e-01
5.002150000000046930e+03 1.078865206533333287e+00
5.002160000000047148e+03 1.142356928649709946e+00
5.002170000000047366e+03 1.119910314881018554e+00
5.002180000000047585e+03 1.065020584017155159e+00
5.002190000000047803e+03 1.041924941006526106e+00
5.002200000000048021e+03 1.105521411644240226e+00
5.002210000000048240e+03 1.117831790632187072e+00
5.002220000000048458e+03 5.511027118546243386e-01
5.002230000000048676e+03 1.324248460775937497e-01
5.002240000000048894e+03 3.806625089087396774e-02
5.002250000000049113e+03 2.187290239798425281e-02
5.002260000000049331e+03 1.869708161275670383e-02
5.002270000000049549e+03 1.893901117913071933e-02
5.002280000000049768e+03 2.297229763690973592e-02
5.002290000000049986e+03 4.256586520892482323e-02
5.002300000000050204e+03 1.262767648660867992e-01
5.002310000000050422e+03 2.976619494195937299e-01
5.002320000000050641e+03 3.544972050076493075e-01
5.002330000000050859e+03 3.120274548795111680e-01
5.002340000000051077e+03 2.715803808649971951e-01
5.002350000000051296e+03 2.202071427075219245e-01
5.002360000000051514e+03 1.499589277003710586e-01
5.002370000000051732e+03 9.343914703843708702e-02
5.002380000000051950e+03 7.053848523099146006e-02
5.002390000000052169e+03 7.917951661217795256e-02
5.002400000000052387e+03 1.370723430525352671e-01
5.002410000000052605e+03 2.938998968782988719e-01
5.002420000000052823e+03 5.080270667096422610e-01
5.002430000000053042e+03 6.023670731995093286e-01
5.002440000000053260e+03 5.629459271524416275e-01
5.002450000000053478e+03 5.123056381044671648e-01
5.002460000000053697e+03 5.115755652384988972e-01
5.002470000000053915e+03 5.730776539996249586e-01
5.002480000000054133e+03 6.885091398361119497e-01
5.002490000000054351e+03 8.258891182193256464e-01
5.002500000000054570e+03 9.402331298316926045e-01
5.002510000000054788e+03 1.000798695126630999e+00
5.002520000000055006e+03 1.017569902544243510e+00
5.002530000000055225e+03 1.013989066596339361e+00
5.002540000000055443e+03 1.006860002084601025e+00
5.002550000000055661e+03 1.002034391570692407e+00
5.002560000000055879e+03 9.997290084010951317e-01
5.002570000000056098e+03 9.987482312339331925e-01
5.002580000000056316e+03 9.979366336207590171e-01
5.002590000000056534e+03 9.962764781544649617e-01
5.002600000000056752e+03 9.928319219176868771e-01
5.002610000000056971e+03 9.880050932734972813e-01
5.002620000000057189e+03 9.842521726104090929e-01
5.002630000000057407e+03 9.842944166402535222e-01
5.002640000000057626e+03 9.881834553977418834e-01
5.002650000000057844e+03 9.931962224995697364e-01
5.002660000000058062e+03 9.968468438030377854e-01
5.002670000000058280e+03 9.986461320035647793e-01
5.002680000000058499e+03 9.992929613187208071e-01
5.002690000000058717e+03 9.995581504393502570e-01
5.002700000000058935e+03 9.997229702881177404e-01
5.002710000000059154e+03 9.998868284526859496e-01
5.002720000000059372e+03 1.000066622937068050e+00
5.002730000000059590e+03 1.000277253735113225e+00
5.002740000000059808e+03 1.000536358485948796e+00
5.002750000000060027e+03 1.000877869898767258e+00
5.002760000000060245e+03 1.001329001710496769e+00
5.002770000000060463e+03 1.002368878333790292e+00
5.002780000000060681e+03 1.005338435835954725e+00
5.002790000000060900e+03 1.015170473965518294e+00
5.002800000000061118e+03 1.045075728030174123e+00
5.002810000000061336e+03 1.117587490083191470e+00
5.002820000000061555e+03 1.235437713026989348e+00
5.002830000000061773e+03 1.342466462042971598e+00
5.002840000000061991e+03 1.360213891471705461e+00
5.002850000000062209e+03 1.308693087071627348e+00
5.002860000000062428e+03 1.249253151467594858e+00
5.002870000000062646e+03 1.215664559981787685e+00
5.002880000000062864e+03 1.218543857927845808e+00
5.002890000000063083e+03 1.257102214096019743e+00
5.002900000000063301e+03 1.318075655097978860e+00
5.002910000000063519e+03 1.362525461045531738e+00
5.002920000000063737e+03 1.329195029604274048e+00
5.002930000000063956e+03 1.216017984663469331e+00
5.002940000000064174e+03 1.101937728757092616e+00
5.002950000000064392e+03 1.038015914105180348e+00
5.002960000000064611e+03 1.012876063544361660e+00
5.002970000000064829e+03 1.004830682770149863e+00
5.002980000000065047e+03 1.002380736628446289e+00
5.002990000000065265e+03 1.001482582851301206e+00
5.003000000000065484e+03 1.000999396575975142e+00
5.003010000000065702e+03 1.000651342999404170e+00
5.003020000000065920e+03 1.000356054983243315e+00
5.003030000000066138e+03 1.000087114774350638e+00
5.003040000000066357e+03 9.998175207998266645e-01
5.003050000000066575e+03 9.995298169185824477e-01
5.003060000000066793e+03 9.992122169971857648e-01
5.003070000000067012e+03 9.988934878875037615e-01
5.003080000000067230e+03 9.984470020982233462e-01
5.003090000000067448e+03 9.978927763087496183e-01
5.003100000000067666e+03 9.971879988046501442e-01
5.003110000000067885e+03 9.962756022558854063e-01
5.003120000000068103e+03 9.950708049470387007e-01
5.003130000000068321e+03 9.934349897772543070e-01
5.003140000000068540e+03 9.911513692730422598e-01
5.003150000000068758e+03 9.879575273849637851e-01
5.003160000000068976e+03 9.834101786919537957e-01
5.003170000000069194e+03 9.762059406598933009e-01
5.003180000000069413e+03 9.628295947871352567e-01
5.003190000000069631e+03 9.265101841578207154e-01
5.003200000000069849e+03 7.969003383512561767e-01
5.003210000000070067e+03 4.677876217065348730e-01
5.003220000000070286e+03 1.269993169840343272e-01
5.003230000000070504e+03 3.280600205557639149e-02
5.003240000000070722e+03 2.360872514506815942e-02
5.003250000000070941e+03 2.132244560050286855e-02
5.003260000000071159e+03 2.082202637298013331e-02
5.003270000000071377e+03 2.181361083837350667e-02
5.003280000000071595e+03 2.502292470187396367e-02
5.003290000000071814e+03 4.553971658130017558e-02
5.003300000000072032e+03 2.603716828817500550e-01
5.003310000000072250e+03 7.903562602909295354e-01
5.003320000000072469e+03 1.098625433821821096e+00
5.003330000000072687e+03 1.151758117924087665e+00
5.003340000000072905e+03 1.144569250674357885e+00
5.003350000000073123e+03 1.148477618956749158e+00
5.003360000000073342e+03 1.178292318408327599e+00
5.003370000000073560e+03 1.235693362454947541e+00
5.003380000000073778e+03 1.313215098279521209e+00
5.003390000000073996e+03 1.379666806275863467e+00
5.003400000000074215e+03 1.361234634308245983e+00
5.003410000000074433e+03 1.258611907744151548e+00
5.003420000000074651e+03 1.163336866651111023e+00
5.003430000000074870e+03 1.105817115871294165e+00
5.003440000000075088e+03 1.075142240822795747e+00
5.003450000000075306e+03 1.056607167188676089e+00
5.003460000000075524e+03 1.044127248978886202e+00
5.003470000000075743e+03 1.035219412502998537e+00
5.003480000000075961e+03 1.028577614728305445e+00
5.003490000000076179e+03 1.023378177115518373e+00
5.003500000000076398e+03 1.019062426738227334e+00
5.003510000000076616e+03 1.015583355050993175e+00
5.003520000000076834e+03 1.012683666556854600e+00
5.003530000000077052e+03 1.010206060514238890e+00
5.003540000000077271e+03 1.008048944846774431e+00
5.003550000000077489e+03 1.006134911208423688e+00
5.003560000000077707e+03 1.004403351798782040e+00
5.003570000000077926e+03 1.002805304401087838e+00
5.003580000000078144e+03 1.001299158008401857e+00
5.003590000000078362e+03 9.998053099673467337e-01
5.003600000000078580e+03 9.983810711192864229e-01
5.003610000000078799e+03 9.969487373970932209e-01
5.003620000000079017e+03 9.954766565438879500e-01
5.003630000000079235e+03 9.939282958127456657e-01
5.003640000000079453e+03 9.922568456785966218e-01
5.003650000000079672e+03 9.903556672730025046e-01
5.003660000000079890e+03 9.878310333222758421e-01
5.003670000000080108e+03 9.832846812118183344e-01
5.003680000000080327e+03 9.733617151250661959e-01
5.003690000000080545e+03 9.536842244594948559e-01
5.003700000000080763e+03 9.249291647748271172e-01
5.003710000000080981e+03 8.980015746344537364e-01
5.003720000000081200e+03 8.870791784216170983e-01
5.003730000000081418e+03 8.949081920099831722e-01
5.003740000000081636e+03 9.089354469293342564e-01
5.003750000000081855e+03 9.155874576570365297e-01
5.003760000000082073e+03 9.192984884103841958e-01
5.003770000000082291e+03 8.034975782260564969e-01
5.003780000000082509e+03 1.429667512911012572e-01
5.003790000000082728e+03 1.852271789921764236e-02
5.003800000000082946e+03 1.006760209358579031e-02
5.003810000000083164e+03 6.041370005966601245e-03
5.003820000000083382e+03 4.130088673129222142e-03
5.003830000000083601e+03 3.466122791327379358e-03
5.003840000000083819e+03 3.573384667215078088e-03
5.003850000000084037e+03 4.537192417274777019e-03
5.003860000000084256e+03 6.985356968093362276e-03
5.003870000000084474e+03 1.186720761360427964e-02
5.003880000000084692e+03 2.590565321737841806e-02
5.003890000000084910e+03 3.059845677741831471e-01
5.003900000000085129e+03 8.966319474241949417e-01
5.003910000000085347e+03 9.221130264234429497e-01
5.003920000000085565e+03 9.283679761256589114e-01
5.003930000000085784e+03 9.234639161842298494e-01
5.003940000000086002e+03 8.741463750921759646e-01
5.003950000000086220e+03 7.558130791695455430e-01
5.003960000000086438e+03 6.001853827290477561e-01
5.003970000000086657e+03 4.856853843298384876e-01
5.003980000000086875e+03 4.546778221834243405e-01
5.003990000000087093e+03 5.157888563024429773e-01
5.004000000000087311e+03 6.552886910505059115e-01
5.004010000000087530e+03 8.131063505989788442e-01
5.004020000000087748e+03 9.222063529962064576e-01
5.004030000000087966e+03 9.691508464456736194e-01
5.004040000000088185e+03 9.828600624525041241e-01
5.004050000000088403e+03 9.861028855078395328e-01
5.004060000000088621e+03 9.869496269314939063e-01
5.004070000000088839e+03 9.871592134503559546e-01
5.004080000000089058e+03 9.868418359292517872e-01
5.004090000000089276e+03 9.870696368838991486e-01
5.004100000000089494e+03 9.993487112592083221e-01
5.004110000000089713e+03 1.070859285507607339e+00
5.004120000000089931e+03 6.187614871826697671e-01
5.004130000000090149e+03 6.361759461333585386e-02
5.004140000000090367e+03 1.668251744866052280e-02
5.004150000000090586e+03 1.061888128641374704e-02
5.004160000000090804e+03 7.676497130258769057e-03
5.004170000000091022e+03 6.432007182930129380e-03
5.004180000000091241e+03 6.480992981498089056e-03
5.004190000000091459e+03 7.840223559549769697e-03
5.004200000000091677e+03 1.094273988546967495e-02
5.004210000000091895e+03 1.731922732421947025e-02
5.004220000000092114e+03 6.510078897905974271e-02
5.004230000000092332e+03 6.115127475962119918e-01
5.004240000000092550e+03 1.028674450030435450e+00
5.004250000000092768e+03 9.919361127114608712e-01
5.004260000000092987e+03 9.891050198094849533e-01
5.004270000000093205e+03 9.910894091803881256e-01
5.004280000000093423e+03 9.926544942548637396e-01
5.004290000000093642e+03 9.936223334786947747e-01
5.004300000000093860e+03 9.943820822027754636e-01
5.004310000000094078e+03 9.949833568659588456e-01
5.004320000000094296e+03 9.954637838151100260e-01
5.004330000000094515e+03 9.958559089719898338e-01
5.004340000000094733e+03 9.961825633191995211e-01
5.004350000000094951e+03 9.964581147530785499e-01
5.004360000000095170e+03 9.966935612292964208e-01
5.004370000000095388e+03 9.968974231282965448e-01
5.004380000000095606e+03 9.970747872082121877e-01
5.004390000000095824e+03 9.972297501819394894e-01
5.004400000000096043e+03 9.973672338973211815e-01
5.004410000000096261e+03 9.974846158090410198e-01
5.004420000000096479e+03 9.975935496177790185e-01
5.004430000000096697e+03 9.976908455983922730e-01
5.004440000000096916e+03 9.977789760573971822e-01
5.004450000000097134e+03 9.978583524612300026e-01
5.004460000000097352e+03 9.979300663247568925e-01
5.004470000000097571e+03 9.979948599086908567e-01
5.004480000000097789e+03 9.980534483688464631e-01
5.004490000000098007e+03 9.981066122964995513e-01
5.004500000000098225e+03 9.981542162749034164e-01
5.004510000000098444e+03 9.981972489285412253e-01
5.004520000000098662e+03 9.982358280060595890e-01
5.004530000000098880e+03 9.982702501406316431e-01
5.004540000000099099e+03 9.983005696096904913e-01
5.004550000000099317e+03 9.983270151043778240e-01
5.004560000000099535e+03 9.983496559681905858e-01
5.004570000000099753e+03 9.983686793553228078e-01
5.004580000000099972e+03 9.983835393550946069e-01
5.004590000000100190e+03 9.983947399607946416e-01
5.004600000000100408e+03 9.984019322901742655e-01
5.004610000000100626e+03 9.984049053260873885e-01
5.004620000000100845e+03 9.984033855448032346e-01
5.004630000000101063e+03 9.983969775969162574e-01
5.004640000000101281e+03 9.983851229648178505e-01
5.004650000000101500e+03 9.983669297101833706e-01
5.004660000000101718e+03 9.983420061375063437e-01
5.004670000000101936e+03 9.983080999049847026e-01
5.004680000000102154e+03 9.982661487995159177e-01
5.004690000000102373e+03 9.982130158838913303e-01
5.004700000000102591e+03 9.981458676343460956e-01
5.004710000000102809e+03 9.980611036497016864e-01
5.004720000000103028e+03 9.979551769518979487e-01
5.004730000000103246e+03 9.978213694721154159e-01
5.004740000000103464e+03 9.976511053349763625e-01
5.004750000000103682e+03 9.974323404433932394e-01
5.004760000000103901e+03 9.971480543754653869e-01
5.004770000000104119e+03 9.967642262288693988e-01
5.004780000000104337e+03 9.962508571229928833e-01
5.004790000000104556e+03 9.961502711060695736e-01
5.004800000000104774e+03 1.004119781329434913e+00
5.004810000000104992e+03 1.045634806945535900e+00
5.004820000000105210e+03 5.790958866209678924e-01
5.004830000000105429e+03 3.360453302707461232e-02
5.004840000000105647e+03 1.239992037857807691e-02
5.004850000000105865e+03 7.494607144758707110e-03
5.004860000000106083e+03 5.117937352381246932e-03
5.004870000000106302e+03 4.267226464742683405e-03
5.004880000000106520e+03 4.441590307662766392e-03
5.004890000000106738e+03 5.755956243298323768e-03
5.004900000000106957e+03 8.891810406735835975e-03
5.004910000000107175e+03 1.536289679102901401e-02
5.004920000000107393e+03 1.000182660334224399e-01
5.004930000000107611e+03 8.905984796752040022e-01
5.004940000000107830e+03 1.029453667322832722e+00
5.004950000000108048e+03 9.986740986886296634e-01
5.004960000000108266e+03 9.958991621307013986e-01
5.004970000000108485e+03 9.963178180432840092e-01
5.004980000000108703e+03 9.967627128178356832e-01
5.004990000000108921e+03 9.970612148112345530e-01
5.005000000000109139e+03 9.972669696127579586e-01
5.005010000000109358e+03 9.973946031854641348e-01
5.005020000000109576e+03 9.974531666290067378e-01
5.005030000000109794e+03 9.974409278517935018e-01
5.005040000000110012e+03 9.973474537278718133e-01
5.005050000000110231e+03 9.971182348165222864e-01
5.005060000000110449e+03 9.965413343613475083e-01
5.005070000000110667e+03 9.945830768432677438e-01
5.005080000000110886e+03 9.867394265940121478e-01
5.005090000000111104e+03 9.586658452668942454e-01
5.005100000000111322e+03 8.832798839835169780e-01
5.005110000000111540e+03 7.466030707152835344e-01
5.005120000000111759e+03 5.887326275325999170e-01
5.005130000000111977e+03 4.782599746849606204e-01
5.005140000000112195e+03 4.506495207366049138e-01
5.005150000000112414e+03 5.193314929408529013e-01
5.005160000000112632e+03 6.626111068959735784e-01
5.005170000000112850e+03 8.240369574793005025e-01
5.005180000000113068e+03 9.338118038636511464e-01
5.005190000000113287e+03 9.801701095824557619e-01
5.005200000000113505e+03 9.934553461849117140e-01
5.005210000000113723e+03 9.965680514128746337e-01
5.005220000000113941e+03 9.974391527592538775e-01
5.005230000000114160e+03 9.978388611887999415e-01
5.005240000000114378e+03 9.980853133884429740e-01
5.005250000000114596e+03 9.982554154949382363e-01
5.005260000000114815e+03 9.983800323806910626e-01
5.005270000000115033e+03 9.984704931143597584e-01
5.005280000000115251e+03 9.985358156902491844e-01
5.005290000000115469e+03 9.985260443722201451e-01
5.005300000000115688e+03 9.985554887293559556e-01
5.005310000000115906e+03 9.985689421630958851e-01
5.005320000000116124e+03 9.985663631357198922e-01
5.005330000000116343e+03 9.985456523573731369e-01
5.005340000000116561e+03 9.985165762698928749e-01
5.005350000000116779e+03 9.984343642765496352e-01
5.005360000000116997e+03 9.982672555753782095e-01
5.005370000000117216e+03 9.977500098742672074e-01
5.005380000000117434e+03 9.953734168188820286e-01
5.005390000000117652e+03 9.850308442838021650e-01
5.005400000000117871e+03 9.511648122209116485e-01
5.005410000000118089e+03 8.759312204697220494e-01
5.005420000000118307e+03 7.690769122079885722e-01
5.005430000000118525e+03 6.771757685400321414e-01
5.005440000000118744e+03 6.456244757035307646e-01
5.005450000000118962e+03 6.886835088409472005e-01
5.005460000000119180e+03 7.866344977347609069e-01
5.005470000000119398e+03 8.909170626351125000e-01
5.005480000000119617e+03 9.589699191423330937e-01
5.005490000000119835e+03 9.876791211149620331e-01
5.005500000000120053e+03 9.959937961476902357e-01
5.005510000000120272e+03 9.978577149646203903e-01
5.005520000000120490e+03 9.983290773703458187e-01
5.005530000000120708e+03 9.984734199546522193e-01
5.005540000000120926e+03 9.984348970358472020e-01
5.005550000000121145e+03 9.976902216785628053e-01
5.005560000000121363e+03 9.945466417357907707e-01
5.005570000000121581e+03 9.849942872346094669e-01
5.005580000000121800e+03 9.654026673606332931e-01
5.005590000000122018e+03 9.396905066052362310e-01
5.005600000000122236e+03 9.217333466387414020e-01
5.005610000000122454e+03 9.239659407396511037e-01
5.005620000000122673e+03 9.447494119326954598e-01
5.005630000000122891e+03 9.701085589667963749e-01
5.005640000000123109e+03 9.876790882090330514e-01
5.005650000000123327e+03 9.956382778977788117e-01
5.005660000000123546e+03 9.980553357914458967e-01
5.005670000000123764e+03 9.984094607745018779e-01
5.005680000000123982e+03 9.974527943360429472e-01
5.005690000000124201e+03 9.928651387228910608e-01
5.005700000000124419e+03 9.782601073401028247e-01
5.005710000000124637e+03 9.466734707419128814e-01
5.005720000000124855e+03 9.026982237961646005e-01
5.005730000000125074e+03 8.680388080079520785e-01
5.005740000000125292e+03 8.646142309807781645e-01
5.005750000000125510e+03 8.933931002202216698e-01
5.005760000000125729e+03 9.316587132474138944e-01
5.005770000000125947e+03 9.526953094987852255e-01
5.005780000000126165e+03 9.505968952704221264e-01
5.005790000000126383e+03 9.408570700395113562e-01
5.005800000000126602e+03 9.404607378158128528e-01
5.005810000000126820e+03 9.535694557710421293e-01
5.005820000000127038e+03 9.723120210616221781e-01
5.005830000000127256e+03 9.870619703040131032e-01
5.005840000000127475e+03 9.947388376507546592e-01
5.005850000000127693e+03 9.975883497487050278e-01
5.005860000000127911e+03 9.984125758967909992e-01
5.005870000000128130e+03 9.985677455423819238e-01
5.005880000000128348e+03 9.986441217559982597e-01
5.005890000000128566e+03 9.986833087402391396e-01
5.005900000000128784e+03 9.987072510810807158e-01
5.005910000000129003e+03 9.987226605101098276e-01
5.005920000000129221e+03 9.987333612188290521e-01
5.005930000000129439e+03 9.987400701623879717e-01
5.005940000000129658e+03 9.987439180639615666e-01
5.005950000000129876e+03 9.987447598662992920e-01
5.005960000000130094e+03 9.987389752078432714e-01
5.005970000000130312e+03 9.987045991408006751e-01
5.005980000000130531e+03 9.985554053043662615e-01
5.005990000000130749e+03 9.980687047586994654e-01
5.006000000000130967e+03 9.969340461467584014e-01
5.006010000000131186e+03 9.951536776519608329e-01
5.006020000000131404e+03 9.934982895713415640e-01
5.006030000000131622e+03 9.931098346468991700e-01
5.006040000000131840e+03 9.942920717564973643e-01
5.006050000000132059e+03 9.961487678300973148e-01
5.006060000000132277e+03 9.976130826750158054e-01
5.006070000000132495e+03 9.983556952723681155e-01
5.006080000000132713e+03 9.986096503998396212e-01
5.006090000000132932e+03 9.986724759940568408e-01
5.006100000000133150e+03 9.986801809976919575e-01
5.006110000000133368e+03 9.986768009036417482e-01
5.006120000000133587e+03 9.986709490079100915e-01
5.006130000000133805e+03 9.986643355281488166e-01
5.006140000000134023e+03 9.986571843000552340e-01
5.006150000000134241e+03 9.986495486550893697e-01
5.006160000000134460e+03 9.986411459803978818e-01
5.006170000000134678e+03 9.986320296860885515e-01
5.006180000000134896e+03 9.986219160447473708e-01
5.006190000000135115e+03 9.986105251125989568e-01
5.006200000000135333e+03 9.985958692374523604e-01
5.006210000000135551e+03 9.985726165433590484e-01
5.006220000000135769e+03 9.985035233686559986e-01
5.006230000000135988e+03 9.981623626770728119e-01
5.006240000000136206e+03 9.965493502664041214e-01
5.006250000000136424e+03 9.907196384122967103e-01
5.006260000000136642e+03 9.758243695087733816e-01
5.006270000000136861e+03 9.503888188661323566e-01
5.006280000000137079e+03 9.236892531690570340e-01
5.006290000000137297e+03 9.122462745984453170e-01
5.006300000000137516e+03 9.241659333754153050e-01
5.006310000000137734e+03 9.509802029048959326e-01
5.006320000000137952e+03 9.762709712517407823e-01
5.006330000000138170e+03 9.909585944040346650e-01
5.006340000000138389e+03 9.966828459185025357e-01
5.006350000000138607e+03 9.982866358709703292e-01
5.006360000000138825e+03 9.986648403842773858e-01
5.006370000000139044e+03 9.987927645439328428e-01
5.006380000000139262e+03 9.988922138211403512e-01
5.006390000000139480e+03 9.990042657231041900e-01
5.006400000000139698e+03 9.991390506561146356e-01
5.006410000000139917e+03 9.993462133147764659e-01
5.006420000000140135e+03 9.995660197154633275e-01
5.006430000000140353e+03 9.998333573995851209e-01
5.006440000000140572e+03 1.000232465407016269e+00
5.006450000000140790e+03 1.000865288640559125e+00
5.006460000000141008e+03 1.001975340525038005e+00
5.006470000000141226e+03 1.004527598685997170e+00
5.006480000000141445e+03 1.012170073956612182e+00
5.006490000000141663e+03 1.034125955102165983e+00
5.006500000000141881e+03 1.074399866268010539e+00
5.006510000000142099e+03 1.069246574608458511e+00
5.006520000000142318e+03 8.748328213231647554e-01
5.006530000000142536e+03 5.446832474844235383e-01
5.006540000000142754e+03 3.041642654093068554e-01
5.006550000000142973e+03 1.938371555574740779e-01
5.006560000000143191e+03 1.569388772814423738e-01
5.006570000000143409e+03 1.633497242480226874e-01
5.006580000000143627e+03 2.185073533587043593e-01
5.006590000000143846e+03 3.642364943956248324e-01
5.006600000000144064e+03 6.477541239034747544e-01
5.006610000000144282e+03 9.581734658957810069e-01
5.006620000000144501e+03 1.079660885939757842e+00
5.006630000000144719e+03 1.056945617302994078e+00
5.006640000000144937e+03 1.022181659176190527e+00
5.006650000000145155e+03 1.006807101825975215e+00
5.006660000000145374e+03 1.001796354731169014e+00
5.006670000000145592e+03 9.999571830383602311e-01
5.006680000000145810e+03 9.991558916656175793e-01
5.006690000000146028e+03 9.992399791010456722e-01
5.006700000000146247e+03 1.001003936405039596e+00
5.006710000000146465e+03 1.006103369238447565e+00
5.006720000000146683e+03 1.016084839803521600e+00
5.006730000000146902e+03 1.027385628037869481e+00
5.006740000000147120e+03 1.020171886892413449e+00
5.006750000000147338e+03 9.518181483771180895e-01
5.006760000000147556e+03 7.949215927117095903e-01
5.006770000000147775e+03 5.825720185715729249e-01
5.006780000000147993e+03 3.956611145692096598e-01
5.006790000000148211e+03 2.797996772934926990e-01
5.006800000000148430e+03 2.337716601650658699e-01
5.006810000000148648e+03 2.454517019193017680e-01
5.006820000000148866e+03 3.181367284649599392e-01
5.006830000000149084e+03 4.627650700267770256e-01
5.006840000000149303e+03 6.581740948286380899e-01
5.006850000000149521e+03 8.222745382238607625e-01
5.006860000000149739e+03 8.661612528293489710e-01
5.006870000000149957e+03 7.870066342929203929e-01
5.006880000000150176e+03 6.568571224546796428e-01
5.006890000000150394e+03 5.461563191924987404e-01
5.006900000000150612e+03 4.908588342323619291e-01
5.006910000000150831e+03 5.004284499516884477e-01
5.006920000000151049e+03 5.737147679409242418e-01
5.006930000000151267e+03 6.972880652218864661e-01
5.006940000000151485e+03 8.344937847926223728e-01
5.006950000000151704e+03 9.393913368008843801e-01
5.006960000000151922e+03 9.871914218644771699e-01
5.006970000000152140e+03 9.932359868998386077e-01
5.006980000000152359e+03 9.826236689414313830e-01
5.006990000000152577e+03 9.713044666224578405e-01
5.007000000000152795e+03 9.634487799937477837e-01
5.007010000000153013e+03 9.568992570209798876e-01
5.007020000000153232e+03 9.479678876420536415e-01
5.007030000000153450e+03 9.319504699635771106e-01
5.007040000000153668e+03 8.917796129118406023e-01
5.007050000000153887e+03 7.578936490168650675e-01
5.007060000000154105e+03 4.336123856527639986e-01
5.007070000000154323e+03 1.144589965903190648e-01
5.007080000000154541e+03 3.155044879916053813e-02
5.007090000000154760e+03 2.337569146017535668e-02
5.007100000000154978e+03 2.117579560926894505e-02
5.007110000000155196e+03 2.070011410464155446e-02
5.007120000000155414e+03 2.168990804104674319e-02
5.007130000000155633e+03 2.481219250042564911e-02
5.007140000000155851e+03 4.232882969126831874e-02
5.007150000000156069e+03 1.962956075804066502e-01
5.007160000000156288e+03 5.592088963294696846e-01
5.007170000000156506e+03 8.150527588832185977e-01
5.007180000000156724e+03 9.004909656808746110e-01
5.007190000000156942e+03 9.268096553987689168e-01
5.007200000000157161e+03 9.403036511818151366e-01
5.007210000000157379e+03 9.498219373155301071e-01
5.007220000000157597e+03 9.565079323004453959e-01
5.007230000000157816e+03 9.608984804864081353e-01
5.007240000000158034e+03 9.635438715039377211e-01
5.007250000000158252e+03 9.650319149966732901e-01
5.007260000000158470e+03 9.657437425653271346e-01
5.007270000000158689e+03 9.658591019673019584e-01
5.007280000000158907e+03 9.654547046557119261e-01
5.007290000000159125e+03 9.645629386334032551e-01
5.007300000000159343e+03 9.631864385842067167e-01
5.007310000000159562e+03 9.613052870152961615e-01
5.007320000000159780e+03 9.588714518659945396e-01
5.007330000000159998e+03 9.558109979410638335e-01
5.007340000000160217e+03 9.520147019635717411e-01
5.007350000000160435e+03 9.473301364419114412e-01
5.007360000000160653e+03 9.415326486408175377e-01
5.007370000000160871e+03 9.342387769465706482e-01
5.007380000000161090e+03 9.246714779703373299e-01
5.007390000000161308e+03 9.111718672084372361e-01
5.007400000000161526e+03 8.905661840380421079e-01
5.007410000000161745e+03 8.590852395245685003e-01
5.007420000000161963e+03 8.126784808344349464e-01
5.007430000000162181e+03 7.506282486329524106e-01
5.007440000000162399e+03 6.698675601571383309e-01
5.007450000000162618e+03 5.282116118986138753e-01
5.007460000000162836e+03 2.522707883565706299e-01
5.007470000000163054e+03 4.259430885144894346e-02
5.007480000000163272e+03 2.132427101729717292e-02
5.007490000000163491e+03 1.747536917670289638e-02
5.007500000000163709e+03 1.550977751439366371e-02
5.007510000000163927e+03 1.464607003103287480e-02
5.007520000000164146e+03 1.466319291091854569e-02
5.007530000000164364e+03 1.556511359162741567e-02
5.007540000000164582e+03 1.758537303504012148e-02
5.007550000000164800e+03 2.155417313772759955e-02
5.007560000000165019e+03 4.690071962211292411e-02
5.007570000000165237e+03 2.899745631955241709e-01
5.007580000000165455e+03 6.174183465549337724e-01
5.007590000000165674e+03 7.640602786138118718e-01
5.007600000000165892e+03 8.253162524722302829e-01
5.007610000000166110e+03 8.609099189653418582e-01
5.007620000000166328e+03 8.854391828237564432e-01
5.007630000000166547e+03 9.036960275711249935e-01
5.007640000000166765e+03 9.180841988835041212e-01
5.007650000000166983e+03 9.292728318737306648e-01
5.007660000000167202e+03 9.382183975753788374e-01
5.007670000000167420e+03 9.455058288672180122e-01
5.007680000000167638e+03 9.515243705268853214e-01
5.007690000000167856e+03 9.565509138312818793e-01
5.007700000000168075e+03 9.607915441879528728e-01
5.007710000000168293e+03 9.644009134104243319e-01
5.007720000000168511e+03 9.674975699668496576e-01
5.007730000000168729e+03 9.701731357483518448e-01
5.007740000000168948e+03 9.724988078361118671e-01
5.007750000000169166e+03 9.745332529525678744e-01
5.007760000000169384e+03 9.763218130925011007e-01
5.007770000000169603e+03 9.779013545742957225e-01
5.007780000000169821e+03 9.793018798038436445e-01
5.007790000000170039e+03 9.805332869244147709e-01
5.007800000000170257e+03 9.816463139691365969e-01
5.007810000000170476e+03 9.826437137853912818e-01
5.007820000000170694e+03 9.835246457490172123e-01
5.007830000000170912e+03 9.843310232813644589e-01
5.007840000000171131e+03 9.850586323878885997e-01
5.007850000000171349e+03 9.857162794529450434e-01
5.007860000000171567e+03 9.863107721430567354e-01
5.007870000000171785e+03 9.868489905982859023e-01
5.007880000000172004e+03 9.873364130748015777e-01
5.007890000000172222e+03 9.877775955781860073e-01
5.007900000000172440e+03 9.881795519505063297e-01
5.007910000000172658e+03 9.885413784582331997e-01
5.007920000000172877e+03 9.888684194302737041e-01
5.007930000000173095e+03 9.891632108070695928e-01
5.007940000000173313e+03 9.894282333709478738e-01
5.007950000000173532e+03 9.896657097822200155e-01
5.007960000000173750e+03 9.898774788009517822e-01
5.007970000000173968e+03 9.900774385134786248e-01
5.007980000000174186e+03 9.902423932208701540e-01
5.007990000000174405e+03 9.903854828661655674e-01
5.008000000000174623e+03 9.905080556597685160e-01
5.008010000000174841e+03 9.906104903703115694e-01
5.008020000000175060e+03 9.906937575403608198e-01
5.008030000000175278e+03 9.907583412195070105e-01
5.008040000000175496e+03 9.908045764418695889e-01
5.008050000000175714e+03 9.908288366258494184e-01
5.008060000000175933e+03 9.908393208538268659e-01
5.008070000000176151e+03 9.908316281422302474e-01
5.008080000000176369e+03 9.908066234604291367e-01
5.008090000000176587e+03 9.907636100289498593e-01
5.008100000000176806e+03 9.907022972389392113e-01
5.008110000000177024e+03 9.906221861905076809e-01
5.008120000000177242e+03 9.905228720618458604e-01
5.008130000000177461e+03 9.904035907648933712e-01
5.008140000000177679e+03 9.902634794476866675e-01
5.008150000000177897e+03 9.901016113495531012e-01
5.008160000000178115e+03 9.899166800740235583e-01
5.008170000000178334e+03 9.897057650971156084e-01
5.008180000000178552e+03 9.894705327277296680e-01
5.008190000000178770e+03 9.892075958070438713e-01
5.008200000000178989e+03 9.889148260290731018e-01
5.008210000000179207e+03 9.885898785596438643e-01
5.008220000000179425e+03 9.882299585725147217e-01
5.008230000000179643e+03 9.878175259820214382e-01
5.008240000000179862e+03 9.873781815169796472e-01
5.008250000000180080e+03 9.868925719398159435e-01
5.008260000000180298e+03 9.863563198801896803e-01
5.008270000000180517e+03 9.857634335330944797e-01
5.008280000000180735e+03 9.851079069566025526e-01
5.008290000000180953e+03 9.843820926549388117e-01
5.008300000000181171e+03 9.835774158581946924e-01
5.008310000000181390e+03 9.826836715621808382e-01
5.008320000000181608e+03 9.816884173031490413e-01
5.008330000000181826e+03 9.805747981478406539e-01
5.008340000000182044e+03 9.793181804239717847e-01
5.008350000000182263e+03 9.778807247174020612e-01
5.008360000000182481e+03 9.762201197064525049e-01
5.008370000000182699e+03 9.743139558935999256e-01
5.008380000000182918e+03 9.721758864376425224e-01
5.008390000000183136e+03 9.698296216318461616e-01
5.008400000000183354e+03 9.672418912570158733e-01
5.008410000000183572e+03 9.642972158133596983e-01
5.008420000000183791e+03 9.608352668335639057e-01
5.008430000000184009e+03 9.567004747135511300e-01
5.008440000000184227e+03 9.517173736882460489e-01
5.008450000000184446e+03 9.456077493514974952e-01
5.008460000000184664e+03 9.378832341467967515e-01
5.008470000000184882e+03 9.278729954163023042e-01
5.008480000000185100e+03 9.150514245188307028e-01
5.008490000000185319e+03 8.993258409190868496e-01
5.008500000000185537e+03 8.812414987225384300e-01
5.008510000000185755e+03 8.585210463016786919e-01
5.008520000000185973e+03 8.244862057509106945e-01
5.008530000000186192e+03 7.544074300653434983e-01
5.008540000000186410e+03 5.524534050920311135e-01
5.008550000000186628e+03 1.705217340636670520e-01
5.008560000000186847e+03 2.332884807608008593e-02
5.008570000000187065e+03 1.581624363791706012e-02
5.008580000000187283e+03 1.288883917489757301e-02
5.008590000000187501e+03 1.114189345222433604e-02
5.008600000000187720e+03 1.026500622602354203e-02
5.008610000000187938e+03 1.018637890596920184e-02
5.008620000000188156e+03 1.090057486795213346e-02
5.008630000000188375e+03 1.245964787039521675e-02
5.008640000000188593e+03 1.506665552058879427e-02
5.008650000000188811e+03 1.936147827477927713e-02
5.008660000000189029e+03 2.522972755128733216e-02
5.008670000000189248e+03 2.790421333462839160e-02
5.008680000000189466e+03 3.144036966602448829e-02
5.008690000000189684e+03 4.908565045798288229e-02
5.008700000000189902e+03 1.359362570602647979e-01
5.008710000000190121e+03 3.738487117898698919e-01
5.008720000000190339e+03 6.565447773996564429e-01
5.008730000000190557e+03 8.183754285264454031e-01
5.008740000000190776e+03 8.795690912938575190e-01
5.008750000000190994e+03 9.015760522735744020e-01
5.008760000000191212e+03 9.107239955855286340e-01
5.008770000000191430e+03 9.160130848605074760e-01
5.008780000000191649e+03 9.229984789754662744e-01
5.008790000000191867e+03 9.336018461312580730e-01
5.008800000000192085e+03 9.455957035647000186e-01
5.008810000000192304e+03 9.556329708071176210e-01
5.008820000000192522e+03 9.625578126349887409e-01
5.008830000000192740e+03 9.671131225344805626e-01
5.008840000000192958e+03 9.703786661338447139e-01
5.008850000000193177e+03 9.729899858135732105e-01
5.008860000000193395e+03 9.752109155846443445e-01
5.008870000000193613e+03 9.771472093150871396e-01
5.008880000000193832e+03 9.788532051200041773e-01
5.008890000000194050e+03 9.803656751842266814e-01
5.008900000000194268e+03 9.817151784177129414e-01
5.008910000000194486e+03 9.829245326101069269e-01
5.008920000000194705e+03 9.840127993690135355e-01
5.008930000000194923e+03 9.849959997793633626e-01
5.008940000000195141e+03 9.858875163292096788e-01
5.008950000000195359e+03 9.866982033894959869e-01
5.008960000000195578e+03 9.874376496134792403e-01
5.008970000000195796e+03 9.881141258706264141e-01
5.008980000000196014e+03 9.887333996202212205e-01
5.008990000000196233e+03 9.893017721693490030e-01
5.009000000000196451e+03 9.898237152444853137e-01
5.009010000000196669e+03 9.903031202455154780e-01
5.009020000000196887e+03 9.907428742782421471e-01
5.009030000000197106e+03 9.911488588732648708e-01
5.009040000000197324e+03 9.915103250589111239e-01
5.009050000000197542e+03 9.918189301185486029e-01
5.009060000000197761e+03 9.919888865873424111e-01
5.009070000000197979e+03 9.915606295292681560e-01
5.009080000000198197e+03 9.888002993283705466e-01
5.009090000000198415e+03 9.794732940674575339e-01
5.009100000000198634e+03 9.584592348735142542e-01
5.009110000000198852e+03 9.275336796783127946e-01
5.009120000000199070e+03 9.008110804201271415e-01
5.009130000000199288e+03 8.953970352954009337e-01
5.009140000000199507e+03 9.151503389262346522e-01
5.009150000000199725e+03 9.470307538464607378e-01
5.009160000000199943e+03 9.736127890090261472e-01
5.009170000000200162e+03 9.878735847295688766e-01
5.009180000000200380e+03 9.932015445305829582e-01
5.009190000000200598e+03 9.947504263096743626e-01
5.009200000000200816e+03 9.952156666877265412e-01
5.009210000000201035e+03 9.954433223389448360e-01
5.009220000000201253e+03 9.956172370886862133e-01
5.009230000000201471e+03 9.957692452913241565e-01
5.009240000000201690e+03 9.959076660446395390e-01
5.009250000000201908e+03 9.960352649729924401e-01
5.009260000000202126e+03 9.961536086159453740e-01
5.009270000000202344e+03 9.962636271026517054e-01
5.009280000000202563e+03 9.963658225192510987e-01
5.009290000000202781e+03 9.964600613113353544e-01
5.009300000000202999e+03 9.965466397813149690e-01
5.009310000000203217e+03 9.966247696227131803e-01
5.009320000000203436e+03 9.966907145092787079e-01
5.009330000000203654e+03 9.967448705332745407e-01
5.009340000000203872e+03 9.967766085940218401e-01
5.009350000000204091e+03 9.967607330698433632e-01
5.009360000000204309e+03 9.965864754640109124e-01
5.009370000000204527e+03 9.958687822045820814e-01
5.009380000000204745e+03 9.936098801491284327e-01
5.009390000000204964e+03 9.883325463287752077e-01
5.009400000000205182e+03 9.796292478123750369e-01
5.009410000000205400e+03 9.703498886056806105e-01
5.009420000000205619e+03 9.660270949130357332e-01
5.009430000000205837e+03 9.697128684313278679e-01
5.009440000000206055e+03 9.788665258854900575e-01
5.009450000000206273e+03 9.879392116864567086e-01
5.009460000000206492e+03 9.937082209928272958e-01
5.009470000000206710e+03 9.963119242097510098e-01
5.009480000000206928e+03 9.972484722955681224e-01
5.009490000000207147e+03 9.975817108986287929e-01
5.009500000000207365e+03 9.977305507086100533e-01
5.009510000000207583e+03 9.978283947776882545e-01
5.009520000000207801e+03 9.979049012137459762e-01
5.009530000000208020e+03 9.979693860983787079e-01
5.009540000000208238e+03 9.980263067470835914e-01
5.009550000000208456e+03 9.980780367531391084e-01
5.009560000000208674e+03 9.981256296375466963e-01
5.009570000000208893e+03 9.981698081658813004e-01
5.009580000000209111e+03 9.982114932731817047e-01
5.009590000000209329e+03 9.982509049026426773e-01
5.009600000000209548e+03 9.982882820870943030e-01
5.009610000000209766e+03 9.983239713026673678e-01
5.009620000000209984e+03 9.983580646780386703e-01
5.009630000000210202e+03 9.983908195958717258e-01
5.009640000000210421e+03 9.984222610004094278e-01
5.009650000000210639e+03 9.984524264500590496e-01
5.009660000000210857e+03 9.984815967899381972e-01
5.009670000000211076e+03 9.985097817668490139e-01
5.009680000000211294e+03 9.985368967553492903e-01
5.009690000000211512e+03 9.985629779586880916e-01
5.009700000000211730e+03 9.985879020898443814e-01
5.009710000000211949e+03 9.986120278859724753e-01
5.009720000000212167e+03 9.986352832724995077e-01
5.009730000000212385e+03 9.986576531616752073e-01
5.009740000000212603e+03 9.986790154594343827e-01
5.009750000000212822e+03 9.986996248100927787e-01
5.009760000000213040e+03 9.987192763209663537e-01
5.009770000000213258e+03 9.987380237549002837e-01
5.009780000000213477e+03 9.987557141351350865e-01
5.009790000000213695e+03 9.987726101507388154e-01
5.009800000000213913e+03 9.987883437878589676e-01
5.009810000000214131e+03 9.988029179410464753e-01
5.009820000000214350e+03 9.988164641795244103e-01
5.009830000000214568e+03 9.988457687209346680e-01
5.009840000000214786e+03 9.988570183398778335e-01
5.009850000000215005e+03 9.988842799673569584e-01
5.009860000000215223e+03 9.988919869382565375e-01
5.009870000000215441e+03 9.988968294239140011e-01
5.009880000000215659e+03 9.988987989393317557e-01
5.009890000000215878e+03 9.988969974979484689e-01
5.009900000000216096e+03 9.988902720796836165e-01
5.009910000000216314e+03 9.988774593113592948e-01
5.009920000000216532e+03 9.988555829879010028e-01
5.009930000000216751e+03 9.988222871145284731e-01
5.009940000000216969e+03 9.987708546633553564e-01
5.009950000000217187e+03 9.986876033737239755e-01
5.009960000000217406e+03 9.985379546165009668e-01
5.009970000000217624e+03 9.981602749839921795e-01
5.009980000000217842e+03 9.967244353331847773e-01
5.009990000000218060e+03 9.911060279025438735e-01
5.010000000000218279e+03 9.735584995038212286e-01
5.010010000000218497e+03 9.346100148517029194e-01
5.010020000000218715e+03 8.773168174820946685e-01
5.010030000000218934e+03 8.258491937921446091e-01
5.010040000000219152e+03 8.094401800035467831e-01
5.010050000000219370e+03 8.377914912863504426e-01
5.010060000000219588e+03 8.941847712797419412e-01
5.010070000000219807e+03 9.479793287089196552e-01
5.010080000000220025e+03 9.804306021092864531e-01
5.010090000000220243e+03 9.936128592134795268e-01
5.010100000000220462e+03 9.975276481070317613e-01
5.010110000000220680e+03 9.985141206641798828e-01
5.010120000000220898e+03 9.987986406758312397e-01
5.010130000000221116e+03 9.988836810053786097e-01
5.010140000000221335e+03 9.987504166040084286e-01
5.010150000000221553e+03 9.981637976186723549e-01
5.010160000000221771e+03 9.968488125205579031e-01
5.010170000000221989e+03 9.949589025466021308e-01
5.010180000000222208e+03 9.934216556915371754e-01
5.010190000000222426e+03 9.933308814248591467e-01
5.010200000000222644e+03 9.947796753383904012e-01
5.010210000000222863e+03 9.967589430238164017e-01
5.010220000000223081e+03 9.982540852859379532e-01
5.010230000000223299e+03 9.990160147261363255e-01
5.010240000000223517e+03 9.993040638346344373e-01
5.010250000000223736e+03 9.993973694751838721e-01
5.010260000000223954e+03 9.994327662190314321e-01
5.010270000000224172e+03 9.994535945410988331e-01
5.010280000000224391e+03 9.995314041109985004e-01
5.010290000000224609e+03 9.995470196512310501e-01
5.010300000000224827e+03 9.995612399953694993e-01
5.010310000000225045e+03 9.995747755463015860e-01
5.010320000000225264e+03 9.995873433541093700e-01
5.010330000000225482e+03 9.995991956969352277e-01
5.010340000000225700e+03 9.996105026123159876e-01
5.010350000000225918e+03 9.996215642463163187e-01
5.010360000000226137e+03 9.996320103775377941e-01
5.010370000000226355e+03 9.996422195084894158e-01
5.010380000000226573e+03 9.996520789157623543e-01
5.010390000000226792e+03 9.996618556685480383e-01
5.010400000000227010e+03 9.996710082238418060e-01
5.010410000000227228e+03 9.996806098143663499e-01
5.010420000000227446e+03 9.996896229287625113e-01
5.010430000000227665e+03 9.996984962997202961e-01
5.010440000000227883e+03 9.997610814294420889e-01
5.010450000000228101e+03 9.997697456998483334e-01
5.010460000000228320e+03 9.997782711866086691e-01
5.010470000000228538e+03 9.997865705095663191e-01
5.010480000000228756e+03 9.997948129453780863e-01
5.010490000000228974e+03 9.998027711786351412e-01
5.010500000000229193e+03 9.998082791985916096e-01
5.010510000000229411e+03 9.997950209106645225e-01
5.010520000000229629e+03 9.996516774505651570e-01
5.010530000000229848e+03 9.988903845545703541e-01
5.010540000000230066e+03 9.961203957362857464e-01
5.010550000000230284e+03 9.891371410062222980e-01
5.010560000000230502e+03 9.773775605601520144e-01
5.010570000000230721e+03 9.653453557529464435e-01
5.010580000000230939e+03 9.608050906922346313e-01
5.010590000000231157e+03 9.671889591036124667e-01
5.010600000000231375e+03 9.797494482407470562e-01
5.010610000000231594e+03 9.908245463956234511e-01
5.010620000000231812e+03 9.969200520669694310e-01
5.010630000000232030e+03 9.991874727039494752e-01
5.010640000000232249e+03 9.997805363536380607e-01
5.010650000000232467e+03 9.998949543909929627e-01
5.010660000000232685e+03 9.999192116902817506e-01
5.010670000000232903e+03 9.999506588538291663e-01
5.010680000000233122e+03 1.000059790047552077e+00
5.010690000000233340e+03 1.000430209083076560e+00
5.010700000000233558e+03 1.001546349531588165e+00
5.010710000000233777e+03 1.004435035236063145e+00
5.010720000000233995e+03 1.010568558973708564e+00
5.010730000000234213e+03 1.020068610508600759e+00
5.010740000000234431e+03 1.025912226110215819e+00
5.010750000000234650e+03 1.005336888007938745e+00
5.010760000000234868e+03 9.214170592062891352e-01
5.010770000000235086e+03 7.619833158467425038e-01
5.010780000000235304e+03 5.658091454152149868e-01
5.010790000000235523e+03 3.984157938636729290e-01
5.010800000000235741e+03 2.922810333794183535e-01
5.010810000000235959e+03 2.464023775755598000e-01
5.010820000000236178e+03 2.503444379782788776e-01
5.010830000000236396e+03 3.049138993000532483e-01
5.010840000000236614e+03 4.206217672224044635e-01
5.010850000000236832e+03 5.942729159000755823e-01
5.010860000000237051e+03 7.827299167500479937e-01
5.010870000000237269e+03 9.106776152610013275e-01
5.010880000000237487e+03 9.267259448486571127e-01
5.010890000000237706e+03 8.389649732955550832e-01
5.010900000000237924e+03 6.996849841013251803e-01
5.010910000000238142e+03 5.703414104979437349e-01
5.010920000000238360e+03 4.917233364491762626e-01
5.010930000000238579e+03 4.776697184057100420e-01
5.010940000000238797e+03 5.298574782879633682e-01
5.010950000000239015e+03 6.410228225907790289e-01
5.010960000000239233e+03 7.842993951180541323e-01
5.010970000000239452e+03 9.090922473582958574e-01
5.010980000000239670e+03 9.645350736984954487e-01
5.010990000000239888e+03 8.746929181401996711e-01
5.011000000000240107e+03 5.688937519733389125e-01
5.011010000000240325e+03 2.153267309173734767e-01
5.011020000000240543e+03 5.598640961366587593e-02
5.011030000000240761e+03 2.479975645642457788e-02
5.011040000000240980e+03 2.044597659179466648e-02
5.011050000000241198e+03 2.187593738629750595e-02
5.011060000000241416e+03 3.567054787711888136e-02
5.011070000000241635e+03 1.207649429966970028e-01
5.011080000000241853e+03 3.963901200730872154e-01
5.011090000000242071e+03 7.499656870759191518e-01
5.011100000000242289e+03 9.385295938159589069e-01
5.011110000000242508e+03 9.898648524410157412e-01
5.011120000000242726e+03 9.987236734612016109e-01
5.011130000000242944e+03 9.999680035690269309e-01
5.011140000000243163e+03 1.000167000364209136e+00
5.011150000000243381e+03 9.999883080090709031e-01
5.011160000000243599e+03 9.989134969059402236e-01
5.011170000000243817e+03 9.956455665827717016e-01
5.011180000000244036e+03 9.888642903432556253e-01
5.011190000000244254e+03 9.795504383538760074e-01
5.011200000000244472e+03 9.723242637432703006e-01
5.011210000000244690e+03 9.721671316233819748e-01
5.011220000000244909e+03 9.792613909052991783e-01
5.011230000000245127e+03 9.887990903041149471e-01
5.011240000000245345e+03 9.959921868650604138e-01
5.011250000000245564e+03 9.996545441409453447e-01
5.011260000000245782e+03 1.001048098208800807e+00
5.011270000000246000e+03 1.001524654793279678e+00
5.011280000000246218e+03 1.001737983750039751e+00
5.011290000000246437e+03 1.001893098715094244e+00
5.011300000000246655e+03 1.002037362258415554e+00
5.011310000000246873e+03 1.002179252495660311e+00
5.011320000000247092e+03 1.002320080223641163e+00
5.011330000000247310e+03 1.002451866900277544e+00
5.011340000000247528e+03 1.002547992983687131e+00
5.011350000000247746e+03 1.002465052751413621e+00
5.011360000000247965e+03 1.001364897186543645e+00
5.011370000000248183e+03 9.956135216109636143e-01
5.011380000000248401e+03 9.748779450051480167e-01
5.011390000000248619e+03 9.241357885369807512e-01
5.011400000000248838e+03 8.440166566785987090e-01
5.011410000000249056e+03 7.671421795856238068e-01
5.011420000000249274e+03 7.356197850253101134e-01
5.011430000000249493e+03 7.671956736919219866e-01
5.011440000000249711e+03 8.450411151994493553e-01
5.011450000000249929e+03 9.273372862766285918e-01
5.011460000000250147e+03 9.808014077651455720e-01
5.011470000000250366e+03 1.004227060512614678e+00
5.011480000000250584e+03 1.012836798636103763e+00
5.011490000000250802e+03 1.017477808904541536e+00
5.011500000000251021e+03 1.022558642225480430e+00
5.011510000000251239e+03 1.031089352963977746e+00
5.011520000000251457e+03 1.050910217225534238e+00
5.011530000000251675e+03 1.102410289148871403e+00
5.011540000000251894e+03 1.190320845388903592e+00
5.011550000000252112e+03 1.187837761586308494e+00
5.011560000000252330e+03 9.364183663965317539e-01
5.011570000000252548e+03 6.058677962446735732e-01
5.011580000000252767e+03 3.764078608533831249e-01
5.011590000000252985e+03 2.636983345746490293e-01
5.011600000000253203e+03 2.193789272568952287e-01
5.011610000000253422e+03 2.144262290447122299e-01
5.011620000000253640e+03 2.450399253114564357e-01
5.011630000000253858e+03 3.284269943100273093e-01
5.011640000000254076e+03 4.961484114300585002e-01
5.011650000000254295e+03 7.319195046810249572e-01
5.011660000000254513e+03 9.185694957028619489e-01
5.011670000000254731e+03 9.480621014176803252e-01
5.011680000000254950e+03 9.210217182358522159e-01
5.011690000000255168e+03 9.360890691500942662e-01
5.011700000000255386e+03 9.714301753654531746e-01
5.011710000000255604e+03 9.910814493129563862e-01
5.011720000000255823e+03 9.885709212257798306e-01
5.011730000000256041e+03 9.730487376903272922e-01
5.011740000000256259e+03 9.586481453780286710e-01
5.011750000000256478e+03 9.570036952307154898e-01
5.011760000000256696e+03 9.690679456507408362e-01
5.011770000000256914e+03 9.857814691452021494e-01
5.011780000000257132e+03 9.980505779418438195e-01
5.011790000000257351e+03 1.003637245943988399e+00
5.011800000000257569e+03 1.005116638714276922e+00
5.011810000000257787e+03 1.005080660970787187e+00
5.011820000000258005e+03 1.004699022982950662e+00
5.011830000000258224e+03 1.004295625891864940e+00
5.011840000000258442e+03 1.003929411071708522e+00
5.011850000000258660e+03 1.003603225032767776e+00
5.011860000000258879e+03 1.003327796634159608e+00
5.011870000000259097e+03 1.003068969472960648e+00
5.011880000000259315e+03 1.002836220747946205e+00
5.011890000000259533e+03 1.002626419547182568e+00
5.011900000000259752e+03 1.002436735252965061e+00
5.011910000000259970e+03 1.002264460625554410e+00
5.011920000000260188e+03 1.002108244314700913e+00
5.011930000000260407e+03 1.001964404935622888e+00
5.011940000000260625e+03 1.001832708659813553e+00
5.011950000000260843e+03 1.001710685643026899e+00
5.011960000000261061e+03 1.001597304007000977e+00
5.011970000000261280e+03 1.001492282347823171e+00
5.011980000000261498e+03 1.001394446354399559e+00
5.011990000000261716e+03 1.001302679422989561e+00
5.012000000000261934e+03 1.001215916801690531e+00
5.012010000000262153e+03 1.001133797952130644e+00
5.012020000000262371e+03 1.001056497961277492e+00
5.012030000000262589e+03 1.000982712195637614e+00
5.012040000000262808e+03 1.000955213941573607e+00
5.012050000000263026e+03 1.000887992227834200e+00
5.012060000000263244e+03 1.000822706845695853e+00
5.012070000000263462e+03 1.000759251528279492e+00
5.012080000000263681e+03 1.000697010692156663e+00
5.012090000000263899e+03 1.000635464800190277e+00
5.012100000000264117e+03 1.000574115178885393e+00
5.012110000000264336e+03 1.000512446552143553e+00
5.012120000000264554e+03 1.000449635993339026e+00
5.012130000000264772e+03 1.000384859425661466e+00
5.012140000000264990e+03 1.000317681252250290e+00
5.012150000000265209e+03 1.000246679500420344e+00
5.012160000000265427e+03 1.000170557973592222e+00
5.012170000000265645e+03 1.000135610513241735e+00
5.012180000000265863e+03 1.000044630625840369e+00
5.012190000000266082e+03 9.999404905094573248e-01
5.012200000000266300e+03 9.998193075680459341e-01
5.012210000000266518e+03 9.996737551141660072e-01
5.012220000000266737e+03 9.994925755552233060e-01
5.012230000000266955e+03 9.992629679318406621e-01
5.012240000000267173e+03 9.989534610680925741e-01
5.012250000000267391e+03 9.984868243639599683e-01
5.012260000000267610e+03 9.975942180241476054e-01
5.012270000000267828e+03 9.949822229093834292e-01
5.012280000000268046e+03 9.851416038454049451e-01
5.012290000000268265e+03 9.516372938599723108e-01
5.012300000000268483e+03 8.673226348332081503e-01
5.012310000000268701e+03 7.260493577566233814e-01
5.012320000000268919e+03 5.759435492739510831e-01
5.012330000000269138e+03 4.784774805670464204e-01
5.012340000000269356e+03 4.673577930061269536e-01
5.012350000000269574e+03 5.456595254610343559e-01
5.012360000000269793e+03 6.896387808749281367e-01
5.012370000000270011e+03 8.416574683076828434e-01
5.012380000000270229e+03 9.407356311251012793e-01
5.012390000000270447e+03 9.819698095385421821e-01
5.012400000000270666e+03 9.940101410421505745e-01
5.012410000000270884e+03 9.970128815709262682e-01
5.012420000000271102e+03 9.979396591733895594e-01
5.012430000000271320e+03 9.983867679546161167e-01
5.012440000000271539e+03 9.986609917666989800e-01
5.012450000000271757e+03 9.988448926718328513e-01
5.012460000000271975e+03 9.989757965411188989e-01
5.012470000000272194e+03 9.990678114003768151e-01
5.012480000000272412e+03 9.991314194759303158e-01
5.012490000000272630e+03 9.991751032575820757e-01
5.012500000000272848e+03 9.992034891009382580e-01
5.012510000000273067e+03 9.992198092379535046e-01
5.012520000000273285e+03 9.992267361115055868e-01
5.012530000000273503e+03 9.992256416798226404e-01
5.012540000000273722e+03 9.992182573295173009e-01
5.012550000000273940e+03 9.992043084994405300e-01
5.012560000000274158e+03 9.991856996699517435e-01
5.012570000000274376e+03 9.991626163285390883e-01
5.012580000000274595e+03 9.991352247100309114e-01
5.012590000000274813e+03 9.991045568587385572e-01
5.012600000000275031e+03 9.990694398084344341e-01
5.012610000000275249e+03 9.990300398815569194e-01
5.012620000000275468e+03 9.989878374399194794e-01
5.012630000000275686e+03 9.989415830739333257e-01
5.012640000000275904e+03 9.988918373808199913e-01
5.012650000000276123e+03 9.988378775982005298e-01
5.012660000000276341e+03 9.987801634703206144e-01
5.012670000000276559e+03 9.987185014997530530e-01
5.012680000000276777e+03 9.986526482676234551e-01
5.012690000000276996e+03 9.985818753792211622e-01
5.012700000000277214e+03 9.985055267898292897e-01
5.012710000000277432e+03 9.984238415034240033e-01
5.012720000000277651e+03 9.983362733229821373e-01
5.012730000000277869e+03 9.982422693173004236e-01
5.012740000000278087e+03 9.981418117560059144e-01
5.012750000000278305e+03 9.980334385761768790e-01
5.012760000000278524e+03 9.979169807998707897e-01
5.012770000000278742e+03 9.977907206576003274e-01
5.012780000000278960e+03 9.976544223370780173e-01
5.012790000000279178e+03 9.975064709349075187e-01
5.012800000000279397e+03 9.973451213458642828e-01
5.012810000000279615e+03 9.971696963594829377e-01
5.012820000000279833e+03 9.969774289602484352e-01
5.012830000000280052e+03 9.967668674357132996e-01
5.012840000000280270e+03 9.965333927383316359e-01
5.012850000000280488e+03 9.962938295976315750e-01
5.012860000000280706e+03 9.960063186044350036e-01
5.012870000000280925e+03 9.956849920260921749e-01
5.012880000000281143e+03 9.953224194499408206e-01
5.012890000000281361e+03 9.949109099454990224e-01
5.012900000000281580e+03 9.944396947603926229e-01
5.012910000000281798e+03 9.938946162636005388e-01
5.012920000000282016e+03 9.932573955975163571e-01
5.012930000000282234e+03 9.925018988217443328e-01
5.012940000000282453e+03 9.915923011180470814e-01
5.012950000000282671e+03 9.904593915186405972e-01
5.012960000000282889e+03 9.890057820918205511e-01
5.012970000000283108e+03 9.874110437150951380e-01
5.012980000000283326e+03 9.891324976971900274e-01
5.012990000000283544e+03 1.026668092722831327e+00
5.013000000000283762e+03 9.373163611003018092e-01
5.013010000000283981e+03 1.728351747249868842e-01
5.013020000000284199e+03 2.148444723813787080e-02
5.013030000000284417e+03 1.221510709900683160e-02
5.013040000000284635e+03 8.440224799887785859e-03
5.013050000000284854e+03 6.667752508955742015e-03
5.013060000000285072e+03 6.304283149577238551e-03
5.013070000000285290e+03 7.217522991151150390e-03
5.013080000000285509e+03 9.722007240579789988e-03
5.013090000000285727e+03 1.479776513138236077e-02
5.013100000000285945e+03 3.592876685936563508e-02
5.013110000000286163e+03 3.689779265108640571e-02
5.013120000000286382e+03 1.447690129994085723e-02
5.013130000000286600e+03 8.915285333776465024e-03
5.013140000000286818e+03 6.016281591750640735e-03
5.013150000000287037e+03 4.745326888059155090e-03
5.013160000000287255e+03 4.557511420950584487e-03
5.013170000000287473e+03 5.350614910023292897e-03
5.013180000000287691e+03 7.514933080978746828e-03
5.013190000000287910e+03 1.178892025975561766e-02
5.013200000000288128e+03 2.187088908638435553e-02
5.013210000000288346e+03 1.730938662837291919e-01
5.013220000000288564e+03 8.132102656912711947e-01
5.013230000000288783e+03 9.417195158929634324e-01
5.013240000000289001e+03 9.453091519377324614e-01
5.013250000000289219e+03 9.550109306518710373e-01
5.013260000000289438e+03 9.626165066209347865e-01
5.013270000000289656e+03 9.671473232703642342e-01
5.013280000000289874e+03 9.695603187517995991e-01
5.013290000000290092e+03 9.707891220210773664e-01
5.013300000000290311e+03 9.709716019988670066e-01
5.013310000000290529e+03 9.702399873663712926e-01
5.013320000000290747e+03 9.686156137136416877e-01
5.013330000000290966e+03 9.660214423287387664e-01
5.013340000000291184e+03 9.622725041548660929e-01
5.013350000000291402e+03 9.569436332485826702e-01
5.013360000000291620e+03 9.497347775942903692e-01
5.013370000000291839e+03 9.394969539064709219e-01
5.013380000000292057e+03 9.222187479535256527e-01
5.013390000000292275e+03 8.712552245992042366e-01
5.013400000000292493e+03 6.360107302343557256e-01
5.013410000000292712e+03 1.414857542364770238e-01
5.013420000000292930e+03 2.030476709521786272e-02
5.013430000000293148e+03 1.488907175926408241e-02
5.013440000000293367e+03 1.205890191830555520e-02
5.013450000000293585e+03 1.036345388249211921e-02
5.013460000000293803e+03 9.527652680811477676e-03
5.013470000000294021e+03 9.473924293526954366e-03
5.013480000000294240e+03 1.019759691448302898e-02
5.013490000000294458e+03 1.176432150237295866e-02
5.013500000000294676e+03 1.439970027102561306e-02
5.013510000000294895e+03 1.915591077507416973e-02
5.013520000000295113e+03 8.812974965560209373e-02
5.013530000000295331e+03 3.897963345638033039e-01
5.013540000000295549e+03 4.093191264389986483e-01
5.013550000000295768e+03 3.500821452957156854e-01
5.013560000000295986e+03 3.584157471074729817e-01
5.013570000000296204e+03 4.520896538991382441e-01
5.013580000000296423e+03 6.183267836964582154e-01
5.013590000000296641e+03 7.912960173111652784e-01
5.013600000000296859e+03 9.037820703532787325e-01
5.013610000000297077e+03 9.521552807719833034e-01
5.013620000000297296e+03 9.688205666294349427e-01
5.013630000000297514e+03 9.753106403648462708e-01
5.013640000000297732e+03 9.789935899534073505e-01
5.013650000000297950e+03 9.816469843116050198e-01
5.013660000000298169e+03 9.837147151835176073e-01
5.013670000000298387e+03 9.853833383162825532e-01
5.013680000000298605e+03 9.867599376137401457e-01
5.013690000000298824e+03 9.878957553026778138e-01
5.013700000000299042e+03 9.888316271798388568e-01
5.013710000000299260e+03 9.895938869484305345e-01
5.013720000000299478e+03 9.901983961013098856e-01
5.013730000000299697e+03 9.906399801137196759e-01
5.013740000000299915e+03 9.909060353840849489e-01
5.013750000000300133e+03 9.909442569812559887e-01
5.013760000000300352e+03 9.905561635441860746e-01
5.013770000000300570e+03 9.886897848728994909e-01
5.013780000000300788e+03 9.794456715919322987e-01
5.013790000000301006e+03 9.398449704245488423e-01
5.013800000000301225e+03 8.215801586888650254e-01
5.013810000000301443e+03 6.074884365630809357e-01
5.013820000000301661e+03 3.842415729302439686e-01
5.013830000000301879e+03 2.599977133349415381e-01
5.013840000000302098e+03 2.091588477365900478e-01
5.013850000000302316e+03 2.621155799939083320e-01
5.013860000000302534e+03 3.929824421750338637e-01
5.013870000000302753e+03 6.189591399360059309e-01
5.013880000000302971e+03 8.306146751899823322e-01
5.013890000000303189e+03 9.449106060179214284e-01
5.013900000000303407e+03 9.828293708883213409e-01
5.013910000000303626e+03 9.920695581057706880e-01
5.013920000000303844e+03 9.944435454724303014e-01
5.013930000000304062e+03 9.954575396032298018e-01
5.013940000000304281e+03 9.961282367198984744e-01
5.013950000000304499e+03 9.965390633049059366e-01
5.013960000000304717e+03 9.968928636682592437e-01
5.013970000000304935e+03 9.971698950095673197e-01
5.013980000000305154e+03 9.973856605611770565e-01
5.013990000000305372e+03 9.975506713152264560e-01
5.014000000000305590e+03 9.976656559689570658e-01
5.014010000000305808e+03 9.977539585625757601e-01
5.014020000000306027e+03 9.976820347851049764e-01
5.014030000000306245e+03 9.971591518049199854e-01
5.014040000000306463e+03 9.947973023480564114e-01
5.014050000000306682e+03 9.864438356443788747e-01
5.014060000000306900e+03 9.647443818900967027e-01
5.014070000000307118e+03 9.260358943627969852e-01
5.014080000000307336e+03 8.817160910460293266e-01
5.014090000000307555e+03 8.558398100304317468e-01
5.014100000000307773e+03 8.645537992875962363e-01
5.014110000000307991e+03 9.023314190403108892e-01
5.014120000000308210e+03 9.462512755253226215e-01
5.014130000000308428e+03 9.763378344265513098e-01
5.014140000000308646e+03 9.891826290150106393e-01
5.014150000000308864e+03 9.922901064571909568e-01
5.014160000000309083e+03 9.928536811599418810e-01
5.014170000000309301e+03 9.940390706809208998e-01
5.014180000000309519e+03 9.959821853051706864e-01
5.014190000000309738e+03 9.977434804800390244e-01
5.014200000000309956e+03 9.988096943673593353e-01
5.014210000000310174e+03 9.992922286095253792e-01
5.014220000000310392e+03 9.994885218505302760e-01
5.014230000000310611e+03 9.995845951448405486e-01
5.014240000000310829e+03 9.996503335641773180e-01
5.014250000000311047e+03 9.997046873936791256e-01
5.014260000000311265e+03 9.997381391816789753e-01
5.014270000000311484e+03 9.997812860879825569e-01
5.014280000000311702e+03 9.998213315123927192e-01
5.014290000000311920e+03 9.998586392617504481e-01
5.014300000000312139e+03 9.998927325230247964e-01
5.014310000000312357e+03 9.999249384972106469e-01
5.014320000000312575e+03 9.999541019639844874e-01
5.014330000000312793e+03 9.999821639845567489e-01
5.014340000000313012e+03 1.000008214685987440e+00
5.014350000000313230e+03 1.000032507866532860e+00
5.014360000000313448e+03 1.000054966314773308e+00
5.014370000000313667e+03 1.000075612865865660e+00
5.014380000000313885e+03 1.000094442954678309e+00
5.014390000000314103e+03 1.000111431296127229e+00
5.014400000000314321e+03 1.000126290644467009e+00
5.014410000000314540e+03 1.000139155534726321e+00
5.014420000000314758e+03 1.000149716098093222e+00
5.014430000000314976e+03 1.000157682407787796e+00
5.014440000000315194e+03 1.000162134022604565e+00
5.014450000000315413e+03 1.000163386209308891e+00
5.014460000000315631e+03 1.000160150752058108e+00
5.014470000000315849e+03 1.000152063673394043e+00
5.014480000000316068e+03 1.000137544650709254e+00
5.014490000000316286e+03 1.000115026342883295e+00
5.014500000000316504e+03 1.000083038876503405e+00
5.014510000000316722e+03 1.000038355444329952e+00
5.014520000000316941e+03 9.999732728359849165e-01
5.014530000000317159e+03 9.998897856175200660e-01
5.014540000000317377e+03 9.997754922238636377e-01
5.014550000000317596e+03 9.996171687401311790e-01
5.014560000000317814e+03 9.993921058123206302e-01
5.014570000000318032e+03 9.990863144158043108e-01
5.014580000000318250e+03 9.986387044321375361e-01
5.014590000000318469e+03 9.978861911885141822e-01
5.014600000000318687e+03 9.963090856118667071e-01
5.014610000000318905e+03 9.909477560484409864e-01
5.014620000000319124e+03 9.665733623137159336e-01
5.014630000000319342e+03 8.730789625792327868e-01
5.014640000000319560e+03 6.432633195906425350e-01
5.014650000000319778e+03 3.390474133320747208e-01
5.014660000000319997e+03 1.387819949378610029e-01
5.014670000000320215e+03 6.621059742037258000e-02
5.014680000000320433e+03 5.084618563303563987e-02
5.014690000000320651e+03 6.296784191240246964e-02
5.014700000000320870e+03 1.155727698826070349e-01
5.014710000000321088e+03 2.291697814473226402e-01
5.014720000000321306e+03 3.706782928376396447e-01
5.014730000000321525e+03 4.986608056010385925e-01
5.014740000000321743e+03 6.360580781468139211e-01
5.014750000000321961e+03 8.161244890246092121e-01
5.014760000000322179e+03 1.021304763525687109e+00
5.014770000000322398e+03 1.158714336859552496e+00
5.014780000000322616e+03 1.156717944152139133e+00
5.014790000000322834e+03 1.088488772991430986e+00
5.014800000000323053e+03 1.036739782470831095e+00
5.014810000000323271e+03 1.014699608500497563e+00
5.014820000000323489e+03 1.007391000695984085e+00
5.014830000000323707e+03 1.005090672345107849e+00
5.014840000000323926e+03 1.004226661031164536e+00
5.014850000000324144e+03 1.003831612867792877e+00
5.014860000000324362e+03 1.003657620031916053e+00
5.014870000000324580e+03 1.003624402587635522e+00
5.014880000000324799e+03 1.003687958314554152e+00
5.014890000000325017e+03 1.003827004893851349e+00
5.014900000000325235e+03 1.004054552682769552e+00
5.014910000000325454e+03 1.004358314812989317e+00
5.014920000000325672e+03 1.004730379981695343e+00
5.014930000000325890e+03 1.005239170453356978e+00
5.014940000000326108e+03 1.005812071142453634e+00
5.014950000000326327e+03 1.006522112574925520e+00
5.014960000000326545e+03 1.007673024320594690e+00
5.014970000000326763e+03 1.009542369144983409e+00
5.014980000000326982e+03 1.012622506995509930e+00
5.014990000000327200e+03 1.019014072016048988e+00
5.015000000000327418e+03 1.036215381544724146e+00
5.015010000000327636e+03 1.074130645086730285e+00
5.015020000000327855e+03 1.070171033621459156e+00
5.015030000000328073e+03 8.274565979755378331e-01
5.015040000000328291e+03 4.287545695557565262e-01
5.015050000000328509e+03 1.900524614243232491e-01
5.015060000000328728e+03 1.000502849697690044e-01
5.015070000000328946e+03 6.433178809990316993e-02
5.015080000000329164e+03 5.163791364076746049e-02
5.015090000000329383e+03 5.168605873668925127e-02
5.015100000000329601e+03 6.425880330628253034e-02
5.015110000000329819e+03 9.743233168548916245e-02
5.015120000000330037e+03 1.657267944761806056e-01
5.015130000000330256e+03 2.696643077630261343e-01
5.015140000000330474e+03 3.079581341288944452e-01
5.015150000000330692e+03 2.541318234683040966e-01
5.015160000000330911e+03 2.072516256066732065e-01
5.015170000000331129e+03 2.040458130052692776e-01
5.015180000000331347e+03 2.527741241542091899e-01
5.015190000000331565e+03 3.697760390214409609e-01
5.015200000000331784e+03 5.547005402432718668e-01
5.015210000000332002e+03 7.535027083002372450e-01
5.015220000000332220e+03 8.624991562415509350e-01
5.015230000000332439e+03 8.316547633595362532e-01
5.015240000000332657e+03 7.086997794915325111e-01
5.015250000000332875e+03 5.745068768130467962e-01
5.015260000000333093e+03 4.835488242032949247e-01
5.015270000000333312e+03 4.552469925016497387e-01
5.015280000000333530e+03 4.930207251136268787e-01
5.015290000000333748e+03 5.928604238179521202e-01
5.015300000000333966e+03 7.348424921733930359e-01
5.015310000000334185e+03 8.742192575035523383e-01
5.015320000000334403e+03 9.688389651415413306e-01
5.015330000000334621e+03 1.007099831751361529e+00
5.015340000000334840e+03 1.011611844342661160e+00
5.015350000000335058e+03 1.005081367625823896e+00
5.015360000000335276e+03 9.986014974162884528e-01
5.015370000000335494e+03 9.945531583372393403e-01
5.015380000000335713e+03 9.922596108847180352e-01
5.015390000000335931e+03 9.907768017365737867e-01
5.015400000000336149e+03 9.895437273854050808e-01
5.015410000000336368e+03 9.883056765496308627e-01
5.015420000000336586e+03 9.869572537282151892e-01
5.015430000000336804e+03 9.854423598529077344e-01
5.015440000000337022e+03 9.836530258804659921e-01
5.015450000000337241e+03 9.816659697481455726e-01
5.015460000000337459e+03 9.793101452091949044e-01
5.015470000000337677e+03 9.765668676136396442e-01
5.015480000000337895e+03 9.732770499705286626e-01
5.015490000000338114e+03 9.690479338914000929e-01
5.015500000000338332e+03 9.615466651741580995e-01
5.015510000000338550e+03 9.325857494322403740e-01
5.015520000000338769e+03 7.849356441933393880e-01
5.015530000000338987e+03 3.664703761596445064e-01
5.015540000000339205e+03 4.842092295486088299e-02
5.015550000000339423e+03 1.702727954997745527e-02
5.015560000000339642e+03 1.363670856170126795e-02
5.015570000000339860e+03 1.177850621505931519e-02
5.015580000000340078e+03 1.090997999503308044e-02
5.015590000000340297e+03 1.092589002168321138e-02
5.015600000000340515e+03 1.182708121344303379e-02
5.015610000000340733e+03 1.371163913393891147e-02
5.015620000000340951e+03 1.683879384530835577e-02
5.015630000000341170e+03 1.924453133186203313e-02
5.015640000000341388e+03 1.617427257459202669e-02
5.015650000000341606e+03 1.340510248419961650e-02
5.015660000000341824e+03 1.172691604686625436e-02
5.015670000000342043e+03 1.093538859557654369e-02
5.015680000000342261e+03 1.095972946486929202e-02
5.015690000000342479e+03 1.180208168570159172e-02
5.015700000000342698e+03 1.354809962337596811e-02
5.015710000000342916e+03 1.657680522710427637e-02
5.015720000000343134e+03 2.748169081965492339e-02
5.015730000000343352e+03 2.190355780847962897e-01
5.015740000000343571e+03 6.124209215342236723e-01
5.015750000000343789e+03 8.050289451794986340e-01
5.015760000000344007e+03 8.685938516834945666e-01
5.015770000000344226e+03 8.986390626218886402e-01
5.015780000000344444e+03 9.180041686881960095e-01
5.015790000000344662e+03 9.320144326617945119e-01
5.015800000000344880e+03 9.429438664948364135e-01
5.015810000000345099e+03 9.514516510927878423e-01
5.015820000000345317e+03 9.581949715245545729e-01
5.015830000000345535e+03 9.636659604534709711e-01
5.015840000000345754e+03 9.681686081287390611e-01
5.015850000000345972e+03 9.719200060364449056e-01
5.015860000000346190e+03 9.750781538911145185e-01
5.015870000000346408e+03 9.777618071978666503e-01
5.015880000000346627e+03 9.800084487998627081e-01
5.015890000000346845e+03 9.819921869770379397e-01
5.015900000000347063e+03 9.837149018011137613e-01
5.015910000000347281e+03 9.852193062412146762e-01
5.015920000000347500e+03 9.865384863578967600e-01
5.015930000000347718e+03 9.876984702976470132e-01
5.015940000000347936e+03 9.887128998074655728e-01
5.015950000000348155e+03 9.895346423512084710e-01
5.015960000000348373e+03 9.898091978172901539e-01
5.015970000000348591e+03 9.880563227442394902e-01
5.015980000000348809e+03 9.803574761068429844e-01
5.015990000000349028e+03 9.612534975296225248e-01
5.016000000000349246e+03 9.308387291345290304e-01
5.016010000000349464e+03 9.017779071641838229e-01
5.016020000000349683e+03 8.921782721137827554e-01
5.016030000000349901e+03 9.088900195479128197e-01
5.016040000000350119e+03 9.408927713953192384e-01
5.016050000000350337e+03 9.699318260360495492e-01
5.016060000000350556e+03 9.865935710450751683e-01
5.016070000000350774e+03 9.931423899292750601e-01
5.016080000000350992e+03 9.950536380880952159e-01
5.016090000000351210e+03 9.955487523038870634e-01
5.016100000000351429e+03 9.957124333773661462e-01
5.016110000000351647e+03 9.957881429267924078e-01
5.016120000000351865e+03 9.958135166604291655e-01
5.016130000000352084e+03 9.957895151903189968e-01
5.016140000000352302e+03 9.957119596243920734e-01
5.016150000000352520e+03 9.955981567596891013e-01
5.016160000000352738e+03 9.953894248301093928e-01
5.016170000000352957e+03 9.950954195519177148e-01
5.016180000000353175e+03 9.946971580898421594e-01
5.016190000000353393e+03 9.941677759079892152e-01
5.016200000000353612e+03 9.934698734597412484e-01
5.016210000000353830e+03 9.925445365992766611e-01
5.016220000000354048e+03 9.913017846245546494e-01
5.016230000000354266e+03 9.896301975118303451e-01
5.016240000000354485e+03 9.873473217333992302e-01
5.016250000000354703e+03 9.839851028543369349e-01
5.016260000000354921e+03 9.784104499090118257e-01
5.016270000000355139e+03 9.655986799326276016e-01
5.016280000000355358e+03 9.201935000925394181e-01
5.016290000000355576e+03 7.644922284911809252e-01
5.016300000000355794e+03 4.421687806129700471e-01
5.016310000000356013e+03 1.483389410485828341e-01
5.016320000000356231e+03 4.627894846193258971e-02
5.016330000000356449e+03 2.917467252575718650e-02
5.016340000000356667e+03 2.659255305587281820e-02
5.016350000000356886e+03 2.818499479040999928e-02
5.016360000000357104e+03 3.990261287954861846e-02
5.016370000000357322e+03 1.141408690149826322e-01
5.016380000000357541e+03 3.714115188038503157e-01
5.016390000000357759e+03 7.121976765380324537e-01
5.016400000000357977e+03 9.021635845629940587e-01
5.016410000000358195e+03 9.617727285152394279e-01
5.016420000000358414e+03 9.780392205154258001e-01
5.016430000000358632e+03 9.845788844284891761e-01
5.016440000000358850e+03 9.884369194050216523e-01
5.016450000000359069e+03 9.910777755932282940e-01
5.016460000000359287e+03 9.930383224822303401e-01
5.016470000000359505e+03 9.945396762836901106e-01
5.016480000000359723e+03 9.957208293507646690e-01
5.016490000000359942e+03 9.966648451211660431e-01
5.016500000000360160e+03 9.974363765893424771e-01
5.016510000000360378e+03 9.980774789559545557e-01
5.016520000000360596e+03 9.986173788831352871e-01
5.016530000000360815e+03 9.990769895535344114e-01
5.016540000000361033e+03 9.994734526210927728e-01
5.016550000000361251e+03 9.998171489460176975e-01
5.016560000000361470e+03 1.000118055844452902e+00
5.016570000000361688e+03 1.000383159518681619e+00
5.016580000000361906e+03 1.000617963978878810e+00
5.016590000000362124e+03 1.000826766529417933e+00
5.016600000000362343e+03 1.001012499630777430e+00
5.016610000000362561e+03 1.001177847209218985e+00
5.016620000000362779e+03 1.001324498498481042e+00
5.016630000000362998e+03 1.001449867512415048e+00
5.016640000000363216e+03 1.001535154265077887e+00
5.016650000000363434e+03 1.001447282586131360e+00
5.016660000000363652e+03 1.000523758617321013e+00
5.016670000000363871e+03 9.964754758466580764e-01
5.016680000000364089e+03 9.848924480966790851e-01
5.016690000000364307e+03 9.621819822650640175e-01
5.016700000000364525e+03 9.337575301686856788e-01
5.016710000000364744e+03 9.151513848200565349e-01
5.016720000000364962e+03 9.190674140265115977e-01
5.016730000000365180e+03 9.427477832617969788e-01
5.016740000000365399e+03 9.707335063965434330e-01
5.016750000000365617e+03 9.899048322583270387e-01
5.016760000000365835e+03 9.984523896786885455e-01
5.016770000000366053e+03 1.001117660111424668e+00
5.016780000000366272e+03 1.003918919465127013e+00
5.016790000000366490e+03 1.030154333839681025e+00
5.016800000000366708e+03 1.048041565638791583e+00
5.016810000000366927e+03 3.209750906769907597e-01
5.016820000000367145e+03 2.729247349537647360e-02
5.016830000000367363e+03 1.347783696080529121e-02
5.016840000000367581e+03 9.418425089404196954e-03
5.016850000000367800e+03 7.590388044675545377e-03
5.016860000000368018e+03 7.307870857730236827e-03
5.016870000000368236e+03 8.476542131208445255e-03
5.016880000000368454e+03 1.149080763784718177e-02
5.016890000000368673e+03 1.834489672855125694e-02
5.016900000000368891e+03 1.094813411149888199e-01
5.016910000000369109e+03 8.536316563549308789e-01
5.016920000000369328e+03 1.059295050283839412e+00
5.016930000000369546e+03 1.009471347915599670e+00
5.016940000000369764e+03 1.003024649539736579e+00
5.016950000000369982e+03 1.002840522700396031e+00
5.016960000000370201e+03 1.003073660103593889e+00
5.016970000000370419e+03 1.003258270715222222e+00
5.016980000000370637e+03 1.003403707456340666e+00
5.016990000000370856e+03 1.003524306450652492e+00
5.017000000000371074e+03 1.003624811491932167e+00
5.017010000000371292e+03 1.003710206182196529e+00
5.017020000000371510e+03 1.003784021117323011e+00
5.017030000000371729e+03 1.003847612577319248e+00
5.017040000000371947e+03 1.003903502101112677e+00
5.017050000000372165e+03 1.003945277319652218e+00
5.017060000000372384e+03 1.003987128349203450e+00
5.017070000000372602e+03 1.004023386341582391e+00
5.017080000000372820e+03 1.004054533380210446e+00
5.017090000000373038e+03 1.004079963806374209e+00
5.017100000000373257e+03 1.004093773138567292e+00
5.017110000000373475e+03 1.004058399609978558e+00
5.017120000000373693e+03 1.003825646856720599e+00
5.017130000000373911e+03 1.002922956760468276e+00
5.017140000000374130e+03 1.000668718916303268e+00
5.017150000000374348e+03 9.968939848742184306e-01
5.017160000000374566e+03 9.930265897680913278e-01
5.017170000000374785e+03 9.915191124221337526e-01
5.017180000000375003e+03 9.933650604835289055e-01
5.017190000000375221e+03 9.969961832186494677e-01
5.017200000000375439e+03 1.000196958461905705e+00
5.017210000000375658e+03 1.002111516318752615e+00
5.017220000000375876e+03 1.003057118288600558e+00
5.017230000000376094e+03 1.003521899450438681e+00
5.017240000000376313e+03 1.003679217011071101e+00
5.017250000000376531e+03 1.003676467691035468e+00
5.017260000000376749e+03 1.003589805105311372e+00
5.017270000000376967e+03 1.003461802702313888e+00
5.017280000000377186e+03 1.003307812491530449e+00
5.017290000000377404e+03 1.003124218946459534e+00
5.017300000000377622e+03 1.002949977575978258e+00
5.017310000000377840e+03 1.002709007426336507e+00
5.017320000000378059e+03 1.002428553056696092e+00
5.017330000000378277e+03 1.002082642162880566e+00
5.017340000000378495e+03 1.001696085243113821e+00
5.017350000000378714e+03 1.001239280376061913e+00
5.017360000000378932e+03 1.000694135408766172e+00
5.017370000000379150e+03 1.000024631757136406e+00
5.017380000000379368e+03 9.991499472011203808e-01
5.017390000000379587e+03 9.978865720385972082e-01
5.017400000000379805e+03 9.959446195178305317e-01
5.017410000000380023e+03 9.931556043841957004e-01
5.017420000000380242e+03 9.898467772859758096e-01
5.017430000000380460e+03 9.868477535013681079e-01
5.017440000000380678e+03 9.845551607505085290e-01
5.017450000000380896e+03 9.824627436742244813e-01
5.017460000000381115e+03 9.790852939728157400e-01
5.017470000000381333e+03 9.726912631226832806e-01
5.017480000000381551e+03 9.593874847938708150e-01
5.017490000000381769e+03 9.187879375721271780e-01
5.017500000000381988e+03 7.644871591159937418e-01
5.017510000000382206e+03 3.899202127633969450e-01
5.017520000000382424e+03 7.527608987556995424e-02
5.017530000000382643e+03 2.068295928714991572e-02
5.017540000000382861e+03 1.652523015109261251e-02
5.017550000000383079e+03 1.489394685821136821e-02
5.017560000000383297e+03 1.439658143801465090e-02
5.017570000000383516e+03 1.489413728178443433e-02
5.017580000000383734e+03 1.652563766826489061e-02
5.017590000000383952e+03 2.068413445949471643e-02
5.017600000000384171e+03 7.532656869353343554e-02
5.017610000000384389e+03 3.903427358342064224e-01
5.017620000000384607e+03 7.653565435189174648e-01
5.017630000000384825e+03 9.199394328601115944e-01
5.017640000000385044e+03 9.608703951704163915e-01
5.017650000000385262e+03 9.747952589484437658e-01
5.017660000000385480e+03 9.823586747566702693e-01
5.017670000000385699e+03 9.874503861015532236e-01
5.017680000000385917e+03 9.912108169738855779e-01
5.017690000000386135e+03 9.941558022879559697e-01
5.017700000000386353e+03 9.964278832215474058e-01
5.017710000000386572e+03 9.982458490497601034e-01
5.017720000000386790e+03 9.997276624686782798e-01
5.017730000000387008e+03 1.000951475834557458e+00
5.017740000000387226e+03 1.001973266486387626e+00
5.017750000000387445e+03 1.002831505863095440e+00
5.017760000000387663e+03 1.003554110517341558e+00
5.017770000000387881e+03 1.004160350228170406e+00
5.017780000000388100e+03 1.004658513601950576e+00
5.017790000000388318e+03 1.005042201175332384e+00
5.017800000000388536e+03 1.005267685430794478e+00
5.017810000000388754e+03 1.005090443418033663e+00
5.017820000000388973e+03 1.003349460834000118e+00
5.017830000000389191e+03 9.960924891774147749e-01
5.017840000000389409e+03 9.747457561743754217e-01
5.017850000000389628e+03 9.313428244183522553e-01
5.017860000000389846e+03 8.736787457340040586e-01
5.017870000000390064e+03 8.290781382787533182e-01
5.017880000000390282e+03 8.237316355862626116e-01
5.017890000000390501e+03 8.608484690676430073e-01
5.017900000000390719e+03 9.184272176337691107e-01
5.017910000000390937e+03 9.666639139499895172e-01
5.017920000000391155e+03 9.929056755828972181e-01
5.017930000000391374e+03 1.008545805193719280e+00
5.017940000000391592e+03 1.064943968726732137e+00
5.017950000000391810e+03 8.449437188269481869e-01
5.017960000000392029e+03 1.026675788375691900e-01
5.017970000000392247e+03 1.812287675492387992e-02
5.017980000000392465e+03 1.119201236811427982e-02
5.017990000000392683e+03 8.027495357675612161e-03
5.018000000000392902e+03 6.696885681178764947e-03
5.018010000000393120e+03 6.749453304708847440e-03
5.018020000000393338e+03 8.203835835085738007e-03
5.018030000000393557e+03 1.155428342985166321e-02
5.018040000000393775e+03 1.914046122133949632e-02
5.018050000000393993e+03 1.246303758381389626e-01
5.018060000000394211e+03 8.635574824397064253e-01
5.018070000000394430e+03 1.020102351350571368e+00
5.018080000000394648e+03 9.941781989217318705e-01
5.018090000000394866e+03 1.002911061017088601e+00
5.018100000000395084e+03 1.008841431103508990e+00
5.018110000000395303e+03 1.011144537490647810e+00
5.018120000000395521e+03 1.012034706414474572e+00
5.018130000000395739e+03 1.012549827941258584e+00
5.018140000000395958e+03 1.012924027493067092e+00
5.018150000000396176e+03 1.013210359372307190e+00
5.018160000000396394e+03 1.013417314482295106e+00
5.018170000000396612e+03 1.013542498120146185e+00
5.018180000000396831e+03 1.013566072916630256e+00
5.018190000000397049e+03 1.013431123916560317e+00
5.018200000000397267e+03 1.012999067483103977e+00
5.018210000000397486e+03 1.011706341817696142e+00
5.018220000000397704e+03 1.006773937527673191e+00
5.018230000000397922e+03 9.878245134934482419e-01
5.018240000000398140e+03 9.302526752298606594e-01
5.018250000000398359e+03 8.108369437639952881e-01
5.018260000000398577e+03 6.543310180192498660e-01
5.018270000000398795e+03 5.267306680479759695e-01
5.018280000000399014e+03 4.805231835840234056e-01
5.018290000000399232e+03 5.252291899347436566e-01
5.018300000000399450e+03 6.519891244824993493e-01
5.018310000000399668e+03 8.091937629564612822e-01
5.018320000000399887e+03 9.305235492132952757e-01
5.018330000000400105e+03 9.898488574487932512e-01
5.018340000000400323e+03 1.009905862031695412e+00
5.018350000000400541e+03 1.015594340816530883e+00
5.018360000000400760e+03 1.017558142814060096e+00
5.018370000000400978e+03 1.018684316092742570e+00
5.018380000000401196e+03 1.019578095576355370e+00
5.018390000000401415e+03 1.020399906247912325e+00
5.018400000000401633e+03 1.021213265057129504e+00
5.018410000000401851e+03 1.022027515731726455e+00
5.018420000000402069e+03 1.022810247284725138e+00
5.018430000000402288e+03 1.023509103944113763e+00
5.018440000000402506e+03 1.024070954151581336e+00
5.018450000000402724e+03 1.024471200196438003e+00
5.018460000000402943e+03 1.024738735760954089e+00
5.018470000000403161e+03 1.024950522186039326e+00
5.018480000000403379e+03 1.025201804981753950e+00
5.018490000000403597e+03 1.025562624437351023e+00
5.018500000000403816e+03 1.026039424650321497e+00
5.018510000000404034e+03 1.026576938789296678e+00
5.018520000000404252e+03 1.027086591433038265e+00
5.018530000000404470e+03 1.027491858668358793e+00
5.018540000000404689e+03 1.027761917164326411e+00
5.018550000000404907e+03 1.027917962965082976e+00
5.018560000000405125e+03 1.028016936637734746e+00
5.018570000000405344e+03 1.028119236883438425e+00
5.018580000000405562e+03 1.028271552088178664e+00
5.018590000000405780e+03 1.028495355718135107e+00
5.018600000000405998e+03 1.028791185430038890e+00
5.018610000000406217e+03 1.029146399599094375e+00
5.018620000000406435e+03 1.029545444724686121e+00
5.018630000000406653e+03 1.029975069250959496e+00
5.018640000000406872e+03 1.030424013471915146e+00
5.018650000000407090e+03 1.030887432408792659e+00
5.018660000000407308e+03 1.031361314218160574e+00
5.018670000000407526e+03 1.031843753074260128e+00
5.018680000000407745e+03 1.032333709515490971e+00
5.018690000000407963e+03 1.032831373003272546e+00
5.018700000000408181e+03 1.033336524917219279e+00
5.018710000000408400e+03 1.033847296714054620e+00
5.018720000000408618e+03 1.034334616604575929e+00
5.018730000000408836e+03 1.034857555414943286e+00
5.018740000000409054e+03 1.035384864209237366e+00
5.018750000000409273e+03 1.035915377757709699e+00
5.018760000000409491e+03 1.036447754268546628e+00
5.018770000000409709e+03 1.036979788879144548e+00
5.018780000000409927e+03 1.037508442700224354e+00
5.018790000000410146e+03 1.038002597295339724e+00
5.018800000000410364e+03 1.038513440860252546e+00
5.018810000000410582e+03 1.039007217188369969e+00
5.018820000000410801e+03 1.039472133032220524e+00
5.018830000000411019e+03 1.039896750231811939e+00
5.018840000000411237e+03 1.040262416440520754e+00
5.018850000000411455e+03 1.040539081788477871e+00
5.018860000000411674e+03 1.040681113739233110e+00
5.018870000000411892e+03 1.040640575758452480e+00
5.018880000000412110e+03 1.040285786136137425e+00
5.018890000000412329e+03 1.039322916436663968e+00
5.018900000000412547e+03 1.036739415501927608e+00
5.018910000000412765e+03 1.027107151694280018e+00
5.018920000000412983e+03 9.844867318854539917e-01
5.018930000000413202e+03 8.378664675952626206e-01
5.018940000000413420e+03 5.405779401617756275e-01
5.018950000000413638e+03 2.434286293144382329e-01
5.018960000000413856e+03 9.973556891847733252e-02
5.018970000000414075e+03 5.922790880598283875e-02
5.018980000000414293e+03 5.781669350224757919e-02
5.018990000000414511e+03 9.262999800334734135e-02
5.019000000000414730e+03 2.235852407751421078e-01
5.019010000000414948e+03 5.114415921725866676e-01
5.019020000000415166e+03 7.828789522859915806e-01
5.019030000000415384e+03 8.219683737381986433e-01
5.019040000000415603e+03 6.917168597741636393e-01
5.019050000000415821e+03 5.254380528908809689e-01
5.019060000000416039e+03 3.932912526542737819e-01
5.019070000000416258e+03 3.111548480823131402e-01
5.019080000000416476e+03 2.722543316494654975e-01
5.019090000000416694e+03 2.666858287999765431e-01
5.019100000000416912e+03 2.918334200366853315e-01
5.019110000000417131e+03 3.546245686171400902e-01
5.019120000000417349e+03 4.528197521680715765e-01
5.019130000000417567e+03 5.690471857344281403e-01
5.019140000000417785e+03 6.400090937679328018e-01
5.019150000000418004e+03 6.172893300875003098e-01
5.019160000000418222e+03 5.339424921572677452e-01
5.019170000000418440e+03 4.608802255936749748e-01
5.019180000000418659e+03 4.379668392228932006e-01
5.019190000000418877e+03 4.776498718103240892e-01
5.019200000000419095e+03 5.811682977099621450e-01
5.019210000000419313e+03 7.327413956378386883e-01
5.019220000000419532e+03 8.906540968751162080e-01
5.019230000000419750e+03 1.008498212640756231e+00
5.019240000000419968e+03 1.070318868832215831e+00
5.019250000000420187e+03 1.095437234368260793e+00
5.019260000000420405e+03 1.101078240172505662e+00
5.019270000000420623e+03 1.102161211166599264e+00
5.019280000000420841e+03 1.103076746864269042e+00
5.019290000000421060e+03 1.104564159129686418e+00
5.019300000000421278e+03 1.106438894001474438e+00
5.019310000000421496e+03 1.108481323449714617e+00
5.019320000000421715e+03 1.110577755153143498e+00
5.019330000000421933e+03 1.112679928857325251e+00
5.019340000000422151e+03 1.114764677936792348e+00
5.019350000000422369e+03 1.114491057819375630e+00
5.019360000000422588e+03 1.116516009826247879e+00
5.019370000000422806e+03 1.118191244734173750e+00
5.019380000000423024e+03 1.118659942083312320e+00
5.019390000000423242e+03 1.115826781375371279e+00
5.019400000000423461e+03 1.107052183464529271e+00
5.019410000000423679e+03 1.092983763885950532e+00
5.019420000000423897e+03 1.080902624736643114e+00
5.019430000000424116e+03 1.079982254327317426e+00
5.019440000000424334e+03 1.091588468109474297e+00
5.019450000000424552e+03 1.107652717581703028e+00
5.019460000000424770e+03 1.119432147925283338e+00
5.019470000000424989e+03 1.124561168121989363e+00
5.019480000000425207e+03 1.125201318044087850e+00
5.019490000000425425e+03 1.123641294696020809e+00
5.019500000000425644e+03 1.120855396654714564e+00
5.019510000000425862e+03 1.116955371183103063e+00
5.019520000000426080e+03 1.111667375705739813e+00
5.019530000000426298e+03 1.104594196966309561e+00
5.019540000000426517e+03 1.095604054175210118e+00
5.019550000000426735e+03 1.085247884062952917e+00
5.019560000000426953e+03 1.074091773784613624e+00
5.019570000000427171e+03 1.062201816229345841e+00
5.019580000000427390e+03 1.048554391867482671e+00
5.019590000000427608e+03 1.031967256577513092e+00
5.019600000000427826e+03 1.011757690272432342e+00
5.019610000000428045e+03 9.873688095447266111e-01
5.019620000000428263e+03 9.564775801072212813e-01
5.019630000000428481e+03 9.099320950369423899e-01
5.019640000000428699e+03 8.243109960002230618e-01
5.019650000000428918e+03 6.759610961666903117e-01
5.019660000000429136e+03 4.928818828218446968e-01
5.019670000000429354e+03 3.492885854498817277e-01
5.019680000000429573e+03 2.857351432197822172e-01
5.019690000000429791e+03 2.947897132674918708e-01
5.019700000000430009e+03 3.551617544902080925e-01
5.019710000000430227e+03 4.211470872657924192e-01
5.019720000000430446e+03 4.399442230823618627e-01
5.019730000000430664e+03 4.069177710402980819e-01
5.019740000000430882e+03 3.502393859758299866e-01
5.019750000000431100e+03 2.885071637220575913e-01
5.019760000000431319e+03 2.274460012412891363e-01
5.019770000000431537e+03 1.684773292610836637e-01
5.019780000000431755e+03 1.109659679443295577e-01
5.019790000000431974e+03 6.367913927408723473e-02
5.019800000000432192e+03 3.764320011324715637e-02
5.019810000000432410e+03 2.840637332933494338e-02
5.019820000000432628e+03 2.481989987268176656e-02
5.019830000000432847e+03 2.329641605216323935e-02
5.019840000000433065e+03 2.325294117483812581e-02
5.019850000000433283e+03 2.468050423462227194e-02
5.019860000000433502e+03 2.811898255543971922e-02
5.019870000000433720e+03 3.680779789703883531e-02
5.019880000000433938e+03 6.165582943908474306e-02
5.019890000000434156e+03 1.079740313899785059e-01
5.019900000000434375e+03 1.655195179221355395e-01
5.019910000000434593e+03 2.254031954613186506e-01
5.019920000000434811e+03 2.878887209515111900e-01
5.019930000000435030e+03 3.514821182174384107e-01
5.019940000000435248e+03 4.154393187827525868e-01
5.019950000000435466e+03 4.789914644745799643e-01
5.019960000000435684e+03 5.408710641792189300e-01
5.019970000000435903e+03 6.014183084882647190e-01
5.019980000000436121e+03 6.571186273128621913e-01
5.019990000000436339e+03 7.068015331999633055e-01
